#,Season,Team,TG,G,AB,PA,H,1B,2B,3B,HR,R,RBI,BB,IBB,SO,HBP,SF,SH,GDP,SB,CS,AVG,PA,BB%,K%,BB/K,AVG,OBP,SLG,OPS,ISO,Spd,BABIP,UBR,wGDP,XBR,wSB,wRC,wRAA,wOBA,wRC+,BABIP,GB/FB,LD%,GB%,FB%,IFFB%,HR/FB,IFH,IFH%,BUH,BUH%,Pull%,Cent%,Oppo%,Soft%,Med%,Hard%,WPA,-WPA,+WPA,RE24,REW,pLI,phLI,PH,WPA/LI,Clutch,Batting,Base Running,Fielding,Positional,Offense,Defense,League,Replacement,RAR,WAR,Dollars,PA,BB%+,K%+,AVG+,OBP+,SLG+,wRC+,ISO+,BABIP+,LD%+,GB%+,FB%+,Pull%+,Cent%+,Oppo%+,PA,Events,EV,EV90,maxEV,LA,Barrels,Barrel%,HardHit,HardHit%,AVG,xBA,SLG,xSLG,wOBA,xwOBA,O-Swing%,Z-Swing%,Swing%,O-Contact%,Z-Contact%,Contact%,Zone%,Pace
1,2025,LAA,162,2380,5374,6000,1209,754,212,17,226,673,649,484,22,1627,87,35,13,99,88,27,0.225,6000,8.1%,27.1%,0.30,0.225,0.298,0.397,0.695,0.172,4.3,0.276,,,2.1,-2.1,656,-52.6,0.302,92,0.276,1.02,20.2%,40.3%,39.5%,9.1%,15.2%,98,6.5%,6,20.7%,41.4%,34.2%,24.5%,14.6%,52.8%,32.6%,-3.68,-112.18,108.50,-54.63,-5.76,1.04,1.73,102,-5.39,1.85,-59.5,0.0,-61.5,-17.7,-59.5,-79.2,23.8,182.7,67.8,6.9,$55.5,6000,98,120,92,95,98,92,106,96,104,98,100,100,99,102,6000,3802,89.2,105.2,115.7,14.6,409,10.8%,1526,40.1%,0.225,0.232,0.397,0.405,0.302,0.310,27.3%,64.9%,47.1%,48.8%,82.9%,73.6%,52.8%,18.4
2,2025,BAL,162,2364,5416,6020,1273,812,251,19,191,677,643,484,14,1457,75,41,4,102,121,37,0.235,6020,8.0%,24.2%,0.33,0.235,0.305,0.394,0.699,0.159,4.6,0.284,,,-0.1,0.1,671,-40.6,0.305,96,0.284,1.11,18.5%,42.8%,38.7%,9.3%,12.4%,138,8.1%,9,42.9%,41.0%,34.8%,24.2%,14.3%,52.2%,33.4%,-5.11,-103.36,98.25,-30.82,-3.01,0.94,1.58,92,-3.72,-1.72,-29.0,0.0,-22.2,-18.3,-29.0,-40.5,23.9,183.3,137.6,14.1,$112.7,6020,97,107,96,97,97,96,98,98,95,104,98,99,100,100,6020,4004,89.6,105.1,116.7,13.3,365,9.1%,1684,42.1%,0.235,0.239,0.394,0.400,0.305,0.311,27.7%,65.7%,47.7%,52.7%,83.6%,75.1%,52.7%,18.7
3,2025,BOS,162,2371,5562,6206,1414,880,324,24,186,786,748,518,24,1419,72,41,13,99,139,38,0.254,6206,8.3%,22.9%,0.37,0.254,0.324,0.421,0.745,0.167,5.2,0.307,,,5.3,2.7,784,50.4,0.323,103,0.307,1.16,18.8%,43.6%,37.6%,9.4%,11.8%,118,6.5%,5,25.0%,39.7%,35.8%,24.5%,15.5%,50.2%,34.3%,-3.30,-116.53,113.23,39.84,4.01,1.04,1.59,116,0.76,-3.92,21.1,8.0,23.3,-19.2,29.1,4.0,24.6,189.0,246.7,25.2,$202.0,6206,101,101,104,103,104,103,103,107,96,106,96,96,103,102,6206,4197,90.3,105.8,117.7,12.6,386,9.2%,1882,44.8%,0.254,0.246,0.421,0.406,0.323,0.318,29.0%,65.5%,48.1%,52.5%,85.2%,75.8%,52.3%,18.9
4,2025,CHW,162,2423,5377,5987,1250,832,243,10,165,647,626,498,8,1364,49,36,22,108,85,21,0.232,5987,8.3%,22.8%,0.37,0.232,0.302,0.373,0.675,0.141,4.1,0.279,,,-7.9,-0.7,626,-81.0,0.296,88,0.279,0.94,19.6%,39.1%,41.3%,10.0%,9.9%,101,6.4%,10,20.8%,40.4%,34.1%,25.5%,15.4%,54.7%,29.9%,-14.14,-110.25,96.11,-74.37,-7.73,1.01,1.45,150,-6.92,-7.15,-81.4,-8.5,-37.1,-19.2,-89.9,-56.4,23.7,182.3,59.8,6.1,$48.9,5987,101,101,95,96,92,88,87,97,101,95,105,98,99,106,5987,4076,89.3,104.1,115.8,15.6,331,8.1%,1633,40.1%,0.232,0.234,0.373,0.385,0.296,0.304,27.7%,65.5%,47.8%,57.1%,84.4%,77.0%,53.1%,18.4
5,2025,CLE,162,2417,5310,5943,1199,770,243,18,168,643,621,494,30,1344,60,50,28,78,129,34,0.226,5943,8.3%,22.6%,0.37,0.226,0.296,0.373,0.670,0.147,4.8,0.268,,,4.4,3.3,602,-100.4,0.292,87,0.268,0.92,19.9%,38.4%,41.8%,11.2%,10.1%,95,6.2%,17,27.0%,43.7%,33.6%,22.7%,16.1%,54.9%,29.0%,-3.76,-104.73,100.97,-63.94,-6.75,0.99,1.49,169,-7.34,3.55,-90.7,7.7,28.0,-20.5,-83.0,7.4,23.5,181.0,129.0,13.2,$105.6,5943,100,100,93,95,92,87,91,93,102,93,106,106,97,94,5943,4045,88.5,103.7,117.2,16.1,268,6.6%,1448,35.8%,0.226,0.227,0.373,0.362,0.292,0.291,29.9%,65.2%,48.2%,57.4%,85.1%,76.9%,52.0%,18.7
6,2025,DET,162,2418,5456,6093,1346,868,244,36,198,758,724,511,12,1454,65,50,5,90,61,16,0.247,6093,8.4%,23.9%,0.35,0.247,0.316,0.413,0.730,0.167,4.7,0.298,,,8.1,-3.8,739,19.2,0.317,103,0.298,0.94,21.4%,38.0%,40.5%,9.4%,12.1%,95,6.2%,2,20.0%,42.1%,34.0%,23.9%,15.0%,52.8%,32.2%,0.12,-98.53,98.65,37.36,3.82,0.90,1.16,210,0.96,-0.82,18.8,4.3,3.8,-22.7,23.1,-18.9,24.1,185.6,213.9,21.9,$175.0,6093,101,106,101,101,102,103,103,103,110,92,103,102,98,99,6093,4063,89.3,104.5,115.1,15.9,383,9.4%,1656,40.8%,0.247,0.246,0.413,0.414,0.317,0.320,28.1%,65.8%,47.7%,54.2%,85.5%,76.7%,52.2%,18.4
7,2025,KCR,162,2435,5431,6008,1342,869,292,22,159,651,638,435,19,1096,69,41,29,96,111,42,0.247,6008,7.2%,18.2%,0.40,0.247,0.309,0.397,0.706,0.150,4.4,0.281,,,-0.2,-3.9,680,-29.6,0.307,93,0.281,0.95,18.7%,39.6%,41.7%,11.9%,8.8%,96,5.6%,22,36.1%,42.6%,33.6%,23.8%,16.4%,50.3%,33.2%,-10.96,-109.07,98.11,-80.47,-8.13,0.97,1.26,131,-8.06,-3.22,-49.6,-4.1,12.3,-19.2,-53.7,-6.9,23.8,183.0,146.1,15.0,$119.6,6008,88,81,101,99,98,93,92,97,96,96,106,103,97,99,6008,4408,89.8,105.3,117.5,14.7,350,7.9%,1796,40.7%,0.247,0.254,0.397,0.408,0.307,0.317,28.8%,64.2%,47.5%,59.4%,88.5%,80.1%,52.7%,18.6
8,2025,MIN,162,2413,5432,6059,1295,835,249,20,191,678,643,495,10,1372,88,34,9,105,114,34,0.238,6059,8.2%,22.6%,0.36,0.238,0.310,0.397,0.708,0.159,4.5,0.283,,,-0.7,-0.4,698,-17.9,0.309,97,0.283,1.06,19.2%,41.6%,39.2%,9.5%,11.9%,116,6.8%,4,21.1%,42.9%,34.8%,22.4%,16.2%,51.4%,32.4%,-6.38,-106.76,100.38,-50.51,-5.15,0.97,1.50,104,-2.81,-3.77,-22.0,-1.2,-12.3,-19.3,-23.1,-31.7,24.0,184.5,153.8,15.7,$125.9,6059,99,100,98,99,98,97,98,98,99,101,100,104,100,93,6059,4104,89.4,105.3,114.0,13.5,358,8.7%,1725,42.0%,0.238,0.239,0.397,0.395,0.309,0.310,27.9%,64.3%,46.8%,52.3%,85.3%,75.8%,51.9%,18.5
9,2025,NYY,162,2401,5471,6235,1371,822,255,20,274,849,820,639,47,1463,55,54,7,104,134,38,0.251,6235,10.2%,23.5%,0.44,0.251,0.332,0.455,0.787,0.204,4.8,0.290,,,-6.2,1.5,864,127.5,0.338,119,0.290,0.92,18.4%,39.0%,42.6%,9.3%,15.9%,97,6.2%,6,22.2%,42.2%,33.7%,24.0%,15.0%,50.0%,35.0%,5.89,-99.07,104.96,135.25,14.17,0.91,1.45,107,14.06,-7.59,137.2,-4.7,6.4,-18.8,132.6,-12.4,24.7,189.9,334.8,34.3,$274.0,6235,124,104,103,106,112,119,126,100,94,95,108,102,97,100,6235,4078,90.8,106.3,118.1,15.3,482,11.8%,1879,46.1%,0.251,0.249,0.455,0.451,0.338,0.339,25.6%,64.2%,45.8%,53.8%,84.0%,76.0%,52.2%,19.0
10,2025,ATH,162,2367,5547,6151,1403,872,296,16,219,733,709,502,14,1406,44,35,18,117,80,28,0.253,6151,8.2%,22.9%,0.36,0.253,0.318,0.431,0.749,0.178,4.1,0.299,,,1.7,-4.7,781,54.3,0.324,105,0.299,1.20,19.7%,43.8%,36.6%,9.8%,14.4%,116,6.4%,6,20.0%,39.5%,36.4%,24.1%,16.1%,51.8%,32.1%,-5.82,-103.10,97.28,-7.07,-0.75,0.91,1.27,118,-0.39,-5.98,35.3,-3.0,-22.4,-17.9,32.3,-40.4,24.4,187.3,203.6,20.8,$166.7,6151,99,101,104,102,106,105,110,104,101,106,93,96,105,100,6151,4199,88.8,105.3,115.5,12.3,353,8.4%,1659,39.5%,0.253,0.242,0.431,0.396,0.324,0.309,28.3%,67.1%,48.5%,51.4%,84.8%,75.5%,52.2%,18.5
11,2025,SEA,162,2424,5502,6199,1345,864,234,9,238,766,734,544,29,1446,89,38,24,102,161,37,0.244,6199,8.8%,23.3%,0.38,0.244,0.320,0.420,0.740,0.176,4.8,0.287,,,-10.2,7.4,775,42.6,0.321,113,0.287,1.03,18.6%,41.4%,40.0%,10.7%,14.6%,115,6.8%,6,15.4%,42.1%,33.0%,24.9%,16.7%,49.7%,33.6%,2.55,-112.23,114.79,70.93,7.75,1.04,1.60,166,8.04,-5.59,91.7,-2.8,-22.7,-20.7,88.9,-43.4,24.6,188.8,258.8,26.5,$211.8,6199,106,103,100,102,104,113,108,100,95,100,102,102,95,104,6199,4120,89.7,105.7,115.9,13.8,393,9.5%,1764,42.8%,0.244,0.242,0.420,0.412,0.321,0.320,28.8%,65.9%,48.0%,54.2%,82.9%,74.6%,51.9%,18.8
12,2025,TBR,162,2363,5470,6045,1374,934,242,16,182,714,680,468,10,1397,46,43,16,109,194,48,0.251,6045,7.7%,23.1%,0.34,0.251,0.313,0.401,0.714,0.150,5.2,0.303,,,3.6,9.6,706,-8.5,0.311,98,0.303,1.36,20.2%,46.0%,33.8%,9.7%,13.2%,149,7.9%,21,38.2%,39.2%,35.9%,24.9%,15.8%,52.6%,31.5%,-4.79,-109.29,104.51,-9.34,-0.81,1.00,1.82,101,-2.55,-2.24,-13.4,13.3,-35.5,-19.0,-0.1,-54.5,24.0,184.1,153.4,15.7,$125.6,6045,94,103,103,100,99,98,93,105,103,112,86,95,104,104,6045,4134,89.4,105.6,116.7,10.6,315,7.6%,1666,40.3%,0.251,0.245,0.401,0.388,0.311,0.307,29.4%,66.8%,49.4%,57.1%,83.9%,76.4%,53.3%,19.0
13,2025,TEX,162,2395,5443,6046,1275,840,245,15,175,684,658,486,19,1327,63,40,11,92,134,33,0.234,6046,8.0%,21.9%,0.37,0.234,0.302,0.381,0.684,0.147,4.6,0.276,,,1.4,4.2,645,-69.4,0.299,92,0.276,0.97,19.2%,39.8%,40.9%,10.8%,10.3%,115,7.0%,12,35.3%,40.6%,35.6%,23.8%,16.3%,52.0%,31.7%,-8.92,-111.30,102.38,-29.28,-3.15,1.01,1.38,168,-6.18,-2.62,-58.0,5.6,18.6,-22.7,-52.3,-4.1,24.0,184.1,151.7,15.5,$124.1,6046,97,97,96,97,94,92,91,96,99,97,104,98,103,99,6046,4170,89.2,104.7,114.7,15.0,359,8.6%,1675,40.2%,0.234,0.240,0.381,0.395,0.299,0.309,28.8%,66.3%,48.3%,56.0%,85.6%,77.1%,52.0%,18.6
14,2025,TOR,162,2481,5507,6180,1461,963,294,13,191,798,771,520,25,1099,65,45,35,133,77,25,0.265,6180,8.4%,17.8%,0.47,0.265,0.333,0.427,0.761,0.162,4.0,0.298,,,-0.7,-4.9,815,85.0,0.330,112,0.298,1.10,20.4%,41.7%,37.9%,10.8%,11.4%,106,5.7%,12,19.7%,38.7%,35.5%,25.7%,16.0%,51.2%,32.8%,7.15,-104.23,111.38,81.24,8.07,0.98,1.32,156,5.63,1.64,90.8,-5.6,38.7,-17.9,85.3,20.8,24.5,188.2,318.7,32.6,$260.9,6180,102,79,109,106,105,112,100,103,104,101,97,94,103,107,6180,4496,89.3,105.2,120.4,13.2,366,8.1%,1847,41.1%,0.265,0.263,0.427,0.422,0.330,0.330,28.9%,66.6%,48.7%,63.6%,87.1%,80.5%,52.5%,18.9
15,2025,ARI,162,2332,5480,6210,1377,848,277,38,214,791,768,545,21,1316,81,64,37,109,121,39,0.251,6210,8.8%,21.2%,0.41,0.251,0.325,0.433,0.757,0.182,5.2,0.290,,,5.1,-1.4,805,71.1,0.327,109,0.290,1.03,19.2%,41.0%,39.8%,9.9%,12.8%,107,6.2%,10,15.4%,43.5%,34.6%,21.9%,15.8%,50.8%,33.4%,3.06,-108.52,111.57,42.20,4.29,0.99,1.76,128,4.35,-1.26,64.1,3.8,9.4,-21.3,67.9,-11.9,17.5,189.1,262.6,26.9,$214.9,6210,103,97,102,102,108,109,117,99,96,97,105,107,99,90,6210,4268,89.3,105.2,119.6,13.5,383,9.0%,1754,41.1%,0.251,0.249,0.433,0.417,0.327,0.324,28.5%,63.2%,46.8%,56.2%,86.7%,77.9%,52.7%,18.9
16,2025,ATL,162,2349,5508,6186,1349,897,243,19,190,724,701,575,14,1371,51,36,15,98,82,25,0.245,6186,9.3%,22.2%,0.42,0.245,0.320,0.399,0.720,0.155,4.2,0.291,,,-4.5,-3.8,739,8.3,0.315,101,0.291,1.10,19.5%,42.2%,38.3%,10.4%,12.0%,102,5.8%,7,20.0%,41.0%,34.9%,24.1%,16.4%,50.8%,32.8%,-8.24,-114.73,106.49,-15.44,-1.58,1.04,1.52,107,-2.96,-4.97,5.2,-8.3,5.0,-19.4,-3.1,-14.4,17.4,188.4,188.3,19.3,$154.1,6186,109,101,99,101,99,101,100,99,98,100,101,101,99,100,6186,4189,89.7,106.2,115.5,13.5,377,9.0%,1745,41.7%,0.245,0.246,0.399,0.410,0.315,0.321,27.5%,66.1%,47.7%,58.4%,84.9%,77.6%,52.3%,18.7
17,2025,CHC,162,2330,5495,6162,1371,852,267,29,223,793,771,554,16,1277,46,55,10,72,161,35,0.249,6162,9.0%,20.7%,0.43,0.249,0.320,0.430,0.751,0.181,5.4,0.283,,,2.6,8.4,787,58.6,0.325,110,0.283,0.94,20.8%,38.4%,40.9%,9.5%,12.8%,114,7.0%,10,35.7%,43.8%,33.6%,22.6%,15.7%,52.1%,32.2%,2.28,-101.05,103.33,80.37,8.15,0.93,1.03,111,5.26,-2.81,71.9,11.0,34.5,-18.9,82.9,15.6,17.3,187.7,303.6,31.1,$248.5,6162,105,95,101,101,107,110,117,97,104,91,108,107,96,93,6162,4285,89.0,104.3,116.2,15.3,427,10.0%,1712,40.0%,0.249,0.256,0.430,0.436,0.325,0.332,26.5%,66.2%,47.7%,55.8%,86.3%,78.4%,53.3%,19.0
18,2025,CIN,162,2396,5448,6082,1333,893,250,23,167,716,677,527,15,1415,51,44,12,106,105,30,0.245,6082,8.7%,23.3%,0.37,0.245,0.315,0.391,0.706,0.146,4.8,0.298,,,6.2,-0.9,697,-21.9,0.309,92,0.298,1.14,19.6%,42.8%,37.6%,11.5%,11.0%,108,6.2%,19,39.6%,43.0%,34.5%,22.5%,16.2%,54.1%,29.7%,-9.15,-113.08,103.93,-45.74,-4.57,1.01,1.45,110,-8.85,-0.16,-56.8,5.3,-2.6,-19.7,-51.5,-22.3,17.1,185.2,128.6,13.2,$105.3,6082,101,106,99,99,97,92,94,102,99,101,100,106,98,93,6082,4089,88.6,103.7,117.4,13.3,295,7.2%,1561,38.2%,0.245,0.234,0.391,0.368,0.309,0.299,26.9%,62.9%,45.7%,53.7%,85.3%,76.4%,52.3%,18.6
19,2025,COL,162,2346,5408,5908,1281,831,253,37,160,597,581,395,5,1531,48,35,21,118,87,39,0.237,5908,6.7%,25.9%,0.26,0.237,0.293,0.386,0.679,0.149,4.6,0.299,,,-3.4,-6.9,614,-83.8,0.296,74,0.299,1.12,20.2%,42.1%,37.6%,8.9%,11.0%,102,6.2%,16,30.2%,42.5%,34.4%,23.0%,15.1%,49.4%,35.5%,-23.57,-112.30,88.73,-226.87,-21.98,0.96,1.34,117,-19.46,-5.04,-179.1,-10.3,-22.5,-20.7,-189.5,-43.2,16.6,179.9,-36.1,-3.7,-$29.6,5908,78,118,96,92,96,74,96,102,102,100,100,104,98,95,5908,3934,88.8,104.9,116.2,13.5,313,8.0%,1562,39.7%,0.237,0.233,0.386,0.376,0.296,0.293,31.4%,68.5%,50.7%,49.3%,83.1%,73.0%,51.9%,18.5
20,2025,MIA,162,2407,5543,6142,1388,933,272,29,154,709,677,482,13,1247,54,44,19,94,138,44,0.250,6142,7.8%,20.3%,0.39,0.250,0.314,0.393,0.708,0.143,5.0,0.295,,,1.1,0.0,704,-21.3,0.309,96,0.295,1.24,20.1%,44.2%,35.7%,9.4%,10.0%,159,8.4%,17,30.4%,40.9%,34.5%,24.5%,16.5%,50.2%,33.3%,-5.39,-111.46,106.07,-36.12,-3.49,1.00,1.43,162,-5.86,0.45,-30.8,1.1,4.1,-19.2,-29.8,-15.1,17.3,187.1,159.5,16.3,$130.5,6142,92,93,101,99,98,96,92,101,101,104,94,100,98,101,6142,4359,89.2,104.9,117.4,10.9,342,7.8%,1764,40.5%,0.250,0.254,0.393,0.404,0.309,0.316,27.5%,65.4%,47.4%,56.5%,86.3%,78.1%,52.7%,18.5
21,2025,HOU,162,2383,5490,6087,1372,931,247,12,182,686,655,471,15,1301,71,38,16,124,85,28,0.250,6087,7.7%,21.4%,0.36,0.250,0.315,0.399,0.714,0.149,3.9,0.294,,,-1.4,-4.1,712,-7.0,0.312,100,0.294,1.13,19.7%,42.6%,37.7%,11.1%,11.5%,129,7.2%,15,32.6%,43.6%,34.6%,21.8%,17.3%,50.9%,31.9%,-6.17,-106.07,99.90,-35.31,-3.63,0.95,1.10,123,-1.35,-5.11,-1.5,-5.5,20.0,-18.9,-6.9,1.1,24.1,185.4,203.7,20.8,$166.7,6087,94,95,103,101,98,100,92,102,101,103,96,105,100,91,6087,4244,88.4,104.8,115.4,13.3,338,8.0%,1655,39.0%,0.250,0.246,0.399,0.398,0.312,0.312,30.7%,66.1%,48.9%,55.3%,85.7%,76.4%,51.3%,18.9
22,2025,LAD,162,2438,5481,6187,1384,862,257,21,244,825,791,580,33,1353,56,54,13,108,88,25,0.253,6187,9.4%,21.9%,0.43,0.253,0.327,0.441,0.768,0.188,4.4,0.289,,,1.3,-2.3,822,91.1,0.331,113,0.289,0.96,20.2%,39.2%,40.7%,7.1%,14.4%,106,6.5%,5,20.0%,42.7%,34.5%,22.9%,13.4%,52.2%,34.4%,7.49,-104.93,112.42,96.26,9.85,0.98,1.29,121,8.36,-0.75,95.1,-1.0,1.3,-17.9,94.1,-16.6,17.4,188.4,283.3,29.0,$231.9,6187,110,100,102,103,110,113,121,99,101,93,108,105,98,95,6187,4198,89.9,104.9,120.0,14.8,419,10.0%,1767,42.1%,0.253,0.253,0.441,0.439,0.331,0.334,26.2%,64.5%,46.3%,53.5%,84.6%,76.2%,52.4%,18.6
23,2025,MIL,162,2413,5510,6227,1423,974,265,18,166,806,750,564,15,1266,73,50,26,97,164,53,0.258,6227,9.1%,20.3%,0.45,0.258,0.332,0.403,0.736,0.145,5.0,0.305,,,14.5,0.6,780,44.5,0.322,107,0.305,1.26,20.2%,44.6%,35.2%,10.5%,11.1%,164,8.7%,25,32.9%,37.4%,37.3%,25.2%,17.4%,51.1%,31.5%,4.74,-104.32,109.06,88.84,8.93,0.98,1.31,136,4.48,0.36,50.4,15.0,21.8,-18.4,65.4,3.4,17.5,189.6,276.0,28.2,$225.9,6227,106,93,105,105,100,107,93,104,101,105,93,92,106,104,6227,4324,88.6,104.4,114.1,10.9,290,6.7%,1696,39.2%,0.258,0.248,0.403,0.381,0.322,0.313,25.3%,62.0%,45.0%,58.6%,86.9%,79.5%,53.6%,18.5
24,2025,WSN,162,2368,5422,5982,1313,866,258,28,161,687,657,443,11,1351,57,40,18,103,132,48,0.242,5982,7.4%,22.6%,0.33,0.242,0.304,0.389,0.693,0.147,5.0,0.292,,,1.3,-2.2,655,-51.5,0.302,93,0.292,1.35,20.3%,45.7%,34.0%,8.4%,11.6%,109,5.8%,9,24.3%,38.1%,36.7%,25.2%,16.0%,52.1%,31.9%,-6.23,-101.90,95.67,-40.02,-4.05,0.93,1.63,85,-8.04,1.33,-51.0,-0.9,-45.3,-18.3,-52.0,-63.7,16.8,182.2,83.3,8.5,$68.2,5982,87,103,98,96,97,93,95,100,102,108,90,94,105,104,5982,4131,89.6,105.6,118.0,9.9,328,7.9%,1739,42.1%,0.242,0.254,0.389,0.401,0.302,0.315,28.9%,64.7%,47.9%,54.3%,86.1%,77.1%,52.9%,18.0
25,2025,NYM,162,2402,5457,6178,1359,854,262,19,224,766,746,563,28,1325,87,53,15,119,147,18,0.249,6178,9.1%,21.4%,0.42,0.249,0.326,0.427,0.753,0.178,5.1,0.287,,,-4.3,12.3,796,66.4,0.326,112,0.287,1.14,20.0%,42.7%,37.3%,10.0%,14.4%,91,5.1%,14,35.9%,40.1%,35.4%,24.5%,15.8%,49.4%,34.8%,1.73,-105.92,107.65,59.63,6.45,0.98,1.35,108,6.98,-5.21,90.9,7.9,-0.3,-20.3,98.8,-20.6,17.4,188.2,283.8,29.0,$232.3,6178,107,98,101,103,106,112,115,98,100,101,99,99,101,101,6178,4203,90.7,106.2,115.9,12.6,447,10.6%,1935,46.0%,0.249,0.258,0.427,0.442,0.326,0.338,26.4%,64.6%,46.7%,54.6%,85.7%,77.4%,53.1%,19.0
26,2025,PHI,162,2300,5517,6166,1426,922,268,24,212,778,753,528,19,1337,60,42,16,95,124,30,0.258,6166,8.6%,21.7%,0.39,0.258,0.328,0.431,0.759,0.173,5.0,0.303,,,5.2,2.7,807,78.3,0.329,109,0.303,1.15,20.0%,42.7%,37.3%,7.8%,13.5%,121,6.7%,9,29.0%,40.9%,35.3%,23.8%,13.6%,52.1%,34.2%,2.16,-106.28,108.45,41.23,3.99,0.98,1.32,95,4.58,-2.38,66.8,7.9,1.3,-18.4,74.7,-17.0,17.4,187.8,262.8,26.9,$215.1,6166,100,99,105,103,107,109,111,103,100,101,99,100,101,98,6166,4241,89.9,105.2,117.2,12.6,383,9.0%,1803,42.5%,0.258,0.255,0.431,0.424,0.329,0.327,30.3%,66.8%,48.7%,54.4%,86.3%,76.5%,50.5%,19.1
27,2025,PIT,162,2323,5375,6008,1244,861,245,21,117,583,561,530,19,1422,54,32,13,124,115,36,0.231,6008,8.8%,23.7%,0.37,0.231,0.305,0.350,0.655,0.119,4.3,0.291,,,-4.5,-1.2,596,-113.7,0.290,82,0.291,1.29,19.7%,45.2%,35.1%,8.9%,8.4%,112,6.2%,6,23.1%,40.2%,35.6%,24.2%,15.2%,53.9%,30.9%,-21.02,-116.10,95.08,-164.81,-17.09,1.05,1.51,105,-16.96,-3.09,-126.9,-5.7,15.2,-18.4,-132.5,-3.1,16.9,183.0,64.2,6.6,$52.6,6008,103,108,94,96,87,82,76,100,99,107,93,99,101,100,6008,4002,89.2,105.0,122.9,11.0,312,7.8%,1625,40.6%,0.231,0.239,0.350,0.376,0.290,0.304,26.3%,65.7%,47.0%,51.2%,85.5%,76.3%,52.4%,18.6
28,2025,STL,162,2315,5433,6069,1331,910,264,9,148,689,653,478,17,1321,88,40,25,115,89,27,0.245,6069,7.9%,21.8%,0.36,0.245,0.314,0.379,0.693,0.134,3.9,0.295,,,-2.6,-2.9,673,-44.0,0.304,96,0.295,1.01,19.8%,40.2%,40.0%,11.2%,9.0%,110,6.6%,16,24.6%,37.8%,36.0%,26.2%,16.5%,53.1%,30.3%,-1.57,-107.52,105.94,-27.31,-2.73,0.99,1.61,77,-3.90,2.31,-28.3,-5.5,24.1,-19.1,-33.8,5.0,17.1,184.8,173.1,17.7,$141.7,6069,92,99,99,99,94,96,86,101,99,95,106,93,103,108,6069,4182,89.5,105.1,117.9,14.8,329,7.9%,1703,40.7%,0.245,0.242,0.379,0.387,0.304,0.308,28.7%,63.4%,47.0%,57.2%,86.7%,78.2%,52.6%,18.4
29,2025,SDP,162,2476,5424,6087,1369,945,254,18,152,702,663,510,18,1161,58,45,48,103,106,30,0.252,6087,8.4%,19.1%,0.44,0.252,0.321,0.390,0.711,0.138,4.5,0.293,,,-0.3,-1.0,709,-10.5,0.311,102,0.293,1.20,20.1%,43.6%,36.4%,8.8%,9.8%,145,7.8%,14,17.1%,37.2%,35.3%,27.5%,15.1%,55.9%,29.0%,-0.75,-106.17,105.42,3.84,0.35,1.02,1.48,149,0.24,-0.97,16.8,-1.2,-0.5,-20.0,15.6,-20.5,17.1,185.4,197.6,20.2,$161.7,6087,98,87,102,101,97,102,89,100,101,103,96,91,101,114,6087,4358,89.0,104.8,114.8,12.2,325,7.5%,1646,37.8%,0.252,0.254,0.390,0.399,0.311,0.317,29.1%,64.0%,47.5%,59.6%,86.7%,78.9%,52.7%,18.6
30,2025,SFG,162,2320,5375,6072,1261,821,239,28,173,705,672,556,14,1380,66,52,22,103,68,24,0.235,6072,9.2%,22.7%,0.40,0.235,0.311,0.386,0.697,0.151,4.3,0.281,,,-3.4,-5.7,679,-38.3,0.305,97,0.281,0.98,19.1%,40.0%,40.8%,11.1%,10.5%,117,7.2%,11,28.2%,41.7%,33.6%,24.7%,16.4%,53.1%,30.5%,-4.07,-111.38,107.31,-14.10,-1.67,1.04,1.98,97,-4.91,1.00,-20.8,-9.1,7.8,-18.6,-29.9,-10.8,17.1,184.9,161.3,16.5,$132.0,6072,107,104,95,98,96,97,98,96,96,95,108,102,96,102,6072,4070,88.9,104.2,116.0,15.0,310,7.6%,1580,38.8%,0.235,0.235,0.386,0.380,0.305,0.306,27.6%,64.2%,46.7%,55.8%,85.7%,77.3%,52.2%,18.6
31,2024,LAA,162,2308,5357,5975,1227,820,227,15,165,635,596,482,4,1416,86,35,12,116,133,50,0.229,5975,8.1%,23.7%,0.34,0.229,0.301,0.369,0.671,0.140,4.6,0.279,-0.9,-2.5,-9.7,-4.6,629,-69.5,0.296,91,0.279,1.14,20.0%,42.6%,37.4%,10.6%,11.1%,106,6.3%,3,12.0%,40.6%,35.1%,24.3%,15.8%,53.0%,31.2%,-13.16,-109.07,95.91,-97.39,-10.08,0.99,1.57,98,-11.58,-1.71,-62.8,-14.3,-36.4,-20.0,-77.1,-56.4,17.4,180.7,64.6,6.7,$53.3,5975,99,105,96,98,94,91,91,98,103,103,96,100,100,101,5975,3991,88.2,104.0,115.6,13.0,283,7.1%,1453,36.4%,0.229,0.234,0.369,0.378,0.296,0.304,27.7%,65.7%,47.1%,55.2%,84.8%,76.3%,51.2%,18.4
32,2024,BAL,162,2412,5567,6176,1391,861,262,33,235,786,759,489,14,1359,64,45,6,71,98,25,0.250,6176,7.9%,22.0%,0.36,0.250,0.315,0.435,0.751,0.186,5.1,0.288,-2.9,10.0,1.2,-1.6,793,70.6,0.324,114,0.288,1.00,19.0%,40.5%,40.5%,10.2%,13.7%,105,6.1%,6,33.3%,39.1%,36.3%,24.6%,15.3%,50.5%,34.2%,6.66,-97.03,103.69,86.09,9.19,0.90,1.50,140,8.77,-1.34,96.4,-0.4,-13.4,-20.2,96.0,-33.6,18.0,186.7,267.1,27.6,$220.7,6176,97,97,104,102,110,114,120,101,97,98,104,96,103,102,6176,4264,89.7,105.1,114.4,14.5,381,8.9%,1807,42.4%,0.250,0.250,0.435,0.424,0.324,0.324,29.4%,67.0%,48.5%,58.7%,85.8%,77.7%,50.8%,18.9
33,2024,BOS,162,2416,5577,6192,1404,869,311,30,194,751,724,493,30,1570,73,40,7,110,144,44,0.252,6192,8.0%,25.4%,0.31,0.252,0.319,0.423,0.741,0.171,5.1,0.314,-6.5,-3.8,4.6,-0.1,777,53.0,0.321,105,0.314,1.09,20.2%,41.6%,38.2%,11.0%,12.6%,124,7.4%,7,20.6%,39.3%,35.7%,25.0%,16.8%,51.9%,31.3%,-3.41,-106.91,103.51,-17.37,-1.70,0.94,1.47,191,2.01,-5.61,38.1,4.5,-21.7,-19.2,42.6,-40.9,18.0,187.2,206.9,21.4,$171.0,6192,98,112,105,103,107,105,110,110,104,100,98,96,102,104,6192,4056,89.1,105.2,114.7,13.2,362,8.9%,1662,41.0%,0.252,0.239,0.423,0.403,0.321,0.311,29.7%,66.7%,48.5%,54.6%,82.9%,74.4%,50.9%,18.6
34,2024,CHW,162,2360,5383,5869,1187,819,226,9,133,507,485,395,8,1403,43,27,18,116,90,33,0.221,5869,6.7%,23.9%,0.28,0.221,0.278,0.340,0.618,0.119,3.7,0.272,-1.7,-3.7,-3.7,-5.2,507,-179.3,0.272,75,0.272,1.10,19.3%,42.2%,38.5%,10.9%,8.7%,88,5.2%,10,26.3%,38.1%,35.8%,26.1%,16.9%,55.1%,28.1%,-26.57,-113.71,87.15,-223.09,-23.06,1.00,1.63,120,-21.19,-5.30,-166.5,-8.9,-56.2,-19.1,-175.4,-75.3,17.1,177.5,-56.2,-5.8,-$46.4,5869,83,106,92,90,86,75,77,95,99,102,99,93,102,108,5869,4028,88.0,103.5,113.0,13.1,247,6.1%,1420,35.3%,0.221,0.230,0.340,0.358,0.272,0.285,30.7%,66.5%,49.3%,56.8%,84.5%,76.2%,52.0%,18.1
35,2024,CLE,161,2455,5310,5927,1263,815,245,18,185,708,670,466,30,1196,87,43,17,111,148,46,0.238,5927,7.9%,20.2%,0.39,0.238,0.307,0.395,0.703,0.157,5.0,0.271,2.5,0.7,-1.6,0.4,673,-20.5,0.306,100,0.271,1.04,19.3%,41.2%,39.5%,10.7%,11.3%,111,6.5%,21,43.8%,42.8%,34.1%,23.1%,17.4%,54.1%,28.5%,-0.05,-102.75,102.70,5.23,0.68,0.96,1.38,157,-1.05,1.00,2.4,-1.2,33.8,-20.2,1.3,13.6,17.2,179.2,211.3,21.8,$174.6,5927,97,89,99,100,100,100,102,95,99,99,101,105,97,96,5927,4178,87.7,102.9,116.6,14.4,242,5.8%,1410,33.7%,0.238,0.236,0.395,0.367,0.306,0.298,30.4%,67.0%,49.0%,61.2%,86.6%,78.9%,50.9%,18.4
36,2024,DET,162,2387,5442,6021,1273,820,244,47,162,682,656,476,12,1461,52,41,4,90,76,24,0.234,6021,7.9%,24.3%,0.33,0.234,0.300,0.385,0.685,0.151,5.0,0.288,3.3,1.2,10.3,-5.1,650,-54.4,0.299,94,0.288,1.05,20.0%,40.9%,39.1%,9.9%,10.3%,103,6.3%,3,23.1%,40.8%,35.8%,23.4%,15.4%,55.0%,29.6%,-2.51,-102.97,100.46,-30.41,-3.13,0.96,1.32,185,-5.86,3.24,-41.1,5.3,32.4,-20.3,-35.8,12.1,17.5,182.1,175.8,18.2,$145.2,6021,97,108,98,97,98,94,98,101,103,99,100,100,102,97,6021,4032,88.6,103.6,114.0,14.6,302,7.5%,1513,37.5%,0.234,0.236,0.385,0.386,0.299,0.303,27.3%,65.1%,46.8%,55.1%,84.6%,76.3%,51.5%,18.0
37,2024,KCR,162,2409,5421,5982,1343,874,264,35,170,735,711,429,22,1161,52,54,23,95,134,31,0.248,5982,7.2%,19.4%,0.37,0.248,0.306,0.403,0.710,0.156,5.6,0.283,7.5,1.1,5.1,3.7,687,-13.2,0.307,97,0.283,1.03,18.6%,41.2%,40.2%,11.3%,9.9%,120,6.8%,22,40.0%,43.1%,33.7%,23.2%,16.1%,52.3%,31.6%,-1.16,-100.83,99.67,0.11,-0.13,0.94,1.39,155,-3.56,2.33,-19.3,8.8,35.4,-19.6,-10.5,15.9,17.4,180.9,203.6,21.0,$168.3,5982,88,86,103,99,102,97,101,99,96,99,103,106,96,96,5982,4340,89.5,105.0,116.9,13.8,322,7.4%,1756,40.5%,0.248,0.252,0.403,0.410,0.307,0.316,30.2%,67.0%,48.8%,60.0%,87.5%,79.1%,50.6%,18.4
38,2024,MIN,162,2451,5490,6123,1352,837,309,23,183,742,702,473,15,1306,101,47,10,115,65,23,0.246,6123,7.7%,21.3%,0.36,0.246,0.315,0.411,0.726,0.165,4.2,0.289,1.3,-4.0,-3.8,-7.3,744,28.0,0.316,105,0.289,0.96,19.9%,39.2%,40.9%,10.4%,10.6%,125,7.6%,2,8.3%,42.3%,35.5%,22.3%,16.7%,51.5%,31.9%,0.52,-104.79,105.31,30.37,3.31,0.96,1.30,181,1.82,-1.27,37.9,-11.2,6.4,-21.6,26.7,-15.2,17.8,185.1,214.4,22.1,$177.2,6123,95,95,103,102,104,105,106,101,102,94,105,104,101,92,6123,4243,88.8,104.6,116.8,15.0,327,7.7%,1624,38.3%,0.246,0.245,0.411,0.402,0.316,0.315,29.5%,67.1%,48.4%,55.2%,85.6%,76.4%,50.3%,18.4
39,2024,NYY,162,2304,5450,6245,1352,857,243,15,237,815,782,672,26,1326,49,57,14,138,88,26,0.248,6245,10.8%,21.2%,0.51,0.248,0.333,0.429,0.761,0.181,4.1,0.283,-10.9,-5.2,-12.0,-5.2,835,104.8,0.331,118,0.283,1.14,19.8%,42.8%,37.5%,9.9%,15.2%,100,5.6%,15,36.6%,39.3%,35.3%,25.3%,14.7%,52.2%,33.1%,4.44,-98.09,102.54,101.67,10.46,0.90,1.58,59,9.49,-4.57,128.6,-17.2,34.8,-19.1,111.4,15.7,18.2,188.8,334.1,34.5,$276.0,6245,132,94,103,108,109,118,117,99,101,103,96,96,101,105,6245,4198,90.1,105.8,120.0,12.7,442,10.5%,1778,42.4%,0.248,0.255,0.429,0.443,0.331,0.343,24.9%,62.9%,44.3%,58.3%,85.8%,78.3%,51.2%,18.7
40,2024,OAK,162,2384,5432,6034,1267,812,240,19,196,643,619,493,11,1502,53,37,19,105,98,26,0.233,6034,8.2%,24.9%,0.33,0.233,0.301,0.393,0.694,0.159,4.3,0.284,-3.7,1.5,-5.8,-1.6,671,-35.0,0.303,101,0.284,1.06,18.4%,41.9%,39.7%,10.3%,12.5%,105,6.3%,6,16.7%,40.1%,36.0%,23.9%,15.6%,53.9%,30.5%,-7.75,-108.74,100.99,-50.04,-5.37,1.00,1.45,135,-6.38,-1.38,6.0,-7.4,-49.5,-18.4,-1.3,-67.8,17.6,182.4,130.8,13.5,$108.1,6034,101,110,97,98,100,101,103,99,94,101,102,98,102,99,6034,3986,89.2,104.7,113.7,13.8,340,8.5%,1563,39.2%,0.233,0.233,0.393,0.393,0.303,0.306,28.5%,66.6%,48.0%,50.1%,83.6%,73.9%,51.1%,18.4
41,2024,SEA,162,2383,5330,6067,1195,769,228,13,185,676,642,571,14,1625,116,34,14,106,140,28,0.224,6067,9.4%,26.8%,0.35,0.224,0.311,0.376,0.687,0.152,4.6,0.284,-2.9,4.5,-3.9,5.3,677,-33.1,0.303,104,0.284,0.96,19.4%,39.4%,41.1%,10.2%,12.1%,112,7.7%,22,44.9%,42.7%,35.2%,22.0%,15.6%,52.5%,31.9%,-1.98,-104.83,102.85,6.99,0.72,0.99,1.68,123,-0.39,-1.60,28.2,1.4,-2.7,-19.2,29.6,-21.9,17.6,183.4,208.8,21.6,$172.5,6067,116,119,94,101,95,104,98,100,100,95,105,105,100,91,6067,3755,89.2,104.8,115.4,15.4,336,8.9%,1520,40.5%,0.224,0.225,0.376,0.390,0.303,0.311,26.2%,65.8%,46.6%,50.2%,82.9%,74.0%,51.4%,18.5
42,2024,TBR,162,2392,5389,6006,1241,826,245,23,147,604,564,493,15,1485,78,32,10,87,178,53,0.230,6006,8.2%,24.7%,0.33,0.230,0.302,0.366,0.669,0.136,5.1,0.289,7.1,2.8,1.7,3.2,626,-76.9,0.294,95,0.289,1.11,19.5%,42.4%,38.1%,13.9%,9.9%,133,8.0%,8,26.7%,41.1%,35.1%,23.8%,18.5%,51.3%,30.2%,-7.53,-115.61,108.08,-93.67,-9.99,1.07,1.86,122,-7.02,0.00,-35.5,4.9,3.5,-19.0,-30.6,-15.5,17.5,181.6,153.0,15.8,$126.4,6006,101,110,96,98,93,95,88,101,100,102,98,101,100,99,6006,3950,87.9,104.5,117.4,13.2,293,7.4%,1445,36.6%,0.230,0.227,0.366,0.365,0.294,0.296,29.9%,66.2%,48.3%,55.8%,82.6%,74.4%,50.6%,18.5
43,2024,TEX,162,2291,5472,6053,1302,891,220,15,176,683,652,490,20,1284,55,30,6,96,97,25,0.238,6053,8.1%,21.2%,0.38,0.238,0.305,0.380,0.686,0.142,4.2,0.279,-3.6,0.9,-1.2,-1.9,660,-47.7,0.300,97,0.279,1.08,18.9%,42.2%,39.0%,11.3%,10.7%,131,7.4%,8,44.4%,40.4%,34.4%,25.2%,16.2%,52.1%,31.7%,-6.14,-105.11,98.97,-24.38,-2.32,0.98,1.42,99,-6.82,0.56,-22.7,-3.1,19.2,-19.9,-25.8,-0.7,17.6,183.0,174.1,18.0,$143.9,6053,100,94,99,99,96,97,92,98,97,102,100,99,98,105,6053,4224,88.6,104.2,116.1,13.8,311,7.4%,1642,38.9%,0.238,0.240,0.380,0.386,0.300,0.306,27.9%,67.9%,48.3%,54.8%,86.5%,77.5%,50.8%,18.3
44,2024,TOR,162,2400,5410,6060,1306,844,280,26,156,671,640,510,18,1233,78,45,14,126,72,16,0.241,6060,8.4%,20.3%,0.41,0.241,0.313,0.389,0.703,0.148,4.4,0.283,-4.0,-6.4,-9.7,-3.2,696,-13.3,0.307,101,0.283,1.09,20.0%,41.8%,38.2%,11.4%,9.7%,110,6.3%,11,28.9%,40.6%,33.5%,26.0%,17.0%,52.0%,30.9%,-5.91,-101.37,95.47,-29.12,-3.02,0.94,1.30,108,-3.28,-2.99,6.1,-13.0,36.9,-19.3,-6.9,17.5,17.6,183.2,211.5,21.8,$174.8,6060,104,90,101,101,99,101,96,99,103,101,98,99,95,108,6060,4239,88.1,104.1,117.6,13.4,307,7.2%,1561,36.8%,0.241,0.241,0.389,0.387,0.307,0.310,27.2%,65.6%,47.2%,61.0%,86.7%,79.6%,52.1%,18.4
45,2024,ARI,162,2436,5522,6284,1452,933,271,37,211,886,845,569,17,1265,84,66,34,112,119,30,0.263,6284,9.1%,20.1%,0.45,0.263,0.337,0.440,0.777,0.177,5.5,0.302,15.9,3.3,13.3,-0.7,868,133.0,0.337,115,0.302,1.17,19.2%,43.6%,37.2%,11.6%,13.2%,110,5.9%,20,27.4%,42.6%,33.7%,23.7%,15.5%,52.0%,32.5%,11.29,-97.58,108.87,154.59,15.87,0.91,1.21,162,8.30,4.05,112.0,12.5,21.2,-22.8,124.5,-1.6,20.1,190.0,332.9,34.4,$275.1,6284,110,89,107,107,109,115,113,102,97,101,100,105,96,97,6284,4366,89.1,105.1,117.0,12.7,346,7.9%,1703,39.0%,0.263,0.254,0.440,0.414,0.337,0.329,26.4%,63.7%,45.6%,58.6%,88.1%,79.8%,51.5%,18.5
46,2024,ATL,162,2283,5481,6075,1333,832,273,15,213,704,674,485,11,1461,58,39,9,119,69,20,0.243,6075,8.0%,24.0%,0.33,0.243,0.309,0.415,0.724,0.172,4.1,0.291,-2.9,-2.2,-5.2,-5.1,733,22.4,0.315,101,0.291,1.06,19.8%,41.3%,38.9%,10.7%,13.5%,128,7.7%,7,38.9%,43.8%,33.8%,22.5%,15.5%,49.9%,34.7%,-4.84,-103.85,99.00,-25.28,-2.83,0.94,1.42,77,0.36,-5.54,5.6,-10.3,1.4,-18.7,-4.6,-17.3,19.4,183.7,181.2,18.7,$149.7,6075,97,106,99,98,103,101,109,99,100,96,105,108,96,92,6075,4071,89.9,105.7,115.4,13.8,411,10.1%,1734,42.6%,0.243,0.244,0.415,0.428,0.315,0.323,29.2%,69.6%,49.7%,54.2%,82.9%,74.6%,50.8%,18.6
47,2024,CHC,162,2364,5441,6116,1318,866,253,29,170,736,696,546,19,1362,70,41,17,89,143,30,0.242,6116,8.9%,22.3%,0.40,0.242,0.317,0.393,0.710,0.151,5.3,0.291,1.6,4.3,5.6,4.9,718,2.3,0.311,100,0.291,1.03,19.4%,40.9%,39.7%,10.0%,10.4%,129,7.7%,14,34.1%,39.8%,35.0%,25.2%,16.7%,53.7%,29.6%,0.64,-104.84,105.48,35.66,3.61,0.99,1.57,132,-0.45,1.10,1.7,10.5,12.9,-18.5,12.3,-5.5,19.5,184.9,211.2,21.8,$174.5,6116,108,99,98,101,97,100,96,98,98,95,107,99,99,103,6116,4138,88.7,104.0,115.5,14.5,321,7.8%,1583,38.3%,0.242,0.241,0.393,0.398,0.311,0.315,27.8%,66.5%,47.9%,57.9%,84.2%,76.8%,51.8%,18.4
48,2024,CIN,162,2380,5325,5970,1230,770,257,29,174,699,663,496,7,1459,87,43,18,86,207,45,0.231,5970,8.3%,24.4%,0.34,0.231,0.305,0.388,0.693,0.157,5.8,0.283,-4.8,2.1,3.0,12.6,666,-32.4,0.303,89,0.283,1.09,19.9%,41.7%,38.4%,10.8%,11.6%,100,6.2%,11,27.5%,43.0%,33.4%,23.6%,16.7%,54.3%,29.0%,-11.07,-105.63,94.56,-59.55,-6.26,0.96,1.76,121,-7.83,-3.72,-79.7,15.6,-19.8,-20.3,-64.2,-40.1,19.1,180.5,95.3,9.8,$78.8,5970,101,108,94,97,96,89,100,96,100,97,103,107,95,97,5970,3928,87.8,103.4,114.7,14.0,275,7.0%,1411,35.9%,0.231,0.231,0.388,0.369,0.303,0.300,26.9%,65.9%,46.8%,51.7%,85.2%,75.8%,51.1%,18.5
49,2024,COL,162,2277,5454,6026,1319,838,277,25,179,682,655,453,20,1617,51,45,19,126,85,31,0.242,6026,7.5%,26.8%,0.28,0.242,0.304,0.400,0.704,0.158,4.5,0.308,1.1,-7.9,-0.2,-6.0,683,-22.2,0.306,82,0.308,1.17,19.8%,43.2%,36.9%,8.3%,12.5%,110,6.6%,4,12.9%,38.9%,36.7%,24.4%,14.7%,51.2%,34.0%,-11.85,-109.36,97.50,-130.68,-12.67,0.96,1.08,67,-13.64,1.31,-132.0,-6.1,-3.7,-18.1,-138.1,-21.8,19.2,182.2,41.5,4.3,$34.3,6026,91,119,98,96,99,82,101,104,100,101,99,96,104,100,6026,3905,88.6,104.9,114.7,12.7,322,8.2%,1535,39.3%,0.242,0.232,0.400,0.383,0.306,0.299,31.8%,68.6%,50.5%,48.2%,83.4%,72.5%,50.8%,18.4
50,2024,MIA,162,2451,5522,6048,1347,931,243,23,150,637,611,403,16,1410,55,41,24,119,125,43,0.244,6048,6.7%,23.3%,0.29,0.244,0.300,0.378,0.678,0.134,4.8,0.299,1.9,-5.1,-0.2,-3.3,637,-70.9,0.296,87,0.299,1.51,18.8%,48.8%,32.4%,9.7%,11.2%,131,6.5%,14,25.0%,39.3%,35.4%,25.3%,16.3%,53.4%,30.3%,-11.79,-112.73,100.94,-119.61,-12.14,1.02,1.45,156,-12.19,0.59,-93.7,-3.4,-17.1,-18.5,-97.1,-35.6,19.3,182.9,69.5,7.2,$57.4,6048,81,103,99,95,94,87,85,101,95,113,87,97,101,104,6048,4180,88.2,104.2,117.2,9.7,296,7.1%,1536,36.7%,0.244,0.239,0.378,0.379,0.296,0.297,32.4%,68.5%,50.6%,56.4%,84.1%,75.3%,50.4%,18.3
51,2024,HOU,161,2336,5530,6107,1448,978,264,16,190,740,701,448,28,1176,67,46,12,132,93,24,0.262,6107,7.3%,19.3%,0.38,0.262,0.322,0.418,0.741,0.157,4.2,0.299,-13.6,-2.7,-10.2,-2.7,769,54.3,0.321,111,0.299,1.13,20.2%,42.3%,37.5%,8.4%,11.6%,136,7.4%,20,45.5%,41.7%,35.2%,23.0%,15.3%,54.8%,29.9%,-0.66,-104.84,104.18,43.37,4.40,0.98,1.52,109,5.47,-6.14,73.6,-12.8,2.1,-18.5,60.8,-16.3,17.8,184.7,246.9,25.5,$204.0,6107,90,85,109,104,106,111,101,105,104,102,96,102,100,96,6107,4416,88.9,104.2,117.0,13.5,333,7.5%,1718,38.9%,0.262,0.258,0.418,0.416,0.321,0.322,31.8%,67.9%,49.8%,59.2%,87.1%,78.1%,49.8%,18.8
52,2024,LAD,162,2403,5522,6255,1423,873,291,26,233,842,815,602,33,1336,64,51,10,99,136,23,0.258,6255,9.6%,21.4%,0.45,0.258,0.335,0.446,0.781,0.189,5.3,0.297,13.4,6.9,4.7,6.0,868,136.2,0.337,117,0.297,0.96,21.4%,38.6%,40.0%,8.1%,13.8%,90,5.5%,4,18.2%,39.0%,35.7%,25.3%,14.8%,52.3%,32.9%,11.70,-103.89,115.59,129.95,13.29,0.96,1.23,122,13.95,-1.75,126.2,10.7,-12.0,-17.9,136.9,-29.9,20.0,189.1,316.1,32.6,$261.1,6255,117,95,104,106,111,117,120,101,108,90,108,97,101,104,6255,4253,89.4,104.8,119.2,15.5,391,9.2%,1752,41.2%,0.258,0.255,0.446,0.433,0.337,0.335,25.7%,67.2%,47.0%,57.2%,84.5%,77.2%,51.3%,18.7
53,2024,MIL,162,2381,5472,6170,1359,900,249,33,177,777,742,597,19,1459,46,34,15,97,217,42,0.248,6170,9.7%,23.6%,0.41,0.248,0.326,0.403,0.729,0.155,6.0,0.305,-4.3,-1.4,5.5,14.4,764,41.8,0.319,105,0.305,1.26,18.6%,45.4%,36.0%,9.5%,12.3%,147,8.1%,24,36.4%,38.8%,36.6%,24.6%,16.6%,51.8%,31.5%,0.33,-110.84,111.17,49.10,5.20,1.01,1.37,160,1.50,-1.17,33.7,19.8,29.1,-21.1,53.5,8.0,19.7,186.6,267.8,27.7,$221.3,6170,117,105,101,103,100,105,98,103,94,106,97,96,104,101,6170,4068,88.6,104.3,118.1,11.5,293,7.2%,1566,38.5%,0.248,0.240,0.403,0.386,0.319,0.312,26.0%,62.3%,44.7%,56.6%,85.8%,77.6%,51.7%,18.4
54,2024,WSN,162,2353,5374,5971,1306,886,267,18,135,660,621,456,11,1220,73,40,26,115,223,73,0.243,5971,7.6%,20.4%,0.37,0.243,0.309,0.375,0.684,0.132,5.3,0.288,-1.0,-3.7,2.5,4.0,650,-48.2,0.300,91,0.288,1.35,19.3%,46.4%,34.3%,11.1%,9.5%,102,5.3%,25,30.1%,39.6%,35.3%,25.1%,17.0%,53.9%,29.2%,-5.89,-105.96,100.07,-64.28,-6.79,0.97,1.74,91,-7.24,1.19,-61.2,6.5,-29.6,-20.2,-54.7,-49.8,19.1,180.5,95.1,9.8,$78.6,5971,93,90,98,98,93,91,84,98,98,108,92,98,100,103,5971,4222,88.1,103.4,114.2,10.7,235,5.6%,1554,36.8%,0.243,0.244,0.375,0.369,0.300,0.302,29.2%,64.4%,47.4%,62.1%,86.5%,79.2%,51.6%,18.4
55,2024,NYM,162,2404,5510,6166,1357,856,279,15,207,768,735,514,11,1382,92,36,10,105,106,22,0.246,6166,8.3%,22.4%,0.37,0.246,0.319,0.415,0.734,0.169,4.5,0.291,-6.0,5.6,-8.6,0.8,770,48.9,0.320,108,0.291,1.12,20.2%,42.1%,37.6%,10.2%,13.3%,129,7.4%,8,27.6%,41.4%,35.1%,23.5%,16.0%,52.1%,31.9%,5.91,-103.57,109.47,69.29,7.43,0.96,1.40,122,5.07,1.07,59.2,-7.8,7.3,-19.7,51.4,-12.4,19.7,186.4,245.2,25.3,$202.6,6166,101,99,100,101,103,108,107,98,102,98,101,102,100,96,6166,4178,89.3,105.2,116.3,12.9,372,8.9%,1722,41.2%,0.246,0.250,0.415,0.417,0.320,0.325,28.9%,65.6%,47.8%,54.6%,86.1%,76.9%,51.6%,18.7
56,2024,PHI,162,2317,5534,6166,1423,916,285,24,198,784,750,515,21,1370,62,40,13,107,148,30,0.257,6166,8.4%,22.2%,0.38,0.257,0.325,0.425,0.750,0.168,5.3,0.306,-0.5,1.2,4.2,5.8,797,75.3,0.325,107,0.306,1.16,20.3%,42.8%,37.0%,8.7%,12.8%,140,7.8%,11,30.6%,40.1%,34.6%,25.4%,15.5%,50.4%,34.1%,3.79,-102.02,105.81,63.22,6.63,0.95,1.45,104,4.77,-0.77,50.1,10.0,4.4,-18.3,60.2,-13.8,19.7,186.4,252.5,26.1,$208.6,6166,101,98,104,103,105,107,107,103,102,100,99,99,98,104,6166,4219,89.0,104.7,115.6,12.8,325,7.7%,1679,39.8%,0.257,0.252,0.425,0.410,0.325,0.321,30.4%,66.8%,48.7%,54.5%,86.1%,76.3%,50.5%,18.8
57,2024,PIT,162,2342,5477,6086,1283,870,236,17,160,665,643,485,14,1506,60,47,16,100,106,19,0.234,6086,8.0%,24.7%,0.32,0.234,0.301,0.371,0.672,0.137,4.7,0.291,10.1,1.8,1.0,2.4,637,-74.9,0.295,86,0.291,1.26,19.3%,45.0%,35.7%,11.0%,11.2%,141,7.8%,5,16.1%,41.2%,34.4%,24.4%,16.3%,52.7%,31.0%,-8.62,-111.14,102.52,-79.63,-8.33,1.02,1.57,113,-9.69,1.24,-101.7,3.4,-22.2,-18.3,-98.3,-40.4,19.4,184.0,64.7,6.7,$53.5,6086,97,110,95,96,92,86,87,99,97,105,96,102,98,100,6086,4035,89.1,105.4,121.5,11.7,331,8.2%,1618,40.1%,0.234,0.240,0.371,0.386,0.295,0.307,27.8%,64.6%,46.8%,51.4%,83.8%,74.4%,51.5%,18.5
58,2024,STL,162,2352,5507,6114,1363,920,257,21,165,672,639,478,10,1318,56,47,17,91,91,29,0.248,6114,7.8%,21.6%,0.36,0.248,0.312,0.392,0.703,0.144,4.2,0.294,5.3,4.1,1.8,-4.9,701,-14.2,0.307,98,0.294,1.15,20.5%,42.6%,36.9%,11.0%,10.6%,107,6.0%,20,40.8%,38.7%,36.1%,25.2%,16.5%,52.5%,31.1%,-1.85,-110.88,109.03,-48.81,-5.00,1.03,1.64,117,-3.37,1.57,-12.2,-3.1,-3.3,-20.5,-15.3,-23.8,19.5,184.9,165.3,17.1,$136.6,6114,95,95,100,99,97,98,92,100,104,99,99,96,102,103,6114,4262,88.7,104.0,115.5,13.1,287,6.7%,1622,38.1%,0.248,0.247,0.392,0.390,0.307,0.310,28.6%,63.7%,47.1%,58.8%,85.5%,77.8%,52.8%,18.6
59,2024,SDP,162,2429,5526,6103,1456,989,259,18,190,760,726,458,18,1077,56,31,28,133,120,28,0.263,6103,7.5%,17.6%,0.43,0.263,0.324,0.420,0.745,0.157,4.8,0.295,-0.8,-4.5,3.7,0.9,779,65.3,0.324,111,0.295,1.14,20.7%,42.3%,37.0%,8.3%,11.5%,107,5.7%,21,33.3%,38.0%,37.7%,24.3%,15.0%,54.4%,30.5%,8.42,-96.92,105.34,63.24,6.82,0.92,1.24,117,5.47,3.68,78.7,4.7,-8.5,-19.4,83.3,-27.9,19.5,184.5,259.4,26.8,$214.4,6103,91,78,107,103,104,111,100,100,105,98,100,94,107,100,6103,4512,89.1,104.3,116.7,13.2,321,7.1%,1742,38.6%,0.263,0.269,0.420,0.422,0.324,0.329,28.2%,65.5%,47.9%,63.0%,88.7%,81.5%,52.8%,18.6
60,2024,SFG,162,2414,5460,6062,1303,830,266,30,177,693,661,492,15,1452,52,47,10,115,68,22,0.239,6062,8.1%,24.0%,0.34,0.239,0.305,0.396,0.701,0.157,4.4,0.290,1.2,-0.3,6.6,-6.0,685,-24.3,0.305,97,0.290,1.01,19.4%,40.5%,40.1%,10.7%,11.0%,124,7.6%,19,46.3%,41.6%,34.9%,23.5%,16.2%,52.6%,31.2%,-3.24,-108.34,105.10,-13.95,-1.11,1.01,1.57,158,-1.71,-1.51,-20.6,0.6,8.4,-18.6,-20.0,-10.2,19.3,183.3,172.4,17.8,$142.5,6062,98,106,97,97,98,97,100,98,98,94,108,103,99,96,6062,4066,89.3,105.2,115.0,14.3,351,8.6%,1612,39.6%,0.239,0.239,0.396,0.401,0.305,0.311,27.0%,64.7%,46.6%,55.1%,85.4%,77.0%,51.9%,18.4
61,2023,LAA,162,2314,5489,6145,1346,841,248,26,231,739,708,518,27,1524,79,46,8,117,72,31,0.245,6145,8.4%,24.8%,0.34,0.245,0.317,0.426,0.743,0.181,4.2,0.295,2.9,-1.3,-2.0,-9.6,759,10.2,0.320,102,0.295,1.04,18.9%,41.4%,39.7%,9.3%,14.6%,104,6.3%,9,32.1%,41.7%,33.8%,24.5%,14.7%,52.5%,32.9%,-3.42,-114.57,111.15,-24.50,-2.67,1.03,1.52,113,-2.23,-1.10,13.4,-11.6,-29.5,-18.0,1.9,-47.6,18.9,190.8,164.0,16.4,$130.8,6145,101,107,99,100,103,102,110,100,95,98,104,101,98,101,6145,4024,89.3,105.2,118.6,13.6,363,9.0%,1612,40.1%,0.245,0.238,0.426,0.413,0.320,0.316,30.4%,68.5%,49.6%,51.9%,82.5%,73.2%,50.3%,18.9
62,2023,BAL,162,2441,5495,6123,1399,879,309,28,183,807,780,512,14,1370,45,47,21,114,114,24,0.255,6123,8.4%,22.4%,0.37,0.255,0.321,0.421,0.742,0.166,5.2,0.305,12.4,-0.8,14.4,1.7,756,10.2,0.320,104,0.305,1.11,19.6%,42.3%,38.1%,10.7%,11.6%,114,6.5%,7,20.6%,40.5%,34.7%,24.8%,15.5%,52.0%,32.5%,10.78,-99.26,110.04,76.42,7.66,0.93,1.53,135,3.20,8.39,33.0,16.1,0.0,-19.6,49.1,-19.6,18.8,190.1,238.4,23.8,$190.2,6123,100,97,103,101,102,104,101,103,98,100,100,98,101,102,6123,4196,89.4,105.0,114.6,13.5,333,7.9%,1711,40.8%,0.255,0.251,0.421,0.413,0.320,0.319,29.9%,65.6%,47.8%,58.1%,85.7%,77.0%,50.0%,19.1
63,2023,BOS,162,2391,5562,6174,1437,897,339,19,182,772,734,486,15,1372,71,35,11,118,112,26,0.258,6174,7.9%,22.2%,0.35,0.258,0.324,0.424,0.748,0.166,4.8,0.310,-9.3,-1.6,-4.8,0.3,780,27.2,0.324,101,0.310,1.15,20.5%,42.5%,37.0%,9.8%,11.7%,130,7.3%,7,25.0%,40.7%,34.7%,24.6%,16.1%,51.6%,32.4%,-4.70,-113.21,108.51,-9.77,-1.13,1.00,1.51,149,-3.57,-1.10,7.8,-4.5,-50.6,-19.7,3.3,-70.3,18.9,191.7,143.7,14.3,$114.6,6174,94,96,105,102,103,101,101,105,103,101,97,99,100,101,6174,4245,89.1,104.9,115.0,12.3,318,7.5%,1705,40.2%,0.258,0.247,0.424,0.413,0.324,0.317,28.9%,63.9%,46.9%,59.7%,85.2%,77.5%,51.4%,19.2
64,2023,CHW,162,2387,5501,5980,1308,860,264,13,171,641,617,377,19,1424,52,29,16,122,86,22,0.238,5980,6.3%,23.8%,0.26,0.238,0.291,0.384,0.675,0.146,4.1,0.289,0.5,-3.3,-5.4,-1.9,600,-128.6,0.292,83,0.289,1.34,19.8%,45.9%,34.3%,9.7%,12.2%,124,6.6%,9,25.0%,40.2%,34.4%,25.4%,16.1%,53.4%,30.5%,-14.81,-112.16,97.35,-130.11,-12.98,1.01,1.72,107,-14.99,0.33,-118.8,-7.3,-23.8,-19.0,-126.0,-42.8,18.4,185.7,35.1,3.5,$28.0,5980,75,103,96,92,93,83,88,98,99,109,90,98,100,105,5980,4127,88.6,104.7,118.2,10.7,298,7.2%,1553,37.6%,0.238,0.240,0.384,0.384,0.292,0.295,33.4%,67.3%,50.3%,55.1%,84.3%,74.5%,49.8%,18.3
65,2023,CLE,162,2372,5513,6096,1379,932,294,29,124,662,622,471,40,1142,55,44,13,108,151,36,0.250,6096,7.7%,18.7%,0.41,0.250,0.313,0.381,0.695,0.131,5.1,0.292,1.9,2.1,5.6,4.1,659,-84.3,0.302,91,0.292,1.27,21.3%,44.0%,34.7%,11.2%,8.2%,135,7.0%,12,27.3%,38.4%,35.9%,25.7%,17.0%,56.4%,26.6%,-5.26,-119.13,113.87,-80.08,-8.03,1.10,1.76,91,-7.42,2.62,-63.6,9.7,6.8,-19.6,-53.9,-12.8,18.7,189.3,141.3,14.1,$112.7,6096,92,81,101,99,93,91,80,99,107,104,91,93,104,106,6096,4428,87.5,103.1,114.4,11.7,228,5.1%,1462,33.0%,0.250,0.258,0.381,0.387,0.302,0.310,32.4%,66.1%,49.4%,63.4%,87.8%,79.9%,50.6%,18.8
66,2023,DET,162,2422,5478,6080,1292,853,245,29,165,661,635,508,10,1473,49,31,13,107,85,23,0.236,6080,8.4%,24.2%,0.34,0.236,0.305,0.382,0.686,0.146,4.5,0.291,6.1,1.3,5.9,-3.5,647,-93.7,0.300,89,0.291,1.11,19.5%,42.3%,38.1%,10.0%,10.7%,104,6.1%,6,27.3%,39.8%,35.3%,24.9%,15.4%,51.8%,32.8%,-10.47,-109.03,98.56,-101.66,-10.36,0.98,1.39,173,-10.67,-0.01,-83.6,2.4,2.2,-21.4,-81.2,-19.2,18.7,188.8,107.0,10.7,$85.3,6080,100,105,96,96,93,89,88,98,98,101,100,97,102,102,6080,4050,89.1,104.4,114.4,13.3,323,8.0%,1638,40.4%,0.236,0.243,0.382,0.404,0.300,0.313,29.5%,65.8%,48.0%,55.1%,84.8%,75.8%,51.0%,18.7
67,2023,KCR,162,2369,5428,5985,1325,861,258,43,163,676,651,411,12,1396,71,58,14,96,163,47,0.244,5985,6.9%,23.3%,0.29,0.244,0.303,0.398,0.700,0.153,5.8,0.296,-0.5,3.1,6.3,2.5,652,-76.9,0.303,88,0.296,1.05,20.8%,40.6%,38.6%,9.7%,10.4%,109,6.6%,15,41.7%,42.2%,33.3%,24.6%,15.1%,50.9%,34.0%,-12.66,-112.90,100.24,-89.93,-9.08,1.02,1.68,100,-9.27,-3.15,-87.2,8.8,23.1,-19.0,-78.4,4.1,18.4,185.8,129.9,13.0,$103.6,5985,82,101,99,96,97,88,93,100,104,96,102,102,96,101,5985,4107,89.4,104.5,113.8,13.4,334,8.1%,1686,41.1%,0.244,0.253,0.398,0.421,0.303,0.318,31.3%,67.5%,49.5%,55.5%,84.5%,75.3%,50.2%,18.7
68,2023,MIN,162,2427,5489,6219,1336,815,264,24,233,778,745,594,13,1654,92,32,12,119,86,18,0.243,6219,9.6%,26.6%,0.36,0.243,0.326,0.428,0.753,0.184,4.7,0.304,0.7,0.2,-3.5,-1.9,800,42.7,0.327,107,0.304,1.02,20.7%,39.9%,39.3%,9.8%,15.4%,92,6.0%,13,35.1%,41.8%,34.2%,24.1%,15.8%,50.1%,34.0%,-3.50,-116.19,112.70,23.42,2.48,1.04,1.54,185,1.92,-5.28,49.2,-5.3,-5.5,-19.6,43.9,-25.1,19.1,193.1,231.0,23.0,$184.3,6219,114,115,99,103,104,107,112,103,104,95,104,101,99,99,6219,3879,89.4,105.3,117.4,14.5,398,10.3%,1606,41.4%,0.243,0.238,0.428,0.424,0.327,0.325,28.6%,65.2%,46.7%,53.7%,83.1%,74.0%,49.4%,18.6
69,2023,NYY,162,2321,5323,5973,1207,752,221,15,219,673,650,557,18,1427,47,36,9,119,100,30,0.227,5973,9.3%,23.9%,0.39,0.227,0.304,0.397,0.701,0.171,4.3,0.266,-8.5,-3.6,-8.6,-3.0,660,-68.2,0.304,93,0.266,1.11,19.3%,42.5%,38.3%,9.7%,14.6%,87,5.2%,10,33.3%,42.1%,35.2%,22.7%,14.6%,51.6%,33.8%,-5.73,-101.84,96.11,-64.96,-6.17,0.93,1.75,81,-4.45,-1.72,-48.4,-11.5,17.3,-18.4,-59.9,-1.0,18.3,185.5,142.9,14.2,$114.0,5973,111,103,92,96,96,93,103,90,97,101,101,102,102,94,5973,3942,89.8,105.0,119.5,13.0,364,9.2%,1647,41.8%,0.227,0.244,0.397,0.426,0.304,0.324,26.8%,63.6%,45.7%,53.4%,83.8%,75.1%,51.2%,18.8
70,2023,OAK,162,2432,5311,5966,1187,770,225,21,171,585,563,498,12,1496,85,36,28,125,149,31,0.223,5966,8.3%,25.1%,0.33,0.223,0.298,0.370,0.669,0.147,4.8,0.276,-9.6,-3.0,-4.9,6.4,601,-125.5,0.293,88,0.276,1.13,18.5%,43.3%,38.2%,9.5%,11.8%,97,5.9%,17,22.4%,42.3%,34.1%,23.6%,15.7%,54.6%,29.7%,-14.29,-111.37,97.08,-139.29,-14.68,1.01,1.43,202,-11.68,-2.44,-87.1,1.5,-34.4,-21.3,-85.5,-55.7,18.3,185.2,62.3,6.2,$49.7,5966,100,108,91,94,90,88,89,93,93,103,101,103,99,97,5966,3887,88.2,103.9,113.9,12.9,281,7.2%,1366,35.1%,0.223,0.226,0.370,0.373,0.293,0.297,28.6%,65.2%,47.5%,48.8%,83.5%,73.3%,51.5%,18.4
71,2023,SEA,162,2391,5500,6201,1332,827,283,12,210,758,728,548,14,1603,111,37,4,95,118,30,0.242,6201,8.8%,25.9%,0.34,0.242,0.321,0.413,0.734,0.170,4.5,0.301,-8.3,7.1,-4.7,-0.4,760,4.9,0.319,109,0.301,1.00,20.4%,39.8%,39.7%,9.6%,13.5%,113,7.2%,3,21.4%,45.1%,33.1%,21.8%,16.6%,50.1%,33.3%,-0.79,-114.27,113.48,31.90,3.31,1.04,1.67,148,2.80,-3.57,66.3,-5.1,20.0,-22.4,61.2,-2.4,19.0,192.5,270.3,27.0,$215.6,6201,106,112,98,101,100,109,103,102,103,95,105,110,96,90,6201,3939,89.3,105.6,116.7,15.0,382,9.7%,1628,41.3%,0.242,0.244,0.413,0.420,0.319,0.325,28.9%,66.6%,48.0%,51.1%,83.1%,73.6%,50.6%,19.1
72,2023,TBR,162,2353,5511,6164,1432,896,282,24,230,860,827,514,7,1420,95,38,6,109,160,41,0.260,6164,8.3%,23.0%,0.36,0.260,0.331,0.445,0.776,0.185,5.5,0.308,8.6,3.0,3.6,3.2,837,86.0,0.335,117,0.308,1.16,18.3%,43.9%,37.8%,10.7%,14.8%,132,7.3%,17,65.4%,41.9%,34.8%,23.3%,14.9%,51.4%,33.7%,13.69,-101.37,115.06,153.33,16.02,0.94,1.88,105,14.48,0.05,126.3,6.7,-8.0,-19.2,133.1,-27.2,18.9,191.4,316.2,31.5,$252.2,6164,100,100,105,105,108,117,112,104,92,104,100,102,101,96,6164,4135,89.4,104.9,114.5,12.4,344,8.3%,1686,40.8%,0.260,0.247,0.445,0.415,0.335,0.322,31.2%,67.2%,49.1%,55.5%,83.2%,74.4%,49.7%,18.9
73,2023,TEX,162,2302,5595,6306,1470,893,326,18,233,881,845,599,17,1416,53,47,10,103,79,19,0.263,6306,9.5%,22.5%,0.42,0.263,0.337,0.452,0.790,0.190,4.5,0.310,-11.5,5.9,-4.4,-4.0,880,111.8,0.340,118,0.310,0.99,20.7%,39.5%,39.9%,8.2%,13.9%,112,6.7%,6,31.6%,39.8%,35.8%,24.5%,13.8%,49.5%,36.7%,5.60,-100.74,106.34,127.43,12.28,0.91,1.13,71,9.72,-3.56,134.9,-8.4,31.1,-19.9,126.6,11.2,19.4,195.8,352.9,35.2,$281.5,6306,113,97,106,106,110,118,115,105,104,94,105,97,104,101,6306,4238,89.8,105.1,115.2,14.2,385,9.1%,1762,41.6%,0.263,0.256,0.452,0.440,0.340,0.335,26.2%,67.1%,46.9%,55.8%,86.1%,77.8%,50.6%,18.8
74,2023,TOR,162,2403,5562,6220,1423,924,292,19,188,746,705,550,14,1303,69,32,4,129,99,34,0.256,6220,8.8%,20.9%,0.42,0.256,0.329,0.417,0.745,0.161,4.3,0.301,-4.4,-1.7,-4.1,-6.3,787,28.8,0.324,106,0.301,1.11,20.5%,41.8%,37.7%,10.5%,11.7%,117,6.6%,20,57.1%,39.9%,33.9%,26.2%,15.8%,52.0%,32.2%,-4.15,-114.53,110.38,-3.24,-0.45,1.02,1.76,114,1.23,-5.30,45.5,-10.4,23.0,-20.5,35.1,2.5,19.1,193.1,249.8,24.9,$199.3,6220,106,91,104,104,101,106,97,102,103,99,99,97,98,108,6220,4298,88.7,105.0,116.7,13.0,350,8.1%,1670,38.9%,0.256,0.253,0.417,0.415,0.324,0.324,25.9%,67.5%,47.5%,58.6%,85.5%,78.4%,51.8%,19.0
75,2023,ARI,162,2406,5436,6124,1359,875,274,44,166,746,706,540,11,1247,58,50,36,121,166,26,0.250,6124,8.8%,20.4%,0.43,0.250,0.322,0.408,0.730,0.158,6.0,0.293,0.4,-2.5,7.9,11.0,739,-7.3,0.317,97,0.293,1.27,20.2%,44.7%,35.1%,9.8%,11.2%,111,5.9%,18,26.5%,40.4%,35.5%,24.1%,14.9%,51.9%,33.2%,3.49,-108.71,112.20,-13.43,-1.60,1.00,1.65,150,-2.96,6.43,-24.6,18.9,17.8,-19.8,-5.7,-1.9,18.1,190.1,200.6,20.0,$160.0,6124,100,91,100,100,98,97,95,99,101,104,95,99,102,99,6124,4279,88.8,104.1,117.1,10.8,268,6.3%,1635,38.2%,0.250,0.246,0.408,0.388,0.317,0.311,26.4%,62.8%,45.2%,57.9%,87.6%,79.2%,51.8%,18.8
76,2023,ATL,162,2278,5597,6249,1543,920,293,23,307,947,916,538,20,1289,67,43,2,128,132,27,0.276,6249,8.6%,20.6%,0.42,0.276,0.344,0.501,0.845,0.225,5.1,0.306,12.3,-4.3,6.1,3.4,974,213.0,0.359,126,0.306,1.17,19.7%,43.4%,36.9%,7.3%,19.1%,113,6.0%,4,57.1%,43.0%,33.6%,23.4%,13.4%,48.2%,38.3%,19.30,-100.56,119.86,189.43,18.57,0.92,1.25,71,18.43,2.57,199.3,9.5,11.7,-18.5,208.8,-6.7,18.4,194.0,414.5,41.3,$330.7,6249,98,92,110,106,120,126,135,103,98,101,100,105,97,96,6249,4355,91.0,107.4,121.2,12.0,517,11.9%,2004,46.0%,0.276,0.277,0.501,0.504,0.359,0.363,30.3%,69.4%,49.7%,59.9%,83.9%,76.6%,49.7%,18.9
77,2023,CHC,162,2328,5504,6220,1399,904,269,30,196,819,786,570,11,1391,77,52,15,95,140,34,0.254,6220,9.2%,22.4%,0.41,0.254,0.330,0.421,0.751,0.167,5.3,0.303,3.5,9.5,6.3,1.8,796,37.7,0.326,105,0.303,1.18,20.3%,43.1%,36.6%,9.5%,12.9%,147,8.2%,2,8.0%,40.1%,36.1%,23.8%,16.3%,53.0%,30.7%,0.46,-104.20,104.66,67.65,6.86,0.96,1.44,123,4.74,-4.25,41.3,8.1,10.5,-20.8,49.4,-10.3,18.4,193.1,250.6,25.0,$199.9,6220,104,100,102,102,101,105,100,102,101,100,99,98,104,98,6220,4182,88.7,104.0,114.6,12.4,323,7.7%,1606,38.4%,0.254,0.252,0.421,0.411,0.326,0.325,27.1%,64.3%,46.3%,59.0%,84.5%,77.3%,51.6%,18.7
78,2023,CIN,162,2492,5499,6195,1371,868,268,37,198,783,747,556,8,1500,92,29,19,101,190,48,0.249,6195,9.0%,24.2%,0.37,0.249,0.327,0.420,0.746,0.170,5.8,0.306,5.2,1.4,11.4,6.1,787,32.0,0.325,98,0.306,1.12,21.2%,41.6%,37.2%,11.4%,13.3%,116,7.0%,20,37.7%,42.7%,34.2%,23.0%,15.5%,53.8%,30.7%,-3.33,-118.26,114.93,-19.30,-1.55,1.02,1.62,146,-1.69,-1.57,-15.0,17.5,-42.9,-20.5,2.5,-63.4,18.3,192.3,149.8,14.9,$119.5,6195,102,108,100,101,101,98,102,103,105,97,101,104,99,95,6195,4047,88.2,103.6,119.2,13.8,281,6.9%,1478,36.5%,0.249,0.242,0.420,0.387,0.325,0.312,25.8%,63.0%,44.9%,54.7%,84.2%,76.0%,51.4%,18.6
79,2023,COL,162,2352,5496,6055,1368,869,305,31,163,721,685,447,8,1543,59,41,11,124,76,25,0.249,6055,7.4%,25.5%,0.29,0.249,0.310,0.405,0.715,0.156,4.8,0.315,-9.6,-4.4,-10.2,-5.9,695,-42.9,0.310,80,0.315,1.17,21.4%,42.3%,36.3%,9.2%,11.3%,103,6.1%,11,34.4%,40.8%,34.8%,24.3%,15.7%,49.5%,34.8%,-11.90,-111.29,99.39,-141.86,-13.17,0.97,1.70,107,-16.41,4.12,-153.8,-16.1,-0.3,-18.4,-169.9,-18.6,17.9,188.0,17.3,1.7,$13.8,6055,84,114,100,96,97,80,94,106,106,99,98,100,100,100,6055,4006,88.0,104.4,115.3,12.8,306,7.6%,1462,36.5%,0.249,0.240,0.405,0.391,0.310,0.304,32.5%,67.5%,50.0%,51.5%,83.2%,72.9%,50.2%,18.5
80,2023,MIA,162,2420,5497,6043,1423,976,258,23,166,666,633,430,23,1287,50,38,22,159,86,21,0.259,6043,7.1%,21.3%,0.33,0.259,0.316,0.405,0.721,0.146,4.2,0.308,-0.1,-12.7,-1.8,-2.7,705,-31.1,0.312,93,0.308,1.37,20.2%,46.2%,33.6%,8.3%,11.7%,138,7.1%,16,31.4%,37.2%,35.7%,27.1%,14.8%,52.2%,32.9%,-5.28,-110.31,105.03,-93.92,-9.44,1.00,1.25,112,-7.12,1.86,-50.8,-4.5,-27.9,-18.8,-55.3,-46.7,17.8,187.6,103.5,10.3,$82.6,6043,81,95,104,98,97,93,88,104,101,108,91,91,103,111,6043,4276,88.9,104.1,115.8,10.2,306,7.2%,1624,38.0%,0.259,0.257,0.405,0.412,0.312,0.316,30.2%,64.6%,47.6%,59.6%,85.6%,77.4%,50.4%,18.5
81,2023,HOU,162,2282,5567,6253,1441,917,280,22,222,827,799,550,17,1241,72,40,14,124,107,32,0.259,6253,8.8%,19.8%,0.44,0.259,0.331,0.437,0.768,0.178,4.6,0.294,-2.4,-2.5,-5.4,-3.8,831,69.0,0.332,111,0.294,1.08,19.8%,41.8%,38.5%,9.1%,13.3%,137,7.6%,10,26.3%,42.0%,34.6%,23.4%,15.1%,52.4%,32.5%,3.77,-106.88,110.65,85.70,8.54,0.96,1.58,82,4.53,-0.61,85.6,-9.3,-3.1,-18.4,76.4,-21.5,19.2,194.1,268.2,26.7,$214.0,6253,105,86,105,104,106,111,108,99,99,99,101,102,100,96,6253,4390,88.7,104.1,117.7,13.2,357,8.1%,1699,38.7%,0.259,0.257,0.437,0.435,0.332,0.333,29.9%,66.0%,47.9%,59.0%,86.7%,78.0%,49.9%,19.1
82,2023,LAD,162,2421,5524,6333,1422,850,303,20,249,906,877,644,29,1359,85,69,5,98,105,25,0.257,6333,10.2%,21.5%,0.47,0.257,0.340,0.455,0.795,0.197,4.8,0.294,1.8,5.8,2.0,-1.5,892,120.4,0.341,115,0.294,0.92,20.7%,38.0%,41.3%,8.9%,14.3%,105,6.5%,5,35.7%,42.1%,33.6%,24.3%,14.9%,50.6%,34.5%,13.49,-102.03,115.52,162.58,16.44,0.96,1.34,176,16.09,-2.03,114.1,0.5,1.1,-19.0,114.6,-17.9,18.7,196.6,312.1,31.1,$248.9,6333,115,96,103,105,109,115,119,99,103,89,112,103,97,100,6333,4245,89.2,104.7,112.7,15.5,388,9.1%,1728,40.7%,0.257,0.256,0.455,0.446,0.341,0.341,26.1%,66.7%,46.5%,55.4%,85.3%,77.0%,50.2%,18.9
83,2023,MIL,162,2358,5386,6084,1290,852,257,16,165,728,696,591,15,1412,58,39,7,144,129,28,0.240,6084,9.7%,23.2%,0.42,0.240,0.319,0.385,0.704,0.146,4.8,0.292,6.0,-8.1,3.6,2.5,692,-48.9,0.309,93,0.292,1.23,18.7%,45.0%,36.4%,10.9%,11.3%,119,6.6%,9,45.0%,39.7%,36.1%,24.2%,17.3%,50.4%,32.2%,-5.09,-110.29,105.21,-32.96,-3.19,1.00,1.29,122,-5.52,0.42,-53.1,6.2,50.4,-20.5,-46.9,29.8,18.0,188.9,189.8,18.9,$151.4,6084,110,104,96,99,92,93,87,98,93,105,98,97,104,99,6084,4023,88.3,104.4,114.8,11.7,298,7.4%,1521,37.8%,0.240,0.239,0.385,0.384,0.309,0.311,26.6%,63.0%,45.2%,57.2%,84.1%,76.4%,51.1%,18.7
84,2023,WSN,162,2305,5522,6085,1401,945,279,26,151,700,665,423,6,1149,78,38,20,112,127,29,0.254,6085,7.0%,18.9%,0.37,0.254,0.314,0.396,0.709,0.142,5.1,0.293,-1.7,0.4,-5.5,2.1,694,-47.1,0.309,92,0.293,1.28,19.7%,45.1%,35.2%,10.6%,9.8%,141,7.1%,13,26.5%,41.4%,34.6%,24.0%,17.1%,52.5%,30.3%,-2.99,-110.94,107.95,-59.71,-5.93,1.02,1.91,78,-7.51,4.58,-56.8,-3.4,-22.3,-18.0,-60.2,-40.3,18.0,188.9,106.4,10.6,$84.9,6085,79,85,101,97,95,92,85,99,98,105,95,101,100,99,6085,4435,87.9,103.5,112.5,11.2,258,5.8%,1562,35.2%,0.254,0.249,0.396,0.387,0.309,0.306,31.1%,65.9%,48.5%,63.4%,88.0%,80.1%,50.0%,18.7
85,2023,NYM,162,2374,5363,6056,1276,819,221,21,215,717,692,525,11,1331,107,38,19,105,118,15,0.238,6056,8.7%,22.0%,0.39,0.238,0.316,0.407,0.723,0.169,4.9,0.275,-0.4,2.0,-5.3,6.2,720,-17.6,0.315,100,0.275,1.09,19.1%,42.2%,38.8%,10.8%,13.7%,88,5.1%,10,28.6%,41.4%,34.4%,24.2%,15.5%,52.9%,31.5%,-4.53,-109.70,105.17,2.10,0.52,1.01,1.43,124,0.60,-5.11,-3.0,0.9,1.4,-21.7,-2.1,-20.3,17.9,188.0,183.5,18.3,$146.4,6056,98,98,95,98,98,100,102,93,95,98,105,101,99,99,6056,4093,89.4,105.1,117.3,13.3,340,8.3%,1642,40.1%,0.238,0.243,0.407,0.415,0.315,0.322,27.1%,64.0%,45.9%,56.7%,85.9%,77.4%,50.9%,18.7
86,2023,PHI,162,2323,5541,6207,1417,877,291,29,220,796,771,539,22,1481,69,42,13,110,141,26,0.256,6207,8.7%,23.9%,0.36,0.256,0.327,0.438,0.765,0.182,5.3,0.308,-4.2,0.9,4.4,6.0,814,57.3,0.329,105,0.308,1.12,21.0%,41.7%,37.3%,9.2%,14.5%,116,6.8%,15,34.1%,40.9%,34.0%,25.1%,14.0%,53.1%,32.8%,2.41,-114.35,116.76,32.18,3.12,1.03,1.61,93,3.57,-1.23,35.0,10.4,-20.0,-18.1,45.4,-38.1,18.3,192.7,218.3,21.8,$174.1,6207,99,107,102,101,105,105,109,104,105,97,101,100,98,103,6207,4118,89.5,105.0,115.7,13.2,357,8.7%,1676,40.7%,0.256,0.251,0.438,0.426,0.329,0.326,31.5%,65.7%,48.4%,54.7%,84.4%,74.7%,49.5%,18.9
87,2023,PIT,162,2412,5406,6089,1293,816,287,31,159,692,662,556,9,1464,58,43,25,92,117,41,0.239,6089,9.1%,24.0%,0.38,0.239,0.315,0.392,0.707,0.153,5.0,0.296,-0.3,6.4,2.8,-4.9,690,-51.5,0.308,90,0.296,1.20,20.5%,43.3%,36.2%,9.4%,11.1%,130,7.6%,12,19.4%,41.4%,34.2%,24.4%,15.5%,53.2%,31.3%,-7.19,-109.19,102.00,-77.53,-7.97,1.00,1.40,152,-8.66,1.43,-75.3,-2.1,25.4,-18.7,-77.4,6.7,18.0,189.1,136.3,13.6,$108.8,6089,104,108,96,97,94,90,92,100,102,101,98,101,99,100,6089,4011,89.2,104.4,115.8,11.9,295,7.4%,1621,40.4%,0.239,0.241,0.392,0.391,0.308,0.312,26.0%,64.4%,45.5%,52.3%,84.6%,75.5%,50.7%,18.7
88,2023,STL,162,2298,5510,6204,1376,891,264,12,209,719,697,570,17,1326,70,37,13,122,101,29,0.250,6204,9.2%,21.4%,0.43,0.250,0.326,0.416,0.742,0.166,4.0,0.291,-2.5,-0.2,-3.3,-3.7,776,19.7,0.322,103,0.291,1.16,19.9%,43.0%,37.1%,10.9%,13.4%,104,5.8%,11,34.4%,40.2%,34.2%,25.6%,16.1%,49.2%,34.6%,-2.34,-110.86,108.52,-25.85,-2.64,1.00,1.73,103,2.93,-5.27,26.0,-7.0,-19.9,-19.3,18.9,-39.2,18.3,192.6,190.6,19.0,$152.1,6204,104,96,100,101,100,103,100,98,99,100,100,98,99,105,6204,4238,89.4,105.3,117.5,13.0,355,8.4%,1760,41.5%,0.250,0.258,0.416,0.430,0.322,0.333,28.2%,64.2%,46.3%,57.6%,85.9%,77.4%,50.4%,18.7
89,2023,SDP,162,2329,5401,6180,1316,824,273,14,205,752,719,653,16,1311,57,44,22,134,137,32,0.244,6180,10.6%,21.2%,0.50,0.244,0.329,0.413,0.742,0.170,4.5,0.283,6.1,-2.8,3.4,2.2,778,24.9,0.323,106,0.283,1.09,18.7%,42.5%,38.8%,11.2%,12.9%,137,7.9%,14,26.4%,41.4%,35.4%,23.2%,16.5%,51.3%,32.2%,-3.27,-105.42,102.15,25.46,2.75,0.94,1.52,114,5.49,-8.95,43.1,5.6,16.2,-21.1,48.7,-4.9,18.2,191.9,253.9,25.3,$202.5,6180,120,95,97,102,99,106,102,95,93,99,105,101,102,95,6180,4159,89.3,105.2,115.3,13.2,351,8.4%,1638,39.4%,0.244,0.246,0.413,0.418,0.323,0.328,25.8%,61.6%,44.2%,58.1%,86.3%,78.3%,51.5%,19.1
90,2023,SFG,162,2441,5412,6095,1271,828,256,13,174,674,651,544,19,1492,81,39,17,116,57,16,0.235,6095,8.9%,24.5%,0.36,0.235,0.312,0.383,0.695,0.149,3.6,0.290,4.7,2.3,-3.6,-6.4,671,-71.6,0.304,92,0.290,1.09,20.1%,41.6%,38.2%,10.4%,11.6%,85,5.2%,24,42.1%,42.4%,33.2%,24.4%,15.8%,52.6%,31.5%,-3.94,-108.41,104.47,-65.17,-6.62,1.00,1.51,216,-5.48,1.53,-63.6,-10.0,23.1,-20.5,-73.6,2.6,18.0,189.2,136.2,13.6,$108.7,6095,101,110,94,97,92,92,89,98,100,97,103,103,96,100,6095,3978,88.7,104.1,116.6,13.8,334,8.4%,1554,39.1%,0.235,0.238,0.383,0.399,0.304,0.312,27.4%,65.7%,46.7%,53.0%,84.3%,75.2%,50.3%,18.7
91,2022,LAA,162,2327,5423,5977,1265,825,219,31,190,623,600,449,28,1539,54,25,25,95,77,27,0.233,5977,7.5%,25.7%,0.29,0.233,0.297,0.390,0.687,0.157,4.5,0.289,-3.9,3.8,-1.5,-0.7,638,-45.2,0.300,93,0.289,1.03,19.4%,40.9%,39.7%,9.3%,12.4%,106,6.7%,23,29.5%,39.1%,36.3%,24.6%,15.6%,55.3%,29.1%,-11.08,-103.24,92.15,-77.13,-8.33,0.95,1.50,119,-6.48,-5.24,-47.9,-2.2,-16.8,-18.0,-50.1,-34.9,10.9,178.2,104.2,10.9,$87.6,5977,94,116,96,96,100,93,105,100,98,96,106,97,104,99,5977,3935,88.3,104.2,119.1,13.7,334,8.5%,1410,35.8%,0.233,0.231,0.390,0.387,0.300,0.300,28.4%,65.7%,47.6%,54.9%,83.3%,75.1%,51.5%,23.2
92,2022,BAL,162,2359,5429,6049,1281,810,275,25,171,674,639,476,10,1390,83,43,12,95,95,31,0.236,6049,7.9%,23.0%,0.34,0.236,0.305,0.390,0.695,0.154,4.7,0.284,7.6,3.3,2.9,1.1,670,-22.0,0.305,100,0.284,0.96,20.2%,39.0%,40.8%,12.7%,10.4%,113,7.2%,16,34.0%,41.4%,34.7%,23.9%,17.6%,52.0%,30.4%,-1.49,-109.23,107.73,-12.36,-1.54,1.01,1.91,93,0.80,-2.28,-1.4,3.9,14.4,-19.1,2.6,-4.7,11.1,180.4,189.3,19.9,$159.0,6049,99,103,97,99,100,100,103,98,102,91,109,103,99,97,6049,4100,88.7,104.3,112.0,15.5,333,8.1%,1595,38.9%,0.236,0.238,0.390,0.392,0.305,0.310,30.5%,68.3%,49.3%,57.2%,84.4%,75.9%,49.6%,23.4
93,2022,BOS,162,2379,5539,6144,1427,908,352,12,155,735,704,478,23,1373,63,50,12,131,52,20,0.258,6144,7.8%,22.3%,0.35,0.258,0.321,0.409,0.731,0.152,3.6,0.313,-5.1,-3.0,0.3,-3.4,746,43.2,0.319,102,0.313,1.22,20.8%,43.5%,35.7%,9.9%,10.3%,115,6.3%,6,23.1%,37.0%,37.7%,25.3%,15.2%,53.5%,31.2%,-3.41,-109.50,106.09,11.98,1.09,0.99,1.72,91,-1.94,-1.50,12.7,-3.1,-9.2,-18.8,9.6,-28.0,11.3,183.2,176.1,18.5,$147.9,6144,98,101,106,104,105,102,102,108,105,102,95,92,108,102,6144,4230,89.3,105.1,117.9,11.4,343,8.1%,1729,40.9%,0.258,0.249,0.409,0.401,0.319,0.316,30.0%,66.7%,48.5%,56.2%,84.5%,75.8%,50.3%,24.3
94,2022,CHW,162,2371,5611,6123,1435,1005,272,9,149,686,654,388,9,1269,73,35,16,127,58,10,0.256,6123,6.3%,20.7%,0.31,0.256,0.310,0.387,0.698,0.131,3.6,0.304,-1.3,-3.3,-8.4,1.6,683,-16.9,0.306,98,0.304,1.28,19.2%,45.4%,35.4%,10.2%,9.7%,129,6.5%,6,19.4%,38.4%,35.4%,26.2%,15.8%,54.0%,30.2%,-1.82,-108.17,106.35,-16.74,-1.41,1.00,1.61,70,-6.37,4.56,-11.0,-6.8,-11.3,-19.2,-17.8,-30.5,11.2,182.6,145.5,15.3,$122.2,6123,80,93,105,100,99,98,88,105,97,106,94,96,101,106,6123,4393,89.2,104.6,117.8,10.6,329,7.5%,1792,40.8%,0.256,0.248,0.387,0.395,0.306,0.308,32.7%,67.5%,50.3%,58.1%,85.5%,76.7%,50.5%,22.5
95,2022,CLE,162,2338,5558,6163,1410,979,273,31,127,698,662,450,36,1122,81,52,22,115,119,27,0.254,6163,7.3%,18.2%,0.40,0.254,0.316,0.383,0.699,0.129,5.0,0.294,7.0,-0.8,16.2,7.0,685,-19.5,0.306,100,0.294,1.24,19.7%,44.4%,35.9%,11.2%,7.9%,161,8.1%,14,31.8%,38.5%,35.5%,26.0%,18.1%,55.6%,26.3%,0.04,-109.50,109.55,-9.66,-1.06,1.03,1.52,96,-2.89,2.93,-1.5,23.2,22.3,-19.2,21.7,3.1,11.3,183.8,219.9,23.1,$184.7,6163,92,82,105,102,98,100,86,102,100,104,96,96,101,105,6163,4510,87.2,103.0,114.2,11.7,220,4.9%,1494,33.1%,0.254,0.245,0.383,0.361,0.306,0.298,30.9%,63.8%,47.5%,65.6%,88.0%,80.8%,50.5%,22.8
96,2022,DET,162,2350,5378,5870,1240,868,235,27,110,557,530,380,8,1413,58,44,10,108,47,24,0.231,5870,6.5%,24.1%,0.27,0.231,0.286,0.346,0.632,0.115,3.8,0.290,-1.5,-1.6,0.5,-5.5,528,-143.4,0.279,81,0.290,1.27,20.1%,44.7%,35.3%,9.7%,7.8%,118,6.6%,9,33.3%,39.7%,34.0%,26.3%,17.1%,56.8%,26.1%,-9.93,-103.78,93.85,-121.07,-12.96,0.98,1.26,85,-12.63,2.46,-126.7,-5.0,-0.6,-20.1,-131.7,-20.7,10.8,175.0,33.4,3.5,$28.1,5870,81,108,95,93,88,81,77,100,102,105,94,99,97,106,5870,4019,87.6,103.9,112.1,11.8,251,6.2%,1464,36.4%,0.231,0.233,0.346,0.357,0.279,0.288,33.8%,67.9%,50.6%,56.4%,84.7%,75.2%,49.3%,22.7
97,2022,KCR,162,2372,5437,6010,1327,904,247,38,138,640,613,460,7,1287,48,44,20,101,104,34,0.244,6010,7.7%,21.4%,0.36,0.244,0.306,0.380,0.686,0.136,4.9,0.293,-4.0,4.7,-0.6,1.5,648,-39.5,0.302,91,0.293,1.08,19.6%,41.8%,38.7%,9.0%,8.6%,123,7.1%,17,30.9%,40.2%,35.1%,24.7%,15.4%,53.9%,30.7%,-9.13,-107.24,98.10,-64.86,-7.18,0.99,1.32,90,-6.48,-2.77,-60.4,0.9,-25.2,-19.1,-59.5,-44.3,11.0,179.2,86.4,9.1,$72.6,6010,96,96,101,99,97,91,91,101,99,98,103,100,100,100,6010,4215,88.8,103.9,113.7,12.9,302,7.2%,1592,37.8%,0.244,0.243,0.380,0.392,0.302,0.309,30.0%,68.3%,49.2%,58.6%,84.8%,76.8%,50.2%,22.9
98,2022,MIN,162,2422,5476,6113,1356,891,269,18,178,696,668,518,11,1353,62,46,10,133,38,17,0.248,6113,8.5%,22.1%,0.38,0.248,0.317,0.401,0.718,0.153,3.5,0.295,-10.5,-5.0,-7.6,-5.2,724,25.0,0.315,106,0.295,1.11,20.8%,41.8%,37.5%,8.8%,11.4%,119,6.8%,3,17.6%,41.9%,33.5%,24.6%,14.4%,52.5%,33.0%,-3.35,-106.93,103.58,11.49,1.40,0.98,1.54,121,2.37,-5.79,39.0,-12.8,-4.3,-18.8,26.2,-23.1,11.2,182.3,196.6,20.6,$165.1,6113,106,100,102,103,102,106,103,102,105,98,100,104,96,99,6113,4180,89.6,104.5,115.1,13.1,365,8.7%,1718,41.1%,0.248,0.246,0.401,0.419,0.315,0.323,28.5%,65.8%,47.3%,58.4%,85.1%,77.1%,50.3%,23.3
99,2022,NYY,162,2342,5422,6172,1308,821,225,8,254,807,764,620,36,1391,70,41,14,121,102,33,0.241,6172,10.0%,22.5%,0.45,0.241,0.325,0.426,0.751,0.185,4.0,0.276,-8.7,1.8,-7.4,1.2,793,87.6,0.327,114,0.276,1.03,19.0%,41.2%,39.9%,10.1%,15.7%,119,7.1%,7,22.6%,41.4%,34.1%,24.5%,15.9%,52.7%,31.4%,6.30,-114.63,120.93,119.44,12.63,1.07,2.15,93,10.95,-5.07,97.0,-6.2,59.3,-18.8,90.8,40.5,11.3,184.0,326.6,34.3,$274.4,6172,126,101,99,105,109,114,124,95,96,96,106,103,97,99,6172,4091,89.7,105.3,119.8,13.3,411,10.0%,1710,41.8%,0.241,0.243,0.426,0.427,0.327,0.330,27.8%,63.1%,45.6%,57.3%,83.7%,75.7%,50.3%,23.7
100,2022,OAK,162,2394,5314,5863,1147,746,249,15,137,568,537,433,7,1389,59,33,22,109,78,23,0.216,5863,7.4%,23.7%,0.31,0.216,0.281,0.346,0.626,0.130,4.2,0.264,4.2,-4.2,2.6,1.4,519,-151.5,0.277,82,0.264,1.24,18.8%,45.0%,36.2%,11.1%,9.6%,88,5.0%,16,29.6%,40.9%,34.6%,24.4%,16.5%,55.8%,27.7%,-10.50,-100.84,90.34,-87.98,-9.59,0.94,1.36,163,-11.15,0.03,-116.5,4.0,-6.1,-19.6,-112.5,-25.7,10.7,174.8,47.4,5.0,$39.8,5863,93,107,89,91,88,82,87,91,95,105,96,102,99,99,5863,3982,87.7,103.3,114.0,11.7,252,6.3%,1361,34.2%,0.216,0.224,0.346,0.351,0.277,0.285,29.9%,67.3%,48.8%,53.8%,84.1%,74.9%,50.6%,23.0
101,2022,SEA,162,2383,5375,6117,1236,791,229,19,197,690,663,596,17,1397,89,45,9,120,83,27,0.230,6117,9.7%,22.8%,0.43,0.230,0.315,0.390,0.704,0.160,4.1,0.272,-7.5,-2.3,2.1,-0.2,703,3.2,0.310,108,0.272,1.01,19.8%,40.4%,39.8%,11.8%,12.4%,95,5.9%,7,29.2%,40.6%,35.1%,24.2%,18.0%,52.8%,29.2%,3.24,-111.10,114.35,35.05,3.92,1.06,1.75,127,3.05,0.02,56.2,1.9,-0.3,-20.0,58.2,-20.2,11.2,182.4,231.5,24.3,$194.5,6117,122,103,95,102,99,108,107,94,100,95,106,101,100,98,6117,4035,88.2,104.4,117.2,15.0,327,8.1%,1481,36.7%,0.230,0.236,0.390,0.393,0.310,0.317,26.0%,65.6%,46.1%,55.8%,85.1%,76.9%,50.6%,23.3
102,2022,TBR,162,2403,5412,6008,1294,842,296,17,139,666,634,500,13,1395,57,31,7,93,95,37,0.239,6008,8.3%,23.2%,0.36,0.239,0.309,0.377,0.686,0.138,4.3,0.295,0.2,5.2,4.4,-1.4,651,-36.2,0.302,100,0.295,1.25,20.1%,44.4%,35.5%,11.3%,9.7%,133,7.4%,11,39.3%,39.7%,35.4%,24.9%,16.3%,54.8%,28.9%,-2.55,-104.58,102.03,0.05,0.48,0.99,2.14,113,0.81,-3.38,0.2,2.9,1.8,-18.6,3.1,-16.8,11.0,179.2,176.5,18.5,$148.2,6008,105,105,99,100,96,100,92,102,102,104,94,99,101,101,6008,4056,88.9,104.7,115.0,11.4,247,6.1%,1571,38.7%,0.239,0.235,0.377,0.360,0.302,0.297,29.3%,66.8%,48.0%,57.5%,83.2%,75.3%,49.8%,22.9
103,2022,TEX,162,2365,5478,6029,1308,866,224,20,198,707,670,456,12,1446,47,38,10,82,128,41,0.239,6029,7.6%,24.0%,0.32,0.239,0.301,0.395,0.696,0.157,4.7,0.287,8.5,6.6,4.4,3.7,665,-24.4,0.305,98,0.287,1.04,19.6%,41.0%,39.4%,10.5%,12.5%,130,7.9%,21,43.8%,42.4%,33.8%,23.7%,16.3%,51.6%,32.1%,-2.72,-110.00,107.28,14.15,1.40,1.02,1.68,139,-0.67,-1.99,-15.1,8.1,2.4,-21.0,-7.0,-18.5,11.0,179.8,165.3,17.4,$138.8,6029,95,108,98,97,101,98,105,99,99,96,105,105,97,96,6029,4080,89.2,104.6,113.0,14.0,323,7.9%,1604,39.3%,0.239,0.235,0.395,0.389,0.305,0.303,29.9%,69.9%,50.0%,52.4%,82.8%,73.7%,50.2%,22.6
104,2022,TOR,162,2445,5555,6158,1464,945,307,12,200,775,756,500,13,1242,55,33,8,136,67,35,0.264,6158,8.1%,20.2%,0.40,0.264,0.329,0.431,0.760,0.168,3.7,0.305,0.4,-4.2,3.6,-6.7,810,105.5,0.331,118,0.305,1.31,19.6%,45.6%,34.8%,11.0%,13.2%,124,6.3%,4,21.1%,40.1%,34.3%,25.6%,15.5%,50.4%,34.0%,7.74,-100.91,108.66,94.98,9.78,0.95,1.43,104,6.53,1.62,124.2,-3.0,22.1,-18.8,121.2,3.3,11.3,183.6,319.4,33.5,$268.3,6158,102,91,109,106,110,118,112,105,99,107,93,100,98,103,6158,4361,90.2,106.0,118.4,11.2,368,8.4%,1929,44.2%,0.264,0.257,0.431,0.417,0.331,0.326,27.3%,67.3%,47.7%,58.6%,85.1%,77.7%,51.0%,23.2
105,2022,ARI,162,2407,5351,6027,1232,773,262,24,173,702,658,531,14,1341,60,50,31,97,104,29,0.230,6027,8.8%,22.2%,0.40,0.230,0.304,0.385,0.689,0.155,4.9,0.272,18.4,3.3,13.2,3.7,655,-34.0,0.303,93,0.272,1.19,18.6%,44.3%,37.1%,11.1%,11.6%,112,6.3%,25,31.6%,41.5%,34.6%,24.0%,17.3%,52.2%,30.5%,-3.07,-105.36,102.28,-21.08,-2.45,0.98,1.62,147,-3.85,0.71,-52.3,16.9,31.3,-20.0,-35.4,11.3,27.4,179.7,183.1,19.2,$153.8,6027,105,98,95,97,97,93,100,94,93,103,101,102,100,97,6027,4095,88.1,103.5,115.0,12.4,268,6.5%,1462,35.7%,0.230,0.227,0.385,0.362,0.303,0.297,26.2%,63.5%,45.3%,57.8%,84.9%,77.4%,51.4%,22.9
106,2022,ATL,162,2259,5509,6082,1394,842,298,11,243,789,753,470,13,1498,66,36,1,103,87,31,0.253,6082,7.7%,24.6%,0.31,0.253,0.317,0.443,0.761,0.190,4.2,0.303,8.2,2.1,1.2,-0.6,794,98.9,0.330,112,0.303,1.09,19.3%,42.0%,38.7%,9.8%,15.5%,122,7.2%,2,33.3%,42.9%,34.8%,22.3%,15.5%,50.1%,34.4%,6.08,-97.66,103.74,68.89,7.08,0.89,1.54,47,8.52,-1.69,83.6,0.7,3.8,-18.7,84.3,-14.9,27.7,181.4,278.5,29.2,$233.9,6082,92,109,104,101,111,112,123,104,96,97,105,105,100,91,6082,4048,89.9,106.3,116.8,13.5,441,10.9%,1759,43.5%,0.253,0.248,0.443,0.444,0.330,0.330,31.1%,69.1%,49.7%,55.4%,82.3%,73.7%,49.1%,23.2
107,2022,CHC,162,2388,5425,6072,1293,838,265,31,159,657,620,507,16,1448,84,36,19,130,111,37,0.238,6072,8.3%,23.8%,0.35,0.238,0.311,0.387,0.698,0.148,4.9,0.294,0.4,-3.8,6.5,1.7,681,-13.8,0.307,100,0.294,1.33,19.8%,45.7%,34.5%,10.3%,11.5%,133,7.3%,15,38.5%,41.2%,34.0%,24.8%,17.1%,53.5%,29.4%,-10.57,-112.31,101.74,-67.96,-7.28,1.01,1.67,130,-3.54,-6.96,-2.5,8.2,-20.0,-20.0,5.7,-39.9,27.6,181.1,174.5,18.3,$146.5,6072,100,105,98,99,97,100,96,101,98,106,94,101,98,101,6072,4033,88.4,104.2,116.2,10.4,269,6.7%,1498,37.1%,0.238,0.232,0.387,0.368,0.307,0.300,28.5%,65.9%,47.3%,54.8%,83.4%,74.9%,50.3%,22.9
108,2022,CIN,162,2406,5380,5978,1264,855,235,18,156,648,618,452,6,1430,92,33,12,127,58,33,0.235,5978,7.6%,23.9%,0.32,0.235,0.304,0.372,0.676,0.137,3.8,0.290,-4.3,-4.0,-11.6,-7.3,631,-53.0,0.299,85,0.290,1.23,21.4%,43.4%,35.2%,11.8%,11.2%,114,6.6%,8,24.2%,41.7%,34.0%,24.3%,17.7%,53.0%,29.3%,-15.15,-108.29,93.14,-106.37,-10.94,0.97,1.59,115,-13.68,-1.94,-104.9,-18.9,-23.9,-18.0,-123.7,-41.9,27.2,178.3,39.8,4.2,$33.4,5978,90,106,97,97,94,85,89,99,106,101,96,102,98,99,5978,4004,87.2,103.3,113.6,12.9,233,5.8%,1386,34.6%,0.235,0.229,0.372,0.355,0.299,0.292,29.8%,65.0%,47.8%,56.1%,85.4%,76.4%,51.1%,22.5
109,2022,COL,162,2265,5540,6105,1408,945,280,34,149,698,669,453,10,1330,61,40,10,139,45,20,0.254,6105,7.4%,21.8%,0.34,0.254,0.315,0.398,0.713,0.144,4.2,0.307,6.4,-4.1,4.6,-4.9,711,12.9,0.312,88,0.307,1.42,20.4%,46.8%,32.9%,7.9%,10.7%,144,7.3%,9,33.3%,37.5%,37.2%,25.3%,17.3%,52.1%,30.7%,-11.37,-117.66,106.29,-109.69,-11.72,1.03,1.76,36,-10.97,-0.11,-87.5,-0.3,-13.7,-18.3,-87.8,-32.0,27.8,182.1,90.1,9.5,$75.7,6105,89,96,105,101,100,88,93,105,101,109,89,92,107,103,6105,4261,87.6,104.2,115.5,9.9,252,5.9%,1568,36.8%,0.254,0.244,0.398,0.369,0.312,0.301,30.6%,65.0%,48.3%,59.0%,86.5%,78.0%,51.4%,23.1
110,2022,MIA,162,2384,5395,5949,1241,829,248,20,144,586,554,436,6,1429,70,36,4,120,122,29,0.230,5949,7.3%,24.0%,0.31,0.230,0.294,0.363,0.658,0.133,4.6,0.284,-6.8,-3.2,-2.3,7.4,589,-91.4,0.290,83,0.284,1.25,20.4%,44.2%,35.4%,8.5%,10.2%,109,6.2%,8,42.1%,39.6%,34.0%,26.4%,17.0%,54.1%,28.9%,-10.71,-112.84,102.14,-110.49,-11.92,1.05,2.07,89,-11.93,1.71,-116.3,5.1,1.4,-19.3,-111.2,-17.9,27.1,177.4,75.4,7.9,$63.3,5949,88,106,95,94,91,83,86,98,102,103,96,97,98,107,5949,4014,88.2,104.1,117.6,10.9,282,7.0%,1494,37.2%,0.230,0.235,0.363,0.372,0.290,0.298,30.5%,66.3%,48.2%,55.6%,84.4%,75.2%,49.4%,23.2
111,2022,HOU,162,2279,5409,6054,1341,830,284,13,214,737,715,528,18,1179,60,42,9,118,83,22,0.248,6054,8.7%,19.5%,0.45,0.248,0.319,0.424,0.743,0.176,4.1,0.278,-7.6,-3.4,-7.6,2.1,761,69.0,0.324,113,0.278,1.03,19.9%,40.7%,39.4%,9.6%,12.8%,111,6.4%,16,44.4%,42.2%,35.1%,22.7%,15.3%,53.7%,31.0%,5.78,-93.87,99.65,64.16,6.90,0.90,1.55,81,5.53,0.92,88.7,-5.6,34.8,-18.6,83.1,16.2,11.1,180.5,291.0,30.6,$244.4,6054,110,88,102,103,108,113,118,96,101,95,105,105,100,91,6054,4287,88.7,103.9,117.4,14.2,346,8.1%,1672,39.0%,0.248,0.249,0.424,0.412,0.324,0.324,29.0%,67.3%,47.9%,59.3%,87.1%,78.6%,49.3%,24.1
112,2022,LAD,162,2326,5526,6247,1418,850,325,31,212,847,812,607,22,1374,56,53,3,85,98,18,0.257,6247,9.7%,22.0%,0.44,0.257,0.333,0.442,0.775,0.185,5.0,0.302,3.2,10.4,2.7,6.3,848,133.4,0.337,119,0.302,0.90,21.8%,37.0%,41.2%,7.1%,12.3%,120,7.7%,5,35.7%,43.0%,33.4%,23.6%,13.5%,52.2%,34.2%,14.09,-98.94,113.03,151.44,16.20,0.94,1.37,83,13.08,1.83,138.8,9.0,11.9,-19.2,147.9,-7.3,28.4,186.3,355.3,37.3,$298.4,6247,116,97,106,106,111,119,119,104,108,86,112,106,96,96,6247,4210,89.5,103.8,112.5,15.8,388,9.2%,1763,41.9%,0.257,0.245,0.442,0.422,0.337,0.329,25.4%,66.6%,46.4%,57.4%,83.8%,76.7%,51.0%,23.1
113,2022,MIL,162,2363,5417,6122,1271,784,251,17,219,725,703,577,25,1464,80,37,11,117,96,30,0.235,6122,9.4%,23.9%,0.39,0.235,0.315,0.409,0.724,0.174,4.4,0.279,3.6,0.6,0.3,1.4,735,34.7,0.317,104,0.279,1.09,19.2%,42.2%,38.7%,9.9%,14.2%,109,6.5%,8,32.0%,41.3%,35.0%,23.7%,16.0%,51.1%,32.9%,1.11,-109.59,110.70,4.96,0.43,1.02,1.59,124,-1.22,2.31,25.2,1.7,11.5,-18.4,26.9,-6.9,27.9,182.6,230.5,24.2,$193.6,6122,113,106,97,101,103,104,112,96,95,98,105,101,101,97,6122,4001,89.0,104.7,117.2,13.5,349,8.7%,1593,39.8%,0.235,0.236,0.409,0.396,0.317,0.315,26.2%,64.2%,45.6%,55.9%,84.5%,76.5%,51.1%,23.0
114,2022,WSN,162,2347,5434,5998,1351,943,252,20,136,603,579,442,12,1221,60,37,20,140,75,31,0.249,5998,7.4%,20.4%,0.36,0.249,0.310,0.377,0.688,0.129,3.9,0.295,-12.0,-9.9,-11.3,-3.2,652,-33.5,0.303,95,0.295,1.38,20.7%,46.0%,33.2%,10.8%,9.7%,112,5.8%,27,41.5%,40.1%,35.1%,24.8%,18.5%,53.9%,27.6%,-12.11,-107.28,95.16,-112.23,-11.72,0.97,1.89,67,-9.36,-3.11,-37.7,-14.5,-57.6,-19.2,-52.2,-76.9,27.3,178.9,77.0,8.1,$64.7,5998,88,90,102,99,95,95,83,101,103,107,90,98,101,101,5998,4275,87.5,103.6,115.0,10.3,251,5.9%,1512,35.4%,0.249,0.243,0.377,0.373,0.303,0.302,29.9%,66.7%,48.6%,61.0%,85.3%,77.9%,50.6%,22.5
115,2022,NYM,162,2340,5489,6176,1422,952,272,27,171,772,735,510,25,1217,112,44,20,122,62,22,0.259,6176,8.3%,19.7%,0.42,0.259,0.332,0.412,0.744,0.153,4.3,0.302,-10.0,2.0,-5.3,-2.7,784,78.1,0.326,113,0.302,1.24,20.7%,43.8%,35.5%,8.7%,11.2%,131,7.0%,13,28.3%,38.4%,36.3%,25.3%,16.8%,54.8%,28.4%,10.19,-91.13,101.32,112.71,12.96,0.88,1.36,98,9.17,2.46,96.6,-8.1,16.7,-21.5,88.5,-4.8,28.1,184.2,295.9,31.1,$248.6,6176,99,87,107,106,104,113,99,104,103,102,96,94,105,103,6176,4337,88.2,104.0,116.5,11.9,309,7.1%,1610,37.1%,0.259,0.251,0.412,0.403,0.326,0.321,29.1%,66.6%,48.0%,61.3%,85.7%,78.4%,50.3%,24.8
116,2022,PHI,162,2327,5496,6077,1392,903,255,29,205,747,719,478,15,1363,52,44,6,116,105,28,0.253,6077,7.9%,22.4%,0.35,0.253,0.317,0.422,0.739,0.169,4.8,0.299,6.6,-0.7,-1.2,4.0,752,57.5,0.322,107,0.299,1.17,20.3%,42.9%,36.8%,11.3%,13.4%,136,7.6%,19,54.3%,39.0%,34.4%,26.7%,17.0%,52.6%,30.4%,3.35,-102.91,106.26,40.65,4.04,0.95,1.54,88,4.14,-0.62,46.5,2.8,-25.4,-18.7,49.3,-44.0,27.7,181.2,214.2,22.5,$179.9,6077,94,99,104,101,106,107,109,103,101,100,100,96,99,108,6077,4184,89.3,105.0,114.8,13.0,357,8.5%,1721,41.1%,0.253,0.252,0.422,0.417,0.322,0.322,31.2%,65.6%,48.3%,58.5%,85.6%,76.8%,49.6%,23.5
117,2022,PIT,162,2340,5331,5912,1186,778,221,29,158,591,555,476,14,1497,54,32,19,96,89,32,0.222,5912,8.1%,25.3%,0.32,0.222,0.291,0.364,0.655,0.141,4.4,0.277,4.5,2.5,7.0,-0.3,577,-98.9,0.289,82,0.277,1.22,19.6%,44.1%,36.2%,10.1%,11.4%,111,6.6%,14,27.5%,40.5%,35.0%,24.5%,17.0%,53.5%,29.5%,-10.92,-110.10,99.18,-116.04,-12.05,1.02,1.53,129,-11.44,0.70,-123.4,6.7,-11.9,-18.4,-116.6,-30.3,26.9,176.3,56.3,5.9,$47.3,5912,96,112,92,93,91,82,91,95,98,102,98,99,101,99,5912,3885,88.3,104.1,122.4,11.6,256,6.6%,1450,37.3%,0.222,0.224,0.364,0.353,0.289,0.288,28.5%,62.3%,45.6%,52.3%,86.0%,75.6%,50.6%,22.4
118,2022,STL,162,2355,5496,6165,1386,878,290,21,197,772,739,537,11,1226,80,45,5,112,95,25,0.252,6165,8.7%,19.9%,0.44,0.252,0.325,0.420,0.745,0.168,4.5,0.289,2.0,-0.2,0.6,2.9,784,79.5,0.326,112,0.289,1.05,19.5%,41.2%,39.3%,12.4%,11.6%,113,6.4%,8,44.4%,41.9%,34.2%,23.9%,18.2%,51.7%,30.0%,3.73,-103.32,107.05,90.19,9.76,0.96,1.24,126,6.26,-2.38,83.1,3.6,24.4,-21.8,86.7,2.6,28.1,183.8,301.2,31.6,$253.0,6165,104,88,104,104,106,112,108,99,97,96,107,103,99,97,6165,4322,88.2,103.9,114.4,14.3,325,7.5%,1615,37.4%,0.252,0.244,0.420,0.396,0.326,0.317,29.6%,64.5%,47.1%,60.6%,85.4%,77.6%,50.0%,22.7
119,2022,SDP,162,2323,5468,6175,1317,871,275,18,153,705,682,574,24,1327,65,46,17,95,49,22,0.241,6175,9.3%,21.5%,0.43,0.241,0.318,0.382,0.700,0.141,3.7,0.289,1.9,7.1,-3.1,-5.1,698,-7.7,0.308,102,0.289,1.13,19.7%,42.6%,37.7%,10.3%,9.8%,118,6.7%,17,37.0%,40.5%,34.4%,25.0%,18.2%,52.3%,29.6%,-0.82,-99.72,98.89,13.80,1.15,0.93,1.27,108,-0.57,-0.31,11.9,-8.2,1.7,-19.6,3.8,-17.8,28.1,184.1,198.2,20.8,$166.5,6175,111,95,99,101,96,102,91,99,98,99,102,100,99,102,6175,4209,88.4,104.4,115.2,13.2,274,6.5%,1584,37.6%,0.241,0.237,0.382,0.373,0.308,0.306,27.3%,63.6%,45.7%,59.6%,85.4%,77.8%,50.8%,23.4
120,2022,SFG,162,2552,5392,6117,1261,805,255,18,183,716,683,571,14,1462,95,53,6,109,64,16,0.234,6117,9.3%,23.9%,0.39,0.234,0.315,0.390,0.705,0.156,4.1,0.284,2.2,0.4,-6.0,0.4,703,3.9,0.311,102,0.284,1.01,19.9%,40.2%,39.9%,10.1%,11.7%,101,6.4%,28,52.8%,42.1%,33.7%,24.2%,17.6%,53.3%,29.1%,-0.79,-108.21,107.42,15.61,1.80,1.00,1.41,256,-2.29,1.50,11.1,-5.6,-44.1,-22.0,5.5,-66.1,27.8,182.4,149.7,15.7,$125.7,6117,112,106,96,101,98,102,101,97,99,93,108,103,97,98,6117,3989,88.2,103.4,114.3,15.3,325,8.1%,1504,37.7%,0.234,0.228,0.390,0.380,0.311,0.308,26.4%,64.4%,45.7%,54.9%,84.1%,75.8%,50.9%,23.0
121,2021,LAA,162,2325,5437,6016,1331,853,265,23,190,723,691,464,35,1394,59,25,30,107,79,26,0.245,6016,7.7%,23.2%,0.33,0.245,0.310,0.407,0.717,0.162,4.6,0.294,4.4,2.1,3.0,0.3,699,-29.1,0.308,93,0.294,1.22,21.5%,43.1%,35.4%,10.6%,13.3%,121,7.0%,18,25.0%,40.2%,34.3%,25.5%,17.1%,52.5%,30.4%,-3.52,-100.56,97.04,-14.45,-1.61,0.93,1.50,74,-2.49,-1.32,-50.9,3.3,-21.8,-11.8,-47.6,-33.6,18.1,188.0,124.9,12.5,$100.2,6016,91,101,100,98,98,93,95,101,105,102,96,100,99,102,6016,4099,87.9,104.4,119.0,12.3,319,7.8%,1437,35.1%,0.245,0.246,0.407,0.404,0.308,0.311,29.5%,65.5%,47.8%,58.5%,84.9%,76.9%,50.9%,23.7
122,2021,BAL,162,2376,5420,5983,1296,820,266,15,195,659,632,451,12,1454,65,31,14,105,54,23,0.239,5983,7.5%,24.3%,0.31,0.239,0.304,0.402,0.705,0.163,3.7,0.290,-2.6,-0.2,-3.4,-3.4,678,-46.6,0.305,91,0.290,1.09,20.4%,41.6%,38.0%,12.4%,12.9%,109,6.6%,9,23.1%,40.2%,33.5%,26.4%,18.5%,51.1%,30.4%,-13.15,-105.62,92.47,-95.85,-9.46,0.94,1.56,85,-9.70,-4.32,-69.3,-6.8,-52.8,-14.5,-76.1,-67.3,18.0,187.0,61.5,6.2,$49.4,5983,89,106,97,96,97,91,96,99,99,98,103,100,96,105,5983,4013,88.3,104.7,114.6,13.3,306,7.6%,1479,36.9%,0.239,0.238,0.402,0.392,0.305,0.305,29.9%,66.5%,48.4%,55.6%,83.7%,75.1%,50.4%,23.5
123,2021,BOS,162,2353,5495,6122,1434,862,330,23,219,829,783,512,22,1386,61,42,10,100,40,21,0.261,6122,8.4%,22.6%,0.37,0.261,0.328,0.449,0.777,0.188,4.0,0.309,-2.8,4.0,0.0,-5.6,834,93.0,0.333,105,0.309,1.04,20.8%,40.4%,38.8%,11.9%,13.7%,113,6.8%,5,21.7%,39.7%,33.8%,26.5%,16.7%,50.2%,33.1%,5.44,-106.81,112.25,67.35,5.99,0.98,1.73,92,4.03,1.51,39.7,-5.6,-12.6,-14.3,34.1,-26.8,18.4,191.3,217.0,21.8,$174.0,6122,99,99,106,104,108,105,111,106,102,95,105,99,97,106,6122,4163,89.9,105.9,118.6,13.7,411,9.9%,1767,42.4%,0.261,0.255,0.449,0.450,0.333,0.335,30.0%,67.3%,48.7%,59.1%,83.1%,75.7%,50.0%,24.7
124,2021,CHW,162,2292,5357,6084,1373,886,275,22,190,796,757,586,10,1389,78,39,24,139,57,20,0.256,6084,9.6%,22.8%,0.42,0.256,0.336,0.422,0.758,0.166,4.3,0.310,6.3,-4.9,2.7,-2.3,809,73.0,0.329,108,0.310,1.41,21.3%,46.1%,32.7%,7.1%,14.6%,143,7.8%,7,17.1%,39.0%,34.5%,26.5%,15.6%,51.6%,32.9%,4.30,-101.76,106.06,74.05,7.41,0.94,1.55,83,7.43,-2.87,57.6,0.5,-33.2,-14.6,58.0,-47.8,18.3,190.1,218.6,21.9,$175.4,6084,114,100,104,106,102,108,98,106,104,109,88,97,99,106,6084,4031,89.2,104.9,117.7,10.4,313,7.8%,1592,39.5%,0.256,0.247,0.422,0.409,0.329,0.325,29.1%,66.3%,47.6%,55.8%,85.1%,76.1%,49.7%,23.5
125,2021,CLE,162,2300,5332,5907,1269,796,248,22,203,717,686,453,18,1387,64,36,20,105,109,17,0.238,5907,7.7%,23.5%,0.33,0.238,0.303,0.407,0.710,0.169,5.2,0.282,-1.0,-1.8,5.2,10.2,675,-40.3,0.306,95,0.282,1.19,20.0%,43.5%,36.5%,10.9%,14.1%,124,7.2%,13,26.0%,40.0%,34.9%,25.1%,16.4%,51.6%,32.0%,-4.71,-104.52,99.82,-17.55,-1.75,0.96,1.11,89,-4.25,-0.66,-33.4,15.4,17.7,-14.6,-18.0,3.1,17.8,184.6,187.5,18.8,$150.4,5907,90,103,97,96,98,95,100,97,97,103,98,99,100,100,5907,4003,88.9,105.0,114.9,12.1,307,7.7%,1542,38.5%,0.238,0.243,0.407,0.402,0.306,0.311,28.7%,66.0%,47.5%,55.4%,84.0%,75.4%,50.4%,22.7
126,2021,DET,162,2341,5376,5979,1299,847,236,37,179,697,675,490,8,1514,44,50,17,113,88,25,0.242,5979,8.2%,25.3%,0.32,0.242,0.308,0.399,0.707,0.158,4.9,0.300,0.5,-1.7,4.4,2.4,681,-43.1,0.306,93,0.300,1.16,22.6%,41.6%,35.9%,10.4%,12.8%,99,6.1%,6,17.1%,39.1%,34.1%,26.7%,16.5%,52.8%,30.7%,-8.51,-112.39,103.89,-47.17,-4.85,1.02,1.82,72,-7.45,-0.91,-53.2,6.8,-27.7,-16.5,-46.4,-44.2,18.0,186.9,114.2,11.5,$91.6,5979,97,111,98,97,96,93,93,103,110,98,97,97,98,107,5979,3931,88.4,104.4,117.1,13.3,302,7.7%,1497,38.1%,0.242,0.237,0.399,0.396,0.306,0.308,28.8%,67.3%,48.2%,55.0%,82.4%,74.3%,50.3%,23.8
127,2021,KCR,162,2368,5427,5993,1349,906,251,29,163,686,647,421,8,1258,55,52,31,100,124,33,0.249,5993,7.0%,21.0%,0.33,0.249,0.306,0.396,0.702,0.147,5.0,0.292,5.4,1.5,0.6,6.3,672,-53.9,0.304,88,0.292,1.20,20.8%,43.2%,36.0%,9.0%,10.9%,124,6.9%,18,24.3%,41.2%,35.1%,23.7%,14.6%,52.9%,32.5%,-4.26,-104.23,99.97,-68.19,-6.79,0.95,1.30,80,-7.15,2.67,-91.8,6.8,11.1,-14.9,-85.0,-3.8,18.0,187.3,116.5,11.7,$93.5,5993,83,92,101,97,95,88,87,100,101,102,97,102,101,95,5993,4259,89.2,104.2,115.1,12.7,295,6.9%,1665,39.1%,0.249,0.247,0.396,0.407,0.304,0.311,29.8%,70.1%,50.0%,55.4%,85.2%,76.3%,50.1%,23.8
128,2021,MIN,162,2356,5431,6078,1311,795,271,17,228,729,690,525,17,1405,70,42,7,122,54,15,0.241,6078,8.6%,23.1%,0.37,0.241,0.314,0.423,0.738,0.182,3.9,0.282,1.1,-4.0,-5.6,-0.2,752,15.7,0.318,102,0.282,1.14,20.8%,42.2%,37.0%,10.0%,15.2%,86,5.0%,5,20.8%,43.5%,33.6%,22.9%,15.1%,50.9%,34.0%,-6.23,-110.93,104.70,-15.02,-1.52,0.99,1.58,111,-3.51,-2.77,16.9,-5.8,15.5,-15.4,11.1,0.2,18.3,189.9,219.5,22.0,$176.0,6078,102,101,98,99,102,102,107,97,102,99,100,108,97,92,6078,4078,89.9,106.1,117.1,13.1,416,10.2%,1695,41.6%,0.241,0.252,0.423,0.448,0.318,0.335,26.6%,66.9%,46.8%,55.2%,83.9%,75.8%,50.2%,23.5
129,2021,NYY,162,2354,5331,6060,1266,819,213,12,222,711,666,621,14,1482,63,34,10,154,63,18,0.237,6060,10.2%,24.5%,0.42,0.237,0.322,0.407,0.729,0.169,3.6,0.285,-3.7,-11.4,-3.8,0.0,747,13.3,0.317,103,0.285,1.17,19.5%,43.4%,37.1%,9.8%,15.5%,97,5.8%,12,34.3%,38.9%,35.0%,26.1%,16.3%,51.6%,32.2%,1.71,-110.70,112.41,-21.69,-2.12,1.02,1.89,94,-0.76,2.44,20.0,-3.9,-26.1,-15.1,16.1,-41.3,18.2,189.4,182.4,18.3,$146.4,6060,121,107,97,102,98,103,100,98,95,102,100,97,101,104,6060,3894,89.9,106.4,122.2,12.5,380,9.8%,1657,42.6%,0.237,0.245,0.407,0.426,0.317,0.331,23.9%,64.6%,44.4%,54.1%,82.6%,75.0%,50.5%,23.8
130,2021,OAK,162,2353,5395,6104,1284,795,271,19,199,743,698,545,17,1349,98,49,17,99,88,20,0.238,6104,8.9%,22.1%,0.40,0.238,0.317,0.406,0.723,0.168,4.5,0.278,2.7,4.7,-3.6,4.4,732,-7.0,0.313,102,0.278,1.05,20.2%,40.8%,39.0%,10.5%,12.5%,105,6.3%,6,17.6%,41.1%,35.9%,23.1%,16.7%,51.9%,31.4%,3.57,-107.04,110.61,30.48,3.07,1.00,1.48,158,1.86,1.72,18.6,0.8,24.3,-17.5,19.3,6.7,18.3,190.8,235.2,23.6,$188.7,6104,105,97,97,100,98,102,99,96,99,96,105,102,103,92,6104,4112,89.0,104.7,115.3,14.1,358,8.7%,1629,39.6%,0.238,0.244,0.406,0.423,0.313,0.326,25.9%,66.7%,46.9%,56.6%,84.3%,76.8%,51.4%,24.1
131,2021,SEA,162,2360,5355,6010,1209,766,233,11,199,697,673,535,8,1492,72,36,9,92,64,24,0.226,6010,8.9%,24.8%,0.36,0.226,0.303,0.385,0.688,0.159,3.8,0.273,-7.8,2.6,-5.9,-1.9,655,-72.9,0.300,93,0.273,1.06,19.2%,41.5%,39.3%,11.8%,13.1%,104,6.5%,11,36.7%,40.3%,35.9%,23.8%,19.1%,50.2%,30.7%,2.78,-105.27,108.05,-10.96,-1.16,0.98,1.51,101,-5.88,8.71,-50.3,-7.9,-24.8,-15.4,-58.2,-40.3,18.1,187.8,107.5,10.8,$86.2,6010,105,109,92,96,93,93,94,94,94,98,106,100,103,95,6010,3911,87.9,104.0,114.1,14.0,322,8.2%,1455,37.2%,0.226,0.230,0.385,0.393,0.300,0.308,26.3%,65.7%,46.6%,53.6%,83.3%,75.2%,51.5%,23.9
132,2021,TBR,162,2389,5507,6213,1336,790,288,36,222,857,810,585,27,1542,72,41,6,75,88,42,0.243,6213,9.4%,24.8%,0.38,0.243,0.321,0.429,0.750,0.186,5.0,0.294,5.3,10.8,15.4,-4.9,793,40.9,0.322,109,0.294,1.10,18.9%,42.6%,38.6%,10.9%,14.4%,150,8.8%,9,39.1%,39.9%,36.1%,24.0%,17.7%,49.1%,33.2%,8.69,-107.87,116.56,143.47,14.71,1.00,2.00,120,9.10,-0.41,66.4,10.5,27.4,-16.0,76.9,11.4,18.7,194.2,301.2,30.2,$241.6,6213,111,108,99,101,103,109,110,101,92,100,104,99,104,96,6213,4014,88.9,105.1,117.5,12.6,336,8.4%,1600,39.9%,0.243,0.233,0.429,0.399,0.322,0.313,26.5%,67.8%,47.4%,53.3%,81.5%,73.7%,50.6%,23.2
133,2021,TEX,162,2252,5405,5943,1254,838,225,24,167,625,598,433,10,1381,58,31,16,113,106,29,0.232,5943,7.3%,23.2%,0.31,0.232,0.294,0.375,0.670,0.143,4.7,0.280,-3.7,-2.6,3.8,4.5,606,-113.9,0.291,83,0.280,1.34,19.0%,46.4%,34.6%,9.2%,12.0%,124,6.6%,5,11.4%,38.1%,36.1%,25.8%,16.1%,52.7%,31.2%,-16.28,-109.97,93.70,-117.17,-11.73,0.98,1.48,88,-14.80,-1.77,-123.8,8.3,45.5,-14.6,-115.5,30.9,17.9,185.7,119.0,11.9,$95.4,5943,86,102,94,93,90,83,84,96,92,109,93,95,104,103,5943,4071,87.9,103.7,115.1,10.9,270,6.6%,1453,35.7%,0.232,0.234,0.375,0.376,0.291,0.297,28.7%,66.0%,47.9%,57.2%,83.8%,76.0%,51.4%,23.5
134,2021,TOR,162,2383,5476,6070,1455,895,285,13,262,846,816,496,14,1218,51,35,10,112,81,20,0.266,6070,8.2%,20.1%,0.41,0.266,0.330,0.466,0.797,0.200,4.2,0.296,0.6,-0.7,-2.0,2.9,864,129.4,0.340,112,0.296,1.04,20.8%,40.4%,38.8%,10.3%,15.8%,128,7.4%,7,31.8%,41.0%,33.6%,25.4%,14.9%,51.6%,33.6%,1.96,-100.71,102.67,96.67,9.07,0.91,1.26,100,7.46,-5.31,92.2,1.0,8.7,-15.6,93.2,-7.0,18.2,189.7,294.2,29.5,$236.0,6070,96,88,108,104,112,112,118,102,101,95,105,102,97,102,6070,4305,90.3,106.1,117.4,13.6,418,9.7%,1822,42.3%,0.266,0.261,0.466,0.456,0.340,0.338,27.2%,69.8%,48.9%,55.0%,86.2%,77.6%,50.8%,22.8
135,2021,ARI,162,2449,5489,6144,1297,814,308,31,144,679,644,537,24,1465,54,28,32,99,43,16,0.236,6144,8.7%,23.8%,0.37,0.236,0.309,0.382,0.692,0.146,3.9,0.295,6.7,2.7,-2.0,-2.8,671,-73.0,0.301,86,0.295,1.17,20.9%,42.7%,36.4%,10.6%,9.8%,110,6.4%,17,25.8%,40.4%,34.1%,25.6%,16.5%,51.1%,32.4%,-11.72,-113.76,102.04,-69.11,-7.00,1.01,1.18,336,-8.91,-2.68,-111.5,-4.8,-17.2,34.9,-116.3,17.7,14.2,192.0,107.5,10.8,$86.2,6144,95,107,95,95,91,86,85,100,100,100,100,100,97,104,6144,4088,87.7,103.4,116.0,12.9,230,5.6%,1461,35.7%,0.236,0.229,0.382,0.360,0.301,0.293,26.6%,64.6%,46.2%,54.6%,84.1%,75.9%,51.7%,23.9
136,2021,ATL,161,2392,5363,6056,1307,779,269,20,239,790,762,549,36,1453,67,43,32,81,59,19,0.244,6056,9.1%,24.0%,0.38,0.244,0.319,0.435,0.754,0.191,4.1,0.288,0.9,5.3,2.9,-0.8,772,39.2,0.323,99,0.288,1.04,21.1%,40.3%,38.6%,8.8%,15.7%,114,7.2%,6,12.5%,41.9%,34.6%,23.4%,15.6%,51.2%,33.2%,0.04,-106.15,106.19,63.17,6.39,0.98,1.23,272,2.22,-2.17,-7.6,2.1,2.4,36.7,-5.4,39.1,14.0,189.3,236.9,23.8,$190.1,6056,99,108,98,98,103,99,112,98,101,94,106,104,99,95,6056,3987,89.5,105.4,117.9,13.9,392,9.8%,1627,40.8%,0.244,0.249,0.435,0.443,0.323,0.332,27.8%,70.3%,49.3%,55.2%,82.6%,75.0%,50.7%,23.7
137,2021,CHC,162,2475,5306,5972,1255,794,225,26,210,705,672,502,17,1596,92,30,40,133,86,37,0.237,5972,8.4%,26.7%,0.31,0.237,0.312,0.407,0.719,0.171,4.5,0.296,1.9,-7.5,0.3,-3.0,703,-19.7,0.311,94,0.296,1.23,19.5%,44.4%,36.1%,10.6%,15.6%,108,6.6%,8,12.5%,40.8%,35.1%,24.1%,17.1%,50.8%,32.2%,-5.52,-108.80,103.28,-23.70,-2.40,0.99,1.24,306,-4.75,-0.81,-48.3,-2.7,5.0,31.8,-51.1,36.8,13.8,186.6,186.1,18.7,$149.3,5972,92,120,95,96,97,94,100,101,93,104,99,101,100,98,5972,3782,88.7,105.1,116.7,11.7,298,7.9%,1466,38.8%,0.237,0.228,0.407,0.383,0.311,0.304,27.4%,65.2%,46.5%,50.3%,83.0%,73.4%,50.4%,24.0
138,2021,CIN,162,2472,5423,6162,1352,822,295,13,222,786,756,553,22,1425,105,45,35,129,36,24,0.249,6162,9.0%,23.1%,0.39,0.249,0.328,0.431,0.759,0.182,3.2,0.296,-6.9,-0.3,-8.8,-7.9,807,61.4,0.327,98,0.296,1.18,22.6%,41.8%,35.6%,8.8%,15.5%,116,6.9%,6,10.2%,41.0%,34.1%,24.9%,15.0%,51.2%,33.8%,-4.20,-110.22,106.01,24.81,2.03,0.98,1.26,299,0.09,-4.38,-14.3,-16.7,-32.2,37.5,-31.0,5.3,14.2,192.6,181.1,18.2,$145.3,6162,98,104,100,101,103,98,106,100,108,98,98,102,97,101,6162,4079,88.4,104.2,114.1,13.2,347,8.5%,1554,38.1%,0.249,0.244,0.431,0.421,0.327,0.325,28.1%,66.2%,47.0%,55.4%,84.9%,76.1%,49.7%,23.3
139,2021,COL,161,2344,5374,6007,1338,847,275,34,182,739,709,491,24,1356,58,36,48,98,76,23,0.249,6007,8.2%,22.6%,0.36,0.249,0.317,0.414,0.731,0.165,4.8,0.299,8.3,3.2,0.8,0.9,724,-3.2,0.315,80,0.299,1.28,20.3%,44.7%,35.0%,8.8%,13.0%,121,6.7%,10,11.4%,36.7%,36.0%,27.3%,17.1%,50.0%,32.9%,-8.37,-112.56,104.19,-62.48,-6.91,1.01,1.18,278,-6.81,-1.47,-149.7,1.6,10.0,30.0,-148.1,40.0,13.9,187.7,93.5,9.4,$75.0,6007,89,101,100,97,99,80,97,101,97,105,96,91,102,111,6007,4102,87.8,103.7,114.7,11.3,270,6.6%,1481,36.1%,0.249,0.239,0.414,0.388,0.315,0.306,29.0%,67.2%,48.8%,55.8%,84.4%,76.3%,51.8%,24.2
140,2021,MIA,162,2436,5348,5928,1244,837,226,23,158,623,594,450,25,1553,65,30,30,95,106,29,0.233,5928,7.6%,26.2%,0.29,0.233,0.298,0.372,0.671,0.139,4.7,0.296,-3.8,-0.3,5.9,4.5,602,-116.0,0.291,80,0.296,1.33,20.0%,45.6%,34.3%,11.1%,12.1%,119,6.9%,10,16.7%,37.9%,34.8%,27.3%,18.4%,51.6%,30.1%,-12.08,-113.44,101.37,-73.75,-7.49,1.04,1.27,270,-12.32,0.69,-154.7,10.4,-1.4,33.5,-144.3,32.1,13.7,185.3,86.7,8.7,$69.5,5928,83,117,93,91,89,80,81,101,96,107,94,94,99,111,5928,3860,88.1,104.2,115.7,11.0,247,6.4%,1433,37.1%,0.233,0.227,0.372,0.364,0.291,0.290,30.4%,65.4%,48.1%,54.1%,83.2%,74.1%,50.5%,23.9
141,2021,HOU,162,2319,5593,6291,1496,962,299,14,221,863,834,569,25,1222,64,54,9,136,53,16,0.267,6291,9.0%,19.4%,0.47,0.267,0.339,0.444,0.783,0.177,3.8,0.303,-0.1,-4.6,-4.8,-1.5,876,114.9,0.336,115,0.303,1.08,21.8%,40.6%,37.7%,10.3%,13.3%,115,6.4%,8,24.2%,41.0%,35.2%,23.8%,14.8%,52.0%,33.1%,6.67,-103.23,109.90,144.30,14.79,0.95,1.54,94,7.90,-0.85,112.9,-6.3,32.7,-14.6,106.6,18.1,18.9,196.6,340.2,34.1,$272.9,6291,107,85,109,107,107,115,104,104,106,96,102,102,101,95,6291,4436,89.5,104.3,116.4,14.0,342,7.7%,1811,40.8%,0.267,0.261,0.444,0.436,0.336,0.335,25.0%,64.6%,45.3%,62.6%,87.1%,80.5%,51.2%,24.6
142,2021,LAD,162,2459,5445,6239,1330,822,247,24,237,830,799,613,36,1408,104,45,32,96,65,17,0.244,6239,9.8%,22.6%,0.44,0.244,0.330,0.429,0.759,0.185,4.5,0.284,2.5,6.1,1.9,0.7,816,60.3,0.327,105,0.284,1.02,19.9%,40.4%,39.7%,8.1%,14.6%,140,8.5%,3,7.0%,41.7%,34.2%,24.1%,14.1%,50.6%,35.4%,4.77,-106.04,110.81,121.10,12.54,0.96,1.29,274,6.88,-1.93,41.3,2.7,-2.6,40.9,43.9,38.3,14.4,195.0,291.6,29.2,$234.0,6239,107,101,98,101,102,105,108,97,95,95,109,104,97,98,6239,4114,89.5,104.4,115.3,14.7,360,8.8%,1657,40.3%,0.244,0.242,0.429,0.423,0.327,0.328,23.6%,65.6%,45.4%,53.8%,84.5%,76.8%,51.9%,24.0
143,2021,MIL,162,2403,5362,6099,1251,784,255,18,194,738,700,586,26,1465,88,35,25,102,82,21,0.233,6099,9.6%,24.0%,0.40,0.233,0.317,0.396,0.713,0.163,4.4,0.283,3.2,2.6,0.1,2.7,714,-24.2,0.310,92,0.283,1.20,20.9%,43.2%,35.9%,9.3%,13.8%,116,6.9%,9,19.6%,40.2%,35.4%,24.4%,16.6%,51.2%,32.3%,-2.91,-105.84,102.93,2.72,0.31,0.98,1.27,292,-4.38,1.41,-62.4,2.8,-3.0,35.7,-59.6,32.7,14.1,190.6,177.7,17.8,$142.6,6099,105,108,94,97,94,92,95,96,100,101,99,100,101,99,6099,3960,88.4,104.0,116.7,12.5,299,7.6%,1518,38.3%,0.233,0.233,0.396,0.387,0.310,0.310,26.1%,65.6%,46.2%,52.4%,83.7%,75.0%,50.8%,23.8
144,2021,WSN,162,2386,5385,6113,1388,914,272,20,182,724,686,573,43,1303,84,31,38,158,56,26,0.258,6113,9.4%,21.3%,0.44,0.258,0.337,0.417,0.754,0.159,3.7,0.307,-9.9,-10.6,-8.2,-4.9,794,54.4,0.326,102,0.307,1.54,21.9%,47.4%,30.8%,8.5%,14.5%,109,5.7%,12,15.4%,37.1%,37.7%,25.2%,16.3%,52.0%,31.8%,-4.81,-114.08,109.27,2.29,0.40,1.02,1.25,282,-0.38,-4.33,14.9,-13.1,-21.4,35.9,1.8,14.5,14.1,191.0,221.4,22.2,$177.6,6113,102,96,104,103,99,102,93,104,104,111,85,92,107,102,6113,4153,88.6,104.7,116.6,9.5,288,6.9%,1633,39.3%,0.258,0.255,0.417,0.413,0.326,0.328,24.9%,65.6%,45.7%,55.3%,85.3%,77.4%,51.2%,23.6
145,2021,NYM,162,2419,5210,5856,1243,821,228,18,176,636,604,495,25,1392,94,23,34,123,54,26,0.239,5856,8.5%,23.8%,0.36,0.239,0.315,0.391,0.705,0.152,3.7,0.291,-9.0,0.3,-6.9,-4.8,670,-39.2,0.307,94,0.291,1.26,21.0%,44.0%,35.0%,10.1%,13.2%,127,7.6%,13,18.6%,39.5%,34.7%,25.8%,17.0%,51.1%,31.9%,-7.43,-116.92,109.49,-17.24,-1.58,1.11,1.55,292,-2.85,-3.83,-41.4,-11.8,19.9,33.2,-53.2,53.1,13.5,183.0,196.5,19.7,$157.6,5856,92,107,96,96,93,94,89,99,100,103,96,98,99,104,5856,3875,88.4,104.2,118.4,11.9,285,7.4%,1469,37.9%,0.239,0.237,0.391,0.392,0.307,0.310,28.9%,69.4%,49.3%,53.9%,83.7%,75.0%,50.3%,24.6
146,2021,PHI,162,2394,5366,6089,1288,804,262,24,198,734,700,564,37,1402,67,43,47,103,77,19,0.240,6089,9.3%,23.0%,0.40,0.240,0.318,0.408,0.726,0.168,4.6,0.286,3.4,1.8,3.8,2.6,727,-10.1,0.313,94,0.286,1.27,20.4%,44.6%,35.0%,10.9%,14.3%,143,8.1%,25,24.0%,38.9%,34.9%,26.1%,17.6%,51.4%,31.0%,0.60,-107.32,107.92,8.90,0.61,1.00,1.26,275,-2.61,3.20,-50.5,6.5,-12.2,35.6,-44.0,23.4,14.1,190.3,183.7,18.4,$147.4,6089,101,103,96,97,97,94,98,97,97,105,96,97,100,106,6089,4056,88.4,105.1,116.3,11.6,294,7.2%,1500,37.0%,0.240,0.240,0.408,0.396,0.313,0.314,26.9%,66.6%,47.4%,57.9%,83.3%,76.3%,51.6%,23.9
147,2021,PIT,162,2393,5336,5983,1261,862,240,35,124,609,570,529,24,1328,49,37,31,102,60,30,0.236,5983,8.8%,22.2%,0.40,0.236,0.309,0.364,0.673,0.128,4.2,0.290,-2.7,4.2,2.7,-5.4,621,-103.4,0.294,80,0.290,1.34,21.0%,45.3%,33.7%,7.6%,9.2%,128,7.1%,18,25.0%,37.7%,37.1%,25.3%,18.3%,52.4%,29.3%,-9.76,-109.87,100.11,-107.74,-10.46,1.03,1.19,289,-12.44,2.99,-149.4,-2.7,-7.0,31.2,-152.2,24.2,13.8,187.0,72.8,7.3,$58.4,5983,96,100,95,95,87,80,75,98,101,106,93,94,106,103,5983,4077,87.5,103.3,118.2,10.3,219,5.4%,1396,34.2%,0.236,0.238,0.364,0.364,0.294,0.299,25.9%,66.1%,46.5%,53.1%,86.4%,77.3%,51.1%,23.1
148,2021,STL,162,2384,5351,6001,1303,822,261,22,198,706,678,478,32,1341,86,44,40,99,89,22,0.244,6001,8.0%,22.3%,0.36,0.244,0.313,0.412,0.725,0.168,4.5,0.287,5.5,2.3,6.7,3.9,708,-18.2,0.312,95,0.287,1.04,20.5%,40.5%,38.9%,9.8%,12.6%,117,7.2%,10,14.9%,42.0%,34.3%,23.7%,16.0%,51.7%,32.3%,1.27,-94.78,96.05,11.80,1.39,0.89,0.88,256,2.85,-1.43,-36.9,10.6,41.1,34.4,-26.3,75.4,13.8,187.5,250.5,25.1,$201.0,6001,87,100,98,96,98,95,98,97,98,95,107,104,98,96,6001,4096,88.7,104.1,115.0,14.0,322,7.9%,1530,37.4%,0.244,0.246,0.412,0.422,0.312,0.320,27.1%,66.0%,47.0%,57.6%,84.0%,76.5%,51.2%,23.1
149,2021,SDP,162,2497,5384,6119,1305,831,273,21,180,729,695,586,42,1324,61,46,36,121,110,39,0.242,6119,9.6%,21.6%,0.44,0.242,0.321,0.401,0.722,0.159,4.5,0.287,3.0,-3.0,1.8,0.7,727,-13.7,0.312,99,0.287,1.31,20.2%,45.2%,34.5%,12.2%,12.8%,127,6.9%,11,16.2%,39.3%,35.8%,24.9%,17.8%,50.3%,31.9%,-3.95,-107.21,103.26,24.18,2.65,1.00,1.26,305,-0.34,-3.61,-11.0,2.5,6.9,25.2,-8.5,32.1,14.1,191.2,228.9,23.0,$183.6,6119,104,97,97,98,95,99,93,97,97,106,95,98,102,101,6119,4148,89.4,105.7,119.6,10.5,314,7.6%,1684,40.6%,0.242,0.245,0.401,0.401,0.312,0.318,24.3%,64.3%,44.9%,54.8%,85.7%,77.6%,51.5%,23.6
150,2021,SFG,162,2597,5462,6196,1360,823,271,25,241,804,768,602,45,1461,64,30,36,117,66,14,0.249,6196,9.7%,23.6%,0.41,0.249,0.329,0.440,0.769,0.191,4.4,0.295,-7.7,-1.1,-11.4,2.4,823,73.0,0.329,108,0.295,1.03,21.8%,39.7%,38.5%,8.3%,15.6%,98,6.2%,16,23.2%,40.5%,35.4%,24.2%,15.0%,53.4%,31.5%,9.42,-104.03,113.45,99.35,9.86,0.96,1.19,406,9.17,0.66,64.5,-9.0,28.9,35.3,55.5,64.1,14.3,193.6,327.5,32.8,$262.7,6196,106,106,100,101,105,108,111,100,104,93,106,101,101,98,6196,4069,88.7,103.6,113.2,14.8,377,9.3%,1579,38.8%,0.249,0.240,0.440,0.427,0.329,0.324,24.1%,66.0%,45.6%,55.7%,83.8%,76.6%,51.4%,23.8
151,2020,LAA,60,890,2020,2308,501,311,97,8,85,294,285,239,8,490,25,18,6,49,21,8,0.248,2308,10.4%,21.2%,0.49,0.248,0.332,0.430,0.763,0.182,3.8,0.284,-1.2,-1.2,1.3,-1.1,308,18.3,0.329,106,0.284,1.15,20.6%,42.5%,36.9%,12.1%,14.9%,44,6.7%,0,0.0%,42.7%,33.1%,24.1%,14.5%,51.5%,34.0%,-0.53,-44.73,44.20,14.92,1.62,1.08,1.36,20,2.02,-2.51,18.4,0.2,-18.9,-6.8,18.5,-25.7,9.9,75.2,77.8,7.6,$60.6,2308,114,89,102,104,104,106,106,98,96,100,103,103,96,99,2308,1554,89.1,104.1,115.5,13.7,108,6.9%,574,36.9%,0.248,0.247,0.430,0.417,0.329,0.330,23.5%,60.4%,42.8%,58.0%,85.0%,77.9%,52.3%,23.2
152,2020,BAL,60,906,2026,2242,523,337,102,7,77,274,264,164,5,514,27,10,15,32,19,14,0.258,2242,7.3%,22.9%,0.32,0.258,0.321,0.429,0.750,0.171,3.6,0.309,-3.1,2.9,-2.2,-3.9,287,5.9,0.323,102,0.309,1.14,23.5%,40.8%,35.7%,13.5%,14.4%,58,9.5%,16,40.0%,43.3%,32.3%,24.3%,19.6%,51.7%,28.7%,-2.98,-42.73,39.75,-6.97,-0.64,1.03,2.08,43,-1.54,-1.36,5.4,-6.1,-16.8,-7.2,-0.8,-24.0,-11.5,73.0,36.8,3.6,$28.6,2242,81,97,106,101,104,102,100,106,110,96,99,105,94,100,2242,1537,87.0,103.4,113.2,14.0,103,6.7%,515,33.5%,0.258,0.241,0.429,0.387,0.323,0.304,33.0%,69.1%,50.4%,60.0%,83.5%,75.5%,48.2%,23.9
153,2020,BOS,60,884,2083,2304,552,346,118,7,81,292,278,187,8,545,21,9,4,51,31,9,0.265,2304,8.1%,23.7%,0.34,0.265,0.330,0.445,0.775,0.180,4.3,0.321,-0.9,-0.2,-1.3,0.6,314,25.4,0.333,105,0.321,1.27,20.1%,44.8%,35.1%,7.6%,14.9%,59,8.5%,2,28.6%,39.3%,37.0%,23.7%,16.1%,49.6%,34.3%,-0.57,-39.31,38.75,-0.67,-0.15,0.93,1.44,22,-0.15,-0.46,14.6,-0.7,0.0,-6.7,13.9,-6.7,-11.8,75.0,70.4,6.8,$54.8,2304,90,100,109,104,107,105,105,110,94,105,98,95,108,97,2304,1551,88.5,103.7,116.7,11.0,123,7.9%,568,36.6%,0.265,0.237,0.445,0.407,0.333,0.311,30.6%,66.5%,48.5%,55.3%,83.8%,74.8%,49.8%,23.9
154,2020,CHW,60,889,2047,2267,534,338,94,6,96,306,294,179,1,571,24,13,1,44,20,8,0.261,2267,7.9%,25.2%,0.31,0.261,0.326,0.453,0.779,0.192,4.0,0.314,1.2,-0.5,-2.1,-1.2,312,27.5,0.334,111,0.314,1.35,20.9%,45.4%,33.6%,11.0%,19.2%,64,9.5%,0,0.0%,36.7%,36.0%,27.2%,16.9%,49.9%,33.2%,1.47,-36.47,37.94,25.55,2.58,0.90,1.09,22,3.49,-1.86,31.1,-3.3,15.1,-8.0,27.7,7.1,25.4,73.8,134.0,13.0,$104.3,2267,87,106,107,102,109,111,112,108,98,107,94,89,105,112,2267,1493,88.7,105.3,115.8,11.2,142,9.5%,596,39.9%,0.261,0.244,0.453,0.437,0.334,0.326,30.7%,65.1%,47.2%,54.4%,81.7%,72.5%,48.0%,23.4
155,2020,CLE,60,869,1959,2247,446,286,96,5,59,248,234,239,4,517,24,16,7,40,25,10,0.228,2247,10.6%,23.0%,0.46,0.228,0.317,0.372,0.689,0.144,3.6,0.277,-1.3,1.2,-2.1,-1.1,250,-31.8,0.303,90,0.277,1.23,20.1%,44.1%,35.7%,11.1%,11.5%,43,6.8%,8,33.3%,42.0%,32.9%,25.1%,17.0%,52.3%,30.7%,-5.19,-42.45,37.26,-45.50,-4.33,1.00,1.55,37,-5.53,0.33,-27.1,-3.2,7.6,-6.9,-30.3,0.7,25.2,73.2,68.7,6.7,$53.5,2247,118,97,94,99,90,90,84,95,94,103,100,102,96,103,2247,1467,88.2,104.1,114.7,12.5,93,6.3%,522,35.6%,0.228,0.239,0.372,0.393,0.303,0.320,24.6%,64.9%,44.1%,55.9%,84.7%,76.4%,48.4%,22.9
156,2020,DET,58,882,1893,2076,463,311,78,12,62,249,242,147,1,567,19,14,1,42,19,6,0.245,2076,7.1%,27.3%,0.26,0.245,0.303,0.397,0.700,0.152,4.6,0.314,-0.7,-1.3,-3.1,-0.3,232,-28.9,0.303,92,0.314,1.27,22.4%,43.4%,34.3%,9.8%,13.5%,32,5.5%,2,50.0%,40.0%,34.9%,25.1%,17.7%,52.6%,29.7%,-2.41,-38.00,35.59,-23.64,-2.28,0.98,1.09,31,-4.62,2.16,-21.0,-3.4,-0.4,-7.6,-24.3,-8.0,23.3,67.6,58.6,5.7,$45.6,2076,78,115,101,95,96,92,89,108,104,102,95,97,101,103,2076,1343,88.5,104.9,114.4,12.6,97,7.2%,528,39.3%,0.245,0.241,0.397,0.398,0.303,0.306,30.9%,67.4%,48.4%,50.3%,82.6%,71.9%,48.0%,22.4
157,2020,KCR,60,940,1988,2200,485,313,97,7,68,248,237,172,3,527,18,10,8,28,49,20,0.244,2200,7.8%,24.0%,0.33,0.244,0.309,0.402,0.711,0.158,4.6,0.297,0.8,2.8,0.3,-0.5,254,-22.4,0.308,90,0.297,1.26,22.5%,43.2%,34.3%,9.3%,13.7%,34,5.4%,10,29.4%,41.5%,36.6%,21.9%,18.1%,51.9%,30.0%,-6.39,-40.10,33.71,-39.05,-3.74,0.95,1.34,50,-4.30,-2.45,-26.3,-0.2,8.8,-7.7,-26.4,1.1,24.6,71.6,71.0,6.9,$55.2,2200,86,101,100,97,97,90,92,102,105,101,96,101,106,90,2200,1483,87.1,103.7,114.0,11.6,101,6.8%,502,33.9%,0.244,0.248,0.402,0.400,0.308,0.313,28.2%,67.1%,47.0%,53.4%,83.2%,74.0%,48.4%,22.8
158,2020,MIN,60,882,1937,2168,468,293,81,3,91,269,258,186,9,528,29,14,2,38,14,7,0.242,2168,8.6%,24.4%,0.35,0.242,0.315,0.427,0.743,0.186,3.0,0.283,1.7,0.5,-5.9,-1.8,271,-0.7,0.319,103,0.283,1.01,22.0%,39.3%,38.7%,10.0%,16.6%,39,7.0%,5,71.4%,41.1%,33.5%,25.4%,18.0%,49.3%,32.7%,-0.74,-36.62,35.87,-5.19,-0.43,0.93,1.43,29,-0.11,-0.69,8.0,-7.8,6.4,-6.9,0.2,-0.5,24.3,70.6,94.7,9.2,$73.7,2168,95,103,100,99,103,103,108,97,103,92,108,100,97,104,2168,1425,89.1,104.4,115.8,15.5,110,7.7%,565,39.6%,0.242,0.242,0.427,0.425,0.319,0.322,28.2%,65.1%,46.0%,55.2%,84.5%,75.2%,48.2%,23.6
159,2020,NYY,60,878,1915,2210,473,285,87,7,94,315,301,251,5,480,30,11,1,51,27,7,0.247,2210,11.4%,21.7%,0.52,0.247,0.342,0.447,0.789,0.200,4.4,0.280,6.9,-1.5,-0.8,0.6,316,38.7,0.341,117,0.280,1.27,21.9%,43.8%,34.4%,7.5%,19.0%,39,6.2%,4,40.0%,43.0%,31.1%,25.9%,16.3%,49.7%,34.0%,2.24,-36.81,39.05,48.18,4.77,0.92,1.82,36,4.10,-1.68,45.9,-0.2,-5.5,-7.0,45.7,-12.5,-11.3,72.0,93.8,9.1,$73.0,2210,125,91,102,107,108,117,117,96,102,103,96,104,90,107,2210,1449,89.2,104.6,121.3,11.8,111,7.7%,567,39.1%,0.247,0.257,0.447,0.441,0.341,0.347,23.6%,63.8%,43.3%,53.9%,84.1%,75.7%,49.1%,23.5
160,2020,OAK,60,865,1908,2201,430,257,91,11,71,274,264,238,5,524,39,14,2,44,26,3,0.225,2201,10.8%,23.8%,0.45,0.225,0.322,0.396,0.718,0.171,5.0,0.271,3.9,0.3,2.6,2.2,265,-11.1,0.314,103,0.271,0.93,22.1%,37.6%,40.3%,11.7%,12.6%,27,5.2%,1,16.7%,42.3%,33.7%,24.0%,15.6%,51.3%,33.1%,0.10,-39.53,39.63,14.34,1.64,1.01,1.33,32,0.11,-0.01,8.1,4.8,-3.8,-7.5,12.9,-11.2,9.4,71.7,82.7,8.0,$64.4,2201,119,100,93,101,96,103,100,93,103,88,112,102,98,99,2201,1400,89.0,103.9,115.9,17.1,107,7.6%,520,37.1%,0.225,0.234,0.396,0.410,0.314,0.326,23.4%,64.0%,44.0%,54.9%,83.5%,76.0%,50.7%,23.2
161,2020,SEA,60,843,1929,2181,435,282,88,5,60,254,244,207,5,545,30,12,3,35,50,16,0.226,2181,9.5%,25.0%,0.38,0.226,0.309,0.370,0.678,0.144,4.6,0.281,5.3,0.3,3.9,1.4,233,-40.3,0.298,92,0.281,1.21,20.4%,43.5%,36.1%,9.8%,12.0%,38,6.3%,2,22.2%,38.2%,37.3%,24.5%,17.6%,51.0%,31.5%,-0.64,-35.20,34.56,-7.76,-0.83,0.91,1.68,25,-2.83,2.12,-22.4,5.4,-4.6,-7.1,-17.1,-11.8,9.3,71.0,51.5,5.0,$40.1,2181,105,105,93,97,89,92,84,96,95,102,101,92,109,101,2181,1399,87.8,103.2,112.8,12.7,98,7.0%,504,36.0%,0.226,0.228,0.370,0.381,0.298,0.308,24.3%,62.4%,43.6%,51.7%,81.6%,73.4%,50.7%,22.4
162,2020,TBR,60,946,1975,2261,470,273,105,12,80,289,274,243,9,608,28,14,0,38,48,9,0.238,2261,10.7%,26.9%,0.40,0.238,0.328,0.425,0.753,0.187,5.4,0.300,1.1,0.5,0.0,4.0,294,10.2,0.325,111,0.300,1.23,21.5%,43.3%,35.2%,10.5%,16.5%,43,7.2%,5,83.3%,44.3%,33.2%,22.5%,17.1%,48.2%,34.7%,2.84,-41.13,43.96,23.50,2.38,1.04,2.20,66,1.53,1.19,29.5,4.0,4.4,-7.3,33.5,-2.9,-11.6,73.6,92.6,9.0,$72.1,2261,119,113,98,103,103,111,109,103,100,102,98,107,96,93,2261,1382,88.9,104.7,114.8,11.2,119,8.6%,540,39.1%,0.238,0.228,0.425,0.403,0.325,0.317,25.6%,63.7%,44.4%,53.0%,80.7%,72.6%,49.2%,23.0
163,2020,TEX,60,865,1936,2147,420,269,80,9,62,224,204,167,3,548,24,18,2,33,49,14,0.217,2147,7.8%,25.5%,0.30,0.217,0.285,0.364,0.648,0.147,5.1,0.266,2.5,-1.8,1.0,2.3,202,-67.3,0.283,76,0.266,1.25,19.8%,44.5%,35.7%,13.1%,12.5%,40,6.5%,9,45.0%,39.7%,36.5%,23.7%,16.6%,48.2%,35.2%,-4.40,-38.11,33.71,-52.76,-5.24,0.95,1.56,30,-5.99,1.36,-63.0,3.3,-15.2,-7.5,-59.7,-22.6,9.2,69.9,-3.3,-0.3,-$2.5,2147,86,107,89,89,88,76,86,91,92,104,99,96,106,98,2147,1408,88.6,103.5,113.5,12.5,100,7.1%,524,37.2%,0.217,0.226,0.364,0.382,0.283,0.299,26.9%,64.0%,45.7%,55.2%,81.7%,74.0%,50.6%,22.7
164,2020,TOR,60,910,2023,2263,516,320,104,4,88,302,288,203,4,508,12,14,8,39,33,6,0.255,2263,9.0%,22.4%,0.40,0.255,0.325,0.441,0.766,0.186,4.4,0.297,-6.3,1.1,-4.6,2.3,301,16.7,0.329,104,0.297,1.22,22.6%,42.6%,34.8%,8.3%,16.6%,46,7.1%,3,18.8%,41.0%,33.7%,25.3%,15.4%,51.4%,33.2%,0.37,-41.86,42.23,16.25,1.45,1.05,1.98,35,-0.27,0.63,10.7,-2.2,-10.8,-6.8,8.5,-17.6,-11.6,73.7,52.9,5.1,$41.2,2263,99,94,105,102,106,104,108,102,105,100,97,99,98,104,2263,1540,89.5,105.7,117.4,11.9,133,8.6%,644,41.8%,0.255,0.255,0.441,0.438,0.329,0.332,25.8%,66.9%,46.6%,55.2%,83.8%,76.0%,50.6%,22.7
165,2020,ARI,60,862,1997,2238,482,311,101,12,58,269,255,181,5,461,36,23,1,37,23,7,0.241,2238,8.1%,20.6%,0.39,0.241,0.312,0.391,0.704,0.150,4.7,0.282,4.1,1.5,3.1,-0.1,254,-26.7,0.306,88,0.282,1.25,21.9%,43.3%,34.8%,10.0%,10.8%,45,6.7%,6,46.2%,44.1%,34.0%,21.9%,15.6%,51.6%,32.9%,-2.40,-38.72,36.32,-11.69,-1.62,0.97,1.10,26,-2.81,0.33,-35.0,3.0,10.6,-7.0,-32.0,3.6,9.6,72.9,54.0,5.3,$42.1,2238,87,89,98,96,93,88,86,96,101,101,98,108,97,90,2238,1560,88.0,103.6,115.9,12.5,85,5.4%,553,35.4%,0.241,0.247,0.391,0.394,0.306,0.314,28.8%,65.8%,47.0%,56.4%,84.8%,76.0%,49.3%,23.6
166,2020,ATL,60,900,2074,2344,556,320,130,3,103,348,338,239,13,573,23,7,1,39,23,4,0.268,2344,10.2%,24.4%,0.42,0.268,0.349,0.483,0.832,0.215,3.8,0.322,0.9,1.7,1.3,1.1,364,70.0,0.355,120,0.322,1.00,23.7%,38.1%,38.2%,7.0%,17.9%,42,7.3%,1,33.3%,41.1%,33.5%,25.4%,16.0%,48.2%,35.8%,2.57,-41.92,44.49,66.61,6.38,0.99,1.72,29,5.12,-2.52,59.3,2.3,11.5,-7.2,61.7,4.3,-12.0,76.3,130.3,12.7,$101.4,2344,110,106,109,107,115,120,123,110,109,89,108,101,96,104,2344,1509,89.5,104.9,115.6,14.7,156,10.3%,646,42.8%,0.268,0.261,0.483,0.481,0.355,0.355,27.6%,69.1%,48.3%,55.4%,81.8%,74.3%,50.0%,23.2
167,2020,CHC,60,908,1918,2214,422,258,82,8,74,265,248,229,9,568,52,13,1,42,24,10,0.220,2214,10.3%,25.7%,0.40,0.220,0.318,0.387,0.705,0.167,4.3,0.270,7.0,-1.1,6.4,-1.2,257,-20.7,0.309,92,0.270,1.34,19.6%,46.1%,34.3%,10.8%,15.9%,48,7.7%,5,55.6%,42.3%,36.2%,21.5%,16.1%,49.3%,34.6%,-2.30,-36.94,34.64,-10.15,-1.05,0.92,1.27,51,-1.09,-1.42,-22.9,5.1,14.3,-8.0,-17.8,6.4,24.8,72.1,85.5,8.3,$66.5,2214,112,111,89,98,92,92,95,92,90,108,97,104,104,88,2214,1365,88.9,104.8,116.0,11.4,101,7.4%,547,40.1%,0.220,0.231,0.387,0.390,0.309,0.319,27.6%,61.5%,43.7%,50.7%,83.9%,72.9%,47.6%,22.9
168,2020,CIN,60,889,1842,2123,390,221,76,3,90,243,237,239,4,534,33,7,0,44,29,9,0.212,2123,11.3%,25.2%,0.45,0.212,0.312,0.403,0.715,0.191,3.8,0.245,-3.9,-2.4,-3.1,0.3,252,-14.1,0.312,87,0.245,1.06,21.7%,40.4%,37.9%,5.4%,18.1%,25,4.7%,1,20.0%,42.7%,35.1%,22.1%,15.2%,50.8%,34.0%,-2.83,-36.46,33.63,-32.92,-3.20,0.92,1.30,68,-3.53,0.46,-36.2,-2.8,-4.6,-8.4,-38.9,-13.0,23.8,69.1,41.0,4.0,$31.9,2123,121,109,86,96,96,87,109,84,100,94,107,105,101,91,2123,1317,88.2,103.0,113.2,14.3,112,8.5%,491,37.3%,0.212,0.232,0.403,0.418,0.312,0.329,25.6%,63.4%,43.8%,52.5%,83.6%,74.2%,48.3%,22.7
169,2020,COL,60,888,2057,2257,528,365,84,16,63,275,264,161,12,543,10,19,7,41,42,9,0.257,2257,7.1%,24.1%,0.30,0.257,0.311,0.405,0.716,0.148,5.5,0.316,7.5,0.5,3.7,2.8,260,-23.5,0.307,76,0.316,1.14,22.7%,41.1%,36.1%,10.6%,11.5%,48,7.7%,9,34.6%,38.0%,34.7%,27.3%,16.5%,50.6%,32.9%,-5.19,-42.21,37.01,-46.27,-4.07,0.99,1.53,51,-5.78,0.54,-69.7,6.5,-1.9,-7.2,-63.1,-9.1,9.6,73.5,10.9,1.1,$8.5,2257,77,104,104,96,96,76,85,108,104,96,102,93,99,112,2257,1543,87.0,102.6,112.8,13.3,88,5.7%,489,31.7%,0.257,0.238,0.405,0.379,0.307,0.294,29.9%,66.4%,48.5%,55.3%,84.7%,75.8%,51.1%,24.1
170,2020,MIA,60,904,1935,2167,472,325,82,5,60,263,247,191,6,537,25,9,6,37,51,14,0.244,2167,8.8%,24.8%,0.36,0.244,0.319,0.384,0.703,0.141,4.7,0.306,1.0,0.6,-1.2,2.4,250,-22.3,0.308,93,0.306,1.48,20.2%,47.6%,32.1%,9.4%,13.4%,53,8.0%,2,13.3%,39.8%,34.0%,26.3%,16.3%,52.4%,31.2%,-0.49,-36.21,35.72,6.88,0.66,0.95,1.87,36,-1.10,0.58,-19.0,1.2,-13.4,-6.8,-17.7,-20.2,-11.1,70.6,21.5,2.1,$16.8,2167,95,107,99,98,91,93,80,104,93,111,91,98,97,107,2167,1414,87.4,103.1,112.6,10.2,88,6.2%,487,34.4%,0.244,0.236,0.384,0.378,0.308,0.305,28.7%,64.4%,46.2%,54.7%,82.8%,74.0%,49.1%,23.9
171,2020,HOU,60,860,1992,2229,478,294,103,12,69,279,268,192,5,440,23,13,6,39,22,11,0.240,2229,8.6%,19.7%,0.44,0.240,0.312,0.408,0.720,0.168,4.5,0.273,-0.2,1.6,3.9,-2.0,264,-15.9,0.311,97,0.273,1.08,21.5%,40.8%,37.7%,11.3%,11.8%,33,5.2%,1,6.7%,44.1%,34.0%,21.8%,15.3%,51.3%,33.4%,-0.78,-42.01,41.23,13.03,1.04,1.05,1.59,28,-1.86,1.12,-9.3,1.9,1.7,-7.3,-7.3,-5.7,9.5,72.6,69.1,6.7,$53.8,2229,95,83,99,98,98,97,98,94,100,96,105,107,99,90,2229,1574,88.3,102.5,115.0,14.4,90,5.7%,553,35.1%,0.240,0.246,0.408,0.398,0.311,0.316,27.1%,66.0%,46.2%,61.7%,87.5%,79.8%,49.1%,23.8
172,2020,LAD,60,921,2042,2316,523,302,97,6,118,349,327,228,7,471,30,12,3,46,29,8,0.256,2316,9.8%,20.3%,0.48,0.256,0.338,0.483,0.821,0.227,4.5,0.276,-4.1,-1.6,-2.1,0.6,349,58.2,0.350,120,0.276,0.96,20.9%,38.8%,40.3%,6.6%,18.6%,52,8.5%,4,44.4%,41.6%,34.1%,24.3%,12.9%,45.1%,42.0%,7.06,-37.50,44.56,74.90,7.47,0.93,0.92,41,7.45,0.11,59.8,-1.5,4.9,-7.6,58.3,-2.6,9.9,75.4,141.0,13.7,$109.7,2316,106,88,104,104,115,120,130,94,96,91,114,102,98,100,2316,1587,90.0,104.5,113.1,15.0,164,10.3%,697,43.9%,0.256,0.266,0.483,0.490,0.350,0.361,23.0%,66.2%,44.9%,53.3%,85.6%,77.5%,50.7%,23.3
173,2020,MIL,60,906,1920,2188,429,266,83,5,75,247,238,221,8,582,35,10,0,53,15,11,0.223,2188,10.1%,26.6%,0.38,0.223,0.313,0.389,0.702,0.166,3.3,0.278,-7.1,-7.1,-4.0,-3.4,251,-23.9,0.307,90,0.278,1.34,23.8%,43.6%,32.6%,8.9%,17.1%,24,4.1%,2,50.0%,41.0%,36.0%,23.0%,16.5%,51.6%,31.9%,-4.31,-40.82,36.51,-34.10,-3.32,0.98,1.60,65,-5.20,0.79,-28.3,-7.4,12.5,-7.1,-35.7,5.4,24.5,71.3,65.4,6.4,$50.9,2188,109,115,91,96,92,90,95,95,109,102,92,101,103,94,2188,1350,88.2,104.2,113.3,12.0,107,7.9%,495,36.7%,0.223,0.240,0.389,0.407,0.307,0.324,25.9%,63.5%,44.0%,49.4%,81.9%,71.9%,48.1%,22.7
174,2020,WSN,60,870,1968,2218,519,329,112,12,66,293,279,192,16,451,32,21,5,42,33,12,0.264,2218,8.7%,20.3%,0.43,0.264,0.336,0.433,0.769,0.170,5.0,0.308,-3.2,-0.1,-3.4,-0.3,298,20.0,0.330,104,0.308,1.32,23.8%,43.3%,32.9%,7.6%,13.2%,44,6.7%,8,40.0%,36.9%,36.6%,26.4%,18.1%,50.0%,31.9%,-3.37,-39.12,35.74,16.87,1.74,0.98,1.55,31,1.34,-4.79,12.6,-3.7,-14.9,-7.3,8.9,-22.3,-11.4,72.2,47.5,4.6,$36.9,2218,93,88,107,103,103,104,97,105,109,101,93,91,105,108,2218,1543,87.7,103.2,113.3,11.2,102,6.6%,545,35.3%,0.264,0.257,0.433,0.420,0.330,0.328,28.0%,66.5%,47.1%,60.0%,86.4%,78.5%,49.6%,23.5
175,2020,NYM,60,902,2023,2279,551,352,106,7,86,286,278,197,8,498,45,13,1,53,20,10,0.272,2279,8.6%,21.9%,0.40,0.272,0.348,0.459,0.807,0.187,3.6,0.320,-7.5,-1.4,0.9,-2.2,338,52.3,0.347,123,0.320,1.45,21.8%,46.3%,31.9%,10.0%,17.6%,52,7.3%,4,80.0%,39.1%,35.7%,25.2%,17.3%,52.0%,30.7%,-0.03,-42.40,42.37,19.43,2.00,1.03,1.56,37,4.16,-4.19,66.2,-1.3,-1.5,-6.9,64.9,-8.5,-11.7,74.2,119.0,11.6,$92.6,2279,93,95,111,107,109,123,107,109,100,108,90,96,102,103,2279,1539,88.4,104.3,118.4,9.8,116,7.5%,570,37.0%,0.272,0.254,0.459,0.425,0.347,0.332,28.9%,68.7%,48.8%,56.3%,85.7%,76.9%,50.0%,24.5
176,2020,PHI,60,875,1948,2223,500,318,90,10,82,306,289,229,16,480,28,10,8,40,35,8,0.257,2223,10.3%,21.6%,0.48,0.257,0.342,0.439,0.781,0.183,4.9,0.299,-0.1,1.7,3.8,1.7,310,30.9,0.336,108,0.299,1.07,20.9%,40.9%,38.1%,9.9%,14.7%,58,9.7%,9,32.1%,39.9%,34.9%,25.2%,17.6%,49.5%,32.9%,3.20,-39.11,42.31,39.79,3.84,1.03,1.56,46,3.81,-0.70,23.7,5.5,-14.6,-7.2,29.2,-21.9,-11.4,72.4,68.3,6.6,$53.1,2223,111,93,104,105,104,108,105,102,96,96,108,98,100,103,2223,1486,88.2,104.2,114.7,14.1,131,8.8%,560,37.7%,0.257,0.258,0.439,0.446,0.336,0.342,26.3%,65.9%,46.1%,57.7%,83.3%,76.0%,50.0%,23.6
177,2020,PIT,60,873,1932,2134,425,284,76,6,59,219,210,167,6,521,11,15,7,34,16,11,0.220,2134,7.8%,24.4%,0.32,0.220,0.284,0.357,0.641,0.137,3.4,0.268,-0.2,0.9,0.2,-3.0,195,-73.0,0.279,72,0.268,1.38,20.0%,46.5%,33.6%,8.8%,12.3%,41,6.2%,2,20.0%,39.1%,35.2%,25.8%,16.7%,50.2%,33.0%,-7.14,-44.12,36.98,-59.88,-5.83,1.09,2.09,26,-7.04,0.48,-77.5,-2.8,8.6,-6.8,-80.3,1.8,23.9,69.5,15.0,1.5,$11.7,2134,84,106,89,87,85,72,78,91,92,108,95,96,101,105,2134,1435,88.1,104.2,114.2,10.2,99,6.9%,528,36.8%,0.220,0.234,0.357,0.380,0.279,0.298,29.1%,66.5%,47.1%,51.8%,84.0%,73.7%,48.2%,22.6
178,2020,STL,58,827,1752,2011,410,279,73,7,51,240,231,205,3,477,33,16,4,38,18,10,0.234,2011,10.2%,23.7%,0.43,0.234,0.323,0.371,0.694,0.137,3.8,0.290,0.6,1.1,-2.0,-2.4,230,-22.7,0.306,93,0.290,1.20,22.1%,42.4%,35.5%,9.0%,11.2%,47,8.6%,1,10.0%,40.5%,36.1%,23.5%,16.9%,52.0%,31.0%,-1.16,-35.86,34.70,-5.33,-0.50,1.01,1.40,32,-2.88,1.72,-16.7,-4.4,10.4,-6.9,-21.1,3.5,22.5,65.5,70.4,6.9,$54.8,2011,110,103,95,99,88,93,78,99,101,99,100,99,103,96,2011,1296,87.3,102.5,111.5,12.8,90,6.9%,451,34.8%,0.234,0.236,0.371,0.395,0.306,0.320,25.8%,62.4%,43.7%,56.3%,83.9%,75.6%,48.8%,22.4
179,2020,SDP,60,913,1972,2231,506,296,103,12,95,325,312,204,6,479,28,14,12,37,55,13,0.257,2231,9.1%,21.5%,0.43,0.257,0.333,0.466,0.798,0.209,5.8,0.291,-3.2,1.6,1.8,3.7,319,39.3,0.341,116,0.291,1.27,21.4%,44.0%,34.6%,7.9%,18.3%,46,7.0%,7,31.8%,41.3%,33.8%,25.0%,15.0%,46.5%,38.4%,5.18,-37.18,42.36,51.08,5.09,0.96,1.26,44,4.24,1.18,46.8,5.4,13.5,-7.3,52.3,6.2,9.5,72.7,140.7,13.7,$109.4,2231,99,93,104,102,111,116,120,99,98,103,98,101,97,102,2231,1520,89.8,105.4,115.7,11.8,151,9.9%,640,42.1%,0.257,0.270,0.466,0.480,0.341,0.357,23.9%,63.0%,43.6%,57.7%,85.5%,78.0%,50.4%,23.1
180,2020,SFG,60,974,2019,2259,532,330,107,14,81,299,290,195,8,499,27,13,4,51,19,8,0.263,2259,8.6%,22.1%,0.39,0.263,0.335,0.451,0.785,0.187,4.4,0.311,-1.1,-0.7,-3.4,-1.4,316,32.4,0.337,112,0.311,1.08,22.1%,40.5%,37.5%,7.5%,14.2%,35,5.7%,3,30.0%,42.9%,34.0%,23.0%,16.3%,48.9%,34.9%,1.36,-39.46,40.82,25.12,2.38,0.96,1.48,73,1.78,-0.36,34.0,-4.8,-0.8,-7.8,29.3,-8.6,9.6,73.6,103.9,10.1,$80.8,2259,93,96,107,103,107,112,107,106,101,95,106,106,98,94,2259,1538,88.9,103.9,114.6,14.7,128,8.3%,606,39.4%,0.263,0.251,0.451,0.437,0.337,0.330,28.8%,66.5%,47.6%,58.3%,84.2%,76.3%,49.9%,22.8
181,2019,LAA,162,2425,5542,6251,1368,859,268,21,220,769,734,586,29,1276,67,42,4,143,65,20,0.247,6251,9.4%,20.4%,0.46,0.247,0.324,0.422,0.746,0.175,4.0,0.281,-2.0,-5.2,-2.5,1.1,769,-17.2,0.316,96,0.281,1.21,21.6%,42.9%,35.5%,11.1%,14.4%,104,5.6%,6,35.3%,43.9%,33.2%,22.9%,16.5%,45.1%,38.4%,-4.10,-107.28,103.18,-14.91,-1.25,0.95,1.54,97,-2.98,-1.32,-35.0,-1.5,-5.8,-15.2,-36.4,-21.0,29.5,196.6,168.7,16.4,$131.0,6251,110,89,97,100,96,96,94,94,101,102,97,106,98,93,6251,4322,88.0,104.0,116.6,13.0,293,6.8%,1465,33.9%,0.247,0.251,0.422,0.421,0.316,0.324,25.1%,60.5%,43.2%,60.5%,86.1%,78.8%,51.1%,23.0
182,2019,BAL,162,2386,5596,6189,1379,889,252,25,213,729,698,462,8,1435,71,37,22,111,84,30,0.246,6189,7.5%,23.2%,0.32,0.246,0.310,0.415,0.725,0.168,4.5,0.293,1.8,-0.5,0.8,0.7,713,-65.4,0.308,88,0.293,1.23,20.3%,43.9%,35.7%,10.7%,14.4%,137,7.5%,26,36.1%,41.5%,34.1%,24.4%,18.9%,48.7%,32.4%,-12.96,-111.08,98.12,-99.61,-9.40,0.95,1.63,126,-9.11,-4.52,-93.3,1.4,-65.6,-14.9,-91.9,-80.5,29.2,194.7,51.4,5.0,$40.0,6189,88,101,97,96,94,88,90,98,96,104,98,100,101,98,6189,4221,88.0,104.2,114.8,11.8,265,6.3%,1418,33.6%,0.246,0.242,0.415,0.401,0.308,0.306,30.6%,66.2%,48.0%,58.8%,84.0%,75.8%,48.9%,22.8
183,2019,BOS,162,2455,5770,6475,1554,937,345,27,245,901,857,590,36,1382,49,44,20,127,68,30,0.269,6475,9.1%,21.3%,0.43,0.269,0.340,0.466,0.806,0.197,4.3,0.313,-4.5,0.3,-7.7,-2.8,915,100.1,0.338,106,0.313,1.18,20.9%,42.8%,36.4%,8.5%,15.3%,132,7.0%,5,15.2%,40.0%,34.2%,25.8%,15.3%,47.8%,36.9%,-0.21,-118.33,118.12,61.34,5.50,1.00,1.72,123,3.35,-3.56,48.7,-10.5,28.8,-15.0,38.2,13.8,30.5,203.6,286.1,27.8,$222.3,6475,107,93,106,105,106,106,105,105,98,101,100,97,101,104,6475,4454,89.9,105.2,115.0,12.8,362,8.1%,1841,41.3%,0.269,0.260,0.466,0.456,0.338,0.336,29.5%,66.6%,47.8%,60.6%,84.5%,77.0%,49.4%,23.9
184,2019,CHW,161,2311,5529,6042,1443,981,260,20,182,708,676,378,13,1549,66,32,36,114,63,28,0.261,6042,6.3%,25.6%,0.24,0.261,0.314,0.414,0.728,0.153,3.9,0.329,6.0,2.0,0.2,-2.7,703,-57.4,0.309,92,0.329,1.45,21.2%,46.6%,32.2%,9.5%,14.2%,145,7.8%,16,25.8%,38.0%,33.3%,28.7%,17.6%,49.6%,32.8%,-4.23,-104.01,99.78,-66.49,-6.37,0.94,1.61,87,-6.67,2.17,-65.0,-2.5,-36.4,-15.7,-67.4,-52.1,28.5,190.0,99.0,9.6,$76.9,6042,74,112,103,97,94,92,82,110,99,110,88,92,98,116,6042,4049,89.1,104.8,117.9,10.8,288,7.1%,1519,37.5%,0.261,0.245,0.414,0.408,0.309,0.305,32.2%,66.1%,49.1%,54.3%,84.1%,74.3%,49.9%,23.2
185,2019,CLE,162,2321,5425,6124,1354,827,286,18,223,769,731,563,30,1332,50,46,40,110,103,35,0.250,6124,9.2%,21.8%,0.42,0.250,0.323,0.432,0.756,0.183,4.5,0.289,2.8,-0.8,2.9,2.3,765,-5.3,0.319,97,0.289,1.14,19.8%,42.7%,37.4%,10.9%,14.5%,107,6.1%,15,18.1%,42.5%,33.1%,24.4%,16.5%,45.0%,38.5%,-3.93,-102.83,98.91,-49.49,-4.81,0.92,1.29,100,-4.38,0.09,-20.6,5.2,57.3,-15.1,-15.3,42.2,28.9,192.6,248.4,24.1,$193.0,6124,108,95,98,100,98,97,98,97,93,101,103,103,98,99,6124,4179,89.5,104.8,114.4,12.9,298,7.1%,1563,37.4%,0.250,0.243,0.432,0.416,0.319,0.317,25.6%,66.4%,46.0%,55.6%,86.0%,77.5%,49.9%,22.6
186,2019,DET,161,2316,5549,6039,1333,851,292,41,149,582,556,391,14,1595,48,42,9,108,57,20,0.240,6039,6.5%,26.4%,0.25,0.240,0.294,0.388,0.682,0.148,4.4,0.308,-7.4,0.7,3.1,-0.1,601,-158.9,0.290,77,0.308,1.16,23.0%,41.4%,35.6%,10.0%,10.6%,104,6.3%,8,22.2%,39.9%,35.0%,25.2%,15.8%,45.6%,38.6%,-22.14,-120.33,98.19,-237.30,-22.30,1.04,1.71,68,-18.23,-3.12,-174.2,3.0,-30.5,-16.8,-171.2,-47.3,28.5,189.9,-0.1,0.0,-$0.1,6039,76,116,95,91,88,77,79,103,108,98,98,96,103,102,6039,4005,88.1,104.1,114.2,14.1,258,6.4%,1463,36.5%,0.240,0.237,0.388,0.395,0.290,0.295,34.3%,66.6%,50.3%,56.2%,82.9%,73.7%,49.5%,22.2
187,2019,KCR,162,2269,5496,6080,1356,873,281,40,162,691,655,456,17,1405,59,42,24,113,117,39,0.247,6080,7.5%,23.1%,0.32,0.247,0.309,0.401,0.710,0.154,5.1,0.301,-4.6,-0.5,5.2,3.4,669,-95.7,0.302,84,0.301,1.29,21.1%,44.4%,34.5%,9.7%,11.5%,125,6.9%,26,37.1%,40.1%,34.0%,25.8%,16.9%,46.2%,36.9%,-13.54,-113.40,99.86,-124.67,-11.54,0.99,1.39,58,-13.23,-0.47,-124.5,8.6,-11.2,-14.3,-115.9,-25.4,28.6,191.2,78.5,7.6,$61.0,6080,88,101,97,96,91,84,83,101,99,105,95,97,100,104,6080,4160,88.0,103.8,115.7,12.2,263,6.3%,1376,33.1%,0.247,0.240,0.401,0.395,0.302,0.302,28.1%,66.2%,47.5%,53.6%,85.3%,76.1%,50.7%,22.4
188,2019,MIN,162,2320,5732,6392,1547,899,318,23,307,939,906,525,21,1334,81,41,10,101,28,21,0.270,6392,8.2%,20.9%,0.39,0.270,0.338,0.494,0.832,0.224,3.5,0.300,-6.5,4.9,-3.5,-6.8,953,148.8,0.347,116,0.300,0.98,22.1%,38.6%,39.3%,10.6%,17.7%,102,6.0%,9,34.6%,43.6%,32.8%,23.7%,15.7%,43.0%,41.4%,8.64,-106.54,115.18,134.10,12.99,0.94,1.50,83,11.94,-2.77,133.7,-10.2,-10.7,-15.2,123.5,-25.9,30.1,201.0,328.8,31.9,$255.4,6392,97,91,106,104,112,116,120,101,104,91,108,105,97,96,6392,4452,89.7,105.5,117.0,14.9,447,10.0%,1762,39.6%,0.270,0.263,0.494,0.487,0.347,0.347,29.4%,68.4%,48.2%,58.0%,85.6%,76.9%,48.2%,23.5
189,2019,NYY,162,2312,5583,6245,1493,880,290,17,306,943,904,569,18,1437,49,33,10,113,55,22,0.267,6245,9.1%,23.0%,0.40,0.267,0.339,0.490,0.829,0.222,4.1,0.306,0.2,0.8,-0.3,-1.8,927,141.7,0.346,117,0.306,1.12,21.1%,41.7%,37.2%,10.3%,19.8%,109,6.3%,7,25.9%,40.7%,34.4%,24.9%,16.8%,44.3%,38.9%,12.96,-97.34,110.30,163.93,15.49,0.88,1.66,57,13.58,1.14,133.3,-2.1,-28.0,-14.0,131.2,-42.0,29.4,196.4,315.0,30.6,$244.8,6245,107,101,105,105,111,117,119,103,99,99,102,99,101,101,6245,4190,89.9,105.7,120.6,13.5,400,9.5%,1706,40.7%,0.267,0.256,0.490,0.464,0.346,0.338,27.7%,66.0%,46.3%,55.6%,84.7%,75.8%,48.5%,23.4
190,2019,OAK,162,2363,5561,6269,1384,812,292,23,257,845,800,578,17,1338,87,36,7,140,49,21,0.249,6269,9.2%,21.3%,0.43,0.249,0.327,0.448,0.776,0.199,3.9,0.282,6.7,-5.9,-0.6,-2.5,829,40.4,0.327,107,0.282,1.08,21.2%,40.8%,37.9%,11.4%,15.9%,101,5.8%,5,31.3%,42.5%,33.9%,23.5%,15.8%,43.1%,41.0%,7.35,-104.59,111.93,75.62,7.26,0.94,1.46,116,6.43,1.42,57.0,-3.1,-6.5,-14.7,53.8,-21.2,29.5,197.2,259.3,25.2,$201.5,6269,108,93,98,101,102,107,107,94,100,97,104,103,100,95,6269,4266,89.3,105.0,114.4,14.2,359,8.4%,1642,38.5%,0.249,0.254,0.448,0.456,0.327,0.337,25.3%,64.6%,45.2%,57.0%,84.4%,76.8%,50.6%,22.6
191,2019,SEA,162,2347,5500,6199,1305,784,254,28,239,758,730,588,7,1581,58,37,14,83,115,47,0.237,6199,9.5%,25.5%,0.37,0.237,0.316,0.424,0.740,0.187,4.7,0.287,6.8,7.2,5.8,-0.6,748,-31.5,0.314,99,0.287,1.05,20.8%,40.5%,38.7%,9.7%,15.7%,109,6.8%,5,13.5%,39.5%,33.8%,26.7%,19.6%,47.8%,32.6%,-2.54,-108.87,106.33,-11.84,-1.12,0.96,1.89,81,-0.51,-2.13,-9.3,5.3,-37.1,-15.3,-4.0,-52.4,29.2,195.0,167.7,16.3,$130.3,6199,112,112,94,98,96,99,100,96,98,96,106,95,100,108,6199,3972,87.4,103.1,113.1,14.4,285,7.2%,1279,32.2%,0.237,0.230,0.424,0.403,0.314,0.309,25.6%,63.8%,44.9%,55.9%,83.0%,75.4%,50.7%,22.6
192,2019,TBR,162,2459,5628,6285,1427,890,291,29,217,769,730,542,20,1493,73,34,8,114,94,37,0.254,6285,8.6%,23.8%,0.36,0.254,0.325,0.431,0.757,0.178,4.5,0.306,4.3,4.6,-0.7,-0.5,795,3.9,0.321,104,0.306,1.31,21.5%,44.5%,34.0%,9.5%,15.4%,127,6.9%,6,27.3%,39.1%,36.3%,24.5%,16.5%,43.7%,39.8%,-1.26,-112.29,111.03,-9.00,-0.77,0.99,1.62,130,1.27,-2.55,32.2,-1.2,16.2,-16.0,31.0,0.2,29.6,197.7,258.4,25.1,$200.8,6285,101,104,100,101,98,104,95,103,101,105,93,95,107,99,6285,4177,89.5,105.7,116.2,11.2,347,8.3%,1641,39.3%,0.254,0.252,0.431,0.437,0.321,0.327,26.9%,66.8%,46.8%,52.9%,84.3%,75.2%,49.9%,23.1
193,2019,TEX,162,2273,5540,6204,1374,831,296,24,223,810,765,534,18,1578,67,44,17,98,131,38,0.248,6204,8.6%,25.4%,0.34,0.248,0.319,0.431,0.750,0.183,5.2,0.304,2.2,3.2,2.4,6.6,766,-14.9,0.317,88,0.304,1.21,22.0%,42.7%,35.3%,9.2%,15.9%,105,6.2%,20,35.7%,41.1%,33.3%,25.6%,15.3%,43.5%,41.2%,-6.18,-110.58,104.40,-47.00,-4.43,0.97,1.75,81,-9.25,2.85,-98.8,9.0,-27.6,-13.7,-89.8,-41.2,29.2,195.1,93.3,9.1,$72.5,6204,101,111,98,99,98,88,98,102,104,101,97,99,98,103,6204,4025,89.4,104.8,115.4,12.5,300,7.5%,1557,38.7%,0.248,0.243,0.431,0.426,0.317,0.319,28.4%,63.5%,46.0%,56.0%,83.2%,74.9%,50.2%,23.1
194,2019,TOR,162,2354,5493,6091,1299,761,270,21,247,726,697,509,10,1514,45,28,14,107,51,20,0.236,6091,8.4%,24.9%,0.34,0.236,0.305,0.428,0.733,0.192,3.8,0.280,-5.7,0.0,-6.4,-1.3,712,-54.3,0.310,92,0.280,1.01,21.0%,39.8%,39.2%,11.2%,15.8%,91,5.7%,8,23.5%,44.3%,32.8%,22.9%,17.9%,44.2%,37.8%,-11.51,-110.45,98.94,-79.96,-7.56,0.95,1.74,79,-9.06,-3.00,-59.4,-7.7,-3.4,-15.7,-67.1,-19.1,28.7,191.6,134.0,13.0,$104.1,6091,98,109,93,94,97,92,103,94,99,94,108,107,97,93,6091,4023,88.7,104.5,118.9,14.3,317,7.9%,1496,37.2%,0.236,0.238,0.428,0.420,0.310,0.313,29.4%,64.9%,46.6%,55.3%,84.1%,74.7%,48.4%,22.4
195,2019,ARI,162,2418,5633,6315,1419,871,288,40,220,813,778,540,36,1360,70,40,31,120,88,14,0.252,6315,8.6%,21.5%,0.40,0.252,0.323,0.434,0.757,0.182,5.1,0.293,11.4,-1.5,5.8,8.4,786,-8.2,0.319,93,0.293,1.22,21.3%,43.3%,35.4%,10.3%,14.5%,116,6.3%,13,18.3%,41.0%,36.4%,22.6%,16.6%,43.8%,39.6%,-1.48,-110.79,109.31,41.72,3.75,0.98,1.24,255,-0.27,-1.24,-55.7,14.2,41.5,39.4,-41.6,80.8,3.1,198.6,240.9,23.4,$187.2,6315,97,99,98,98,98,93,97,98,98,101,100,101,106,90,6315,4345,88.0,103.8,116.3,11.8,303,7.0%,1495,34.4%,0.252,0.246,0.434,0.418,0.319,0.317,29.8%,65.4%,47.5%,59.9%,84.8%,76.9%,49.6%,23.1
196,2019,ATL,162,2411,5560,6302,1432,877,277,29,249,855,824,619,39,1467,60,35,25,104,89,28,0.258,6302,9.8%,23.3%,0.42,0.258,0.336,0.452,0.789,0.195,4.6,0.305,2.6,6.1,7.1,2.3,855,62.3,0.332,101,0.305,1.14,23.6%,40.6%,35.8%,8.9%,16.9%,122,7.3%,4,10.3%,41.7%,32.5%,25.8%,16.1%,42.6%,41.3%,9.28,-102.18,111.46,100.92,9.78,0.94,1.07,262,7.99,1.92,7.3,9.4,9.2,40.5,16.7,49.7,3.1,198.2,267.7,26.0,$208.0,6302,111,106,100,102,102,101,104,102,109,95,101,103,94,103,6302,4156,89.2,104.6,115.9,13.3,376,9.0%,1602,38.5%,0.258,0.254,0.452,0.456,0.332,0.337,28.2%,68.3%,47.9%,59.8%,82.1%,75.4%,49.1%,22.8
197,2019,CHC,162,2429,5461,6195,1378,826,270,26,256,814,783,581,33,1460,83,39,30,127,45,24,0.252,6195,9.4%,23.6%,0.40,0.252,0.331,0.452,0.783,0.200,3.9,0.297,6.4,-4.0,-0.4,-4.6,827,47.4,0.330,100,0.297,1.34,20.2%,45.8%,34.0%,8.7%,18.8%,112,6.1%,14,21.9%,39.5%,34.8%,25.7%,18.1%,46.8%,35.0%,2.77,-104.47,107.24,63.27,6.10,0.94,1.07,242,5.93,-2.97,2.8,-5.0,17.4,41.4,-2.2,58.8,3.0,194.8,254.4,24.7,$197.7,6195,106,108,98,100,102,100,107,99,93,107,96,97,101,103,6195,4071,88.9,105.8,117.6,10.9,332,8.2%,1456,35.8%,0.252,0.247,0.452,0.432,0.330,0.326,30.2%,65.8%,47.2%,54.8%,83.4%,73.8%,47.7%,23.0
198,2019,CIN,162,2462,5450,6100,1328,839,235,27,227,701,679,492,25,1436,89,33,30,111,80,38,0.244,6100,8.1%,23.5%,0.34,0.244,0.315,0.422,0.736,0.178,4.2,0.288,-10.0,-3.1,-5.8,-3.6,721,-46.2,0.312,85,0.288,1.15,22.1%,41.7%,36.3%,10.1%,15.5%,95,5.7%,5,9.6%,40.1%,34.0%,25.9%,17.6%,44.7%,37.7%,-12.12,-114.15,102.02,-67.51,-6.86,1.00,1.34,314,-6.04,-6.04,-121.3,-9.3,29.3,36.1,-130.7,65.4,3.0,191.9,129.6,12.6,$100.7,6100,91,108,94,95,95,85,95,96,102,97,102,99,99,104,6100,4083,87.4,103.1,118.3,13.6,246,6.0%,1305,32.0%,0.244,0.239,0.422,0.400,0.312,0.308,29.7%,66.8%,48.1%,59.0%,84.5%,76.6%,49.7%,22.4
199,2019,COL,162,2452,5660,6288,1502,914,323,41,224,835,803,489,25,1503,43,43,51,111,71,31,0.265,6288,7.8%,23.9%,0.33,0.265,0.326,0.456,0.782,0.190,4.7,0.321,4.2,-0.2,-3.4,-2.4,829,37.7,0.328,87,0.321,1.22,22.5%,42.5%,35.0%,9.0%,15.4%,102,5.8%,14,14.9%,38.1%,35.1%,26.8%,16.8%,46.9%,36.3%,-5.49,-118.38,112.90,-28.54,-3.42,1.01,1.18,298,-5.08,-0.37,-106.6,-5.7,-0.6,38.2,-112.4,37.6,3.1,197.8,126.1,12.2,$97.9,6288,88,109,103,99,102,87,102,107,104,99,99,94,102,107,6288,4253,88.5,104.2,114.1,12.5,273,6.4%,1507,35.4%,0.265,0.244,0.456,0.406,0.328,0.307,29.7%,67.9%,48.7%,56.6%,84.5%,76.0%,49.8%,23.8
200,2019,MIA,162,2402,5512,6045,1326,897,265,18,146,615,593,395,16,1469,73,33,31,139,55,30,0.241,6045,6.5%,24.3%,0.27,0.241,0.298,0.375,0.673,0.134,3.6,0.300,-9.8,-9.1,-4.9,-5.0,590,-170.1,0.288,79,0.300,1.60,21.2%,48.5%,30.3%,8.6%,11.9%,138,7.0%,9,14.5%,38.4%,34.7%,26.9%,17.2%,44.1%,38.7%,-15.08,-113.00,97.92,-121.39,-11.99,1.01,1.21,290,-13.53,-1.34,-171.7,-9.9,-17.8,34.7,-181.6,16.9,2.9,190.1,28.4,2.8,$22.1,6045,74,111,93,90,84,79,72,100,98,113,85,95,101,108,6045,4108,88.3,103.8,114.7,9.1,241,5.9%,1447,35.2%,0.241,0.239,0.375,0.384,0.288,0.296,32.2%,64.3%,48.0%,55.6%,85.5%,75.3%,49.2%,22.7
201,2019,HOU,162,2309,5613,6394,1538,899,323,28,288,920,891,645,17,1166,66,57,10,146,67,27,0.274,6394,10.1%,18.2%,0.55,0.274,0.352,0.495,0.848,0.221,4.3,0.296,-3.7,-4.0,-1.2,-1.8,996,191.8,0.355,124,0.296,1.11,21.5%,41.2%,37.3%,9.5%,17.3%,120,6.5%,13,31.7%,42.6%,34.2%,23.2%,16.4%,43.7%,39.9%,9.49,-104.18,113.67,150.88,15.12,0.93,1.58,81,14.74,-4.50,197.3,-3.1,34.8,-15.1,194.3,19.7,30.1,201.1,445.2,43.2,$345.9,6394,119,80,108,109,113,124,119,99,101,98,102,103,101,94,6394,4517,88.3,104.2,117.9,13.4,307,6.8%,1604,35.5%,0.274,0.259,0.495,0.443,0.355,0.338,26.1%,63.6%,44.8%,63.2%,88.0%,80.7%,49.8%,23.3
202,2019,LAD,162,2413,5493,6281,1414,813,302,20,279,886,861,607,47,1356,81,45,55,100,57,10,0.257,6281,9.7%,21.6%,0.45,0.257,0.338,0.472,0.810,0.215,4.2,0.291,2.8,5.2,5.4,3.9,884,94.0,0.338,110,0.291,1.07,22.0%,40.4%,37.6%,8.7%,17.8%,115,6.8%,7,9.0%,41.3%,34.2%,24.5%,15.8%,41.9%,42.3%,14.16,-102.64,116.79,160.76,16.53,0.96,1.14,307,13.55,1.22,80.6,9.3,23.6,43.4,89.9,66.9,3.1,197.5,357.4,34.7,$277.7,6281,109,99,100,102,106,110,115,97,101,94,106,102,99,98,6281,4237,89.3,104.3,114.3,14.5,341,8.0%,1610,38.0%,0.257,0.253,0.472,0.450,0.338,0.334,25.1%,64.5%,45.0%,55.4%,84.9%,76.8%,50.5%,23.7
203,2019,MIL,162,2514,5542,6309,1366,820,279,17,250,769,744,629,42,1563,72,38,20,120,101,25,0.246,6309,10.0%,24.8%,0.40,0.246,0.329,0.438,0.767,0.192,4.4,0.296,0.4,-0.6,0.1,6.1,814,20.3,0.324,97,0.296,1.24,21.1%,43.7%,35.3%,9.4%,17.8%,102,5.9%,10,21.7%,38.2%,35.0%,26.8%,17.1%,42.1%,40.8%,1.79,-111.70,113.49,1.37,0.38,0.98,1.15,314,1.99,-0.16,-26.3,6.2,20.6,35.3,-20.1,55.9,3.1,198.4,237.3,23.1,$184.4,6309,113,113,96,99,98,97,102,99,97,102,99,94,102,107,6309,4045,89.7,105.9,117.9,12.0,329,8.1%,1589,39.3%,0.246,0.243,0.438,0.429,0.324,0.324,28.0%,63.8%,45.5%,55.2%,83.9%,74.9%,48.8%,22.5
204,2019,WSN,162,2327,5512,6267,1460,904,298,27,231,873,824,584,33,1308,81,42,48,117,116,29,0.265,6267,9.3%,20.9%,0.45,0.265,0.342,0.454,0.796,0.190,5.1,0.306,-1.2,-2.3,1.5,7.2,869,80.3,0.336,104,0.306,1.11,21.1%,41.6%,37.4%,10.5%,14.8%,115,6.6%,30,26.3%,41.8%,32.9%,25.3%,18.4%,45.5%,36.1%,8.96,-104.28,113.25,114.35,11.27,0.95,1.12,252,7.98,1.42,31.0,8.7,10.2,41.8,39.7,52.0,3.0,197.1,291.8,28.3,$226.8,6267,105,95,103,103,102,104,101,102,97,97,105,103,95,101,6267,4294,88.6,104.1,113.5,14.1,324,7.5%,1590,37.0%,0.265,0.256,0.454,0.449,0.336,0.336,26.6%,64.2%,45.3%,60.4%,86.8%,79.0%,49.7%,23.2
205,2019,NYM,162,2445,5624,6290,1445,906,280,17,242,791,767,516,34,1384,95,27,28,129,56,27,0.257,6290,8.2%,22.0%,0.37,0.257,0.328,0.442,0.770,0.185,3.8,0.299,-10.7,-2.5,-5.2,-3.8,817,25.8,0.325,105,0.299,1.33,20.7%,45.2%,34.0%,8.2%,16.8%,119,6.2%,9,13.4%,39.4%,35.9%,24.8%,16.3%,48.9%,34.9%,6.04,-110.86,116.90,69.48,7.29,1.01,1.47,267,7.63,-1.66,41.2,-9.0,-31.4,41.2,32.3,9.8,3.1,197.8,243.0,23.6,$188.8,6290,93,101,100,99,99,105,99,100,96,106,96,97,104,99,6290,4295,89.1,104.9,118.3,11.1,315,7.3%,1625,37.8%,0.257,0.252,0.442,0.427,0.325,0.323,31.0%,69.1%,49.6%,58.0%,84.6%,76.1%,49.0%,23.4
206,2019,PHI,162,2431,5571,6261,1369,817,311,26,215,774,742,562,47,1453,57,34,34,97,78,18,0.246,6261,9.0%,23.2%,0.39,0.246,0.319,0.427,0.746,0.181,4.6,0.293,4.9,4.2,4.3,4.7,755,-33.1,0.314,90,0.293,1.17,21.9%,42.1%,36.0%,12.7%,14.5%,119,6.9%,15,20.8%,40.9%,33.9%,25.2%,17.8%,43.2%,39.0%,-0.95,-109.23,108.28,7.57,1.26,0.98,1.12,310,0.29,-1.26,-79.5,9.1,24.8,32.3,-70.4,57.1,3.0,196.9,186.7,18.1,$145.0,6261,101,106,95,97,96,90,97,98,101,98,102,101,98,101,6261,4189,88.8,105.0,116.4,13.5,298,7.1%,1521,36.3%,0.246,0.244,0.427,0.416,0.314,0.316,29.4%,64.7%,46.9%,57.6%,84.2%,75.8%,49.7%,23.6
207,2019,PIT,162,2441,5657,6228,1497,981,315,38,163,758,722,425,41,1213,63,34,47,119,64,29,0.265,6228,6.8%,19.5%,0.35,0.265,0.321,0.420,0.741,0.156,4.5,0.309,-1.1,-0.6,-0.4,-2.9,744,-39.6,0.313,92,0.309,1.47,21.8%,46.6%,31.6%,8.4%,11.6%,128,6.2%,16,19.5%,39.3%,33.8%,26.9%,19.3%,46.8%,33.9%,0.63,-110.06,110.69,4.91,0.36,1.01,1.35,282,-3.04,3.66,-68.1,-3.3,-25.8,37.0,-71.5,11.3,3.0,195.9,138.7,13.5,$107.8,6228,77,89,103,97,94,92,83,103,100,109,89,97,98,108,6228,4527,88.4,104.0,116.2,10.2,242,5.3%,1534,33.9%,0.265,0.259,0.420,0.412,0.313,0.313,30.4%,69.9%,49.5%,60.8%,86.6%,78.4%,48.4%,22.6
208,2019,STL,162,2413,5449,6167,1336,856,246,24,210,764,714,561,15,1420,76,39,40,110,116,29,0.245,6167,9.1%,23.0%,0.40,0.245,0.322,0.415,0.737,0.170,5.0,0.292,5.8,1.2,2.7,7.4,741,-35.4,0.314,95,0.292,1.13,22.2%,41.3%,36.5%,9.0%,14.3%,134,8.1%,20,23.0%,41.0%,35.2%,23.8%,16.6%,43.2%,40.2%,2.16,-106.40,108.56,34.30,3.84,0.97,1.13,266,1.52,0.71,-38.2,10.1,11.8,37.5,-28.1,49.4,3.0,194.0,218.2,21.2,$169.6,6167,103,105,95,97,93,95,91,97,102,96,103,101,102,95,6167,4110,87.9,103.7,115.3,13.6,285,6.9%,1395,33.9%,0.245,0.243,0.415,0.422,0.314,0.320,28.5%,64.7%,46.3%,58.7%,84.7%,76.6%,49.1%,22.6
209,2019,SDP,162,2413,5391,6019,1281,814,224,24,219,682,652,504,19,1581,55,31,37,120,70,37,0.238,6019,8.4%,26.3%,0.32,0.238,0.308,0.410,0.718,0.172,4.1,0.293,-1.7,-4.3,-3.7,-5.1,673,-84.6,0.305,89,0.293,1.32,19.4%,45.8%,34.8%,12.0%,16.6%,123,7.1%,25,32.5%,40.8%,35.3%,23.9%,19.4%,41.6%,39.0%,-9.98,-111.15,101.17,-60.89,-6.57,1.00,1.28,287,-5.00,-4.93,-90.0,-8.8,-7.5,33.7,-98.8,26.2,2.9,189.3,119.6,11.6,$92.9,6019,95,120,92,93,92,89,92,98,89,107,98,101,102,96,6019,3879,88.9,105.8,115.9,10.7,276,7.1%,1439,37.1%,0.238,0.228,0.410,0.391,0.305,0.299,28.4%,64.3%,46.1%,54.1%,83.2%,74.1%,49.3%,22.7
210,2019,SFG,162,2493,5579,6170,1332,839,300,26,167,678,655,475,26,1435,50,42,24,111,47,28,0.239,6170,7.7%,23.3%,0.33,0.239,0.302,0.392,0.694,0.153,3.8,0.290,-0.9,3.2,-5.1,-5.7,640,-135.8,0.295,82,0.290,1.23,22.7%,42.6%,34.6%,8.4%,11.6%,96,5.4%,20,32.8%,39.2%,35.1%,25.6%,16.2%,45.4%,38.4%,-9.42,-114.02,104.60,-69.78,-8.00,1.02,1.24,357,-9.88,0.61,-145.7,-10.8,17.3,34.6,-156.5,51.9,3.0,194.1,92.5,9.0,$71.9,6170,87,106,93,91,88,82,82,97,105,100,98,97,102,103,6170,4210,87.8,103.2,114.7,13.2,268,6.4%,1501,35.7%,0.239,0.240,0.392,0.407,0.295,0.306,30.8%,67.8%,48.9%,60.3%,84.2%,76.6%,49.0%,22.7
211,2018,LAA,162,2467,5472,6108,1323,837,249,23,214,721,690,514,38,1300,73,39,7,111,89,22,0.242,6108,8.4%,21.3%,0.40,0.242,0.313,0.413,0.726,0.171,4.6,0.277,-2.4,-0.3,-1.5,5.5,709,-4.4,0.313,98,0.277,1.12,21.6%,41.4%,37.0%,11.9%,13.8%,130,7.5%,6,23.1%,44.9%,33.4%,21.7%,18.5%,44.1%,37.4%,1.33,-100.06,101.39,11.08,1.22,0.93,1.38,113,3.28,-1.84,-16.6,4.0,15.4,-14.2,-12.6,1.2,26.1,182.8,197.4,20.3,$162.5,6108,101,98,97,98,99,98,103,94,102,98,102,109,98,87,6108,4221,88.2,104.4,118.0,13.5,317,7.5%,1548,36.7%,0.242,0.244,0.413,0.410,0.313,0.318,24.8%,63.9%,45.2%,58.6%,84.9%,78.0%,52.2%,23.1
212,2018,BAL,162,2313,5507,6034,1317,872,242,15,188,622,593,422,19,1412,57,35,13,132,81,22,0.239,6034,7.0%,23.4%,0.30,0.239,0.298,0.391,0.689,0.152,3.8,0.286,-6.3,-7.3,-9.3,4.0,627,-77.6,0.299,87,0.286,1.21,19.4%,44.1%,36.4%,10.9%,12.6%,115,6.4%,18,34.6%,40.6%,34.3%,25.1%,19.6%,49.6%,30.9%,-20.29,-112.42,92.13,-129.43,-13.09,0.99,1.50,97,-13.57,-6.90,-94.5,-5.3,-43.8,-15.2,-99.8,-59.0,25.7,180.5,47.5,4.9,$39.1,6034,84,107,96,94,94,87,91,97,91,104,100,99,101,101,6034,4143,88.5,104.8,115.9,11.8,284,6.9%,1476,35.6%,0.239,0.234,0.391,0.383,0.299,0.298,29.0%,67.1%,48.2%,54.3%,83.6%,74.9%,50.6%,22.4
213,2018,BOS,162,2345,5623,6302,1509,915,355,31,208,876,829,569,38,1253,55,48,7,130,125,31,0.268,6302,9.0%,19.9%,0.45,0.268,0.339,0.453,0.792,0.185,5.2,0.309,-8.7,-5.1,-8.7,8.7,865,128.8,0.340,111,0.309,1.20,20.5%,43.5%,36.1%,9.6%,13.1%,144,7.5%,4,23.5%,40.6%,33.8%,25.5%,16.5%,49.2%,34.4%,13.08,-102.76,115.84,116.17,11.20,0.95,1.56,96,7.49,6.23,79.2,0.0,38.6,-15.2,79.2,23.4,26.9,188.6,318.1,32.7,$262.0,6302,109,91,107,106,109,111,111,105,96,103,99,99,99,103,6302,4425,89.8,105.1,117.5,12.4,372,8.4%,1766,39.9%,0.268,0.262,0.453,0.449,0.340,0.340,25.7%,65.6%,45.9%,60.5%,86.4%,79.3%,50.6%,23.0
214,2018,CHW,162,2348,5523,6071,1332,851,259,40,182,656,639,425,18,1594,66,32,24,99,98,41,0.241,6071,7.0%,26.3%,0.27,0.241,0.302,0.401,0.703,0.160,5.0,0.304,-7.2,0.3,-1.1,-0.3,656,-53.3,0.304,92,0.304,1.31,20.6%,45.0%,34.4%,10.0%,13.4%,123,6.9%,16,31.4%,40.4%,33.8%,25.7%,19.0%,48.9%,32.1%,-9.09,-107.37,98.28,-81.08,-8.20,0.97,1.54,90,-6.78,-2.59,-60.3,-1.4,-27.6,-15.5,-61.7,-43.1,25.9,181.6,102.7,10.6,$84.5,6071,84,120,97,95,96,92,96,103,97,106,95,98,99,104,6071,3986,88.3,104.8,118.4,11.5,271,6.8%,1433,36.0%,0.241,0.232,0.401,0.385,0.304,0.298,29.9%,66.0%,48.6%,51.4%,82.9%,73.6%,52.0%,22.0
215,2018,CLE,162,2413,5595,6300,1447,915,297,19,216,818,786,554,32,1189,80,44,25,98,135,36,0.259,6300,8.8%,18.9%,0.47,0.259,0.332,0.434,0.766,0.176,4.9,0.291,-1.5,6.6,-1.9,8.6,816,79.8,0.330,106,0.291,1.08,22.3%,40.3%,37.4%,10.5%,13.1%,107,6.0%,15,25.4%,40.6%,35.6%,23.8%,16.5%,45.1%,38.4%,-2.71,-106.53,103.82,53.95,4.99,0.94,1.23,97,2.87,-5.74,41.3,6.8,3.3,-15.9,48.1,-12.6,26.9,188.5,250.9,25.8,$206.6,6300,106,87,104,104,104,106,105,99,105,95,103,99,104,96,6300,4477,88.8,103.8,114.5,13.8,299,6.7%,1630,36.4%,0.259,0.259,0.434,0.428,0.330,0.333,26.1%,65.3%,45.8%,62.3%,87.9%,80.6%,50.1%,21.8
216,2018,DET,162,2323,5494,6029,1326,872,284,35,135,630,597,428,18,1341,52,40,15,110,70,30,0.241,6029,7.1%,22.2%,0.32,0.241,0.300,0.380,0.680,0.138,4.5,0.293,5.2,2.7,4.5,-1.5,609,-95.5,0.295,83,0.293,1.20,22.4%,42.3%,35.2%,11.0%,9.2%,132,7.5%,18,33.3%,41.1%,33.2%,25.7%,17.9%,46.0%,36.1%,-10.34,-112.82,102.48,-108.68,-10.87,1.01,1.63,75,-12.72,2.52,-125.0,3.0,-27.0,-18.5,-121.9,-45.4,25.7,180.4,38.7,4.0,$31.9,6029,86,102,97,94,91,83,83,100,106,100,97,100,97,104,6029,4208,87.6,103.3,114.4,13.1,241,5.7%,1401,33.3%,0.241,0.242,0.380,0.383,0.295,0.302,31.2%,67.2%,49.4%,58.1%,84.9%,76.6%,50.7%,22.4
217,2018,KCR,162,2184,5505,6063,1350,883,283,29,155,638,606,427,13,1310,67,40,24,123,117,38,0.245,6063,7.0%,21.6%,0.33,0.245,0.305,0.392,0.697,0.146,4.7,0.293,-8.8,-3.2,-5.9,4.6,649,-59.6,0.303,87,0.293,1.14,22.7%,41.2%,36.1%,11.2%,10.2%,106,6.1%,16,24.2%,40.4%,33.8%,25.7%,16.8%,45.4%,37.8%,-15.39,-115.79,100.39,-115.93,-11.75,1.02,1.43,48,-11.36,-3.75,-91.4,-1.3,-20.6,-14.4,-92.8,-35.0,25.9,181.4,79.5,8.2,$65.5,6063,85,99,98,96,94,87,88,100,107,97,99,98,99,104,6063,4259,88.2,103.7,114.1,13.6,281,6.6%,1476,34.7%,0.245,0.246,0.392,0.404,0.303,0.312,29.2%,67.3%,48.3%,55.6%,85.3%,76.4%,50.3%,22.1
218,2018,MIN,162,2351,5526,6154,1379,874,317,22,166,738,704,534,25,1328,37,38,19,89,47,27,0.250,6154,8.7%,21.6%,0.40,0.250,0.318,0.405,0.723,0.155,3.7,0.298,0.4,5.3,1.6,-5.1,711,-7.9,0.313,96,0.298,1.05,21.7%,40.0%,38.3%,10.1%,10.3%,106,6.3%,13,28.3%,40.2%,34.5%,25.3%,17.6%,45.7%,36.7%,-1.84,-108.82,106.98,-12.97,-1.28,1.00,1.34,102,-4.67,2.83,-31.1,-3.4,-1.4,-15.0,-34.5,-16.3,26.3,184.1,159.6,16.4,$131.4,6154,105,99,100,100,97,96,93,101,102,95,105,98,101,102,6154,4255,87.9,103.0,114.6,14.3,275,6.5%,1425,33.5%,0.250,0.237,0.405,0.390,0.313,0.307,26.2%,62.8%,45.0%,59.5%,86.5%,78.8%,51.2%,22.9
219,2018,NYY,162,2269,5515,6271,1374,815,269,23,267,851,821,625,21,1421,62,59,10,107,63,21,0.249,6271,10.0%,22.7%,0.44,0.249,0.329,0.451,0.781,0.202,4.3,0.285,9.7,4.5,1.5,0.4,838,105.3,0.335,112,0.285,1.09,20.2%,41.6%,38.2%,10.7%,16.9%,130,7.6%,13,38.2%,41.7%,34.3%,24.0%,17.7%,45.3%,37.0%,9.58,-103.68,113.26,109.38,10.70,0.95,1.70,70,11.72,-1.67,88.2,1.9,-10.7,-14.8,90.1,-25.4,26.8,187.6,279.1,28.7,$229.8,6271,120,104,100,103,108,112,121,97,95,98,105,102,100,97,6271,4163,89.4,105.4,121.7,13.5,363,8.7%,1593,38.3%,0.249,0.245,0.451,0.433,0.335,0.331,25.8%,65.5%,45.1%,55.3%,84.2%,75.7%,48.6%,23.1
220,2018,OAK,162,2403,5579,6255,1407,838,322,20,227,813,778,550,18,1381,76,44,6,136,35,21,0.252,6255,8.8%,22.1%,0.40,0.252,0.325,0.439,0.764,0.187,3.5,0.294,1.8,-2.5,-3.0,-5.1,806,75.3,0.329,112,0.294,1.02,21.4%,39.7%,38.9%,9.9%,13.8%,117,7.0%,0,0.0%,40.3%,34.9%,24.8%,15.5%,44.7%,39.8%,4.55,-107.90,112.45,93.36,9.81,0.96,1.32,135,8.42,-3.69,89.0,-8.1,7.1,-14.9,80.9,-7.7,26.7,187.2,287.0,29.5,$236.3,6255,106,101,101,102,105,112,112,100,101,94,107,98,102,100,6255,4248,89.5,104.8,115.3,15.0,352,8.3%,1667,39.2%,0.252,0.248,0.439,0.439,0.329,0.331,24.2%,65.8%,45.9%,57.4%,84.5%,77.7%,52.2%,22.2
221,2018,SEA,162,2373,5513,6087,1402,938,256,32,176,677,644,430,17,1221,70,41,29,128,79,37,0.254,6087,7.1%,20.1%,0.35,0.254,0.314,0.408,0.722,0.154,4.2,0.295,-1.7,-2.6,7.2,-2.7,700,-11.0,0.313,100,0.295,1.32,21.1%,45.0%,34.0%,9.5%,12.1%,123,6.4%,16,21.3%,40.6%,34.9%,24.5%,17.2%,50.7%,32.0%,2.76,-107.83,110.59,-24.10,-2.64,1.01,1.90,102,-1.79,4.53,-1.3,4.5,-6.2,-15.9,3.2,-22.2,26.0,182.1,189.2,19.5,$155.8,6087,85,92,102,99,98,100,92,100,99,106,93,99,102,99,6087,4366,88.7,104.6,117.0,11.3,271,6.2%,1561,35.8%,0.254,0.259,0.408,0.419,0.313,0.323,27.8%,64.4%,46.6%,57.7%,87.3%,78.7%,51.3%,22.8
222,2018,TBR,162,2371,5475,6195,1415,948,274,43,150,716,664,540,17,1388,101,50,28,122,128,51,0.258,6195,8.7%,22.4%,0.39,0.258,0.333,0.406,0.740,0.148,5.2,0.317,-1.3,0.0,7.3,1.0,761,37.4,0.322,107,0.317,1.41,22.1%,45.6%,32.4%,10.8%,11.3%,126,6.7%,23,34.3%,37.5%,34.5%,28.0%,18.2%,46.6%,35.2%,-2.68,-109.72,107.04,1.35,0.24,0.99,1.74,109,1.81,-4.51,48.9,8.3,-2.5,-15.5,57.3,-18.0,26.4,185.4,251.0,25.8,$206.7,6195,105,103,103,105,98,107,89,108,104,108,89,91,101,113,6195,4166,87.7,103.4,114.4,10.3,227,5.4%,1385,33.2%,0.258,0.239,0.406,0.377,0.322,0.309,27.6%,66.5%,47.2%,56.0%,84.2%,76.0%,50.4%,22.3
223,2018,TEX,162,2300,5453,6163,1308,824,266,24,194,737,696,555,16,1484,88,34,33,104,74,35,0.240,6163,9.0%,24.1%,0.37,0.240,0.318,0.404,0.722,0.164,4.3,0.292,6.9,3.3,4.6,-3.0,718,-2.0,0.315,89,0.292,1.25,21.1%,43.8%,35.0%,9.9%,14.0%,118,6.8%,26,30.2%,40.5%,34.0%,25.5%,17.2%,45.5%,37.3%,-8.26,-109.95,101.69,-40.45,-4.43,0.99,1.76,81,-4.49,-3.88,-84.6,1.6,-19.1,-14.9,-83.0,-34.0,26.3,184.4,93.7,9.6,$77.1,6163,108,110,96,100,97,89,99,99,99,104,96,99,100,103,6163,4036,88.2,104.4,117.5,11.9,293,7.3%,1380,34.2%,0.240,0.232,0.404,0.392,0.315,0.311,27.8%,62.9%,45.4%,56.6%,83.9%,75.6%,50.3%,22.9
224,2018,TOR,162,2435,5477,6076,1336,783,320,16,217,709,680,499,15,1387,58,37,5,118,47,30,0.244,6076,8.2%,22.8%,0.36,0.244,0.312,0.427,0.739,0.183,3.5,0.286,-19.3,-1.8,-15.2,-6.0,729,19.3,0.319,100,0.286,1.08,21.1%,41.0%,37.9%,12.2%,13.9%,110,6.5%,3,25.0%,42.7%,32.6%,24.7%,18.8%,47.7%,33.5%,-1.38,-111.33,109.95,-23.43,-2.19,1.01,1.51,128,-0.50,-0.87,-2.5,-21.3,-20.1,-16.4,-23.8,-36.6,25.9,181.8,147.3,15.2,$121.3,6076,99,105,98,98,103,100,110,97,100,97,104,104,96,100,6076,4132,89.2,104.9,115.5,13.8,346,8.4%,1655,40.1%,0.244,0.247,0.427,0.430,0.319,0.325,28.5%,65.6%,47.2%,53.5%,84.4%,75.1%,50.2%,21.7
225,2018,ARI,162,2409,5460,6157,1283,798,259,50,176,693,658,560,36,1460,52,45,38,110,79,25,0.235,6157,9.1%,23.7%,0.38,0.235,0.310,0.397,0.707,0.162,5.2,0.286,3.4,1.4,3.6,2.3,672,-47.7,0.306,88,0.286,1.30,22.5%,43.8%,33.8%,10.1%,13.0%,108,6.2%,11,13.3%,39.9%,35.0%,25.1%,17.2%,43.1%,39.8%,-1.80,-109.41,107.61,-23.87,-2.39,1.01,1.29,257,-2.65,0.86,-88.1,5.9,51.3,38.8,-82.2,90.2,4.2,184.2,196.4,20.2,$161.7,6157,101,110,93,95,95,88,99,95,103,101,97,99,101,100,6157,4085,88.3,103.8,115.1,11.4,287,7.0%,1418,34.7%,0.235,0.235,0.397,0.394,0.306,0.309,26.0%,64.0%,45.5%,55.9%,84.3%,76.4%,51.4%,22.9
226,2018,ATL,162,2377,5582,6251,1433,915,314,29,175,759,717,511,53,1290,66,43,49,99,90,36,0.257,6251,8.2%,20.6%,0.40,0.257,0.324,0.417,0.742,0.161,4.5,0.302,11.0,1.8,12.5,-0.2,747,16.9,0.319,96,0.302,1.25,23.0%,42.8%,34.2%,8.8%,11.9%,119,6.5%,17,19.3%,40.9%,33.8%,25.3%,16.7%,46.9%,36.4%,2.26,-107.49,109.76,52.75,5.68,0.98,1.15,247,3.22,-0.92,-31.1,12.3,30.2,38.5,-18.8,68.7,4.3,187.0,241.2,24.8,$198.6,6251,91,96,101,99,100,96,98,101,105,99,98,102,97,101,6251,4384,88.0,102.9,113.9,12.5,223,5.1%,1471,33.6%,0.257,0.246,0.417,0.393,0.319,0.310,28.5%,69.2%,49.3%,60.7%,84.7%,77.9%,51.1%,22.5
227,2018,CHC,163,2490,5624,6369,1453,966,286,34,167,761,722,576,67,1388,78,46,40,107,66,38,0.258,6369,9.0%,21.8%,0.41,0.258,0.333,0.410,0.744,0.152,4.3,0.313,3.5,4.8,2.1,-6.1,771,27.2,0.321,100,0.313,1.41,21.4%,46.0%,32.6%,10.4%,12.1%,161,8.2%,14,16.9%,40.5%,34.1%,25.4%,19.6%,48.7%,31.7%,1.98,-109.19,111.17,60.75,6.36,0.99,1.21,277,6.65,-4.65,1.2,-4.0,17.1,37.5,-2.8,54.6,4.3,190.6,246.7,25.4,$203.2,6369,101,101,102,102,98,100,93,104,98,106,93,101,98,101,6369,4327,88.7,105.2,117.1,10.5,270,6.2%,1550,35.8%,0.258,0.245,0.410,0.394,0.321,0.315,28.3%,65.6%,47.3%,56.4%,83.9%,75.8%,50.8%,22.6
228,2018,CIN,162,2402,5532,6240,1404,956,251,25,172,696,665,559,35,1376,65,35,49,128,77,33,0.254,6240,9.0%,22.1%,0.41,0.254,0.328,0.401,0.729,0.148,4.1,0.307,1.2,-1.3,-5.8,-1.8,736,7.3,0.317,94,0.307,1.18,24.6%,40.9%,34.5%,8.8%,12.1%,107,6.3%,28,24.8%,39.2%,34.5%,26.3%,16.5%,47.7%,35.8%,-6.77,-112.97,106.20,-17.75,-1.99,1.03,1.26,242,-2.97,-3.64,-42.9,-7.6,-11.1,36.7,-50.5,25.6,4.3,186.7,166.1,17.1,$136.8,6240,100,102,100,100,96,94,90,102,113,95,99,98,99,105,6240,4240,87.3,102.3,116.5,13.4,236,5.6%,1344,31.7%,0.254,0.244,0.401,0.388,0.317,0.312,26.1%,66.4%,46.8%,60.3%,85.3%,78.5%,51.4%,22.4
229,2018,COL,163,2368,5541,6178,1418,886,280,42,210,780,748,507,38,1397,51,37,42,114,95,33,0.256,6178,8.2%,22.6%,0.36,0.256,0.322,0.435,0.757,0.179,5.2,0.304,3.1,-2.0,-2.1,2.1,769,47.3,0.325,88,0.304,1.38,20.9%,45.9%,33.2%,8.6%,15.3%,108,5.7%,20,22.7%,37.0%,36.9%,26.1%,18.1%,47.1%,34.7%,2.35,-108.01,110.36,-11.40,-1.73,0.96,1.20,272,-1.65,4.09,-88.3,0.1,2.5,39.3,-88.3,41.8,4.2,184.9,142.6,14.7,$117.4,6178,91,105,101,99,104,88,110,101,96,106,95,92,106,104,6178,4223,88.9,104.8,118.3,10.0,268,6.3%,1551,36.7%,0.256,0.241,0.435,0.396,0.325,0.309,28.0%,68.1%,48.6%,55.4%,84.4%,76.3%,51.5%,23.2
230,2018,MIA,161,2434,5488,6083,1303,929,222,24,128,589,554,455,26,1384,73,31,32,119,45,31,0.237,6083,7.5%,22.8%,0.33,0.237,0.303,0.357,0.659,0.119,3.5,0.293,-7.2,-1.5,1.0,-7.1,580,-130.2,0.289,83,0.293,1.55,21.5%,47.8%,30.8%,11.0%,10.2%,138,7.1%,9,12.0%,38.1%,36.8%,25.1%,19.3%,47.6%,33.1%,-8.47,-107.41,98.94,-72.36,-8.01,1.01,1.10,281,-8.53,0.16,-123.1,-6.1,28.4,33.0,-129.2,61.4,4.1,182.0,118.3,12.2,$97.4,6083,83,105,94,93,85,83,73,98,98,110,88,95,106,100,6083,4171,87.5,103.5,115.5,9.9,216,5.2%,1358,32.6%,0.237,0.236,0.357,0.364,0.289,0.295,27.1%,63.7%,46.3%,57.3%,85.0%,77.3%,52.6%,21.8
231,2018,HOU,162,2348,5453,6146,1390,889,278,18,205,797,763,565,19,1197,61,45,14,156,71,26,0.255,6146,9.2%,19.5%,0.47,0.255,0.329,0.425,0.754,0.170,4.2,0.289,1.2,-8.2,0.9,0.0,778,59.7,0.327,110,0.289,1.09,20.4%,41.6%,38.0%,10.8%,12.6%,134,7.5%,15,32.6%,43.3%,34.4%,22.3%,17.9%,49.5%,32.6%,5.37,-104.76,110.13,97.88,10.33,0.97,2.06,91,7.01,-1.50,71.6,0.8,50.7,-14.6,72.5,36.1,26.2,183.9,318.7,32.8,$262.5,6146,111,89,102,103,102,110,102,98,96,98,104,105,101,90,6146,4323,88.0,103.1,114.7,13.5,260,6.0%,1502,34.7%,0.255,0.241,0.425,0.396,0.327,0.315,25.2%,63.4%,44.3%,63.0%,86.6%,79.9%,50.1%,23.5
232,2018,LAD,163,2574,5572,6358,1394,830,296,33,235,804,756,647,47,1436,61,39,39,119,75,24,0.250,6358,10.2%,22.6%,0.45,0.250,0.333,0.442,0.774,0.191,4.6,0.294,10.5,-0.7,3.1,1.6,830,87.6,0.333,111,0.294,1.05,21.4%,40.2%,38.3%,10.6%,14.8%,104,6.2%,5,6.8%,41.8%,33.9%,24.3%,17.2%,43.9%,38.9%,4.48,-110.21,114.68,121.09,13.32,1.01,1.24,354,13.42,-8.97,87.9,4.7,13.9,39.1,92.6,53.0,4.3,190.2,340.2,35.0,$280.1,6358,113,105,99,102,106,111,117,98,98,93,110,104,98,97,6358,4214,89.2,104.8,115.3,14.5,348,8.3%,1552,36.8%,0.250,0.243,0.442,0.427,0.333,0.329,22.9%,62.7%,43.6%,56.7%,83.6%,76.8%,51.8%,22.6
233,2018,MIL,163,2496,5542,6210,1398,904,252,24,218,754,711,537,32,1458,58,41,29,128,124,32,0.252,6210,8.6%,23.5%,0.37,0.252,0.323,0.424,0.747,0.172,4.9,0.302,2.9,-2.9,-5.2,8.2,760,34.4,0.322,100,0.302,1.42,21.7%,46.0%,32.3%,9.7%,16.5%,130,6.9%,13,21.3%,39.0%,36.1%,24.9%,18.6%,42.8%,38.5%,7.38,-106.41,113.80,46.21,4.86,1.00,1.21,285,6.08,1.30,-0.5,3.0,46.0,34.3,2.5,80.3,4.2,185.8,272.9,28.1,$224.7,6210,96,109,99,99,102,100,105,101,99,106,93,97,104,99,6210,4157,88.9,105.2,116.3,10.2,314,7.6%,1569,37.7%,0.252,0.243,0.424,0.408,0.322,0.317,27.6%,64.4%,46.5%,55.6%,84.3%,76.0%,51.5%,22.0
234,2018,WSN,162,2441,5517,6288,1402,902,284,25,191,771,737,631,56,1289,59,40,41,104,119,33,0.254,6288,10.0%,20.5%,0.49,0.254,0.335,0.419,0.753,0.164,4.8,0.297,-2.6,4.4,0.4,6.6,786,51.5,0.325,101,0.297,1.27,20.8%,44.3%,34.9%,10.2%,13.0%,109,5.9%,31,28.2%,38.7%,35.2%,26.1%,18.8%,49.2%,32.0%,-0.76,-111.66,110.90,67.42,7.26,1.02,1.34,293,4.33,-5.07,6.1,7.0,-8.5,39.9,13.1,31.4,4.3,188.1,237.0,24.4,$195.2,6288,112,95,100,102,100,101,101,99,95,102,100,96,101,104,6288,4309,88.4,104.4,115.1,11.8,298,6.9%,1531,35.5%,0.254,0.249,0.419,0.414,0.325,0.325,25.2%,65.2%,45.6%,60.0%,84.9%,78.2%,51.1%,22.3
235,2018,NYM,162,2333,5468,6177,1282,813,265,34,170,676,649,566,36,1404,73,42,28,116,71,39,0.234,6177,9.2%,22.7%,0.40,0.234,0.312,0.389,0.701,0.154,4.3,0.283,7.6,0.1,1.6,-5.1,669,-52.3,0.305,94,0.283,1.09,20.3%,41.6%,38.1%,11.8%,10.9%,104,6.1%,10,18.5%,41.6%,34.1%,24.3%,19.2%,47.9%,32.9%,-5.51,-111.12,105.61,7.65,0.37,1.01,1.45,256,-0.17,-5.27,-45.7,-3.5,-21.3,39.0,-49.2,17.7,4.2,184.8,157.5,16.2,$129.7,6177,102,105,92,96,93,94,94,94,93,96,109,104,98,97,6177,4134,87.8,103.1,115.1,13.8,224,5.4%,1376,33.3%,0.234,0.231,0.389,0.371,0.305,0.301,26.1%,65.5%,46.5%,57.6%,83.8%,76.7%,51.8%,21.6
236,2018,PHI,162,2474,5424,6136,1270,813,241,30,186,677,653,582,33,1520,64,32,32,102,69,26,0.234,6136,9.5%,24.8%,0.38,0.234,0.314,0.393,0.707,0.158,4.4,0.289,-0.9,4.1,-0.7,-0.3,676,-40.4,0.307,91,0.289,1.14,19.9%,42.7%,37.5%,12.0%,12.7%,112,6.7%,17,23.6%,40.7%,35.0%,24.3%,22.1%,48.8%,29.1%,-4.06,-102.09,98.03,-15.87,-1.40,0.95,1.16,295,-4.27,0.00,-71.4,-0.9,-34.0,35.1,-72.3,1.1,4.2,183.6,116.6,12.0,$96.0,6136,106,115,92,96,94,91,97,96,91,99,107,101,101,97,6136,3970,88.1,104.8,116.6,13.2,260,6.5%,1392,35.1%,0.234,0.227,0.393,0.375,0.307,0.302,26.0%,64.0%,45.7%,52.5%,82.8%,74.5%,51.8%,22.9
237,2018,PIT,161,2293,5447,6066,1381,896,290,38,157,692,665,474,38,1229,59,52,31,121,70,38,0.254,6066,7.8%,20.3%,0.39,0.254,0.317,0.407,0.725,0.154,4.4,0.298,-4.1,-4.3,3.3,-4.9,693,-15.6,0.312,95,0.298,1.27,21.4%,43.9%,34.7%,9.1%,10.7%,133,7.2%,18,25.4%,38.3%,34.9%,26.8%,19.1%,48.6%,32.3%,-0.52,-104.18,103.66,13.80,1.50,0.97,1.18,264,-0.22,-0.31,-38.5,-1.6,0.2,36.9,-40.0,37.1,4.1,181.5,182.7,18.8,$150.4,6066,87,94,100,97,98,95,94,99,98,102,99,95,101,107,6066,4304,88.2,103.3,115.6,12.1,263,6.1%,1491,34.6%,0.254,0.247,0.407,0.397,0.312,0.311,27.3%,67.2%,47.9%,59.4%,85.2%,78.1%,51.6%,22.4
238,2018,STL,162,2464,5498,6200,1369,907,248,9,205,759,725,525,40,1380,80,48,46,92,63,32,0.249,6200,8.5%,22.3%,0.38,0.249,0.321,0.409,0.730,0.160,3.7,0.294,8.6,8.3,-6.8,-4.0,727,2.2,0.316,99,0.294,1.23,22.3%,42.9%,34.8%,8.6%,14.3%,135,7.6%,18,19.1%,41.6%,33.1%,25.2%,16.9%,44.0%,39.1%,7.37,-104.48,111.85,72.91,7.61,0.98,1.29,248,4.65,2.85,-5.0,-10.8,-36.1,38.3,-15.8,2.2,4.2,185.5,176.2,18.1,$145.1,6200,94,103,98,98,98,99,98,98,102,99,100,104,95,101,6200,4215,88.8,104.5,117.2,12.2,320,7.6%,1535,36.4%,0.249,0.243,0.409,0.416,0.316,0.320,25.8%,63.3%,45.3%,55.1%,84.9%,76.7%,52.0%,22.2
239,2018,SDP,162,2380,5486,6059,1289,847,250,30,162,617,583,471,28,1523,31,36,35,122,95,36,0.235,6059,7.8%,25.1%,0.31,0.235,0.297,0.380,0.677,0.145,4.4,0.294,-2.9,-3.9,3.6,1.1,601,-106.6,0.294,84,0.294,1.47,21.4%,46.7%,31.9%,11.5%,12.9%,135,7.3%,16,18.0%,39.2%,35.7%,25.1%,19.8%,43.3%,36.9%,-9.77,-109.61,99.85,-75.49,-7.83,1.00,1.27,261,-7.12,-2.66,-116.3,4.7,6.0,34.1,-111.6,40.2,4.1,181.3,114.0,11.7,$93.9,6059,87,117,93,91,91,84,89,98,98,108,91,97,103,100,6059,4034,88.5,104.7,116.9,9.6,227,5.6%,1362,33.8%,0.235,0.228,0.380,0.361,0.294,0.288,28.4%,64.3%,47.1%,55.7%,82.8%,75.0%,52.1%,21.6
240,2018,SFG,162,2412,5541,6113,1324,906,255,30,133,603,573,448,40,1467,49,42,33,113,77,34,0.239,6113,7.3%,24.0%,0.31,0.239,0.300,0.368,0.667,0.129,4.1,0.299,-1.1,0.0,4.4,-1.8,585,-128.9,0.290,82,0.299,1.34,22.1%,44.6%,33.3%,9.6%,9.8%,118,6.5%,12,16.4%,38.3%,34.9%,26.8%,18.0%,45.9%,36.2%,-8.58,-114.25,105.66,-82.15,-8.52,1.06,1.35,298,-9.45,1.35,-137.5,2.6,-17.7,36.6,-134.9,18.9,4.2,182.9,71.0,7.3,$58.5,6113,82,111,94,92,88,82,79,100,101,103,95,95,100,107,6113,4149,87.6,102.8,114.2,11.7,223,5.4%,1381,33.3%,0.239,0.235,0.368,0.368,0.290,0.292,26.7%,66.9%,47.6%,54.5%,83.8%,75.9%,52.0%,22.3
241,2017,LAA,162,2392,5415,6073,1314,863,251,14,186,710,678,523,30,1198,70,46,17,141,136,44,0.243,6073,8.6%,19.7%,0.44,0.243,0.315,0.397,0.712,0.155,4.5,0.277,1.2,-4.8,-3.1,5.0,669,-71.2,0.307,92,0.277,1.32,18.7%,46.3%,35.0%,9.9%,12.6%,109,5.6%,16,33.3%,42.5%,34.2%,23.3%,19.6%,50.0%,30.4%,0.69,-111.76,112.45,-14.02,-1.32,1.04,1.68,108,-2.42,3.09,-62.7,1.9,42.9,-15.4,-60.8,27.5,13.1,187.7,167.5,16.7,$133.4,6073,102,93,95,97,92,92,89,93,92,107,96,105,99,94,6073,4282,86.9,103.7,114.9,10.9,233,5.4%,1367,31.9%,0.243,0.247,0.397,0.403,0.307,0.314,25.7%,64.9%,45.7%,58.7%,85.8%,78.3%,50.9%,23.5
242,2017,BAL,162,2351,5650,6140,1469,956,269,12,232,743,713,392,12,1412,50,37,10,138,32,13,0.260,6140,6.4%,23.0%,0.28,0.260,0.312,0.435,0.747,0.175,3.2,0.306,-6.8,-5.5,-12.4,-2.6,734,-13.8,0.318,95,0.306,1.22,20.4%,43.7%,35.9%,10.7%,15.2%,149,8.0%,14,40.0%,41.1%,34.9%,24.1%,19.4%,47.0%,33.6%,-3.56,-102.73,99.16,-26.46,-2.68,0.91,1.13,94,-3.14,-0.76,-36.4,-15.0,-21.2,-14.6,-51.3,-35.8,13.3,189.8,115.9,11.5,$92.3,6140,76,108,101,96,101,95,101,103,100,101,99,101,101,97,6140,4286,88.2,105.6,118.5,11.8,311,7.3%,1586,37.0%,0.260,0.254,0.435,0.431,0.318,0.319,28.7%,67.4%,48.2%,57.0%,83.1%,75.4%,50.4%,22.8
243,2017,BOS,162,2334,5669,6338,1461,972,302,19,168,785,735,571,48,1224,53,36,9,141,106,31,0.258,6338,9.0%,19.3%,0.47,0.258,0.329,0.407,0.736,0.149,4.5,0.300,1.5,-0.8,2.9,4.2,748,-24.2,0.316,91,0.300,1.32,20.3%,45.3%,34.4%,11.4%,11.0%,153,7.6%,12,37.5%,38.4%,35.5%,26.2%,19.0%,48.8%,32.2%,-2.89,-117.19,114.30,-10.94,-1.15,1.04,1.75,94,-4.96,2.18,-68.9,7.1,32.6,-15.7,-61.8,16.9,13.7,195.9,164.7,16.4,$131.1,6338,107,91,101,102,95,91,86,101,100,105,95,95,103,105,6338,4490,87.3,104.0,114.3,10.9,221,4.9%,1468,32.7%,0.258,0.250,0.407,0.397,0.316,0.313,24.9%,61.8%,43.9%,62.6%,86.1%,79.7%,51.6%,23.4
244,2017,CHW,162,2289,5513,6059,1412,933,256,37,186,706,670,401,17,1397,76,33,35,124,71,31,0.256,6059,6.6%,23.1%,0.29,0.256,0.314,0.417,0.731,0.161,4.5,0.309,2.4,-1.9,-1.7,-2.4,697,-41.0,0.313,95,0.309,1.42,19.4%,47.2%,33.3%,9.3%,13.6%,147,7.6%,16,22.5%,40.1%,33.6%,26.4%,20.1%,50.2%,29.8%,-6.92,-107.25,100.33,-45.91,-4.19,0.96,1.70,86,-4.09,-3.15,-34.4,-4.2,9.3,-15.2,-38.6,-6.0,13.1,187.3,155.8,15.5,$124.1,6059,79,108,100,97,97,95,93,104,96,109,92,99,97,106,6059,4185,87.0,104.3,115.5,10.6,257,6.1%,1361,32.5%,0.256,0.246,0.417,0.403,0.313,0.307,28.7%,67.5%,48.8%,55.3%,84.0%,75.9%,51.9%,22.6
245,2017,CLE,162,2367,5511,6234,1449,875,333,29,212,818,780,604,30,1153,50,45,23,125,88,23,0.263,6234,9.7%,18.5%,0.52,0.263,0.339,0.449,0.788,0.186,4.7,0.295,3.4,3.6,4.5,4.1,839,79.0,0.336,105,0.295,1.17,20.3%,42.9%,36.8%,9.4%,13.2%,124,6.6%,20,35.1%,42.3%,34.6%,23.1%,17.3%,50.2%,32.5%,-0.76,-102.82,102.06,53.34,5.27,0.92,1.25,93,6.69,-7.52,37.8,8.6,46.6,-15.2,46.4,31.4,13.5,192.7,283.9,28.3,$226.1,6234,115,87,103,104,105,105,107,99,100,99,101,104,100,93,6234,4427,88.1,104.3,114.6,12.6,281,6.3%,1589,35.9%,0.263,0.261,0.449,0.439,0.336,0.336,23.6%,64.9%,44.8%,61.7%,86.4%,80.1%,51.5%,22.3
246,2017,DET,162,2336,5556,6150,1435,924,289,35,187,735,699,503,21,1313,52,27,11,128,65,34,0.258,6150,8.2%,21.3%,0.38,0.258,0.324,0.424,0.748,0.166,4.3,0.306,-12.7,-2.0,-4.0,-5.1,749,-0.2,0.321,98,0.306,1.22,23.2%,42.2%,34.6%,8.2%,12.7%,104,5.8%,3,13.6%,38.4%,34.3%,27.3%,16.8%,45.8%,37.4%,-7.21,-107.02,99.81,-36.48,-3.63,0.95,0.95,103,-4.72,-2.84,-18.0,-9.1,-34.7,-16.6,-27.1,-51.3,13.3,190.1,125.1,12.4,$99.6,6150,97,100,101,100,99,98,95,103,114,97,95,95,99,110,6150,4282,87.5,103.4,114.2,12.5,303,7.1%,1536,35.9%,0.258,0.266,0.424,0.450,0.321,0.336,26.9%,66.0%,47.2%,58.2%,85.4%,77.9%,52.0%,23.5
247,2017,KCR,162,2342,5536,6027,1436,959,260,24,193,702,660,390,19,1166,45,37,17,160,91,31,0.259,6027,6.5%,19.3%,0.33,0.259,0.311,0.420,0.731,0.160,4.3,0.295,9.2,-8.3,6.3,1.6,690,-44.9,0.312,91,0.295,1.13,22.3%,41.2%,36.6%,10.8%,12.0%,111,6.1%,15,38.5%,39.1%,34.5%,26.4%,19.8%,49.8%,30.4%,-2.78,-106.08,103.30,-59.97,-5.52,0.95,1.14,48,-6.57,3.64,-68.1,7.9,0.6,-13.9,-60.2,-13.3,13.0,186.3,125.8,12.5,$100.2,6027,77,91,101,96,98,91,92,99,110,95,100,96,100,106,6027,4426,87.4,104.5,118.0,13.5,258,5.8%,1437,32.5%,0.259,0.262,0.420,0.428,0.312,0.320,30.2%,70.4%,50.6%,60.8%,86.2%,78.7%,50.7%,22.7
248,2017,MIN,162,2324,5557,6261,1444,921,286,31,206,815,781,593,26,1342,46,39,26,105,95,28,0.260,6261,9.5%,21.4%,0.44,0.260,0.334,0.434,0.768,0.174,4.7,0.306,4.6,6.5,5.0,3.3,805,41.9,0.329,103,0.306,1.11,21.2%,41.5%,37.3%,10.6%,13.2%,100,5.7%,31,39.2%,41.0%,34.6%,24.3%,17.1%,50.7%,32.2%,4.23,-101.02,105.25,48.53,4.68,0.92,1.31,104,2.29,2.29,25.3,8.3,58.1,-15.2,33.6,42.9,13.6,193.5,283.7,28.2,$225.9,6261,112,101,101,103,101,103,100,103,104,96,102,101,100,98,6261,4280,87.6,103.6,116.2,13.5,260,6.1%,1432,33.5%,0.260,0.251,0.434,0.421,0.329,0.323,25.4%,62.6%,44.6%,60.0%,84.7%,77.9%,51.7%,22.9
249,2017,NYY,162,2294,5594,6354,1463,933,266,23,241,858,821,616,22,1386,64,56,18,119,90,22,0.262,6354,9.7%,21.8%,0.44,0.262,0.339,0.447,0.785,0.185,4.5,0.304,0.7,5.7,2.9,4.7,853,78.6,0.336,109,0.304,1.16,20.4%,42.8%,36.8%,10.5%,15.4%,148,8.2%,15,36.6%,41.4%,33.6%,25.0%,20.0%,49.8%,30.2%,3.68,-108.54,112.22,99.74,9.86,0.97,1.15,112,10.83,-7.05,71.3,7.6,19.1,-15.4,78.9,3.7,13.8,196.4,292.7,29.1,$233.1,6354,115,102,102,104,104,109,107,102,101,99,101,102,97,101,6354,4288,87.6,104.9,121.1,12.6,310,7.2%,1445,33.7%,0.262,0.254,0.447,0.433,0.336,0.333,25.8%,65.3%,45.2%,55.5%,84.7%,76.2%,49.2%,23.4
250,2017,OAK,162,2350,5464,6126,1344,790,305,15,234,739,708,565,15,1491,43,40,13,129,57,22,0.246,6126,9.2%,24.3%,0.38,0.246,0.319,0.436,0.755,0.190,3.8,0.294,-3.7,-0.4,-8.9,-1.4,755,8.9,0.323,103,0.294,0.93,20.8%,38.1%,41.1%,9.3%,14.2%,92,6.0%,8,27.6%,39.2%,35.6%,25.1%,16.8%,50.8%,32.4%,5.11,-106.72,111.83,5.74,0.79,0.97,1.34,124,3.11,2.15,25.4,-10.3,-32.4,-14.4,15.1,-46.9,13.3,189.3,170.8,17.0,$136.0,6126,110,114,96,98,101,103,109,99,102,88,113,97,103,101,6126,4027,88.5,104.3,113.5,15.3,315,7.8%,1493,37.1%,0.246,0.246,0.436,0.441,0.323,0.328,24.5%,66.7%,46.2%,54.6%,83.0%,75.7%,51.4%,22.7
251,2017,SEA,162,2323,5551,6166,1436,938,281,17,200,750,714,487,31,1267,78,35,14,131,89,35,0.259,6166,7.9%,20.5%,0.38,0.259,0.325,0.424,0.749,0.165,4.2,0.300,-10.7,-1.2,-4.1,-0.7,751,-0.2,0.321,103,0.300,1.21,19.2%,44.2%,36.6%,7.9%,12.8%,125,6.6%,18,31.6%,39.8%,35.8%,24.4%,18.2%,50.4%,31.4%,2.43,-106.21,108.64,22.55,2.35,0.97,1.38,91,1.43,1.09,19.8,-4.9,21.3,-14.8,14.9,6.5,13.4,190.6,225.3,22.4,$179.4,6166,94,96,101,100,99,103,95,101,95,102,100,98,104,98,6166,4334,88.0,104.9,117.7,11.7,269,6.2%,1519,35.0%,0.259,0.254,0.424,0.424,0.321,0.322,25.1%,64.2%,45.7%,58.3%,85.5%,78.4%,52.7%,22.8
252,2017,TBR,162,2345,5478,6147,1340,854,226,32,228,694,671,545,33,1538,55,48,16,115,88,34,0.245,6147,8.9%,25.0%,0.35,0.245,0.317,0.422,0.739,0.178,4.5,0.296,7.7,3.9,9.2,-0.4,722,-27.4,0.316,99,0.296,1.18,20.0%,43.4%,36.6%,10.0%,15.8%,117,6.8%,13,24.5%,40.8%,34.6%,24.6%,19.0%,46.5%,34.6%,-4.65,-110.87,106.22,-47.87,-4.84,1.00,1.47,122,-0.04,-4.60,-10.1,8.8,10.1,-15.7,-1.3,-5.6,13.3,190.0,196.4,19.5,$156.4,6147,105,117,95,98,98,99,102,99,99,100,101,101,100,99,6147,4009,87.2,104.5,116.2,12.2,281,7.0%,1366,34.1%,0.245,0.235,0.422,0.406,0.316,0.310,28.6%,68.3%,48.7%,55.1%,81.1%,73.5%,50.6%,23.5
253,2017,TEX,162,2268,5430,6122,1326,813,255,21,237,799,756,544,18,1493,81,39,27,110,113,44,0.244,6122,8.9%,24.4%,0.36,0.244,0.320,0.430,0.750,0.186,4.6,0.291,3.4,2.5,-0.8,0.4,747,1.1,0.321,90,0.291,1.18,19.4%,43.7%,36.9%,11.1%,16.3%,109,6.3%,24,39.3%,43.6%,33.7%,22.7%,18.3%,48.1%,33.6%,-0.71,-99.84,99.13,23.28,2.07,0.90,1.31,66,-0.56,-0.23,-76.4,-0.4,-9.5,-14.4,-76.8,-23.9,13.3,189.2,101.8,10.1,$81.0,6122,106,115,95,99,100,90,107,98,95,101,101,107,98,91,6122,4004,87.7,104.6,117.3,12.9,306,7.6%,1390,34.7%,0.244,0.238,0.430,0.421,0.321,0.319,27.8%,64.4%,46.3%,55.3%,82.9%,74.7%,50.4%,22.9
254,2017,TOR,162,2455,5499,6154,1320,824,269,5,222,693,661,542,12,1327,51,35,25,153,53,24,0.240,6154,8.8%,21.6%,0.41,0.240,0.312,0.412,0.724,0.172,3.1,0.276,-8.2,-4.5,-9.5,-3.1,701,-49.5,0.312,93,0.276,1.17,19.2%,43.6%,37.2%,10.7%,14.3%,94,5.2%,11,22.0%,40.2%,34.6%,25.1%,19.3%,49.8%,30.8%,-8.07,-115.77,107.70,-84.88,-8.28,1.01,1.56,124,-8.64,0.68,-56.8,-12.6,-34.6,-15.2,-69.3,-49.8,13.3,190.2,84.4,8.4,$67.2,6154,105,101,94,96,96,93,99,93,95,101,102,99,100,101,6154,4234,87.4,104.2,113.5,12.3,293,6.9%,1431,33.8%,0.240,0.242,0.412,0.418,0.312,0.317,25.7%,63.8%,45.1%,59.3%,85.5%,78.1%,50.9%,22.4
255,2017,ARI,162,2360,5525,6224,1405,832,314,39,220,812,776,578,44,1456,54,27,39,106,103,30,0.254,6224,9.3%,23.4%,0.40,0.254,0.329,0.445,0.774,0.190,5.1,0.306,3.1,5.0,4.0,4.3,799,40.1,0.329,95,0.306,1.31,20.2%,45.3%,34.5%,9.0%,15.7%,119,6.5%,13,19.7%,38.2%,36.6%,25.2%,17.4%,48.1%,34.5%,-0.72,-109.75,109.03,37.38,3.14,0.98,1.33,251,0.04,-0.77,-40.3,8.3,-3.2,40.3,-32.0,37.2,21.5,192.4,219.0,21.8,$174.4,6224,103,111,97,99,102,95,108,100,98,102,98,97,104,99,6224,4136,88.0,104.7,114.8,10.2,274,6.6%,1478,35.7%,0.254,0.247,0.445,0.421,0.329,0.321,24.7%,65.1%,45.3%,55.0%,83.9%,76.1%,50.9%,22.9
256,2017,ATL,162,2374,5584,6216,1467,987,289,26,165,732,706,474,57,1184,66,32,59,137,77,31,0.263,6216,7.6%,19.0%,0.40,0.263,0.326,0.412,0.738,0.150,4.3,0.305,9.1,-3.4,5.3,-1.4,723,-34.8,0.316,89,0.305,1.46,21.2%,46.8%,32.0%,7.2%,11.8%,119,5.8%,18,17.1%,38.0%,35.1%,26.9%,18.9%,51.2%,29.9%,-1.79,-109.13,107.34,-9.98,-1.04,0.99,1.22,268,-2.39,0.59,-91.8,3.9,-19.7,37.2,-88.0,17.6,21.4,192.1,143.2,14.2,$114.0,6216,85,91,101,98,94,89,85,100,103,106,91,96,100,106,6216,4492,86.7,102.7,114.4,10.1,228,5.1%,1357,30.2%,0.263,0.256,0.412,0.405,0.316,0.313,30.0%,69.6%,49.8%,64.8%,85.1%,79.0%,50.0%,22.6
257,2017,CHC,162,2420,5496,6283,1402,876,274,29,223,822,785,622,54,1401,82,32,48,134,62,31,0.255,6283,9.9%,22.3%,0.44,0.255,0.338,0.437,0.775,0.182,4.2,0.302,0.3,-2.5,1.4,-4.6,816,50.4,0.331,101,0.302,1.30,19.6%,45.5%,34.9%,9.1%,15.6%,127,6.8%,19,24.1%,41.9%,34.3%,23.8%,18.5%,50.3%,31.2%,2.15,-107.54,109.69,72.32,7.18,0.98,1.23,294,7.70,-5.50,11.6,-3.2,6.9,40.6,8.4,47.5,21.7,194.2,271.7,27.0,$216.3,6283,110,106,98,101,100,101,104,99,95,103,99,106,98,94,6283,4178,87.4,104.5,116.1,12.0,300,7.2%,1419,34.0%,0.255,0.247,0.437,0.424,0.331,0.327,26.7%,66.2%,47.2%,56.5%,83.4%,76.0%,51.8%,22.5
258,2017,CIN,162,2321,5484,6213,1390,884,249,38,219,753,715,565,41,1329,72,42,50,116,120,39,0.253,6213,9.1%,21.4%,0.43,0.253,0.329,0.433,0.761,0.179,5.0,0.294,-14.0,4.9,-1.5,3.8,774,16.7,0.325,95,0.294,1.17,20.8%,42.6%,36.6%,9.4%,14.4%,109,6.2%,17,17.2%,40.2%,34.9%,24.9%,20.2%,50.5%,29.4%,-6.26,-104.06,97.81,0.68,0.02,0.93,0.93,240,-0.80,-5.90,-42.1,2.3,7.6,37.9,-39.8,45.6,21.4,192.0,219.2,21.8,$174.5,6213,101,102,97,99,99,95,102,96,101,96,104,102,99,98,6213,4247,85.5,102.0,113.0,12.9,231,5.4%,1165,27.4%,0.253,0.246,0.433,0.399,0.325,0.314,25.5%,65.0%,46.3%,61.7%,85.2%,79.1%,52.6%,22.1
259,2017,COL,162,2374,5534,6201,1510,987,293,38,192,824,793,519,46,1408,44,41,62,143,59,34,0.273,6201,8.4%,22.7%,0.37,0.273,0.338,0.444,0.781,0.171,4.4,0.332,5.8,-5.8,-1.2,-6.4,809,53.7,0.332,88,0.332,1.40,21.1%,46.0%,32.9%,7.7%,14.1%,118,6.2%,16,16.8%,36.2%,36.2%,27.6%,19.2%,49.2%,31.7%,-5.97,-101.86,95.89,-18.20,-2.15,0.89,0.95,259,-4.51,-2.22,-99.4,-7.6,4.1,39.0,-107.0,43.1,21.4,191.7,149.2,14.8,$118.8,6201,93,108,104,101,101,88,97,109,103,104,94,91,103,109,6201,4230,86.8,103.6,117.1,10.0,216,5.1%,1356,32.1%,0.273,0.244,0.444,0.391,0.332,0.305,28.1%,64.7%,47.2%,57.6%,84.5%,76.8%,52.2%,23.2
260,2017,MIA,162,2399,5602,6248,1497,1001,271,31,194,778,743,486,48,1282,67,41,50,119,91,30,0.267,6248,7.8%,20.5%,0.38,0.267,0.331,0.431,0.761,0.163,4.6,0.313,-3.0,2.7,-0.5,1.7,775,13.4,0.325,101,0.313,1.62,19.8%,49.5%,30.6%,9.6%,14.7%,139,6.5%,22,21.4%,37.3%,35.9%,26.8%,21.0%,49.6%,29.4%,3.07,-101.73,104.80,52.75,5.49,0.93,1.15,271,4.60,-1.31,7.6,1.2,-4.9,36.6,8.8,31.7,21.5,193.1,255.2,25.4,$203.2,6248,86,98,102,99,98,101,93,102,97,112,87,94,102,106,6248,4413,87.0,105.4,122.2,8.3,258,5.8%,1404,31.8%,0.267,0.255,0.431,0.412,0.325,0.317,26.9%,64.3%,46.4%,59.5%,86.4%,79.0%,52.2%,22.1
261,2017,HOU,162,2313,5611,6271,1581,977,346,20,238,896,854,509,27,1087,70,61,11,139,98,42,0.282,6271,8.1%,17.3%,0.47,0.282,0.346,0.478,0.823,0.196,4.5,0.309,3.2,-1.6,1.6,-2.0,911,146.8,0.349,121,0.309,1.19,19.5%,43.7%,36.8%,11.0%,14.2%,157,7.9%,20,50.0%,40.4%,34.8%,24.7%,17.8%,49.9%,32.3%,14.36,-97.91,112.27,172.26,17.26,0.91,1.37,73,16.26,-0.43,163.0,-0.4,13.1,-14.3,162.6,-1.1,13.6,193.8,368.9,36.7,$293.7,6271,96,81,110,106,111,121,113,104,96,101,101,100,101,100,6271,4605,88.0,104.4,114.6,12.3,273,5.9%,1622,35.2%,0.282,0.267,0.478,0.443,0.349,0.335,26.2%,65.3%,45.3%,65.4%,87.8%,81.2%,48.9%,23.1
262,2017,LAD,162,2464,5408,6191,1347,794,312,20,221,770,730,649,41,1380,64,38,31,119,77,28,0.249,6191,10.5%,22.3%,0.47,0.249,0.334,0.437,0.771,0.188,4.1,0.293,4.0,2.0,-1.0,-0.2,797,42.2,0.330,104,0.293,1.16,20.1%,42.9%,37.0%,8.0%,14.8%,104,6.0%,11,17.5%,40.1%,34.3%,25.6%,16.3%,48.3%,35.5%,8.09,-102.62,110.71,59.87,6.90,0.97,1.20,342,7.95,0.40,34.8,-1.1,15.1,37.6,33.7,52.7,21.3,191.4,299.1,29.8,$238.2,6191,117,106,95,100,100,104,107,96,98,97,105,101,98,101,6191,4098,88.3,104.1,116.0,12.2,304,7.4%,1487,36.3%,0.249,0.250,0.437,0.439,0.330,0.333,22.1%,64.4%,43.7%,56.1%,84.3%,77.3%,51.1%,22.6
263,2017,MIL,162,2423,5467,6135,1363,850,267,22,224,732,695,547,34,1571,53,26,42,116,128,41,0.249,6135,8.9%,25.6%,0.35,0.249,0.322,0.429,0.751,0.180,4.8,0.308,-1.5,-0.8,0.2,4.7,745,-2.8,0.321,94,0.308,1.37,21.2%,45.5%,33.3%,8.4%,17.3%,109,6.2%,18,22.8%,39.2%,35.1%,25.7%,18.9%,46.6%,34.5%,-1.56,-108.75,107.18,-25.60,-2.61,0.97,1.20,283,-0.78,-0.83,-50.9,4.8,23.5,36.4,-46.1,59.9,21.1,189.6,224.6,22.4,$178.8,6135,99,122,95,97,98,94,102,101,103,103,94,99,100,101,6135,3964,87.1,103.8,114.7,10.7,255,6.4%,1315,33.2%,0.249,0.237,0.429,0.395,0.321,0.307,26.6%,66.1%,46.7%,56.2%,81.3%,74.3%,50.8%,22.0
264,2017,WSN,162,2322,5553,6214,1477,920,311,31,215,819,796,542,56,1327,31,45,43,116,108,30,0.266,6214,8.7%,21.4%,0.41,0.266,0.332,0.449,0.782,0.183,4.9,0.311,4.1,2.5,4.9,5.3,805,47.8,0.331,99,0.311,1.23,20.3%,43.9%,35.8%,8.9%,14.2%,137,7.4%,12,16.0%,39.1%,34.7%,26.1%,17.8%,50.8%,31.4%,3.98,-102.89,106.87,79.17,7.45,0.94,1.17,241,4.75,-0.53,-9.5,10.2,-23.7,42.1,0.7,18.5,21.4,192.1,232.6,23.2,$185.2,6214,97,102,102,100,103,99,104,102,99,99,102,99,99,103,6214,4314,88.1,104.2,118.3,11.6,281,6.5%,1570,36.4%,0.266,0.256,0.449,0.433,0.331,0.325,26.4%,63.8%,45.8%,60.9%,84.9%,78.3%,52.0%,22.7
265,2017,NYM,162,2396,5510,6169,1379,841,286,28,224,735,713,529,31,1291,57,37,36,118,58,23,0.250,6169,8.6%,20.9%,0.41,0.250,0.320,0.434,0.755,0.184,4.0,0.286,-10.4,0.8,-10.8,-1.7,753,1.4,0.322,101,0.286,1.02,20.2%,40.2%,39.6%,10.4%,13.4%,113,6.7%,11,16.2%,40.3%,35.6%,24.1%,18.6%,47.8%,33.5%,-1.21,-101.58,100.37,24.36,2.61,0.92,1.00,245,5.52,-6.83,4.1,-12.5,-35.0,37.4,-8.4,2.4,21.3,190.7,205.9,20.5,$163.9,6169,95,100,96,96,99,101,105,94,98,91,112,102,102,95,6169,4292,87.1,102.8,115.2,14.0,262,6.1%,1436,33.5%,0.250,0.245,0.434,0.415,0.322,0.316,26.1%,65.1%,46.3%,60.3%,85.2%,78.5%,51.9%,22.0
266,2017,PHI,162,2308,5535,6133,1382,885,287,36,174,690,654,494,25,1417,47,36,21,128,59,25,0.250,6133,8.1%,23.1%,0.35,0.250,0.315,0.409,0.723,0.159,4.3,0.304,-5.8,-1.4,-10.7,-2.3,690,-57.2,0.310,87,0.304,1.36,20.6%,45.8%,33.6%,9.9%,12.6%,126,6.7%,29,44.6%,37.8%,35.1%,27.0%,20.6%,49.8%,29.6%,-9.09,-116.34,107.25,-56.59,-5.34,1.04,1.27,236,-5.68,-3.08,-99.9,-13.0,-23.8,35.2,-113.0,11.5,21.1,189.6,109.2,10.9,$86.9,6133,90,110,96,94,94,87,90,99,100,103,95,96,100,107,6133,4175,87.4,104.4,114.6,10.1,240,5.7%,1391,33.3%,0.250,0.241,0.409,0.388,0.310,0.303,27.3%,65.9%,47.1%,57.4%,84.0%,76.5%,51.3%,22.5
267,2017,PIT,162,2371,5458,6136,1331,895,249,36,151,668,635,519,39,1213,88,28,42,120,67,36,0.244,6136,8.5%,19.8%,0.43,0.244,0.318,0.386,0.704,0.142,4.3,0.286,3.0,0.3,4.5,-5.5,657,-90.7,0.304,85,0.286,1.44,20.5%,46.9%,32.5%,8.1%,11.0%,130,6.5%,15,18.1%,38.5%,35.0%,26.5%,21.2%,49.0%,29.8%,-5.21,-108.88,103.66,-72.95,-7.20,1.00,1.25,275,-8.37,3.16,-117.7,-1.0,-23.5,37.3,-118.7,13.9,21.1,189.7,105.9,10.5,$84.4,6136,94,94,93,95,88,85,81,94,100,106,92,97,100,105,6136,4316,86.3,102.5,112.4,10.2,185,4.3%,1298,30.1%,0.244,0.247,0.386,0.381,0.304,0.307,24.2%,65.6%,46.0%,61.0%,85.8%,79.6%,52.7%,22.1
268,2017,STL,162,2416,5470,6219,1402,894,284,28,196,761,728,593,36,1348,65,44,47,139,81,31,0.256,6219,9.5%,21.7%,0.44,0.256,0.334,0.426,0.760,0.170,4.4,0.304,2.5,0.3,3.4,-0.8,779,20.8,0.326,101,0.304,1.21,21.0%,43.3%,35.7%,8.3%,13.3%,120,6.7%,21,23.6%,41.4%,33.9%,24.7%,18.3%,49.2%,32.4%,-1.47,-107.84,106.37,27.19,2.95,0.97,1.04,291,3.53,-5.05,6.3,2.7,-9.0,38.1,9.0,29.1,21.4,192.2,251.7,25.1,$200.4,6219,106,103,98,100,97,101,96,100,102,98,101,104,97,97,6219,4213,87.3,103.6,113.3,12.6,286,6.8%,1429,33.9%,0.256,0.254,0.426,0.431,0.326,0.330,23.8%,65.3%,45.2%,56.6%,85.2%,78.0%,51.7%,22.3
269,2017,SDP,162,2342,5356,5954,1251,804,227,31,189,604,576,460,20,1499,53,33,52,99,89,33,0.234,5954,7.7%,25.2%,0.31,0.234,0.299,0.393,0.692,0.160,4.5,0.287,1.5,4.6,6.3,0.6,604,-121.5,0.298,82,0.287,1.13,19.4%,42.9%,37.8%,13.3%,13.1%,132,8.0%,25,23.1%,41.0%,33.8%,25.2%,22.7%,47.3%,30.0%,-5.52,-102.70,97.18,-117.27,-11.45,0.96,1.15,238,-9.27,3.51,-139.4,6.8,-13.6,34.5,-132.6,20.9,20.5,184.0,92.9,9.2,$74.0,5954,86,120,89,90,90,82,91,94,94,97,107,103,97,99,5954,3942,86.1,103.4,113.7,12.5,205,5.2%,1142,29.0%,0.234,0.225,0.393,0.369,0.298,0.289,27.1%,66.0%,47.3%,57.5%,82.2%,75.4%,51.9%,22.0
270,2017,SFG,162,2372,5551,6137,1382,936,290,28,128,639,612,467,37,1204,36,52,31,136,76,34,0.249,6137,7.6%,19.6%,0.39,0.249,0.309,0.380,0.689,0.132,4.2,0.294,6.7,-1.4,-0.7,-2.7,619,-128.5,0.296,83,0.294,1.39,19.4%,46.9%,33.7%,9.4%,8.7%,126,6.2%,25,31.3%,37.0%,37.4%,25.6%,20.3%,51.6%,28.1%,-12.18,-114.92,102.73,-97.80,-9.80,1.04,1.31,293,-8.19,-3.54,-136.7,-3.4,-22.5,36.6,-140.1,14.1,21.2,189.7,84.9,8.4,$67.6,6137,85,93,95,93,87,83,75,96,94,106,96,94,107,101,6137,4430,86.7,102.9,114.0,10.6,200,4.5%,1325,29.9%,0.249,0.242,0.380,0.381,0.296,0.298,26.0%,68.1%,47.6%,60.0%,85.4%,78.7%,51.2%,22.7
271,2016,LAA,162,2419,5431,6041,1410,955,279,20,156,717,686,471,21,991,51,49,36,147,73,34,0.260,6041,7.8%,16.4%,0.48,0.260,0.322,0.405,0.726,0.145,4.0,0.289,-10.4,-3.8,-5.6,-2.6,691,-20.4,0.314,99,0.289,1.33,19.9%,45.6%,34.4%,9.5%,10.1%,103,5.1%,12,20.7%,38.7%,35.7%,25.6%,18.9%,50.8%,30.3%,1.29,-100.34,101.63,25.96,2.84,0.96,1.59,96,0.23,1.11,-10.6,-8.2,-0.4,-15.3,-18.7,-15.7,22.4,182.3,170.2,17.4,$139.2,6041,97,79,101,100,95,99,87,97,98,104,97,95,105,102,6041,4528,88.4,104.0,117.1,10.9,241,5.3%,1530,33.8%,0.260,0.261,0.405,0.412,0.314,0.321,27.7%,65.2%,47.1%,62.9%,88.8%,81.5%,51.8%,23.9
272,2016,BAL,162,2257,5524,6089,1413,889,265,6,253,744,710,468,19,1324,44,36,17,119,19,13,0.256,6089,7.7%,21.7%,0.35,0.256,0.317,0.443,0.760,0.188,2.5,0.291,6.0,1.1,-2.0,-4.6,755,37.3,0.326,103,0.291,1.11,19.2%,42.4%,38.4%,12.2%,15.6%,135,7.6%,10,27.0%,41.6%,33.8%,24.6%,20.3%,47.0%,32.7%,2.26,-103.41,105.67,22.68,2.36,0.95,1.22,73,3.53,-1.17,20.1,-6.6,4.3,-13.8,13.5,-9.5,22.6,183.7,210.3,21.5,$172.0,6089,96,105,99,99,105,103,113,98,94,96,108,102,99,99,6089,4253,89.4,106.3,117.2,13.6,357,8.4%,1594,37.5%,0.256,0.251,0.443,0.445,0.326,0.327,30.1%,65.4%,47.9%,55.4%,84.9%,75.7%,50.5%,23.1
273,2016,BOS,162,2284,5670,6320,1598,1022,343,25,208,878,836,558,34,1160,43,40,8,137,83,24,0.282,6320,8.8%,18.4%,0.48,0.282,0.348,0.461,0.810,0.179,4.6,0.320,5.9,1.5,-1.5,3.2,893,148.6,0.346,113,0.320,1.28,20.8%,44.4%,34.8%,11.2%,13.2%,142,7.1%,3,13.0%,41.4%,33.8%,24.8%,19.3%,47.3%,33.4%,9.03,-108.86,117.89,141.04,13.80,0.99,1.66,108,11.78,-2.63,99.3,1.7,4.2,-15.3,100.9,-11.1,23.4,190.7,303.9,31.1,$248.7,6320,110,89,109,108,109,113,108,107,102,101,98,101,99,99,6320,4559,89.1,104.6,114.9,11.3,287,6.3%,1614,35.4%,0.282,0.256,0.461,0.421,0.346,0.325,27.1%,60.3%,44.3%,65.4%,88.4%,81.6%,51.7%,23.7
274,2016,CHW,162,2217,5550,6131,1428,950,277,33,168,686,656,455,16,1285,53,44,29,122,77,36,0.257,6131,7.4%,21.0%,0.35,0.257,0.317,0.410,0.727,0.153,4.4,0.304,-1.3,1.4,1.6,-2.6,701,-21.4,0.314,97,0.304,1.39,20.5%,46.3%,33.2%,11.7%,11.8%,112,5.7%,19,30.2%,38.8%,33.4%,27.7%,19.4%,51.1%,29.5%,-1.63,-111.01,109.38,-35.08,-3.70,1.02,1.45,53,-1.67,0.07,-24.7,-1.0,-13.3,-16.0,-25.7,-29.3,22.7,185.0,152.7,15.6,$124.9,6131,93,101,100,99,97,97,92,102,100,105,93,95,98,111,6131,4338,88.5,104.1,117.1,10.6,214,4.9%,1435,33.1%,0.257,0.248,0.410,0.385,0.314,0.304,31.0%,64.8%,48.2%,59.8%,86.1%,77.8%,51.0%,23.1
275,2016,CLE,161,2366,5484,6155,1435,913,308,29,185,777,733,531,16,1246,49,60,31,137,134,31,0.262,6155,8.6%,20.2%,0.43,0.262,0.329,0.430,0.759,0.168,5.1,0.304,9.3,-4.3,4.5,10.8,767,41.7,0.326,100,0.304,1.16,20.8%,42.6%,36.6%,10.1%,11.8%,99,5.4%,12,22.6%,41.5%,33.9%,24.6%,17.7%,51.5%,30.8%,3.93,-106.43,110.36,43.46,4.13,0.98,1.57,112,5.09,-1.08,-1.7,15.2,22.7,-14.2,13.5,8.6,22.8,185.7,230.6,23.6,$188.7,6155,108,98,102,102,101,100,101,102,102,97,103,101,100,98,6155,4329,88.5,103.7,114.2,13.2,260,6.0%,1514,35.0%,0.262,0.253,0.430,0.414,0.326,0.322,28.1%,65.0%,47.1%,62.4%,86.5%,79.5%,51.5%,22.7
276,2016,DET,161,2295,5526,6127,1476,983,252,30,211,750,719,493,32,1303,53,38,17,135,58,29,0.267,6127,8.0%,21.3%,0.38,0.267,0.331,0.438,0.769,0.171,4.0,0.312,-10.5,-2.8,-11.8,-3.6,782,59.9,0.330,106,0.312,1.15,21.6%,41.9%,36.5%,8.3%,13.6%,96,5.4%,11,27.5%,39.8%,34.3%,25.8%,17.3%,49.5%,33.2%,1.93,-106.86,108.79,23.03,2.27,0.97,1.36,89,3.48,-1.50,44.0,-15.5,-24.9,-15.8,28.5,-40.6,22.7,184.9,195.4,20.0,$159.9,6127,100,103,104,103,103,106,103,105,106,95,103,97,101,103,6127,4278,89.0,104.9,114.7,13.1,344,8.0%,1564,36.6%,0.267,0.263,0.438,0.456,0.330,0.338,29.0%,64.4%,47.2%,60.7%,85.7%,78.2%,51.4%,23.5
277,2016,KCR,162,2244,5552,6052,1450,1006,264,33,147,675,640,382,23,1224,45,34,38,134,121,35,0.261,6052,6.3%,20.2%,0.31,0.261,0.312,0.400,0.712,0.139,4.9,0.309,-5.6,-5.4,2.6,6.7,657,-55.8,0.307,89,0.309,1.43,20.1%,47.0%,32.8%,10.4%,10.4%,133,6.6%,24,27.3%,39.0%,35.0%,26.0%,19.5%,50.2%,30.3%,-4.62,-110.02,105.40,-58.12,-6.14,1.01,1.98,50,-6.87,2.28,-79.6,9.3,12.7,-15.9,-70.3,-3.1,22.4,182.6,131.5,13.5,$107.6,6052,79,98,101,97,94,89,83,104,99,107,92,95,103,104,6052,4401,88.4,104.5,115.6,10.6,224,5.1%,1486,33.8%,0.261,0.250,0.400,0.390,0.307,0.302,31.7%,66.2%,49.2%,58.7%,87.2%,78.2%,50.8%,23.2
278,2016,MIN,162,2290,5618,6245,1409,886,288,35,200,722,690,513,24,1426,44,43,27,96,91,32,0.251,6245,8.2%,22.8%,0.36,0.251,0.316,0.421,0.738,0.171,4.7,0.300,-1.4,7.3,6.5,1.9,729,-6.5,0.317,95,0.300,1.16,20.9%,42.6%,36.6%,9.1%,13.1%,103,5.8%,20,23.8%,41.5%,33.5%,25.0%,18.5%,50.4%,31.1%,-9.73,-117.43,107.70,-32.44,-3.36,1.04,1.19,72,0.20,-9.54,-36.3,8.4,-23.0,-14.4,-27.9,-37.4,23.1,188.4,146.2,15.0,$119.6,6245,102,111,97,98,99,95,102,100,102,97,103,102,98,100,6245,4262,88.5,103.7,116.4,12.4,257,6.0%,1490,35.0%,0.251,0.239,0.421,0.397,0.317,0.308,27.8%,60.9%,44.8%,60.2%,85.3%,77.8%,51.4%,23.3
279,2016,NYY,162,2308,5458,6058,1377,929,245,20,183,680,647,475,19,1188,42,49,21,121,72,22,0.252,6058,7.8%,19.6%,0.40,0.252,0.314,0.405,0.720,0.153,4.0,0.289,8.6,-0.2,-0.6,2.2,676,-37.5,0.311,92,0.289,1.32,20.6%,45.2%,34.2%,10.3%,12.4%,107,5.5%,14,33.3%,41.7%,34.1%,24.2%,17.8%,52.5%,29.7%,-2.36,-103.85,101.49,-47.95,-4.80,0.96,1.10,85,-2.08,-0.39,-60.3,1.6,15.3,-15.9,-58.7,-0.5,22.4,182.8,146.0,14.9,$119.4,6058,98,95,98,98,96,92,92,97,101,103,96,102,100,97,6058,4353,88.1,103.3,115.2,11.3,215,4.9%,1428,32.8%,0.252,0.247,0.405,0.388,0.311,0.305,28.9%,63.2%,46.1%,61.5%,88.2%,79.8%,50.1%,23.3
280,2016,OAK,162,2343,5500,6022,1352,892,270,21,169,653,634,442,19,1145,33,34,13,142,50,23,0.246,6022,7.3%,19.0%,0.39,0.246,0.304,0.395,0.699,0.149,3.6,0.280,-10.9,-8.9,-7.1,-2.4,628,-81.7,0.302,89,0.280,1.17,21.0%,42.6%,36.4%,9.3%,10.7%,107,5.8%,12,26.7%,38.6%,35.2%,26.1%,18.9%,52.0%,29.2%,-4.91,-103.96,99.04,-54.21,-5.65,0.96,1.76,133,-7.28,2.17,-78.3,-9.5,-46.5,-16.2,-87.8,-62.7,22.3,181.7,53.4,5.5,$43.7,6022,92,92,95,94,93,89,89,94,103,97,102,94,103,105,6022,4402,87.8,103.9,115.9,12.7,258,5.9%,1448,32.9%,0.246,0.252,0.395,0.413,0.302,0.314,27.3%,63.6%,46.2%,61.4%,86.4%,79.3%,52.0%,23.1
281,2016,SEA,162,2371,5583,6227,1446,955,251,17,223,768,735,506,29,1288,72,41,24,138,56,28,0.259,6227,8.1%,20.7%,0.39,0.259,0.326,0.430,0.756,0.171,3.7,0.297,-7.4,-2.5,-5.9,-3.6,770,36.0,0.325,108,0.297,1.38,19.9%,46.5%,33.6%,9.7%,15.5%,114,5.7%,33,38.4%,39.4%,35.2%,25.4%,19.1%,49.6%,31.3%,3.98,-108.45,112.43,66.91,7.30,0.98,1.39,166,7.57,-3.53,58.2,-9.6,-15.3,-16.1,48.6,-31.4,23.1,187.9,228.2,23.3,$186.7,6227,101,100,101,101,101,108,103,100,98,106,94,96,103,101,6227,4361,89.3,105.4,116.3,10.7,305,7.0%,1601,36.7%,0.259,0.254,0.430,0.426,0.325,0.325,27.0%,63.7%,46.2%,59.1%,85.9%,78.4%,52.2%,23.4
282,2016,TBR,162,2281,5481,6046,1333,797,288,32,216,672,647,449,20,1482,69,28,18,88,60,37,0.243,6046,7.4%,24.5%,0.30,0.243,0.307,0.426,0.733,0.182,4.1,0.293,-0.4,6.1,4.0,-6.1,694,-18.2,0.315,98,0.293,1.06,19.6%,41.4%,39.1%,12.4%,13.8%,127,7.7%,12,31.6%,43.5%,32.0%,24.5%,19.0%,48.4%,32.6%,-8.43,-108.60,100.17,-39.05,-4.15,0.98,1.56,103,-0.85,-7.78,-12.7,-2.1,-4.9,-14.3,-14.7,-19.1,22.4,182.4,170.9,17.5,$139.8,6046,93,119,94,95,100,98,110,98,96,94,110,106,94,98,6046,4046,89.1,104.7,113.7,14.5,312,7.7%,1490,36.8%,0.243,0.236,0.426,0.412,0.315,0.309,28.3%,65.1%,47.5%,56.4%,81.5%,74.4%,52.2%,23.3
283,2016,TEX,162,2324,5525,6089,1446,951,257,23,215,765,746,436,23,1220,70,40,18,114,99,36,0.262,6089,7.2%,20.0%,0.36,0.262,0.322,0.433,0.755,0.172,4.4,0.298,-3.1,3.3,-2.9,1.8,746,29.1,0.324,95,0.298,1.28,20.1%,44.8%,35.0%,10.6%,14.2%,129,6.7%,21,40.4%,41.5%,34.5%,24.0%,19.0%,49.6%,31.4%,9.34,-104.80,114.14,22.70,1.99,0.98,1.43,82,1.35,8.20,-39.0,-1.1,11.0,-16.6,-40.1,-5.7,22.6,183.7,160.5,16.4,$131.3,6089,89,97,102,100,102,95,103,100,98,102,99,101,101,96,6089,4363,88.8,104.7,117.8,11.4,283,6.5%,1578,36.2%,0.262,0.253,0.433,0.417,0.324,0.318,30.0%,62.2%,46.5%,60.3%,86.7%,78.4%,51.3%,23.1
284,2016,TOR,162,2349,5479,6233,1358,843,276,18,221,759,728,632,16,1362,55,40,26,153,54,24,0.248,6233,10.1%,21.9%,0.46,0.248,0.330,0.426,0.755,0.178,3.7,0.289,1.6,-8.2,-6.4,-2.4,778,43.4,0.327,104,0.289,1.16,19.9%,43.0%,37.0%,11.8%,14.5%,102,5.7%,21,36.8%,42.6%,32.2%,25.2%,19.1%,47.7%,33.1%,-0.99,-111.53,110.54,19.64,1.83,1.01,1.52,89,2.95,-3.94,30.9,-8.8,11.3,-13.6,22.0,-2.3,23.1,188.1,230.9,23.6,$188.9,6233,126,106,96,102,100,104,107,97,98,98,104,104,94,101,6233,4184,89.2,105.2,115.3,12.5,310,7.4%,1583,37.8%,0.248,0.244,0.426,0.419,0.327,0.326,24.5%,61.5%,43.8%,58.2%,84.9%,77.7%,52.1%,23.0
285,2016,ARI,162,2399,5665,6260,1479,948,285,56,190,752,709,463,43,1427,50,38,43,117,137,31,0.261,6260,7.4%,22.8%,0.32,0.261,0.320,0.432,0.752,0.171,5.9,0.315,8.4,-2.2,4.2,11.5,751,13.8,0.321,93,0.315,1.57,20.7%,48.5%,30.8%,8.8%,14.5%,132,6.4%,19,24.7%,37.9%,35.5%,26.6%,17.0%,49.7%,33.3%,-2.08,-115.66,113.59,-16.78,-2.26,1.02,1.40,266,-0.51,-1.52,-57.6,15.8,-21.4,31.3,-41.9,10.0,10.0,188.9,166.9,17.1,$136.6,6260,86,111,100,97,102,93,104,104,98,108,90,97,101,103,6260,4320,89.0,104.7,114.3,9.7,280,6.5%,1499,34.7%,0.261,0.248,0.432,0.410,0.321,0.312,28.4%,62.5%,46.2%,55.6%,85.8%,77.0%,52.4%,23.5
286,2016,ATL,161,2390,5514,6192,1404,960,295,27,122,649,615,502,60,1240,59,52,64,145,75,34,0.255,6192,8.1%,20.0%,0.40,0.255,0.321,0.384,0.705,0.130,4.1,0.305,-2.3,-1.6,2.2,-2.2,654,-75.4,0.304,86,0.305,1.52,21.2%,47.5%,31.3%,7.6%,9.1%,117,5.8%,21,17.4%,34.5%,36.5%,29.0%,18.8%,51.8%,29.4%,-10.70,-119.31,108.61,-77.15,-7.76,1.08,1.33,270,-6.79,-3.11,-104.7,0.0,-5.0,32.8,-104.7,27.8,9.9,186.8,119.8,12.3,$98.0,6192,94,98,98,97,90,86,79,100,100,106,92,88,104,113,6192,4391,88.3,103.2,118.5,9.4,218,5.0%,1382,31.5%,0.255,0.251,0.384,0.389,0.304,0.309,30.1%,64.3%,47.8%,63.5%,86.2%,79.3%,51.7%,23.0
287,2016,CHC,162,2332,5503,6335,1409,887,293,30,199,808,767,656,45,1339,96,37,42,108,66,34,0.256,6335,10.4%,21.1%,0.49,0.256,0.343,0.429,0.772,0.173,4.1,0.302,11.8,9.8,7.9,-4.3,822,75.6,0.333,106,0.302,1.17,21.3%,42.5%,36.3%,10.0%,13.2%,132,7.5%,27,30.7%,42.8%,35.0%,22.2%,19.5%,49.7%,30.8%,3.79,-107.84,111.63,90.85,9.28,0.99,1.23,234,7.46,-3.62,44.0,3.6,51.7,40.5,47.6,92.2,10.1,191.1,341.1,34.9,$279.1,6335,120,103,98,104,101,106,105,99,100,95,106,110,99,86,6335,4244,88.2,103.9,114.7,13.3,284,6.7%,1392,32.8%,0.256,0.243,0.429,0.409,0.333,0.324,26.3%,64.1%,45.4%,59.1%,84.1%,76.9%,50.4%,22.9
288,2016,CIN,162,2287,5487,6094,1403,929,277,33,164,716,678,452,37,1284,52,44,58,129,139,51,0.256,6094,7.4%,21.1%,0.35,0.256,0.316,0.408,0.724,0.152,5.2,0.303,-4.5,-3.6,-2.0,3.8,678,-40.1,0.311,89,0.303,1.33,22.3%,44.4%,33.3%,7.4%,11.7%,101,5.4%,23,20.4%,38.6%,35.8%,25.6%,17.9%,52.7%,29.5%,-1.54,-104.63,103.09,-13.57,-1.76,0.96,1.08,228,-6.00,4.40,-85.5,1.7,-28.5,34.2,-83.8,5.7,9.7,183.9,115.5,11.8,$94.5,6094,86,103,98,96,96,89,92,100,105,99,98,99,102,99,6094,4306,86.8,102.0,114.9,11.6,199,4.6%,1217,28.3%,0.256,0.246,0.408,0.382,0.311,0.301,28.5%,65.1%,47.3%,62.4%,86.0%,79.1%,51.4%,23.2
289,2016,COL,162,2369,5614,6236,1544,975,318,47,204,845,805,494,35,1330,40,34,54,113,66,39,0.275,6236,7.9%,21.3%,0.37,0.275,0.336,0.457,0.794,0.182,4.7,0.326,5.3,1.9,5.4,-6.1,836,101.5,0.339,94,0.326,1.31,22.0%,44.2%,33.8%,8.7%,14.1%,121,6.4%,28,25.9%,37.8%,34.8%,27.4%,18.1%,49.1%,32.8%,0.79,-108.37,109.16,26.65,1.43,0.97,1.18,253,-2.76,3.57,-46.1,-0.7,22.1,35.3,-46.8,57.4,9.9,188.2,208.7,21.3,$170.8,6236,92,104,106,102,108,94,111,107,104,99,99,97,99,106,6236,4372,88.5,104.5,118.0,10.9,271,6.2%,1561,35.7%,0.275,0.254,0.457,0.413,0.339,0.317,29.2%,65.1%,47.7%,59.8%,86.1%,78.3%,51.6%,24.0
290,2016,MIA,161,2460,5547,6133,1460,1031,259,42,128,655,626,447,40,1213,54,38,46,140,71,28,0.263,6133,7.3%,19.8%,0.37,0.263,0.322,0.394,0.716,0.131,4.4,0.314,5.3,-2.3,3.2,-0.6,674,-48.1,0.309,95,0.314,1.64,21.6%,48.7%,29.7%,8.5%,10.0%,157,7.5%,16,17.0%,35.5%,36.9%,27.5%,20.5%,49.6%,29.9%,-2.31,-109.06,106.76,-41.91,-4.40,1.01,1.25,277,-2.20,-0.07,-42.5,2.6,13.0,33.2,-39.9,46.2,9.8,185.0,201.1,20.6,$164.5,6133,84,96,101,98,93,95,79,103,102,109,87,91,105,107,6133,4419,88.4,104.4,120.1,8.3,211,4.8%,1485,33.6%,0.263,0.255,0.394,0.386,0.309,0.307,28.8%,61.5%,45.8%,60.5%,87.6%,79.4%,51.8%,23.1
291,2016,HOU,162,2334,5545,6204,1367,849,291,29,198,724,689,554,31,1452,47,31,27,134,102,44,0.247,6204,8.9%,23.4%,0.38,0.247,0.319,0.417,0.735,0.170,4.5,0.298,-0.3,-4.3,9.5,-0.8,724,-7.4,0.317,101,0.298,1.27,21.2%,44.1%,34.7%,8.9%,14.1%,137,7.6%,34,38.6%,43.8%,34.1%,22.1%,17.5%,49.5%,33.0%,-1.91,-109.36,107.46,14.84,1.35,0.99,1.28,118,2.56,-4.49,8.2,8.7,36.6,-17.5,16.9,19.1,23.0,187.2,246.2,25.2,$201.4,6204,111,113,96,99,98,101,102,100,104,100,97,107,100,88,6204,4151,88.7,104.9,118.2,11.5,296,7.1%,1492,35.9%,0.247,0.244,0.417,0.415,0.317,0.318,28.4%,65.9%,47.0%,58.3%,82.8%,75.3%,49.7%,23.6
292,2016,LAD,162,2491,5518,6164,1375,893,272,21,189,725,680,525,31,1321,58,32,30,120,45,26,0.249,6164,8.5%,21.4%,0.40,0.249,0.319,0.409,0.728,0.160,3.5,0.294,5.8,1.1,3.0,-4.9,704,-21.7,0.314,97,0.294,1.42,21.0%,46.4%,32.6%,8.4%,13.9%,101,5.2%,16,22.2%,37.7%,35.4%,26.9%,16.9%,49.7%,33.4%,2.89,-104.57,107.45,28.17,3.44,0.97,1.14,324,2.89,0.08,-22.2,-1.9,17.5,33.2,-24.1,50.7,9.8,186.0,222.4,22.7,$181.9,6164,99,104,96,97,96,97,97,96,99,104,96,97,101,105,6164,4260,89.3,104.7,114.6,10.7,281,6.6%,1582,37.1%,0.249,0.250,0.409,0.415,0.314,0.320,26.0%,64.9%,45.9%,57.3%,86.3%,78.3%,51.3%,23.2
293,2016,MIL,162,2342,5330,6061,1299,837,249,19,194,671,641,599,34,1543,37,39,53,132,181,56,0.244,6061,9.9%,25.5%,0.39,0.244,0.322,0.407,0.729,0.163,4.8,0.304,-3.0,-1.8,-2.1,10.0,695,-19.1,0.315,92,0.304,1.42,20.3%,46.7%,32.9%,8.1%,15.6%,106,6.0%,25,25.5%,36.7%,36.3%,27.0%,18.8%,48.8%,32.4%,-10.37,-112.87,102.50,-63.01,-6.37,1.02,1.28,282,-3.66,-6.56,-60.4,7.9,-16.1,32.3,-52.5,16.2,9.7,182.9,156.2,16.0,$127.8,6061,114,124,94,98,96,92,99,100,96,105,96,94,103,105,6061,3882,88.6,104.7,115.6,10.1,249,6.4%,1325,34.1%,0.244,0.233,0.407,0.383,0.315,0.306,25.6%,63.8%,45.2%,53.4%,82.8%,74.7%,51.2%,22.9
294,2016,WSN,162,2302,5490,6201,1403,903,268,29,203,763,735,536,49,1252,64,63,48,102,121,39,0.256,6201,8.6%,20.2%,0.43,0.256,0.326,0.426,0.751,0.170,4.9,0.293,5.8,5.2,0.3,5.0,744,13.7,0.322,96,0.293,1.20,19.4%,44.0%,36.5%,9.6%,13.1%,122,6.5%,24,23.5%,40.5%,34.6%,24.9%,18.2%,49.0%,32.8%,4.50,-105.70,110.20,41.67,4.15,0.99,1.29,219,4.77,-0.21,-32.4,5.2,3.7,38.8,-27.2,42.5,9.9,187.1,212.3,21.7,$173.7,6201,100,98,98,99,100,96,103,96,92,99,107,104,98,97,6201,4349,89.6,105.4,114.7,12.1,273,6.3%,1576,36.2%,0.256,0.248,0.426,0.417,0.322,0.321,26.9%,61.3%,44.5%,62.4%,86.5%,79.4%,51.2%,24.3
295,2016,NYM,162,2430,5459,6115,1342,865,240,19,218,671,649,517,43,1302,62,41,35,124,42,18,0.246,6115,8.5%,21.3%,0.40,0.246,0.316,0.417,0.733,0.171,3.4,0.282,-7.8,1.3,-13.0,-2.1,699,-21.1,0.315,99,0.282,1.02,22.0%,39.5%,38.5%,9.6%,13.6%,75,4.6%,11,15.7%,40.3%,35.1%,24.6%,19.1%,47.3%,33.6%,-4.41,-103.74,99.33,-15.29,-1.24,0.95,1.18,285,0.46,-5.08,-9.1,-15.2,-2.3,33.7,-24.3,31.4,9.7,184.5,201.4,20.6,$164.7,6115,98,104,94,96,98,99,104,93,104,88,113,103,100,96,6115,4234,88.2,103.2,115.0,14.7,260,6.1%,1437,33.9%,0.246,0.244,0.417,0.406,0.315,0.313,28.2%,63.7%,45.7%,60.7%,87.4%,79.1%,49.3%,23.1
296,2016,PHI,162,2348,5434,5992,1306,879,231,35,161,610,575,424,33,1376,58,30,46,111,96,45,0.240,5992,7.1%,23.0%,0.31,0.240,0.301,0.385,0.685,0.144,4.6,0.292,3.0,0.1,5.4,-2.2,594,-111.5,0.296,81,0.292,1.43,20.4%,46.9%,32.7%,10.6%,12.2%,134,7.1%,28,25.2%,37.9%,37.0%,25.2%,20.9%,50.6%,28.5%,-8.49,-105.22,96.73,-108.96,-11.20,0.96,1.15,259,-10.51,1.68,-138.4,3.1,-16.1,32.8,-135.2,16.8,9.5,180.8,71.9,7.4,$58.8,5992,82,112,92,91,90,81,88,96,96,105,96,97,105,98,5992,4134,88.3,104.0,113.6,10.1,208,5.0%,1404,34.0%,0.240,0.234,0.385,0.369,0.296,0.291,31.2%,66.2%,48.7%,58.5%,85.3%,76.7%,50.0%,22.9
297,2016,PIT,162,2458,5542,6261,1426,964,277,32,153,729,696,561,39,1334,81,36,41,133,110,45,0.257,6261,9.0%,21.3%,0.42,0.257,0.332,0.402,0.734,0.144,4.6,0.311,-8.3,1.6,-4.0,0.0,735,-2.2,0.318,97,0.311,1.48,21.3%,46.9%,31.7%,8.8%,11.5%,140,7.1%,16,20.5%,39.7%,34.8%,25.5%,19.8%,49.1%,31.1%,0.48,-111.30,111.77,11.78,1.36,1.02,1.19,291,0.49,-0.02,-19.8,-4.0,6.9,33.5,-23.8,40.4,10.0,188.9,215.5,22.0,$176.3,6261,104,104,99,101,94,97,88,102,101,105,93,102,99,99,6261,4285,88.0,103.6,113.7,10.4,218,5.1%,1432,33.4%,0.257,0.245,0.402,0.390,0.318,0.313,25.3%,63.7%,45.3%,58.1%,85.6%,78.3%,52.1%,23.3
298,2016,STL,162,2400,5548,6223,1416,859,300,32,225,779,745,526,28,1318,70,41,37,117,35,26,0.255,6223,8.5%,21.2%,0.40,0.255,0.325,0.443,0.768,0.187,3.6,0.294,-11.6,1.4,-4.1,-6.9,786,52.8,0.329,105,0.294,1.15,19.9%,42.9%,37.2%,7.6%,14.3%,145,8.0%,17,23.3%,41.8%,33.0%,25.2%,17.1%,49.5%,33.4%,7.07,-105.87,112.94,75.79,8.00,0.98,1.19,274,8.95,-1.73,36.0,-10.9,-7.5,34.1,25.1,26.6,9.9,187.8,249.3,25.5,$204.0,6223,98,103,98,99,104,105,114,97,94,96,109,107,94,98,6223,4309,88.8,104.4,115.5,13.0,319,7.4%,1554,36.1%,0.255,0.249,0.443,0.433,0.329,0.326,29.3%,67.0%,48.2%,59.1%,86.1%,77.9%,50.2%,23.2
299,2016,SDP,162,2355,5419,6000,1275,815,257,26,177,686,654,449,30,1500,58,36,36,93,125,45,0.235,6000,7.5%,25.0%,0.30,0.235,0.299,0.390,0.689,0.155,5.0,0.291,16.6,4.5,5.4,3.7,600,-106.8,0.297,84,0.291,1.32,20.5%,45.2%,34.3%,9.9%,13.2%,97,5.5%,18,22.0%,39.6%,34.8%,25.6%,18.9%,50.6%,30.5%,-7.58,-108.75,101.17,-10.80,-1.15,1.00,1.20,243,-5.43,-2.14,-117.1,9.0,-35.2,32.3,-108.0,-2.9,9.6,181.0,79.6,8.1,$65.2,6000,87,122,90,91,92,84,94,95,97,101,101,102,99,99,6000,3993,87.4,103.7,113.2,11.7,218,5.5%,1288,32.3%,0.235,0.232,0.390,0.375,0.297,0.293,28.4%,63.5%,46.7%,57.3%,83.7%,76.0%,52.1%,23.0
300,2016,SFG,162,2404,5565,6271,1437,973,280,54,130,715,675,572,43,1107,42,46,42,120,79,36,0.258,6271,9.1%,17.7%,0.52,0.258,0.329,0.398,0.728,0.140,4.7,0.299,-4.3,3.9,2.0,-2.4,717,-22.1,0.315,96,0.299,1.38,21.6%,45.5%,33.0%,9.7%,8.8%,120,5.9%,20,23.0%,36.6%,35.6%,27.8%,20.2%,50.7%,29.0%,-2.51,-115.47,112.96,10.80,1.47,1.05,1.27,260,-0.65,-1.75,-32.0,-0.4,24.6,38.9,-32.4,63.4,10.0,189.2,230.2,23.5,$188.4,6271,106,86,99,100,94,96,85,98,102,102,97,94,101,108,6271,4550,87.5,102.9,116.8,11.3,219,4.8%,1418,31.2%,0.258,0.254,0.398,0.394,0.315,0.317,26.9%,65.9%,46.7%,62.3%,87.7%,80.5%,50.8%,24.3
301,2015,LAA,162,2459,5417,5990,1331,891,243,21,176,661,621,435,34,1150,58,40,37,116,52,34,0.246,5990,7.3%,19.2%,0.38,0.246,0.307,0.396,0.702,0.150,3.6,0.280,4.7,1.4,,-5.6,633,-40.1,0.305,95,0.280,1.28,19.5%,45.2%,35.3%,9.2%,11.7%,118,6.1%,18,23.4%,39.7%,36.1%,24.2%,19.1%,53.7%,27.2%,0.38,-100.50,100.88,-3.99,-0.63,0.97,1.45,112,-1.10,1.49,-37.5,0.5,17.8,-15.4,-37.0,2.3,20.6,175.1,161.0,17.1,$136.8,5990,94,97,96,96,96,95,95,94,95,102,101,98,104,98,5990,4347,87.8,103.9,117.7,11.2,236,5.4%,1341,30.8%,0.246,0.248,0.396,0.396,0.305,0.311,28.2%,62.8%,45.9%,62.3%,87.9%,80.2%,51.1%,23.7
302,2015,BAL,162,2249,5485,6007,1370,887,246,20,217,713,686,418,23,1331,51,32,20,127,44,25,0.250,6007,7.0%,22.2%,0.31,0.250,0.307,0.421,0.728,0.171,3.6,0.291,-2.2,0.9,,-3.6,684,8.3,0.315,97,0.291,1.18,20.3%,43.1%,36.6%,10.0%,14.3%,130,7.3%,18,31.6%,41.8%,33.8%,24.4%,18.5%,51.4%,30.1%,-2.93,-102.67,99.74,17.35,1.76,0.95,1.34,88,-0.94,-2.14,-19.0,-4.9,8.9,-14.8,-23.9,-5.9,20.7,175.6,166.5,17.7,$141.4,6007,90,112,98,96,102,97,109,98,99,97,104,103,98,98,6007,4207,88.8,104.5,114.9,12.3,267,6.3%,1476,35.1%,0.250,0.241,0.421,0.408,0.315,0.311,31.7%,66.3%,49.2%,58.9%,85.1%,76.8%,50.4%,22.6
303,2015,BOS,162,2268,5640,6237,1495,1007,294,33,161,748,706,478,28,1148,46,42,30,127,71,27,0.265,6237,7.7%,18.4%,0.42,0.265,0.325,0.415,0.740,0.149,4.3,0.305,0.7,0.0,,0.7,740,38.7,0.321,99,0.305,1.43,20.2%,47.0%,32.8%,10.0%,10.9%,174,8.2%,8,16.7%,38.1%,36.3%,25.6%,19.4%,52.2%,28.5%,-2.64,-105.16,102.52,30.77,2.79,0.96,1.31,72,2.90,-5.64,-7.3,1.4,-13.0,-16.0,-5.9,-28.9,21.5,182.3,169.0,17.9,$143.5,6237,100,93,104,102,100,99,95,103,98,106,94,94,105,103,6237,4565,88.5,104.0,116.6,10.5,220,4.8%,1529,33.5%,0.265,0.246,0.415,0.384,0.321,0.308,28.8%,61.5%,45.8%,66.0%,87.7%,81.2%,52.1%,23.4
304,2015,CHW,162,2265,5533,6070,1381,958,260,27,136,622,595,404,22,1231,65,37,30,125,68,42,0.250,6070,6.7%,20.3%,0.33,0.250,0.306,0.380,0.686,0.130,4.0,0.296,-9.8,0.2,,-5.6,617,-65.9,0.300,89,0.296,1.61,21.5%,48.5%,30.0%,10.2%,10.5%,121,5.8%,17,25.0%,37.4%,36.3%,26.3%,20.1%,53.6%,26.3%,-8.59,-113.74,105.15,-71.53,-7.56,1.06,1.90,116,-7.95,-0.16,-79.0,-15.2,-6.0,-15.5,-94.3,-21.6,20.9,177.4,82.5,8.8,$70.1,6070,87,102,98,96,92,89,83,100,104,109,86,92,105,106,6070,4370,87.8,104.2,116.1,8.8,166,3.8%,1381,31.6%,0.250,0.243,0.380,0.358,0.300,0.295,30.1%,64.0%,47.5%,61.5%,87.2%,79.3%,51.2%,23.2
305,2015,CLE,161,2285,5439,6109,1395,922,303,29,141,669,640,533,34,1157,39,50,47,134,86,28,0.256,6109,8.7%,18.9%,0.46,0.256,0.325,0.401,0.725,0.144,4.4,0.299,3.6,1.1,,3.4,699,12.3,0.315,97,0.299,1.33,21.5%,44.8%,33.7%,11.1%,9.8%,119,6.2%,24,25.8%,40.7%,34.4%,24.9%,19.0%,52.7%,28.2%,-5.49,-103.24,97.75,-33.48,-3.62,0.95,1.21,137,-3.61,-2.14,-23.7,8.1,13.0,-17.5,-15.6,-4.5,21.0,178.6,179.5,19.1,$152.4,6109,113,96,100,102,97,97,92,101,104,101,96,100,99,101,6109,4380,88.3,103.5,112.1,11.2,200,4.6%,1519,34.7%,0.256,0.253,0.401,0.393,0.315,0.317,26.1%,62.9%,45.2%,64.3%,88.2%,81.6%,51.9%,23.0
306,2015,DET,161,2340,5605,6159,1515,1026,289,49,151,689,660,455,36,1259,41,35,23,152,83,51,0.270,6159,7.4%,20.4%,0.36,0.270,0.328,0.420,0.748,0.150,4.6,0.322,-13.9,-7.4,,-6.3,744,51.8,0.324,103,0.322,1.24,22.6%,42.8%,34.5%,8.7%,10.1%,112,6.0%,22,29.7%,38.6%,34.6%,26.8%,17.3%,53.2%,29.5%,-2.01,-107.77,105.76,-21.80,-2.28,0.98,1.28,83,-0.12,-1.93,19.0,-27.6,-16.6,-15.0,-8.6,-31.6,21.2,180.0,161.1,17.1,$136.8,6159,96,103,106,103,102,103,95,109,110,96,99,95,100,108,6159,4404,88.4,104.1,115.6,12.4,265,6.0%,1531,34.8%,0.270,0.259,0.420,0.419,0.324,0.323,30.3%,66.2%,48.8%,61.1%,86.2%,78.6%,51.5%,23.8
307,2015,KCR,162,2263,5575,6116,1497,1016,300,42,139,724,689,383,28,973,77,47,34,133,104,34,0.269,6116,6.3%,15.9%,0.39,0.269,0.322,0.412,0.734,0.144,5.1,0.301,-3.3,-1.6,,4.6,710,22.7,0.318,99,0.301,1.31,21.7%,44.4%,33.9%,9.6%,8.9%,129,6.3%,21,29.2%,39.0%,35.8%,25.2%,18.6%,53.4%,28.0%,5.14,-100.74,105.88,21.04,2.06,0.96,1.26,40,0.57,4.80,-8.0,-0.3,29.0,-15.2,-8.3,13.8,21.1,178.8,205.4,21.8,$174.4,6116,81,80,105,101,100,99,91,102,105,100,97,96,104,102,6116,4683,88.0,104.4,113.9,11.3,209,4.5%,1523,32.5%,0.269,0.264,0.412,0.400,0.318,0.317,30.3%,64.7%,47.7%,63.9%,90.0%,81.8%,50.5%,23.3
308,2015,MIN,162,2311,5467,6017,1349,872,277,44,156,696,661,439,31,1264,40,41,30,133,70,38,0.247,6017,7.3%,21.0%,0.35,0.247,0.305,0.399,0.704,0.152,4.8,0.292,-0.3,-1.7,,-3.5,637,-39.7,0.305,89,0.292,1.27,20.4%,44.6%,35.0%,11.4%,10.6%,144,7.7%,32,37.2%,41.4%,33.8%,24.8%,18.5%,53.0%,28.5%,-2.29,-103.70,101.42,-14.69,-1.58,0.96,1.13,75,-5.93,3.54,-74.9,-5.5,13.3,-15.4,-80.4,-2.1,20.7,175.9,114.1,12.1,$96.9,6017,95,106,96,96,97,89,97,99,99,100,100,102,98,100,6017,4274,88.1,102.9,113.9,11.7,210,4.9%,1402,32.8%,0.247,0.236,0.399,0.379,0.305,0.298,29.0%,64.0%,47.2%,60.2%,86.3%,78.6%,52.1%,23.4
309,2015,NYY,162,2401,5567,6268,1397,894,272,19,212,764,737,554,23,1227,63,54,24,105,63,25,0.251,6268,8.8%,19.6%,0.45,0.251,0.323,0.421,0.744,0.170,3.9,0.283,-5.4,8.5,,-0.1,754,49.0,0.323,103,0.283,1.10,20.4%,41.7%,37.9%,10.1%,12.8%,121,6.6%,15,30.0%,44.4%,33.3%,22.3%,17.8%,53.8%,28.5%,-1.08,-106.45,105.36,63.29,6.59,0.97,1.36,117,3.61,-4.73,22.3,3.0,-20.1,-15.2,25.3,-35.3,21.6,183.2,194.8,20.7,$165.4,6268,115,99,98,101,102,103,108,96,99,94,108,109,96,90,6268,4424,88.2,103.0,116.5,13.4,235,5.3%,1514,34.2%,0.251,0.245,0.421,0.396,0.323,0.318,25.9%,62.8%,44.3%,61.6%,88.0%,80.3%,49.9%,22.9
310,2015,OAK,162,2349,5600,6171,1405,936,277,46,146,694,661,475,21,1119,40,38,14,124,78,29,0.251,6171,7.7%,18.1%,0.42,0.251,0.312,0.395,0.707,0.144,4.9,0.288,-4.3,1.9,,1.4,668,-26.1,0.308,95,0.288,1.30,19.8%,45.3%,34.9%,10.0%,9.3%,162,8.0%,11,29.7%,39.3%,35.2%,25.5%,19.3%,54.9%,25.9%,-4.07,-113.66,109.59,13.08,1.50,1.05,1.65,159,-3.26,-0.61,-33.2,-1.0,-45.3,-15.4,-34.1,-60.7,21.3,180.4,106.8,11.3,$90.7,6171,100,92,98,98,96,95,92,97,96,102,100,97,102,103,6171,4537,87.3,102.5,114.2,10.8,197,4.3%,1360,30.0%,0.251,0.242,0.395,0.373,0.308,0.301,27.4%,61.4%,44.9%,65.4%,88.8%,81.8%,51.4%,22.8
311,2015,SEA,162,2407,5544,6131,1379,897,262,22,198,656,624,478,31,1336,36,35,38,123,69,45,0.249,6131,7.8%,21.8%,0.36,0.249,0.311,0.411,0.722,0.162,3.6,0.292,-18.6,2.1,,-6.6,686,-3.3,0.313,100,0.292,1.27,20.6%,44.4%,35.1%,8.5%,13.4%,103,5.5%,17,23.3%,38.9%,35.2%,26.0%,16.9%,52.0%,31.1%,-2.88,-111.66,108.78,-19.14,-2.09,1.03,1.46,131,0.99,-3.80,2.3,-23.1,0.3,-16.1,-20.7,-15.8,21.1,179.2,163.8,17.4,$139.1,6131,101,110,97,98,99,100,103,99,100,100,100,96,102,105,6131,4281,89.9,105.9,119.0,11.0,300,7.0%,1663,38.8%,0.249,0.252,0.411,0.420,0.313,0.323,28.1%,64.5%,46.6%,58.3%,84.8%,76.9%,50.9%,23.6
312,2015,TBR,162,2479,5485,6071,1383,906,278,32,167,644,612,436,22,1310,84,47,19,121,87,45,0.252,6071,7.2%,21.6%,0.33,0.252,0.314,0.406,0.720,0.154,4.2,0.300,-9.8,-0.6,,-3.0,682,-1.0,0.313,100,0.300,1.19,21.1%,42.9%,36.0%,10.0%,11.1%,106,5.9%,14,29.2%,41.9%,34.0%,24.1%,18.5%,53.5%,28.0%,-5.19,-115.84,110.65,-36.37,-3.84,1.07,1.46,217,-0.84,-4.00,-2.8,-13.4,20.5,-18.0,-16.2,2.5,20.9,177.5,184.6,19.6,$156.8,6071,93,109,99,99,98,100,98,101,103,97,103,103,98,97,6071,4241,87.9,103.3,113.2,12.9,222,5.2%,1367,32.2%,0.252,0.240,0.406,0.386,0.313,0.306,28.4%,66.2%,48.0%,60.0%,84.4%,77.5%,51.8%,23.0
313,2015,TEX,162,2358,5511,6187,1419,936,279,32,172,751,707,503,32,1233,76,54,43,99,101,39,0.257,6187,8.1%,19.9%,0.41,0.257,0.325,0.413,0.739,0.156,4.7,0.300,10.9,8.7,,2.0,731,35.7,0.321,98,0.300,1.31,19.0%,45.9%,35.1%,9.3%,11.5%,128,6.5%,43,38.4%,41.7%,34.9%,23.4%,18.4%,52.2%,29.4%,3.12,-99.60,102.73,40.61,3.85,0.94,1.49,93,3.32,0.01,-16.8,21.6,13.4,-16.4,4.8,-3.0,21.3,180.9,203.9,21.6,$173.2,6187,106,101,101,102,100,98,99,101,93,103,100,103,101,94,6187,4375,88.6,104.2,116.0,11.0,243,5.6%,1559,35.6%,0.257,0.245,0.413,0.397,0.321,0.316,27.9%,61.8%,45.1%,60.8%,85.9%,78.2%,50.6%,23.2
314,2015,TOR,162,2337,5509,6231,1480,923,308,17,232,891,852,570,12,1151,54,62,36,140,88,23,0.269,6231,9.1%,18.5%,0.50,0.269,0.340,0.457,0.797,0.188,4.6,0.298,5.1,0.3,,5.6,854,153.1,0.344,117,0.298,1.26,19.7%,44.8%,35.4%,14.1%,15.0%,117,6.0%,22,25.9%,43.3%,32.3%,24.4%,18.7%,51.6%,29.6%,13.05,-96.44,109.49,197.60,20.53,0.91,1.61,96,15.83,-1.51,124.9,11.0,21.7,-15.1,135.9,6.6,21.5,182.1,346.0,36.7,$293.8,6231,119,93,105,107,111,117,120,101,96,101,101,107,93,99,6231,4456,88.8,105.1,116.3,11.4,304,6.8%,1633,36.6%,0.269,0.256,0.457,0.428,0.344,0.334,26.2%,61.9%,44.5%,62.8%,86.1%,79.4%,51.1%,23.4
315,2015,ARI,162,2393,5649,6276,1494,1003,289,48,154,720,680,490,40,1312,33,57,46,134,132,44,0.264,6276,7.8%,20.9%,0.37,0.264,0.324,0.414,0.738,0.150,5.3,0.316,11.2,-4.9,,6.2,732,26.0,0.319,95,0.316,1.53,21.4%,47.5%,31.1%,8.2%,11.4%,122,5.9%,36,32.4%,37.3%,36.0%,26.7%,16.7%,52.3%,31.0%,-4.26,-113.48,109.21,1.08,-0.10,1.01,1.19,269,0.73,-4.95,-35.8,12.5,-0.4,33.1,-23.3,32.6,10.4,183.5,203.2,21.6,$172.5,6276,98,105,102,100,101,95,100,103,100,104,94,98,101,102,6276,4441,88.5,104.1,116.5,9.9,238,5.4%,1450,32.7%,0.264,0.248,0.414,0.391,0.319,0.310,29.0%,62.3%,46.2%,59.4%,86.9%,78.6%,51.7%,23.7
316,2015,ATL,162,2340,5420,6034,1361,992,251,18,100,573,548,471,39,1107,44,31,67,148,69,33,0.251,6034,7.8%,18.3%,0.43,0.251,0.314,0.359,0.674,0.108,3.7,0.297,7.1,-7.8,,-2.0,587,-91.8,0.296,84,0.297,1.70,21.6%,49.4%,29.0%,9.4%,8.0%,145,6.8%,15,12.7%,36.6%,36.0%,27.4%,19.7%,55.4%,24.9%,-7.98,-106.66,98.69,-97.55,-10.32,1.01,1.20,252,-9.41,1.51,-112.8,-2.7,-10.7,33.1,-115.5,22.4,10.0,176.4,93.3,9.9,$79.2,6034,98,92,96,97,88,84,72,97,101,108,88,96,101,105,6034,4412,87.0,102.7,112.9,8.4,152,3.4%,1298,29.4%,0.251,0.246,0.359,0.362,0.296,0.299,28.1%,63.5%,46.2%,64.7%,87.7%,80.9%,51.1%,22.0
317,2015,CHC,162,2406,5491,6200,1341,868,272,30,171,689,657,567,47,1518,74,35,32,102,95,37,0.244,6200,9.1%,24.5%,0.37,0.244,0.321,0.398,0.719,0.154,4.4,0.305,6.0,7.5,,1.6,694,-2.6,0.313,96,0.305,1.19,20.9%,43.0%,36.2%,9.0%,11.9%,115,6.8%,17,22.4%,40.5%,34.9%,24.5%,18.1%,51.7%,30.2%,3.33,-109.28,112.61,11.84,1.15,1.01,1.22,287,2.46,0.84,-30.9,15.1,25.6,38.0,-15.8,63.6,10.3,181.2,239.4,25.4,$203.3,6200,115,123,94,99,97,96,103,100,98,94,109,106,98,94,6200,4041,88.1,103.6,116.2,12.7,255,6.3%,1354,33.5%,0.244,0.231,0.398,0.385,0.313,0.307,27.2%,66.2%,46.9%,52.4%,83.6%,74.7%,50.6%,22.8
318,2015,CIN,162,2337,5571,6196,1382,931,257,27,167,640,613,496,38,1255,42,40,47,112,134,38,0.248,6196,8.0%,20.3%,0.40,0.248,0.312,0.394,0.706,0.146,4.7,0.290,0.2,1.6,,9.1,663,-33.2,0.307,91,0.290,1.24,21.5%,43.5%,35.0%,8.8%,11.1%,116,6.2%,25,22.7%,37.7%,34.7%,27.6%,18.6%,54.4%,27.0%,-12.36,-114.31,101.95,-54.11,-5.86,1.04,1.30,262,-4.54,-7.39,-63.0,10.9,-17.7,33.8,-52.1,16.1,10.3,181.1,155.4,16.5,$131.9,6196,101,102,95,96,96,91,97,95,100,96,106,99,97,105,6196,4403,86.9,102.0,111.7,11.7,202,4.6%,1221,27.7%,0.248,0.239,0.394,0.373,0.307,0.300,28.7%,65.9%,47.8%,60.3%,86.6%,78.9%,51.3%,23.0
319,2015,COL,162,2436,5572,6071,1479,970,274,49,186,737,702,388,47,1283,33,34,44,114,97,43,0.265,6071,6.4%,21.1%,0.30,0.265,0.315,0.432,0.748,0.167,5.1,0.313,5.8,-1.0,,-0.1,717,34.6,0.321,87,0.313,1.31,21.4%,44.6%,34.0%,9.9%,12.8%,121,6.3%,24,26.4%,37.2%,36.3%,26.5%,18.1%,51.8%,30.2%,-1.84,-106.20,104.36,-28.46,-3.58,0.95,1.07,262,-3.14,1.21,-96.6,4.7,-36.4,32.2,-91.9,-4.2,10.1,177.5,91.5,9.7,$77.7,6071,80,106,102,97,105,87,112,102,100,98,103,98,102,101,6071,4367,88.4,104.1,117.1,10.8,225,5.2%,1449,33.2%,0.265,0.240,0.432,0.380,0.321,0.296,31.4%,66.3%,49.6%,60.2%,85.7%,78.0%,52.1%,23.8
320,2015,MIA,162,2297,5463,5988,1420,1024,236,40,120,613,575,375,30,1150,39,40,71,133,112,45,0.260,5988,6.3%,19.2%,0.33,0.260,0.310,0.384,0.694,0.124,4.8,0.307,1.2,-4.4,,2.0,612,-61.7,0.302,91,0.307,1.88,20.5%,51.9%,27.6%,8.4%,10.1%,153,6.9%,37,27.4%,33.1%,38.0%,28.9%,20.4%,52.5%,27.1%,-3.63,-102.90,99.27,-39.64,-4.14,0.99,1.07,250,-3.74,0.07,-66.0,-1.2,-5.0,31.8,-67.3,26.9,9.9,175.0,144.6,15.3,$122.8,5988,79,96,100,96,94,91,83,100,96,114,84,87,107,110,5988,4424,88.3,104.3,120.3,6.2,190,4.3%,1431,32.3%,0.260,0.251,0.384,0.376,0.302,0.301,29.1%,62.4%,46.5%,63.8%,87.6%,80.5%,52.3%,22.3
321,2015,HOU,162,2333,5459,6073,1363,829,278,26,230,729,691,486,22,1392,56,43,28,102,121,48,0.250,6073,8.0%,22.9%,0.35,0.250,0.315,0.437,0.752,0.187,4.7,0.292,1.1,4.3,,2.7,739,55.8,0.325,108,0.292,1.08,20.1%,41.5%,38.4%,10.0%,14.7%,137,8.1%,20,32.8%,42.9%,33.2%,23.9%,18.5%,51.0%,30.5%,3.09,-108.65,111.74,60.89,6.72,1.01,1.39,119,10.60,-7.54,58.6,8.1,-4.3,-15.3,66.7,-19.6,20.9,177.5,245.6,26.1,$208.5,6073,104,116,98,99,106,108,119,99,98,93,110,106,96,97,6073,4139,88.7,104.6,115.1,13.3,279,6.7%,1482,35.8%,0.250,0.237,0.437,0.401,0.325,0.311,28.5%,67.0%,47.8%,59.4%,82.8%,75.8%,50.0%,23.7
322,2015,LAD,162,2379,5385,6090,1346,870,263,26,187,667,638,563,31,1258,60,30,49,135,59,34,0.250,6090,9.2%,20.7%,0.45,0.250,0.326,0.413,0.739,0.163,3.8,0.292,-10.2,-0.7,,-4.4,722,37.5,0.322,106,0.292,1.22,21.5%,43.1%,35.4%,9.9%,12.8%,101,5.7%,5,5.7%,39.1%,36.3%,24.6%,18.2%,50.9%,31.0%,3.76,-103.71,107.47,21.15,2.28,0.98,1.19,273,5.95,-2.13,43.5,-15.3,22.8,34.5,28.2,57.3,10.1,178.0,273.6,29.0,$232.3,6090,116,104,96,101,101,106,109,96,101,95,107,102,102,94,6090,4209,88.6,104.1,115.1,11.7,263,6.2%,1487,35.3%,0.250,0.247,0.413,0.410,0.322,0.325,27.6%,65.0%,46.6%,58.9%,85.7%,77.9%,50.8%,23.2
323,2015,MIL,162,2377,5480,6024,1378,925,274,34,145,655,624,412,35,1299,41,34,55,130,84,29,0.251,6024,6.8%,21.6%,0.32,0.251,0.307,0.393,0.700,0.142,4.7,0.303,2.3,-3.6,,2.8,626,-51.0,0.304,87,0.303,1.51,20.5%,47.8%,31.7%,8.2%,11.0%,113,5.7%,22,22.4%,35.0%,35.7%,29.3%,19.5%,50.5%,30.0%,-8.73,-103.00,94.26,-39.18,-4.15,0.94,1.12,292,-6.43,-2.90,-89.4,1.5,-10.6,31.3,-87.9,20.7,10.0,176.1,118.9,12.6,$101.0,6024,86,108,97,95,96,87,95,99,96,105,96,92,100,112,6024,4272,88.0,103.6,114.9,9.8,202,4.7%,1379,32.3%,0.251,0.235,0.393,0.372,0.304,0.294,32.2%,65.8%,49.5%,60.8%,86.5%,78.4%,51.4%,23.4
324,2015,WSN,162,2245,5428,6117,1363,908,265,13,177,703,665,539,38,1344,44,51,55,129,57,23,0.251,6117,8.8%,22.0%,0.40,0.251,0.321,0.403,0.724,0.151,3.5,0.300,-0.8,-1.0,,-0.5,690,2.7,0.315,96,0.300,1.47,20.4%,47.3%,32.3%,8.7%,13.4%,127,6.6%,28,26.7%,38.8%,34.4%,26.8%,18.3%,52.4%,29.4%,0.01,-104.97,104.98,28.67,2.69,1.00,1.11,221,3.34,-3.34,-27.4,-2.3,-23.6,33.0,-29.7,9.4,10.1,178.8,168.7,17.9,$143.2,6117,111,110,96,99,98,96,101,98,95,104,98,102,97,102,6117,4190,89.4,105.6,116.0,9.4,261,6.2%,1570,37.5%,0.251,0.247,0.403,0.401,0.315,0.318,27.6%,64.1%,46.4%,57.1%,85.6%,77.3%,51.4%,23.6
325,2015,NYM,162,2325,5527,6145,1351,862,295,17,177,683,654,488,42,1290,68,32,29,130,51,25,0.244,6145,7.9%,21.0%,0.38,0.244,0.312,0.400,0.712,0.156,3.6,0.287,8.9,-0.4,,-2.3,669,-22.0,0.309,98,0.287,1.16,22.0%,41.9%,36.1%,11.0%,11.5%,127,7.1%,5,9.6%,39.5%,33.8%,26.7%,18.0%,50.5%,31.6%,1.64,-105.77,107.41,35.29,3.63,1.00,1.16,249,2.71,-1.06,-13.1,6.2,13.3,35.4,-6.9,48.7,10.2,179.6,231.7,24.6,$196.7,6145,100,105,94,96,98,98,104,94,103,92,109,103,95,102,6145,4299,88.7,103.9,115.0,12.6,240,5.6%,1490,34.7%,0.244,0.246,0.400,0.400,0.309,0.314,27.2%,63.7%,46.0%,60.5%,87.4%,79.6%,51.3%,22.4
326,2015,PHI,162,2321,5529,6053,1374,935,272,37,130,626,586,387,20,1274,54,29,53,119,88,32,0.249,6053,6.4%,21.0%,0.30,0.249,0.303,0.382,0.684,0.133,4.7,0.299,-3.3,-1.0,,2.4,605,-75.5,0.298,86,0.299,1.39,22.2%,45.3%,32.5%,8.8%,9.5%,130,6.8%,31,25.0%,38.0%,36.9%,25.1%,19.8%,54.5%,25.7%,-7.86,-110.00,102.14,-54.54,-5.74,1.02,1.32,255,-5.72,-1.97,-98.4,-1.9,-34.4,30.5,-100.3,-3.9,10.0,176.9,82.8,8.8,$70.3,6053,80,106,95,93,93,86,89,98,104,99,98,100,104,96,6053,4338,87.4,102.8,113.3,10.6,177,4.1%,1291,29.8%,0.249,0.242,0.382,0.367,0.298,0.295,31.2%,64.7%,48.1%,59.6%,87.2%,78.3%,50.4%,22.4
327,2015,PIT,162,2431,5631,6285,1462,1003,292,27,140,697,661,461,46,1322,89,41,63,115,98,45,0.260,6285,7.3%,21.0%,0.35,0.260,0.323,0.396,0.719,0.136,4.4,0.314,3.2,1.3,,-1.0,698,-8.4,0.313,97,0.314,1.54,21.6%,47.6%,30.9%,7.2%,10.5%,140,6.8%,18,16.5%,39.5%,35.7%,24.7%,18.6%,51.2%,30.1%,1.84,-109.82,111.66,17.86,1.79,1.03,1.37,267,1.39,0.39,-21.0,3.5,15.5,34.1,-17.5,49.6,10.4,183.7,226.3,24.0,$192.1,6285,92,106,100,100,97,97,91,103,101,104,93,104,100,94,6285,4413,88.5,104.2,115.6,9.3,251,5.7%,1576,35.7%,0.260,0.251,0.396,0.402,0.313,0.316,28.4%,64.7%,47.2%,59.0%,85.6%,77.9%,51.9%,23.7
328,2015,STL,162,2406,5484,6139,1386,922,288,39,137,647,619,506,47,1267,66,42,39,128,69,38,0.253,6139,8.2%,20.6%,0.40,0.253,0.321,0.394,0.716,0.142,4.2,0.303,4.2,0.6,,-3.9,676,-14.7,0.311,97,0.303,1.42,21.5%,46.0%,32.5%,9.3%,10.0%,125,6.4%,13,18.1%,37.8%,35.7%,26.5%,18.9%,51.0%,30.1%,-0.45,-112.19,111.74,-15.04,-1.33,1.05,1.20,270,-0.41,-0.02,-22.1,0.9,18.4,35.4,-21.2,53.8,10.2,179.5,222.2,23.6,$188.7,6139,104,104,97,99,96,97,95,99,100,101,98,99,100,101,6139,4300,88.1,104.1,114.1,10.7,228,5.3%,1417,33.0%,0.253,0.245,0.394,0.387,0.311,0.310,28.0%,66.2%,47.2%,59.7%,86.2%,78.4%,50.3%,22.8
329,2015,SDP,162,2396,5457,6019,1324,880,260,36,148,650,623,426,22,1327,40,42,52,108,82,29,0.243,6019,7.1%,22.0%,0.32,0.243,0.300,0.385,0.685,0.142,4.7,0.292,0.6,2.0,,2.4,601,-76.1,0.298,90,0.292,1.29,20.2%,44.9%,34.9%,8.8%,10.3%,133,7.2%,28,26.2%,39.4%,35.7%,24.9%,18.6%,51.1%,30.3%,-3.10,-104.32,101.22,-7.98,-0.79,0.98,1.21,308,-0.11,-3.06,-68.3,5.0,-0.2,31.7,-63.2,31.5,10.0,176.0,154.2,16.4,$130.9,6019,89,111,93,93,94,90,95,96,94,99,106,103,100,95,6019,4226,87.9,103.4,115.2,11.3,194,4.6%,1370,32.4%,0.243,0.231,0.385,0.364,0.298,0.291,28.0%,64.4%,47.0%,56.3%,85.6%,77.3%,52.2%,23.3
330,2015,SFG,162,2342,5565,6153,1486,1023,288,39,136,696,663,457,30,1159,49,37,45,142,93,36,0.267,6153,7.4%,18.8%,0.39,0.267,0.326,0.406,0.732,0.139,4.7,0.313,5.0,-6.9,,1.5,713,20.9,0.318,104,0.313,1.56,21.5%,47.9%,30.7%,6.2%,10.1%,144,6.8%,17,22.1%,35.2%,37.1%,27.6%,19.0%,53.3%,27.7%,0.87,-106.02,106.89,39.94,4.56,0.99,1.26,226,3.52,-2.64,25.9,-0.4,26.6,35.4,25.5,62.0,10.2,179.9,277.6,29.5,$235.8,6153,93,95,103,101,99,104,93,103,101,105,93,92,104,105,6153,4488,87.6,102.6,114.4,9.1,207,4.6%,1405,31.3%,0.267,0.254,0.406,0.397,0.318,0.315,27.6%,66.6%,47.3%,60.6%,87.2%,79.6%,50.6%,23.5
