#,Season,Team,TG,G,AB,PA,H,1B,2B,3B,HR,R,RBI,BB,IBB,SO,HBP,SF,SH,GDP,SB,CS,AVG,PA.1,BBPct,KPct,BB/K,AVG.1,OBP,SLG,OPS,ISO,Spd,BABIP,UBR,wGDP,XBR,wSB,wRC,wRAA,wOBA,wRC+,BABIP.1,GB/FB,LDPct,GBPct,FBPct,IFFBPct,HR/FB,IFH,IFHPct,BUH,BUHPct,PullPct,CentPct,OppoPct,SoftPct,MedPct,HardPct,WPA,-WPA,+WPA,RE24,REW,pLI,phLI,PH,WPA/LI,Clutch,Batting,BsR,Fielding,Positional,Offense,Defense,League,Replacement,RAR,WAR,Dollars,PA.2,BBPct+,KPct+,AVG+,OBP+,SLG+,wRC+.1,ISO+,BABIP+,LDPct+,GBPct+,FBPct+,PullPct+,CentPct+,OppoPct+,PA.3,Events,EV,EV90,maxEV,LA,Barrels,BarrelPct,HardHit,HardHitPct,AVG.2,xBA,SLG.1,xSLG,wOBA.1,xwOBA,O-SwingPct,Z-SwingPct,SwingPct,O-ContactPct,Z-ContactPct,ContactPct,ZonePct,Pace,Contact_Skill,Discipline_Ratio,BarrelPct_Z,Contact_Skill_Z,GB/FB_Z,BsR_Z,Discipline_Ratio_Z
1,2025,LAA,162,2380,5374,6000,1209,754,212,17,226,673,649,484,22,1627,87,35,13,99,88,27,0.225,6000,0.081,0.271,0.3,0.225,0.298,0.397,0.695,0.172,4.3,0.276,,,2.1,-2.1,656,-52.6,0.302,92,0.276,1.02,0.20199999999999999,0.40299999999999997,0.395,0.091,0.152,98,0.065,6,0.207,0.414,0.342,0.245,0.146,0.528,0.326,-3.68,-112.18,108.5,-54.63,-5.76,1.04,1.73,102,-5.39,1.85,-59.5,0.0,-61.5,-17.7,-59.5,-79.2,23.8,182.7,67.8,6.9,$55.5,6000,98,120,92,95,98,92,106,96,104,98,100,100,99,102,6000,3802,89.2,105.2,115.7,14.6,409,0.10800000000000001,1526,0.401,0.225,0.232,0.397,0.405,0.302,0.31,0.273,0.649,0.47100000000000003,0.488,0.8290000000000001,0.736,0.528,18.4,0.729,2.3686131386861313,1.8262790835143428,-2.4863401367252775,-0.5490578848860349,-0.06539179645478235,0.5253512531647405
2,2025,BAL,162,2364,5416,6020,1273,812,251,19,191,677,643,484,14,1457,75,41,4,102,121,37,0.235,6020,0.08,0.242,0.33,0.235,0.305,0.394,0.699,0.159,4.6,0.284,,,-0.1,0.1,671,-40.6,0.305,96,0.284,1.11,0.185,0.428,0.387,0.09300000000000001,0.124,138,0.081,9,0.429,0.41,0.348,0.242,0.14300000000000002,0.522,0.33399999999999996,-5.11,-103.36,98.25,-30.82,-3.01,0.94,1.58,92,-3.72,-1.72,-29.0,0.0,-22.2,-18.3,-29.0,-40.5,23.9,183.3,137.6,14.1,$112.7,6020,97,107,96,97,97,96,98,98,95,104,98,99,100,100,6020,4004,89.6,105.1,116.7,13.3,365,0.091,1684,0.42100000000000004,0.235,0.239,0.394,0.4,0.305,0.311,0.27699999999999997,0.657,0.47700000000000004,0.527,0.836,0.7509999999999999,0.527,18.7,0.758,2.363309352517986,0.4193269194776121,-1.0047538908684386,0.15021394963863294,-0.06539179645478235,0.4739575263956681
3,2025,BOS,162,2371,5562,6206,1414,880,324,24,186,786,748,518,24,1419,72,41,13,99,139,38,0.254,6206,0.083,0.22899999999999998,0.37,0.254,0.324,0.421,0.745,0.167,5.2,0.307,,,5.3,2.7,784,50.4,0.323,103,0.307,1.16,0.188,0.436,0.376,0.094,0.11800000000000001,118,0.065,5,0.25,0.397,0.358,0.245,0.155,0.502,0.34299999999999997,-3.3,-116.53,113.23,39.84,4.01,1.04,1.59,116,0.76,-3.92,21.1,8.0,23.3,-19.2,29.1,4.0,24.6,189.0,246.7,25.2,$202.0,6206,101,101,104,103,104,103,103,107,96,106,96,96,103,102,6206,4197,90.3,105.8,117.7,12.6,386,0.092,1882,0.44799999999999995,0.254,0.246,0.421,0.406,0.323,0.318,0.29,0.655,0.48100000000000004,0.525,0.852,0.758,0.523,18.9,0.771,2.25085910652921,0.5020888114797727,-0.3405945392774418,0.5386983021523356,1.097129029408015,-0.6156861798631543
4,2025,CHW,162,2423,5377,5987,1250,832,243,10,165,647,626,498,8,1364,49,36,22,108,85,21,0.232,5987,0.083,0.228,0.37,0.232,0.302,0.373,0.675,0.141,4.1,0.279,,,-7.9,-0.7,626,-81.0,0.296,88,0.279,0.94,0.196,0.391,0.413,0.1,0.099,101,0.064,10,0.20800000000000002,0.40399999999999997,0.341,0.255,0.154,0.547,0.299,-14.14,-110.25,96.11,-74.37,-7.73,1.01,1.45,150,-6.92,-7.15,-81.4,-8.5,-37.1,-19.2,-89.9,-56.4,23.7,182.3,59.8,6.1,$48.9,5987,101,101,95,96,92,88,87,97,101,95,105,98,99,106,5987,4076,89.3,104.1,115.8,15.6,331,0.081,1633,0.401,0.232,0.234,0.373,0.385,0.296,0.304,0.27699999999999997,0.655,0.478,0.5710000000000001,0.8440000000000001,0.77,0.531,18.4,0.772,2.3561151079136695,-0.40829200054399306,-0.2895053583858267,-1.170632848907962,-1.3005701739340043,0.404245243550485
5,2025,CLE,162,2417,5310,5943,1199,770,243,18,168,643,621,494,30,1344,60,50,28,78,129,34,0.226,5943,0.083,0.226,0.37,0.226,0.296,0.373,0.67,0.147,4.8,0.268,,,4.4,3.3,602,-100.4,0.292,87,0.268,0.92,0.19899999999999998,0.384,0.418,0.11199999999999999,0.10099999999999999,95,0.062,17,0.27,0.43700000000000006,0.336,0.22699999999999998,0.161,0.5489999999999999,0.29,-3.76,-104.73,100.97,-63.94,-6.75,0.99,1.49,169,-7.34,3.55,-90.7,7.7,28.0,-20.5,-83.0,7.4,23.5,181.0,129.0,13.2,$105.6,5943,100,100,93,95,92,87,91,93,102,93,106,106,97,94,5943,4045,88.5,103.7,117.2,16.1,268,0.066,1448,0.358,0.226,0.227,0.373,0.362,0.292,0.291,0.299,0.652,0.48200000000000004,0.574,0.851,0.769,0.52,18.7,0.774,2.1733333333333333,-1.6497203805764014,-0.1873269966025964,-1.326026589913443,1.05353449843816,-1.3669114892694831
6,2025,DET,162,2418,5456,6093,1346,868,244,36,198,758,724,511,12,1454,65,50,5,90,61,16,0.247,6093,0.084,0.239,0.35,0.247,0.316,0.413,0.73,0.167,4.7,0.298,,,8.1,-3.8,739,19.2,0.317,103,0.298,0.94,0.214,0.38,0.405,0.094,0.121,95,0.062,2,0.2,0.42100000000000004,0.34,0.239,0.15,0.528,0.322,0.12,-98.53,98.65,37.36,3.82,0.9,1.16,210,0.96,-0.82,18.8,4.3,3.8,-22.7,23.1,-18.9,24.1,185.6,213.9,21.9,$175.0,6093,101,106,101,101,102,103,103,103,110,92,103,102,98,99,6093,4063,89.3,104.5,115.1,15.9,383,0.094,1656,0.408,0.247,0.246,0.413,0.414,0.317,0.32,0.281,0.6579999999999999,0.47700000000000004,0.542,0.855,0.767,0.522,18.4,0.761,2.3333333333333326,0.667612595484094,-0.8514863481935933,-1.170632848907962,0.5594631474464712,0.1834896812073922
7,2025,KCR,162,2435,5431,6008,1342,869,292,22,159,651,638,435,19,1096,69,41,29,96,111,42,0.247,6008,0.07200000000000001,0.182,0.4,0.247,0.309,0.397,0.706,0.15,4.4,0.281,,,-0.2,-3.9,680,-29.6,0.307,93,0.281,0.95,0.187,0.396,0.41700000000000004,0.11900000000000001,0.08800000000000001,96,0.055999999999999994,22,0.361,0.426,0.336,0.23800000000000002,0.16399999999999998,0.503,0.332,-10.96,-109.07,98.11,-80.47,-8.13,0.97,1.26,131,-8.06,-3.22,-49.6,-4.1,12.3,-19.2,-53.7,-6.9,23.8,183.0,146.1,15.0,$119.6,6008,88,81,101,99,98,93,92,97,96,96,106,103,97,99,6008,4408,89.8,105.3,117.5,14.7,350,0.079,1796,0.40700000000000003,0.247,0.254,0.397,0.408,0.307,0.317,0.28800000000000003,0.642,0.475,0.594,0.885,0.8009999999999999,0.527,18.6,0.8180000000000001,2.2214532871972317,-0.5738157845483143,2.0605969626284697,-1.092935978405221,-0.661183719709466,-0.9006287843077233
8,2025,MIN,162,2413,5432,6059,1295,835,249,20,191,678,643,495,10,1372,88,34,9,105,114,34,0.238,6059,0.08199999999999999,0.226,0.36,0.238,0.31,0.397,0.708,0.159,4.5,0.283,,,-0.7,-0.4,698,-17.9,0.309,97,0.283,1.06,0.192,0.41600000000000004,0.392,0.095,0.11900000000000001,116,0.068,4,0.21100000000000002,0.429,0.348,0.22399999999999998,0.162,0.514,0.324,-6.38,-106.76,100.38,-50.51,-5.15,0.97,1.5,104,-2.81,-3.77,-22.0,-1.2,-12.3,-19.3,-23.1,-31.7,24.0,184.5,153.8,15.7,$125.9,6059,99,100,98,99,98,97,98,98,99,101,100,104,100,93,6059,4104,89.4,105.3,114.0,13.5,358,0.087,1725,0.42,0.238,0.239,0.397,0.395,0.309,0.31,0.27899999999999997,0.643,0.46799999999999997,0.523,0.853,0.758,0.519,18.5,0.774,2.2964285714285717,0.08827935146896958,-0.1873269966025964,-0.23827040287507145,-0.23976992033420194,-0.17411773162580743
9,2025,NYY,162,2401,5471,6235,1371,822,255,20,274,849,820,639,47,1463,55,54,7,104,134,38,0.251,6235,0.102,0.235,0.44,0.251,0.332,0.455,0.787,0.204,4.8,0.29,,,-6.2,1.5,864,127.5,0.338,119,0.29,0.92,0.184,0.39,0.426,0.09300000000000001,0.159,97,0.062,6,0.222,0.42200000000000004,0.337,0.24,0.15,0.5,0.35,5.89,-99.07,104.96,135.25,14.17,0.91,1.45,107,14.06,-7.59,137.2,-4.7,6.4,-18.8,132.6,-12.4,24.7,189.9,334.8,34.3,$274.0,6235,124,104,103,106,112,119,126,100,94,95,108,102,97,100,6235,4078,90.8,106.3,118.1,15.3,482,0.11800000000000001,1879,0.461,0.251,0.249,0.455,0.451,0.338,0.339,0.256,0.642,0.45799999999999996,0.5379999999999999,0.84,0.76,0.522,19.0,0.765,2.498054474708171,2.653898003535948,-0.6471296246271326,-1.326026589913443,-0.7483727816491759,1.7796387461438787
10,2025,ATH,162,2367,5547,6151,1403,872,296,16,219,733,709,502,14,1406,44,35,18,117,80,28,0.253,6151,0.08199999999999999,0.22899999999999998,0.36,0.253,0.318,0.431,0.749,0.178,4.1,0.299,,,1.7,-4.7,781,54.3,0.324,105,0.299,1.2,0.19699999999999998,0.43799999999999994,0.366,0.098,0.14400000000000002,116,0.064,6,0.2,0.395,0.364,0.24100000000000002,0.161,0.518,0.321,-5.82,-103.1,97.28,-7.07,-0.75,0.91,1.27,118,-0.39,-5.98,35.3,-3.0,-22.4,-17.9,32.3,-40.4,24.4,187.3,203.6,20.8,$166.7,6151,99,101,104,102,106,105,110,104,101,106,93,96,105,100,6151,4199,88.8,105.3,115.5,12.3,353,0.084,1659,0.395,0.253,0.242,0.431,0.396,0.324,0.309,0.28300000000000003,0.6709999999999999,0.485,0.514,0.848,0.755,0.522,18.5,0.771,2.3626760563380276,-0.16000632453751118,-0.3405945392774418,0.8494857841632991,-0.5013371061533314,0.467820881779005
11,2025,SEA,162,2424,5502,6199,1345,864,234,9,238,766,734,544,29,1446,89,38,24,102,161,37,0.244,6199,0.08800000000000001,0.233,0.38,0.244,0.32,0.42,0.74,0.176,4.8,0.287,,,-10.2,7.4,775,42.6,0.321,113,0.287,1.03,0.18600000000000003,0.414,0.4,0.107,0.146,115,0.068,6,0.154,0.42100000000000004,0.33,0.249,0.16699999999999998,0.49700000000000005,0.336,2.55,-112.23,114.79,70.93,7.75,1.04,1.6,166,8.04,-5.59,91.7,-2.8,-22.7,-20.7,88.9,-43.4,24.6,188.8,258.8,26.5,$211.8,6199,106,103,100,102,104,113,108,100,95,100,102,102,95,104,6199,4120,89.7,105.7,115.9,13.8,393,0.095,1764,0.428,0.244,0.242,0.42,0.412,0.321,0.32,0.28800000000000003,0.659,0.48,0.542,0.8290000000000001,0.746,0.519,18.8,0.767,2.280276816608996,0.7503744874862547,-0.5449512628439024,-0.4713610143832941,-0.4722740855067614,-0.33062835398534207
12,2025,TBR,162,2363,5470,6045,1374,934,242,16,182,714,680,468,10,1397,46,43,16,109,194,48,0.251,6045,0.077,0.231,0.34,0.251,0.313,0.401,0.714,0.15,5.2,0.303,,,3.6,9.6,706,-8.5,0.311,98,0.303,1.36,0.20199999999999999,0.46,0.33799999999999997,0.09699999999999999,0.132,149,0.079,21,0.382,0.392,0.359,0.249,0.158,0.526,0.315,-4.79,-109.29,104.51,-9.34,-0.81,1.0,1.82,101,-2.55,-2.24,-13.4,13.3,-35.5,-19.0,-0.1,-54.5,24.0,184.1,153.4,15.7,$125.6,6045,94,103,103,100,99,98,93,105,103,112,86,95,104,104,6045,4134,89.4,105.6,116.7,10.6,315,0.076,1666,0.40299999999999997,0.251,0.245,0.401,0.388,0.311,0.307,0.294,0.6679999999999999,0.494,0.5710000000000001,0.8390000000000001,0.764,0.5329999999999999,19.0,0.769,2.2644067796610168,-0.8221014605547963,-0.4427729010606721,2.0926357122071533,1.8672990765421185,-0.48440912810820846
13,2025,TEX,162,2395,5443,6046,1275,840,245,15,175,684,658,486,19,1327,63,40,11,92,134,33,0.234,6046,0.08,0.21899999999999997,0.37,0.234,0.302,0.381,0.684,0.147,4.6,0.276,,,1.4,4.2,645,-69.4,0.299,92,0.276,0.97,0.192,0.39799999999999996,0.409,0.10800000000000001,0.10300000000000001,115,0.07,12,0.353,0.406,0.35600000000000004,0.23800000000000002,0.163,0.52,0.317,-8.92,-111.3,102.38,-29.28,-3.15,1.01,1.38,168,-6.18,-2.62,-58.0,5.6,18.6,-22.7,-52.3,-4.1,24.0,184.1,151.7,15.5,$124.1,6046,97,97,96,97,94,92,91,96,99,97,104,98,103,99,6046,4170,89.2,104.7,114.7,15.0,359,0.086,1675,0.402,0.234,0.24,0.381,0.395,0.299,0.309,0.28800000000000003,0.6629999999999999,0.483,0.56,0.856,0.7709999999999999,0.52,18.6,0.781,2.294117647058823,0.005517459466808948,0.17029726963870956,-0.9375422373997393,0.7483727816491756,-0.1965106056741953
14,2025,TOR,162,2481,5507,6180,1461,963,294,13,191,798,771,520,25,1099,65,45,35,133,77,25,0.265,6180,0.084,0.17800000000000002,0.47,0.265,0.333,0.427,0.761,0.162,4.0,0.298,,,-0.7,-4.9,815,85.0,0.33,112,0.298,1.1,0.204,0.41700000000000004,0.379,0.10800000000000001,0.114,106,0.057,12,0.19699999999999998,0.387,0.355,0.257,0.16,0.512,0.32799999999999996,7.15,-104.23,111.38,81.24,8.07,0.98,1.32,156,5.63,1.64,90.8,-5.6,38.7,-17.9,85.3,20.8,24.5,188.2,318.7,32.6,$260.9,6180,102,79,109,106,105,112,100,103,104,101,97,94,103,107,6180,4496,89.3,105.2,120.4,13.2,366,0.081,1847,0.41100000000000003,0.265,0.263,0.427,0.422,0.33,0.33,0.289,0.6659999999999999,0.48700000000000004,0.636,0.871,0.805,0.525,18.9,0.822,2.296551724137931,-0.40829200054399306,2.2649536861949247,0.07251707913589206,-0.8791563745587404,-0.172924380971195
15,2025,ARI,162,2332,5480,6210,1377,848,277,38,214,791,768,545,21,1316,81,64,37,109,121,39,0.251,6210,0.08800000000000001,0.212,0.41,0.251,0.325,0.433,0.757,0.182,5.2,0.29,,,5.1,-1.4,805,71.1,0.327,109,0.29,1.03,0.192,0.41,0.39799999999999996,0.099,0.128,107,0.062,10,0.154,0.435,0.34600000000000003,0.21899999999999997,0.158,0.508,0.33399999999999996,3.06,-108.52,111.57,42.2,4.29,0.99,1.76,128,4.35,-1.26,64.1,3.8,9.4,-21.3,67.9,-11.9,17.5,189.1,262.6,26.9,$214.9,6210,103,97,102,102,108,109,117,99,96,97,105,107,99,90,6210,4268,89.3,105.2,119.6,13.5,383,0.09,1754,0.41100000000000003,0.251,0.249,0.433,0.417,0.327,0.324,0.285,0.632,0.46799999999999997,0.562,0.867,0.779,0.527,18.9,0.788,2.20979020979021,0.3365650274754515,0.5279215358800156,-0.4713610143832941,0.48680559583004634,-1.0136440897027787
16,2025,ATL,162,2349,5508,6186,1349,897,243,19,190,724,701,575,14,1371,51,36,15,98,82,25,0.245,6186,0.09300000000000001,0.222,0.42,0.245,0.32,0.399,0.72,0.155,4.2,0.291,,,-4.5,-3.8,739,8.3,0.315,101,0.291,1.1,0.195,0.42200000000000004,0.38299999999999995,0.10400000000000001,0.12,102,0.057999999999999996,7,0.2,0.41,0.349,0.24100000000000002,0.16399999999999998,0.508,0.32799999999999996,-8.24,-114.73,106.49,-15.44,-1.58,1.04,1.52,107,-2.96,-4.97,5.2,-8.3,5.0,-19.4,-3.1,-14.4,17.4,188.4,188.3,19.3,$154.1,6186,109,101,99,101,99,101,100,99,98,100,101,101,99,100,6186,4189,89.7,106.2,115.5,13.5,377,0.09,1745,0.41700000000000004,0.245,0.246,0.399,0.41,0.315,0.321,0.275,0.6609999999999999,0.47700000000000004,0.584,0.8490000000000001,0.7759999999999999,0.523,18.7,0.778,2.3949275362318834,0.3365650274754515,0.01702972696386415,0.07251707913589206,-1.2715071532874345,0.7803379578855404
17,2025,CHC,162,2330,5495,6162,1371,852,267,29,223,793,771,554,16,1277,46,55,10,72,161,35,0.249,6162,0.09,0.207,0.43,0.249,0.32,0.43,0.751,0.181,5.4,0.283,,,2.6,8.4,787,58.6,0.325,110,0.283,0.94,0.20800000000000002,0.384,0.409,0.095,0.128,114,0.07,10,0.35700000000000004,0.43799999999999994,0.336,0.226,0.157,0.521,0.322,2.28,-101.05,103.33,80.37,8.15,0.93,1.03,111,5.26,-2.81,71.9,11.0,34.5,-18.9,82.9,15.6,17.3,187.7,303.6,31.1,$248.5,6162,105,95,101,101,107,110,117,97,104,91,108,107,96,93,6162,4285,89.0,104.3,116.2,15.3,427,0.1,1712,0.4,0.249,0.256,0.43,0.436,0.325,0.332,0.265,0.662,0.47700000000000004,0.5579999999999999,0.863,0.784,0.5329999999999999,19.0,0.793,2.488721804511278,1.164183947497058,0.7833674403380912,-1.170632848907962,1.533074339106564,1.6892051036630165
18,2025,CIN,162,2396,5448,6082,1333,893,250,23,167,716,677,527,15,1415,51,44,12,106,105,30,0.245,6082,0.087,0.233,0.37,0.245,0.315,0.391,0.706,0.146,4.8,0.298,,,6.2,-0.9,697,-21.9,0.309,92,0.298,1.14,0.196,0.428,0.376,0.115,0.11,108,0.062,19,0.396,0.43,0.345,0.225,0.162,0.541,0.297,-9.15,-113.08,103.93,-45.74,-4.57,1.01,1.45,110,-8.85,-0.16,-56.8,5.3,-2.6,-19.7,-51.5,-22.3,17.1,185.2,128.6,13.2,$105.3,6082,101,106,99,99,97,92,94,102,99,101,100,106,98,93,6082,4089,88.6,103.7,117.4,13.3,295,0.07200000000000001,1561,0.382,0.245,0.234,0.391,0.368,0.309,0.299,0.26899999999999996,0.629,0.457,0.537,0.853,0.764,0.523,18.6,0.767,2.32962962962963,-1.1531490285634376,-0.5449512628439024,0.38330456114685385,0.7047782506793209,0.1476007652241412
19,2025,COL,162,2346,5408,5908,1281,831,253,37,160,597,581,395,5,1531,48,35,21,118,87,39,0.237,5908,0.067,0.259,0.26,0.237,0.293,0.386,0.679,0.149,4.6,0.299,,,-3.4,-6.9,614,-83.8,0.296,74,0.299,1.12,0.20199999999999999,0.42100000000000004,0.376,0.08900000000000001,0.11,102,0.062,16,0.302,0.425,0.344,0.23,0.151,0.494,0.355,-23.57,-112.3,88.73,-226.87,-21.98,0.96,1.34,117,-19.46,-5.04,-179.1,-10.3,-22.5,-20.7,-189.5,-43.2,16.6,179.9,-36.1,-3.7,-$29.6,5908,78,118,96,92,96,74,96,102,102,100,100,104,98,95,5908,3934,88.8,104.9,116.2,13.5,313,0.08,1562,0.397,0.237,0.233,0.386,0.376,0.296,0.293,0.314,0.685,0.507,0.493,0.831,0.73,0.519,18.5,0.741,2.174603174603175,-0.49105389254615367,-1.873269966025896,0.22791082014137382,-1.5621373597531338,-1.3546067180752195
20,2025,MIA,162,2407,5543,6142,1388,933,272,29,154,709,677,482,13,1247,54,44,19,94,138,44,0.25,6142,0.078,0.203,0.39,0.25,0.314,0.393,0.708,0.143,5.0,0.295,,,1.1,0.0,704,-21.3,0.309,96,0.295,1.24,0.201,0.442,0.35700000000000004,0.094,0.1,159,0.084,17,0.304,0.409,0.345,0.245,0.165,0.502,0.33299999999999996,-5.39,-111.46,106.07,-36.12,-3.49,1.0,1.43,162,-5.86,0.45,-30.8,1.1,4.1,-19.2,-29.8,-15.1,17.3,187.1,159.5,16.3,$130.5,6142,92,93,101,99,98,96,92,101,101,104,94,100,98,101,6142,4359,89.2,104.9,117.4,10.9,342,0.078,1764,0.405,0.25,0.254,0.393,0.404,0.309,0.316,0.275,0.654,0.474,0.565,0.863,0.7809999999999999,0.527,18.5,0.7969999999999999,2.369565217391304,-0.6565776765504749,0.9877241639045461,1.1602732661742625,0.09445481710135228,0.534576902782779
21,2025,HOU,162,2383,5490,6087,1372,931,247,12,182,686,655,471,15,1301,71,38,16,124,85,28,0.25,6087,0.077,0.214,0.36,0.25,0.315,0.399,0.714,0.149,3.9,0.294,,,-1.4,-4.1,712,-7.0,0.312,100,0.294,1.13,0.19699999999999998,0.426,0.377,0.111,0.115,129,0.07200000000000001,15,0.326,0.436,0.34600000000000003,0.218,0.17300000000000001,0.509,0.319,-6.17,-106.07,99.9,-35.31,-3.63,0.95,1.1,123,-1.35,-5.11,-1.5,-5.5,20.0,-18.9,-6.9,1.1,24.1,185.4,203.7,20.8,$166.7,6087,94,95,103,101,98,100,92,102,101,103,96,105,100,91,6087,4244,88.4,104.8,115.4,13.3,338,0.08,1655,0.39,0.25,0.246,0.399,0.398,0.312,0.312,0.307,0.6609999999999999,0.489,0.5529999999999999,0.857,0.764,0.513,18.9,0.786,2.146103896103896,-0.49105389254615367,0.42574317409678525,0.305607690644113,-0.8646248642354555,-1.6307649352191478
22,2025,LAD,162,2438,5481,6187,1384,862,257,21,244,825,791,580,33,1353,56,54,13,108,88,25,0.253,6187,0.094,0.21899999999999997,0.43,0.253,0.327,0.441,0.768,0.188,4.4,0.289,,,1.3,-2.3,822,91.1,0.331,113,0.289,0.96,0.20199999999999999,0.392,0.40700000000000003,0.071,0.14400000000000002,106,0.065,5,0.2,0.42700000000000005,0.345,0.22899999999999998,0.134,0.522,0.344,7.49,-104.93,112.42,96.26,9.85,0.98,1.29,121,8.36,-0.75,95.1,-1.0,1.3,-17.9,94.1,-16.6,17.4,188.4,283.3,29.0,$231.9,6187,110,100,102,103,110,113,121,99,101,93,108,105,98,95,6187,4198,89.9,104.9,120.0,14.8,419,0.1,1767,0.42100000000000004,0.253,0.253,0.441,0.439,0.331,0.334,0.262,0.645,0.46299999999999997,0.535,0.846,0.762,0.524,18.6,0.781,2.4524714828897336,1.164183947497058,0.17029726963870956,-1.0152391079024803,-0.21070689968763204,1.3379392219617297
23,2025,MIL,162,2413,5510,6227,1423,974,265,18,166,806,750,564,15,1266,73,50,26,97,164,53,0.258,6227,0.091,0.203,0.45,0.258,0.332,0.403,0.736,0.145,5.0,0.305,,,14.5,0.6,780,44.5,0.322,107,0.305,1.26,0.20199999999999999,0.446,0.35200000000000004,0.105,0.111,164,0.087,25,0.32899999999999996,0.374,0.373,0.252,0.174,0.511,0.315,4.74,-104.32,109.06,88.84,8.93,0.98,1.31,136,4.48,0.36,50.4,15.0,21.8,-18.4,65.4,3.4,17.5,189.6,276.0,28.2,$225.9,6227,106,93,105,105,100,107,93,104,101,105,93,92,106,104,6227,4324,88.6,104.4,114.1,10.9,290,0.067,1696,0.392,0.258,0.248,0.403,0.381,0.322,0.313,0.253,0.62,0.45,0.586,0.8690000000000001,0.795,0.536,18.5,0.7969999999999999,2.440944881889764,-1.5669584885742407,0.9877241639045461,1.3156670071797443,2.1143347520379625,1.226246373949398
24,2025,WSN,162,2368,5422,5982,1313,866,258,28,161,687,657,443,11,1351,57,40,18,103,132,48,0.242,5982,0.07400000000000001,0.226,0.33,0.242,0.304,0.389,0.693,0.147,5.0,0.292,,,1.3,-2.2,655,-51.5,0.302,93,0.292,1.35,0.203,0.457,0.34,0.084,0.11599999999999999,109,0.057999999999999996,9,0.243,0.381,0.36700000000000005,0.252,0.16,0.521,0.319,-6.23,-101.9,95.67,-40.02,-4.05,0.93,1.63,85,-8.04,1.33,-51.0,-0.9,-45.3,-18.3,-52.0,-63.7,16.8,182.2,83.3,8.5,$68.2,5982,87,103,98,96,97,93,95,100,102,108,90,94,105,104,5982,4131,89.6,105.6,118.0,9.9,328,0.079,1739,0.42100000000000004,0.242,0.254,0.389,0.401,0.302,0.315,0.289,0.647,0.479,0.5429999999999999,0.861,0.7709999999999999,0.529,18.0,0.774,2.231034482758621,-0.5738157845483143,-0.1873269966025964,2.0149388417044123,-0.19617538936434706,-0.807786929226813
25,2025,NYM,162,2402,5457,6178,1359,854,262,19,224,766,746,563,28,1325,87,53,15,119,147,18,0.249,6178,0.091,0.214,0.42,0.249,0.326,0.427,0.753,0.178,5.1,0.287,,,-4.3,12.3,796,66.4,0.326,112,0.287,1.14,0.2,0.42700000000000005,0.373,0.1,0.14400000000000002,91,0.051,14,0.359,0.401,0.354,0.245,0.158,0.494,0.348,1.73,-105.92,107.65,59.63,6.45,0.98,1.35,108,6.98,-5.21,90.9,7.9,-0.3,-20.3,98.8,-20.6,17.4,188.2,283.8,29.0,$232.3,6178,107,98,101,103,106,112,115,98,100,101,99,99,101,101,6178,4203,90.7,106.2,115.9,12.6,447,0.106,1935,0.46,0.249,0.258,0.427,0.442,0.326,0.338,0.264,0.6459999999999999,0.467,0.546,0.857,0.774,0.531,19.0,0.786,2.4377358490566032,1.6607552995100203,0.42574317409678525,0.38330456114685385,1.0825975190847301,1.1951508223204543
26,2025,PHI,162,2300,5517,6166,1426,922,268,24,212,778,753,528,19,1337,60,42,16,95,124,30,0.258,6166,0.086,0.217,0.39,0.258,0.328,0.431,0.759,0.173,5.0,0.303,,,5.2,2.7,807,78.3,0.329,109,0.303,1.15,0.2,0.42700000000000005,0.373,0.078,0.135,121,0.067,9,0.29,0.409,0.353,0.23800000000000002,0.136,0.521,0.342,2.16,-106.28,108.45,41.23,3.99,0.98,1.32,95,4.58,-2.38,66.8,7.9,1.3,-18.4,74.7,-17.0,17.4,187.8,262.8,26.9,$215.1,6166,100,99,105,103,107,109,111,103,100,101,99,100,101,98,6166,4241,89.9,105.2,117.2,12.6,383,0.09,1803,0.425,0.258,0.255,0.431,0.424,0.329,0.327,0.303,0.6679999999999999,0.48700000000000004,0.544,0.863,0.765,0.505,19.1,0.783,2.1973684210526314,0.3365650274754515,0.27247563142193987,0.46100143164959473,1.0825975190847301,-1.1340113134412688
27,2025,PIT,162,2323,5375,6008,1244,861,245,21,117,583,561,530,19,1422,54,32,13,124,115,36,0.231,6008,0.08800000000000001,0.237,0.37,0.231,0.305,0.35,0.655,0.119,4.3,0.291,,,-4.5,-1.2,596,-113.7,0.29,82,0.291,1.29,0.19699999999999998,0.452,0.35100000000000003,0.08900000000000001,0.084,112,0.062,6,0.231,0.402,0.35600000000000004,0.242,0.152,0.539,0.309,-21.02,-116.1,95.08,-164.81,-17.09,1.05,1.51,105,-16.96,-3.09,-126.9,-5.7,15.2,-18.4,-132.5,-3.1,16.9,183.0,64.2,6.6,$52.6,6008,103,108,94,96,87,82,76,100,99,107,93,99,101,100,6008,4002,89.2,105.0,122.9,11.0,312,0.078,1625,0.406,0.231,0.239,0.35,0.376,0.29,0.304,0.263,0.657,0.47,0.512,0.855,0.763,0.524,18.6,0.763,2.4886363636363638,-0.6565776765504749,-0.7493079864103629,1.548757618687967,-0.8936878848820254,1.6883771809600563
28,2025,STL,162,2315,5433,6069,1331,910,264,9,148,689,653,478,17,1321,88,40,25,115,89,27,0.245,6069,0.079,0.218,0.36,0.245,0.314,0.379,0.693,0.134,3.9,0.295,,,-2.6,-2.9,673,-44.0,0.304,96,0.295,1.01,0.198,0.402,0.4,0.11199999999999999,0.09,110,0.066,16,0.24600000000000002,0.37799999999999995,0.36,0.262,0.165,0.531,0.303,-1.57,-107.52,105.94,-27.31,-2.73,0.99,1.61,77,-3.9,2.31,-28.3,-5.5,24.1,-19.1,-33.8,5.0,17.1,184.8,173.1,17.7,$141.7,6069,92,99,99,99,94,96,86,101,99,95,106,93,103,108,6069,4182,89.5,105.1,117.9,14.8,329,0.079,1703,0.40700000000000003,0.245,0.242,0.379,0.387,0.304,0.308,0.287,0.634,0.47,0.5720000000000001,0.867,0.782,0.526,18.4,0.782,2.2013888888888893,-0.5738157845483143,0.2213864505303247,-0.6267547553887758,-0.8646248642354555,-1.0950529506962758
29,2025,SDP,162,2476,5424,6087,1369,945,254,18,152,702,663,510,18,1161,58,45,48,103,106,30,0.252,6087,0.084,0.191,0.44,0.252,0.321,0.39,0.711,0.138,4.5,0.293,,,-0.3,-1.0,709,-10.5,0.311,102,0.293,1.2,0.201,0.436,0.364,0.08800000000000001,0.098,145,0.078,14,0.171,0.37200000000000005,0.353,0.275,0.151,0.5589999999999999,0.29,-0.75,-106.17,105.42,3.84,0.35,1.02,1.48,149,0.24,-0.97,16.8,-1.2,-0.5,-20.0,15.6,-20.5,17.1,185.4,197.6,20.2,$161.7,6087,98,87,102,101,97,102,89,100,101,103,96,91,101,114,6087,4358,89.0,104.8,114.8,12.2,325,0.075,1646,0.37799999999999995,0.252,0.254,0.39,0.399,0.311,0.317,0.29100000000000004,0.64,0.475,0.596,0.867,0.789,0.527,18.6,0.8089999999999999,2.191780821917808,-0.9048633525569568,1.6007943346039277,0.8494857841632991,-0.23976992033420194,-1.1881551899336793
30,2025,SFG,162,2320,5375,6072,1261,821,239,28,173,705,672,556,14,1380,66,52,22,103,68,24,0.235,6072,0.092,0.22699999999999998,0.4,0.235,0.311,0.386,0.697,0.151,4.3,0.281,,,-3.4,-5.7,679,-38.3,0.305,97,0.281,0.98,0.191,0.4,0.408,0.111,0.105,117,0.07200000000000001,11,0.282,0.41700000000000004,0.336,0.247,0.16399999999999998,0.531,0.305,-4.07,-111.38,107.31,-14.1,-1.67,1.04,1.98,97,-4.91,1.0,-20.8,-9.1,7.8,-18.6,-29.9,-10.8,17.1,184.9,161.3,16.5,$132.0,6072,107,104,95,98,96,97,98,96,96,95,108,102,96,102,6072,4070,88.9,104.2,116.0,15.0,310,0.076,1580,0.38799999999999996,0.235,0.235,0.386,0.38,0.305,0.306,0.276,0.642,0.467,0.5579999999999999,0.857,0.773,0.522,18.6,0.773,2.3176895306859207,-0.8221014605547963,-0.23841617749421154,-0.8598453668969984,-1.387759235873714,0.031901119112037024
31,2024,LAA,162,2308,5357,5975,1227,820,227,15,165,635,596,482,4,1416,86,35,12,116,133,50,0.229,5975,0.081,0.237,0.34,0.229,0.301,0.369,0.671,0.14,4.6,0.279,-0.9,-2.5,-9.7,-4.6,629,-69.5,0.296,91,0.279,1.14,0.2,0.426,0.374,0.106,0.111,106,0.063,3,0.12,0.406,0.35100000000000003,0.243,0.158,0.53,0.312,-13.16,-109.07,95.91,-97.39,-10.08,0.99,1.57,98,-11.58,-1.71,-62.8,-14.3,-36.4,-20.0,-77.1,-56.4,17.4,180.7,64.6,6.7,$53.3,5975,99,105,96,98,94,91,91,98,103,103,96,100,100,101,5975,3991,88.2,104.0,115.6,13.0,283,0.071,1453,0.364,0.229,0.234,0.369,0.378,0.296,0.304,0.27699999999999997,0.657,0.47100000000000003,0.552,0.848,0.763,0.512,18.4,0.763,2.363309352517986,-0.620248823152064,-0.49472824378843094,0.22285777018461342,-1.485881332016324,0.4219398942620114
32,2024,BAL,162,2412,5567,6176,1391,861,262,33,235,786,759,489,14,1359,64,45,6,71,98,25,0.25,6176,0.079,0.22,0.36,0.25,0.315,0.435,0.751,0.186,5.1,0.288,-2.9,10.0,1.2,-1.6,793,70.6,0.324,114,0.288,1.0,0.19,0.405,0.405,0.102,0.13699999999999998,105,0.061,6,0.33299999999999996,0.391,0.363,0.24600000000000002,0.153,0.505,0.342,6.66,-97.03,103.69,86.09,9.19,0.9,1.5,140,8.77,-1.34,96.4,-0.4,-13.4,-20.2,96.0,-33.6,18.0,186.7,267.1,27.6,$220.7,6176,97,97,104,102,110,114,120,101,97,98,104,96,103,102,6176,4264,89.7,105.1,114.4,14.5,381,0.08900000000000001,1807,0.424,0.25,0.25,0.435,0.424,0.324,0.324,0.294,0.67,0.485,0.5870000000000001,0.858,0.777,0.508,18.9,0.78,2.2711864406779663,0.9671178332560596,0.25619855481900294,-0.9771456077325339,-0.0381885389069616,-0.3223676069723689
33,2024,BOS,162,2416,5577,6192,1404,869,311,30,194,751,724,493,30,1570,73,40,7,110,144,44,0.252,6192,0.08,0.254,0.31,0.252,0.319,0.423,0.741,0.171,5.1,0.314,-6.5,-3.8,4.6,-0.1,777,53.0,0.321,105,0.314,1.09,0.20199999999999999,0.41600000000000004,0.382,0.11,0.126,124,0.07400000000000001,7,0.20600000000000002,0.39299999999999996,0.35700000000000004,0.25,0.168,0.519,0.313,-3.41,-106.91,103.51,-17.37,-1.7,0.94,1.47,191,2.01,-5.61,38.1,4.5,-21.7,-19.2,42.6,-40.9,18.0,187.2,206.9,21.4,$171.0,6192,98,112,105,103,107,105,110,110,104,100,98,96,102,104,6192,4056,89.1,105.2,114.7,13.2,362,0.08900000000000001,1662,0.41,0.252,0.239,0.423,0.403,0.321,0.311,0.297,0.667,0.485,0.546,0.8290000000000001,0.7440000000000001,0.509,18.6,0.746,2.238255033557047,0.9671178332560596,-1.2456550423958648,-0.2057148647857951,0.4721492083042525,-0.5884370663145717
34,2024,CHW,162,2360,5383,5869,1187,819,226,9,133,507,485,395,8,1403,43,27,18,116,90,33,0.221,5869,0.067,0.239,0.28,0.221,0.278,0.34,0.618,0.119,3.7,0.272,-1.7,-3.7,-3.7,-5.2,507,-179.3,0.272,75,0.272,1.1,0.193,0.42200000000000004,0.385,0.109,0.087,88,0.052000000000000005,10,0.263,0.381,0.358,0.261,0.16899999999999998,0.551,0.281,-26.57,-113.71,87.15,-223.09,-23.06,1.0,1.63,120,-21.19,-5.3,-166.5,-8.9,-56.2,-19.1,-175.4,-75.3,17.1,177.5,-56.2,-5.8,-$46.4,5869,83,106,92,90,86,75,77,95,99,102,99,93,102,108,5869,4028,88.0,103.5,113.0,13.1,247,0.061,1420,0.353,0.221,0.23,0.34,0.358,0.272,0.285,0.307,0.665,0.493,0.568,0.845,0.762,0.52,18.1,0.761,2.159090909090909,-1.5021191878232425,-0.5830725730363644,-0.12000033779171301,-0.9234683044774351,-1.2280439837676698
35,2024,CLE,161,2455,5310,5927,1263,815,245,18,185,708,670,466,30,1196,87,43,17,111,148,46,0.238,5927,0.079,0.20199999999999999,0.39,0.238,0.307,0.395,0.703,0.157,5.0,0.271,2.5,0.7,-1.6,0.4,673,-20.5,0.306,100,0.271,1.04,0.193,0.41200000000000003,0.395,0.107,0.113,111,0.065,21,0.43799999999999994,0.428,0.341,0.231,0.174,0.541,0.285,-0.05,-102.75,102.7,5.23,0.68,0.96,1.38,157,-1.05,1.0,2.4,-1.2,33.8,-20.2,1.3,13.6,17.2,179.2,211.3,21.8,$174.6,5927,97,89,99,100,100,100,102,95,99,99,101,105,97,96,5927,4178,87.7,102.9,116.6,14.4,242,0.057999999999999996,1410,0.337,0.238,0.236,0.395,0.367,0.306,0.298,0.304,0.67,0.49,0.612,0.866,0.789,0.509,18.4,0.798,2.19672131147541,-1.7666802972245965,1.0512975180504036,-0.6342874997562056,-0.12150898743124143,-0.924008970003757
36,2024,DET,162,2387,5442,6021,1273,820,244,47,162,682,656,476,12,1461,52,41,4,90,76,24,0.234,6021,0.079,0.243,0.33,0.234,0.3,0.385,0.685,0.151,5.0,0.288,3.3,1.2,10.3,-5.1,650,-54.4,0.299,94,0.288,1.05,0.2,0.409,0.391,0.099,0.10300000000000001,103,0.063,3,0.231,0.408,0.358,0.23399999999999999,0.154,0.55,0.29600000000000004,-2.51,-102.97,100.46,-30.41,-3.13,0.96,1.32,185,-5.86,3.24,-41.1,5.3,32.4,-20.3,-35.8,12.1,17.5,182.1,175.8,18.2,$145.2,6021,97,108,98,97,98,94,98,101,103,99,100,100,102,97,6021,4032,88.6,103.6,114.0,14.6,302,0.075,1513,0.375,0.234,0.236,0.385,0.386,0.299,0.303,0.273,0.6509999999999999,0.46799999999999997,0.551,0.846,0.763,0.515,18.0,0.757,2.3759124087591235,-0.2675006772835921,-0.7597612315322312,-0.5485729727621235,0.5554696568285323,0.5237663466764508
37,2024,KCR,162,2409,5421,5982,1343,874,264,35,170,735,711,429,22,1161,52,54,23,95,134,31,0.248,5982,0.07200000000000001,0.19399999999999998,0.37,0.248,0.306,0.403,0.71,0.156,5.6,0.283,7.5,1.1,5.1,3.7,687,-13.2,0.307,97,0.283,1.03,0.18600000000000003,0.41200000000000003,0.402,0.113,0.099,120,0.068,22,0.4,0.431,0.337,0.23199999999999998,0.161,0.523,0.316,-1.16,-100.83,99.67,0.11,-0.13,0.94,1.39,155,-3.56,2.33,-19.3,8.8,35.4,-19.6,-10.5,15.9,17.4,180.9,203.6,21.0,$168.3,5982,88,86,103,99,102,97,101,99,96,99,103,106,96,96,5982,4340,89.5,105.0,116.9,13.8,322,0.07400000000000001,1756,0.405,0.248,0.252,0.403,0.41,0.307,0.316,0.302,0.67,0.488,0.6,0.875,0.7909999999999999,0.506,18.4,0.806,2.2112211221122116,-0.35568771375070884,1.4046748350421372,-0.7200020267502877,0.9199966191222567,-0.8068576814926937
38,2024,MIN,162,2451,5490,6123,1352,837,309,23,183,742,702,473,15,1306,101,47,10,115,65,23,0.246,6123,0.077,0.213,0.36,0.246,0.315,0.411,0.726,0.165,4.2,0.289,1.3,-4.0,-3.8,-7.3,744,28.0,0.316,105,0.289,0.96,0.19899999999999998,0.392,0.409,0.10400000000000001,0.106,125,0.076,2,0.083,0.423,0.355,0.223,0.16699999999999998,0.515,0.319,0.52,-104.79,105.31,30.37,3.31,0.96,1.3,181,1.82,-1.27,37.9,-11.2,6.4,-21.6,26.7,-15.2,17.8,185.1,214.4,22.1,$177.2,6123,95,95,103,102,104,105,106,101,102,94,105,104,101,92,6123,4243,88.8,104.6,116.8,15.0,327,0.077,1624,0.38299999999999995,0.246,0.245,0.411,0.402,0.316,0.315,0.295,0.6709999999999999,0.484,0.552,0.856,0.764,0.503,18.4,0.787,2.2668918918918917,-0.09112660434935614,0.5654037071867698,-1.3200037157088622,-1.1630145939847396,-0.3570654341691828
39,2024,NYY,162,2304,5450,6245,1352,857,243,15,237,815,782,672,26,1326,49,57,14,138,88,26,0.248,6245,0.10800000000000001,0.212,0.51,0.248,0.333,0.429,0.761,0.181,4.1,0.283,-10.9,-5.2,-12.0,-5.2,835,104.8,0.331,118,0.283,1.14,0.198,0.428,0.375,0.099,0.152,100,0.055999999999999994,15,0.366,0.39299999999999996,0.353,0.253,0.147,0.522,0.331,4.44,-98.09,102.54,101.67,10.46,0.9,1.58,59,9.49,-4.57,128.6,-17.2,34.8,-19.1,111.4,15.7,18.2,188.8,334.1,34.5,$276.0,6245,132,94,103,108,109,118,117,99,101,103,96,96,101,105,6245,4198,90.1,105.8,120.0,12.7,442,0.105,1778,0.424,0.248,0.255,0.429,0.443,0.331,0.343,0.249,0.629,0.44299999999999995,0.583,0.858,0.7829999999999999,0.512,18.7,0.788,2.516,2.3781104167299447,0.6095758718107365,0.22285777018461342,-1.7879179579168383,1.6556047016289284
40,2024,OAK,162,2384,5432,6034,1267,812,240,19,196,643,619,493,11,1502,53,37,19,105,98,26,0.233,6034,0.08199999999999999,0.249,0.33,0.233,0.301,0.393,0.694,0.159,4.3,0.284,-3.7,1.5,-5.8,-1.6,671,-35.0,0.303,101,0.284,1.06,0.184,0.419,0.397,0.10300000000000001,0.125,105,0.063,6,0.16699999999999998,0.401,0.36,0.239,0.156,0.539,0.305,-7.75,-108.74,100.99,-50.04,-5.37,1.0,1.45,135,-6.38,-1.38,6.0,-7.4,-49.5,-18.4,-1.3,-67.8,17.6,182.4,130.8,13.5,$108.1,6034,101,110,97,98,100,101,103,99,94,101,102,98,102,99,6034,3986,89.2,104.7,113.7,13.8,340,0.085,1563,0.392,0.233,0.233,0.393,0.393,0.303,0.306,0.285,0.6659999999999999,0.48,0.501,0.836,0.7390000000000001,0.511,18.4,0.751,2.3286713286713288,0.6143696873875877,-1.0247942192760313,-0.46285844576804136,-0.7672424634944104,0.1420818170252203
41,2024,SEA,162,2383,5330,6067,1195,769,228,13,185,676,642,571,14,1625,116,34,14,106,140,28,0.224,6067,0.094,0.268,0.35,0.224,0.311,0.376,0.687,0.152,4.6,0.284,-2.9,4.5,-3.9,5.3,677,-33.1,0.303,104,0.284,0.96,0.19399999999999998,0.39399999999999996,0.41100000000000003,0.102,0.121,112,0.077,22,0.449,0.42700000000000005,0.35200000000000004,0.22,0.156,0.525,0.319,-1.98,-104.83,102.85,6.99,0.72,0.99,1.68,123,-0.39,-1.6,28.2,1.4,-2.7,-19.2,29.6,-21.9,17.6,183.4,208.8,21.6,$172.5,6067,116,119,94,101,95,104,98,100,100,95,105,105,100,91,6067,3755,89.2,104.8,115.4,15.4,336,0.08900000000000001,1520,0.405,0.224,0.225,0.376,0.39,0.303,0.311,0.262,0.6579999999999999,0.466,0.502,0.8290000000000001,0.74,0.514,18.5,0.732,2.50190114068441,0.9671178332560596,-1.8640653471313986,-1.3200037157088622,0.14928247027266806,1.5416929012109666
42,2024,TBR,162,2392,5389,6006,1241,826,245,23,147,604,564,493,15,1485,78,32,10,87,178,53,0.23,6006,0.08199999999999999,0.247,0.33,0.23,0.302,0.366,0.669,0.136,5.1,0.289,7.1,2.8,1.7,3.2,626,-76.9,0.294,95,0.289,1.11,0.195,0.424,0.381,0.139,0.099,133,0.08,8,0.267,0.41100000000000003,0.35100000000000003,0.23800000000000002,0.185,0.513,0.302,-7.53,-115.61,108.08,-93.67,-9.99,1.07,1.86,122,-7.02,0.0,-35.5,4.9,3.5,-19.0,-30.6,-15.5,17.5,181.6,153.0,15.8,$126.4,6006,101,110,96,98,93,95,88,101,100,102,98,101,100,99,6006,3950,87.9,104.5,117.4,13.2,293,0.07400000000000001,1445,0.366,0.23,0.227,0.366,0.365,0.294,0.296,0.299,0.662,0.483,0.5579999999999999,0.826,0.7440000000000001,0.506,18.5,0.753,2.206666666666667,-0.35568771375070884,-0.936449890028098,-0.03428581079763093,0.5138094325663924,-0.8436554257720267
43,2024,TEX,162,2291,5472,6053,1302,891,220,15,176,683,652,490,20,1284,55,30,6,96,97,25,0.238,6053,0.081,0.212,0.38,0.238,0.305,0.38,0.686,0.142,4.2,0.279,-3.6,0.9,-1.2,-1.9,660,-47.7,0.3,97,0.279,1.08,0.18899999999999997,0.42200000000000004,0.39,0.113,0.107,131,0.07400000000000001,8,0.444,0.40399999999999997,0.344,0.252,0.162,0.521,0.317,-6.14,-105.11,98.97,-24.38,-2.32,0.98,1.42,99,-6.82,0.56,-22.7,-3.1,19.2,-19.9,-25.8,-0.7,17.6,183.0,174.1,18.0,$143.9,6053,100,94,99,99,96,97,92,98,97,102,100,99,98,105,6053,4224,88.6,104.2,116.1,13.8,311,0.07400000000000001,1642,0.389,0.238,0.24,0.38,0.386,0.3,0.306,0.27899999999999997,0.679,0.483,0.5479999999999999,0.865,0.775,0.508,18.3,0.788,2.4250000000000003,-0.35568771375070884,0.6095758718107365,-0.2914293917798772,-0.3193950526764061,0.9203697719086057
44,2024,TOR,162,2400,5410,6060,1306,844,280,26,156,671,640,510,18,1233,78,45,14,126,72,16,0.241,6060,0.084,0.203,0.41,0.241,0.313,0.389,0.703,0.148,4.4,0.283,-4.0,-6.4,-9.7,-3.2,696,-13.3,0.307,101,0.283,1.09,0.2,0.418,0.382,0.114,0.09699999999999999,110,0.063,11,0.289,0.406,0.335,0.26,0.17,0.52,0.309,-5.91,-101.37,95.47,-29.12,-3.02,0.94,1.3,108,-3.28,-2.99,6.1,-13.0,36.9,-19.3,-6.9,17.5,17.6,183.2,211.5,21.8,$174.8,6060,104,90,101,101,99,101,96,99,103,101,98,99,95,108,6060,4239,88.1,104.1,117.6,13.4,307,0.07200000000000001,1561,0.368,0.241,0.241,0.389,0.387,0.307,0.31,0.272,0.6559999999999999,0.47200000000000003,0.61,0.867,0.7959999999999999,0.521,18.4,0.7969999999999999,2.4029304029304024,-0.5320617866849449,1.007125353426432,-0.2057148647857951,-1.3504856031643693,0.742058358167708
45,2024,ARI,162,2436,5522,6284,1452,933,271,37,211,886,845,569,17,1265,84,66,34,112,119,30,0.263,6284,0.091,0.201,0.45,0.263,0.337,0.44,0.777,0.177,5.5,0.302,15.9,3.3,13.3,-0.7,868,133.0,0.337,115,0.302,1.17,0.192,0.436,0.37200000000000005,0.11599999999999999,0.132,110,0.059000000000000004,20,0.27399999999999997,0.426,0.337,0.237,0.155,0.52,0.325,11.29,-97.58,108.87,154.59,15.87,0.91,1.21,162,8.3,4.05,112.0,12.5,21.2,-22.8,124.5,-1.6,20.1,190.0,332.9,34.4,$275.1,6284,110,89,107,107,109,115,113,102,97,101,100,105,96,97,6284,4366,89.1,105.1,117.0,12.7,346,0.079,1703,0.39,0.263,0.254,0.44,0.414,0.337,0.329,0.264,0.637,0.456,0.586,0.8809999999999999,0.7979999999999999,0.515,18.5,0.7989999999999999,2.4037735849056605,0.08524746858487982,1.0954696826743653,0.4800013511668597,1.3053536935470509,0.7488708509184812
46,2024,ATL,162,2283,5481,6075,1333,832,273,15,213,704,674,485,11,1461,58,39,9,119,69,20,0.243,6075,0.08,0.24,0.33,0.243,0.309,0.415,0.724,0.172,4.1,0.291,-2.9,-2.2,-5.2,-5.1,733,22.4,0.315,101,0.291,1.06,0.198,0.413,0.389,0.107,0.135,128,0.077,7,0.389,0.43799999999999994,0.33799999999999997,0.225,0.155,0.499,0.34700000000000003,-4.84,-103.85,99.0,-25.28,-2.83,0.94,1.42,77,0.36,-5.54,5.6,-10.3,1.4,-18.7,-4.6,-17.3,19.4,183.7,181.2,18.7,$149.7,6075,97,106,99,98,103,101,109,99,100,96,105,108,96,92,6075,4071,89.9,105.7,115.4,13.8,411,0.10099999999999999,1734,0.426,0.243,0.244,0.415,0.428,0.315,0.323,0.292,0.696,0.49700000000000005,0.542,0.8290000000000001,0.746,0.508,18.6,0.76,2.3754266211604094,2.0253622708614727,-0.6272447376603311,-0.46285844576804136,-1.0692790893949249,0.5198414234786535
47,2024,CHC,162,2364,5441,6116,1318,866,253,29,170,736,696,546,19,1362,70,41,17,89,143,30,0.242,6116,0.08900000000000001,0.223,0.4,0.242,0.317,0.393,0.71,0.151,5.3,0.291,1.6,4.3,5.6,4.9,718,2.3,0.311,100,0.291,1.03,0.19399999999999998,0.409,0.397,0.1,0.10400000000000001,129,0.077,14,0.341,0.39799999999999996,0.35,0.252,0.16699999999999998,0.537,0.29600000000000004,0.64,-104.84,105.48,35.66,3.61,0.99,1.57,132,-0.45,1.1,1.7,10.5,12.9,-18.5,12.3,-5.5,19.5,184.9,211.2,21.8,$174.5,6116,108,99,98,101,97,100,96,98,98,95,107,99,99,103,6116,4138,88.7,104.0,115.5,14.5,321,0.078,1583,0.38299999999999995,0.242,0.241,0.393,0.398,0.311,0.315,0.278,0.665,0.479,0.579,0.8420000000000001,0.768,0.518,18.4,0.777,2.3835125448028673,-0.0029395678822381633,0.12368206094710284,-0.7200020267502877,1.0970525722363513,0.5851716817312523
48,2024,CIN,162,2380,5325,5970,1230,770,257,29,174,699,663,496,7,1459,87,43,18,86,207,45,0.231,5970,0.083,0.244,0.34,0.231,0.305,0.388,0.693,0.157,5.8,0.283,-4.8,2.1,3.0,12.6,666,-32.4,0.303,89,0.283,1.09,0.19899999999999998,0.41700000000000004,0.384,0.10800000000000001,0.11599999999999999,100,0.062,11,0.275,0.43,0.33399999999999996,0.23600000000000002,0.16699999999999998,0.5429999999999999,0.29,-11.07,-105.63,94.56,-59.55,-6.26,0.96,1.76,121,-7.83,-3.72,-79.7,15.6,-19.8,-20.3,-64.2,-40.1,19.1,180.5,95.3,9.8,$78.8,5970,101,108,94,97,96,89,100,96,100,97,103,107,95,97,5970,3928,87.8,103.4,114.7,14.0,275,0.07,1411,0.359,0.231,0.231,0.388,0.369,0.303,0.3,0.26899999999999996,0.659,0.46799999999999997,0.517,0.852,0.758,0.511,18.5,0.756,2.440740740740741,-0.7084358596191808,-0.8039333961561979,-0.2057148647857951,1.6282204315786353,1.0475471610543687
49,2024,COL,162,2277,5454,6026,1319,838,277,25,179,682,655,453,20,1617,51,45,19,126,85,31,0.242,6026,0.075,0.268,0.28,0.242,0.304,0.4,0.704,0.158,4.5,0.308,1.1,-7.9,-0.2,-6.0,683,-22.2,0.306,82,0.308,1.17,0.198,0.43200000000000005,0.369,0.083,0.125,110,0.066,4,0.129,0.389,0.36700000000000005,0.244,0.147,0.512,0.34,-11.85,-109.36,97.5,-130.68,-12.67,0.96,1.08,67,-13.64,1.31,-132.0,-6.1,-3.7,-18.1,-138.1,-21.8,19.2,182.2,41.5,4.3,$34.3,6026,91,119,98,96,99,82,101,104,100,101,99,96,104,100,6026,3905,88.6,104.9,114.7,12.7,322,0.08199999999999999,1535,0.39299999999999996,0.242,0.232,0.4,0.383,0.306,0.299,0.318,0.6859999999999999,0.505,0.48200000000000004,0.8340000000000001,0.725,0.508,18.4,0.732,2.1504702194357366,0.34980857798623255,-1.8640653471313986,0.4800013511668597,-0.6318467346424556,-1.2976948865452693
50,2024,MIA,162,2451,5522,6048,1347,931,243,23,150,637,611,403,16,1410,55,41,24,119,125,43,0.244,6048,0.067,0.233,0.29,0.244,0.3,0.378,0.678,0.134,4.8,0.299,1.9,-5.1,-0.2,-3.3,637,-70.9,0.296,87,0.299,1.51,0.188,0.488,0.324,0.09699999999999999,0.11199999999999999,131,0.065,14,0.25,0.39299999999999996,0.354,0.253,0.163,0.534,0.303,-11.79,-112.73,100.94,-119.61,-12.14,1.02,1.45,156,-12.19,0.59,-93.7,-3.4,-17.1,-18.5,-97.1,-35.6,19.3,182.9,69.5,7.2,$57.4,6048,81,103,99,95,94,87,85,101,95,113,87,97,101,104,6048,4180,88.2,104.2,117.2,9.7,296,0.071,1536,0.36700000000000005,0.244,0.239,0.378,0.379,0.296,0.297,0.324,0.685,0.506,0.564,0.841,0.753,0.504,18.3,0.767,2.1076923076923078,-0.620248823152064,-0.31803958529256415,3.394295268965649,-0.35064022087301105,-1.6433192264822158
51,2024,HOU,161,2336,5530,6107,1448,978,264,16,190,740,701,448,28,1176,67,46,12,132,93,24,0.262,6107,0.073,0.193,0.38,0.262,0.322,0.418,0.741,0.157,4.2,0.299,-13.6,-2.7,-10.2,-2.7,769,54.3,0.321,111,0.299,1.13,0.20199999999999999,0.423,0.375,0.084,0.11599999999999999,136,0.07400000000000001,20,0.455,0.41700000000000004,0.35200000000000004,0.23,0.153,0.5479999999999999,0.299,-0.66,-104.84,104.18,43.37,4.4,0.98,1.52,109,5.47,-6.14,73.6,-12.8,2.1,-18.5,60.8,-16.3,17.8,184.7,246.9,25.5,$204.0,6107,90,85,109,104,106,111,101,105,104,102,96,102,100,96,6107,4416,88.9,104.2,117.0,13.5,333,0.075,1718,0.389,0.262,0.258,0.418,0.416,0.321,0.322,0.318,0.679,0.498,0.5920000000000001,0.871,0.7809999999999999,0.498,18.8,0.8069999999999999,2.128526645768025,-0.2675006772835921,1.4488469996660989,0.13714324319053134,-1.3296554910332994,-1.474988093615517
52,2024,LAD,162,2403,5522,6255,1423,873,291,26,233,842,815,602,33,1336,64,51,10,99,136,23,0.258,6255,0.096,0.214,0.45,0.258,0.335,0.446,0.781,0.189,5.3,0.297,13.4,6.9,4.7,6.0,868,136.2,0.337,117,0.297,0.96,0.214,0.386,0.4,0.081,0.138,90,0.055,4,0.182,0.39,0.35700000000000004,0.253,0.14800000000000002,0.523,0.32899999999999996,11.7,-103.89,115.59,129.95,13.29,0.96,1.23,122,13.95,-1.75,126.2,10.7,-12.0,-17.9,136.9,-29.9,20.0,189.1,316.1,32.6,$261.1,6255,117,95,104,106,111,117,120,101,108,90,108,97,101,104,6255,4253,89.4,104.8,119.2,15.5,391,0.092,1752,0.41200000000000003,0.258,0.255,0.446,0.433,0.337,0.335,0.257,0.672,0.47,0.5720000000000001,0.845,0.772,0.513,18.7,0.786,2.604651162790698,1.2316789426574124,0.5212315425628031,-1.3200037157088622,1.1178826843674212,2.371862190025014
53,2024,MIL,162,2381,5472,6170,1359,900,249,33,177,777,742,597,19,1459,46,34,15,97,217,42,0.248,6170,0.09699999999999999,0.23600000000000002,0.41,0.248,0.326,0.403,0.729,0.155,6.0,0.305,-4.3,-1.4,5.5,14.4,764,41.8,0.319,105,0.305,1.26,0.18600000000000003,0.45399999999999996,0.36,0.095,0.12300000000000001,147,0.081,24,0.364,0.38799999999999996,0.366,0.24600000000000002,0.166,0.518,0.315,0.33,-110.84,111.17,49.1,5.2,1.01,1.37,160,1.5,-1.17,33.7,19.8,29.1,-21.1,53.5,8.0,19.7,186.6,267.8,27.7,$221.3,6170,117,105,101,103,100,105,98,103,94,106,97,96,104,101,6170,4068,88.6,104.3,118.1,11.5,293,0.07200000000000001,1566,0.385,0.248,0.24,0.403,0.386,0.319,0.312,0.26,0.623,0.447,0.5660000000000001,0.858,0.7759999999999999,0.517,18.4,0.764,2.386973180076628,-0.5320617866849449,-0.4505560791644643,1.2514320941135986,2.0656527863311047,0.6131319007674187
54,2024,WSN,162,2353,5374,5971,1306,886,267,18,135,660,621,456,11,1220,73,40,26,115,223,73,0.243,5971,0.076,0.204,0.37,0.243,0.309,0.375,0.684,0.132,5.3,0.288,-1.0,-3.7,2.5,4.0,650,-48.2,0.3,91,0.288,1.35,0.193,0.46399999999999997,0.34299999999999997,0.111,0.095,102,0.053,25,0.301,0.396,0.353,0.251,0.17,0.539,0.292,-5.89,-105.96,100.07,-64.28,-6.79,0.97,1.74,91,-7.24,1.19,-61.2,6.5,-29.6,-20.2,-54.7,-49.8,19.1,180.5,95.1,9.8,$78.6,5971,93,90,98,98,93,91,84,98,98,108,92,98,100,103,5971,4222,88.1,103.4,114.2,10.7,235,0.055999999999999994,1554,0.368,0.243,0.244,0.375,0.369,0.3,0.302,0.292,0.644,0.474,0.621,0.865,0.792,0.516,18.4,0.796,2.1979522184300344,-1.9430543701588325,0.9629531888024702,2.0228628370603374,0.6804503296149521,-0.9140638514512791
55,2024,NYM,162,2404,5510,6166,1357,856,279,15,207,768,735,514,11,1382,92,36,10,105,106,22,0.246,6166,0.083,0.22399999999999998,0.37,0.246,0.319,0.415,0.734,0.169,4.5,0.291,-6.0,5.6,-8.6,0.8,770,48.9,0.32,108,0.291,1.12,0.20199999999999999,0.42100000000000004,0.376,0.102,0.133,129,0.07400000000000001,8,0.276,0.414,0.35100000000000003,0.235,0.16,0.521,0.319,5.91,-103.57,109.47,69.29,7.43,0.96,1.4,122,5.07,1.07,59.2,-7.8,7.3,-19.7,51.4,-12.4,19.7,186.4,245.2,25.3,$202.6,6166,101,99,100,101,103,108,107,98,102,98,101,102,100,96,6166,4178,89.3,105.2,116.3,12.9,372,0.08900000000000001,1722,0.41200000000000003,0.246,0.25,0.415,0.417,0.32,0.325,0.289,0.6559999999999999,0.478,0.546,0.861,0.769,0.516,18.7,0.776,2.2620689655172415,0.9671178332560596,0.07950989632313614,0.05142871619645115,-0.8089026877565502,-0.39603229058799866
56,2024,PHI,162,2317,5534,6166,1423,916,285,24,198,784,750,515,21,1370,62,40,13,107,148,30,0.257,6166,0.084,0.222,0.38,0.257,0.325,0.425,0.75,0.168,5.3,0.306,-0.5,1.2,4.2,5.8,797,75.3,0.325,107,0.306,1.16,0.203,0.428,0.37,0.087,0.128,140,0.078,11,0.306,0.401,0.34600000000000003,0.254,0.155,0.504,0.341,3.79,-102.02,105.81,63.22,6.63,0.95,1.45,104,4.77,-0.77,50.1,10.0,4.4,-18.3,60.2,-13.8,19.7,186.4,252.5,26.1,$208.6,6166,101,98,104,103,105,107,107,103,102,100,99,99,98,104,6166,4219,89.0,104.7,115.6,12.8,325,0.077,1679,0.39799999999999996,0.257,0.252,0.425,0.41,0.325,0.321,0.304,0.6679999999999999,0.48700000000000004,0.545,0.861,0.763,0.505,18.8,0.778,2.1901639344262294,-0.09112660434935614,0.16785422557106952,0.3942868241727776,1.0449772919086764,-0.9769893288378674
57,2024,PIT,162,2342,5477,6086,1283,870,236,17,160,665,643,485,14,1506,60,47,16,100,106,19,0.234,6086,0.08,0.247,0.32,0.234,0.301,0.371,0.672,0.137,4.7,0.291,10.1,1.8,1.0,2.4,637,-74.9,0.295,86,0.291,1.26,0.193,0.45,0.35700000000000004,0.11,0.11199999999999999,141,0.078,5,0.161,0.41200000000000003,0.344,0.244,0.163,0.527,0.31,-8.62,-111.14,102.52,-79.63,-8.33,1.02,1.57,113,-9.69,1.24,-101.7,3.4,-22.2,-18.3,-98.3,-40.4,19.4,184.0,64.7,6.7,$53.5,6086,97,110,95,96,92,86,87,99,97,105,96,102,98,100,6086,4035,89.1,105.4,121.5,11.7,331,0.08199999999999999,1618,0.401,0.234,0.24,0.371,0.386,0.295,0.307,0.278,0.6459999999999999,0.46799999999999997,0.514,0.838,0.7440000000000001,0.515,18.5,0.753,2.3154121863799277,0.34980857798623255,-0.936449890028098,1.2514320941135986,0.35758359158336767,0.03495451426950588
58,2024,STL,162,2352,5507,6114,1363,920,257,21,165,672,639,478,10,1318,56,47,17,91,91,29,0.248,6114,0.078,0.21600000000000003,0.36,0.248,0.312,0.392,0.703,0.144,4.2,0.294,5.3,4.1,1.8,-4.9,701,-14.2,0.307,98,0.294,1.15,0.205,0.426,0.369,0.11,0.106,107,0.06,20,0.408,0.387,0.361,0.252,0.165,0.525,0.311,-1.85,-110.88,109.03,-48.81,-5.0,1.03,1.64,117,-3.37,1.57,-12.2,-3.1,-3.3,-20.5,-15.3,-23.8,19.5,184.9,165.3,17.1,$136.6,6114,95,95,100,99,97,98,92,100,104,99,99,96,102,103,6114,4262,88.7,104.0,115.5,13.1,287,0.067,1622,0.381,0.248,0.247,0.392,0.39,0.307,0.31,0.28600000000000003,0.637,0.47100000000000003,0.588,0.855,0.778,0.528,18.6,0.784,2.219512195121951,-0.9729969690205347,0.43288721331486973,0.3085722971786955,-0.3193950526764061,-0.7398699179583877
59,2024,SDP,162,2429,5526,6103,1456,989,259,18,190,760,726,458,18,1077,56,31,28,133,120,28,0.263,6103,0.075,0.17600000000000002,0.43,0.263,0.324,0.42,0.745,0.157,4.8,0.295,-0.8,-4.5,3.7,0.9,779,65.3,0.324,111,0.295,1.14,0.207,0.423,0.37,0.083,0.115,107,0.057,21,0.33299999999999996,0.38,0.377,0.243,0.15,0.544,0.305,8.42,-96.92,105.34,63.24,6.82,0.92,1.24,117,5.47,3.68,78.7,4.7,-8.5,-19.4,83.3,-27.9,19.5,184.5,259.4,26.8,$214.4,6103,91,78,107,103,104,111,100,100,105,98,100,94,107,100,6103,4512,89.1,104.3,116.7,13.2,321,0.071,1742,0.386,0.263,0.269,0.42,0.422,0.324,0.329,0.282,0.655,0.479,0.63,0.887,0.815,0.528,18.6,0.824,2.3144876325088344,-0.620248823152064,2.1997737982735326,0.22285777018461342,0.49297932043532244,0.02748457690207753
60,2024,SFG,162,2414,5460,6062,1303,830,266,30,177,693,661,492,15,1452,52,47,10,115,68,22,0.239,6062,0.081,0.24,0.34,0.239,0.305,0.396,0.701,0.157,4.4,0.29,1.2,-0.3,6.6,-6.0,685,-24.3,0.305,97,0.29,1.01,0.19399999999999998,0.405,0.401,0.107,0.11,124,0.076,19,0.46299999999999997,0.41600000000000004,0.349,0.235,0.162,0.526,0.312,-3.24,-108.34,105.1,-13.95,-1.11,1.01,1.57,158,-1.71,-1.51,-20.6,0.6,8.4,-18.6,-20.0,-10.2,19.3,183.3,172.4,17.8,$142.5,6062,98,106,97,97,98,97,100,98,98,94,108,103,99,96,6062,4066,89.3,105.2,115.0,14.3,351,0.086,1612,0.396,0.239,0.239,0.396,0.401,0.305,0.311,0.27,0.647,0.466,0.551,0.8540000000000001,0.77,0.519,18.4,0.76,2.3874538745387452,0.7025567238547045,-0.6272447376603311,-0.8914310807384518,0.06596202174838821,0.6170156739440306
61,2023,LAA,162,2314,5489,6145,1346,841,248,26,231,739,708,518,27,1524,79,46,8,117,72,31,0.245,6145,0.084,0.248,0.34,0.245,0.317,0.426,0.743,0.181,4.2,0.295,2.9,-1.3,-2.0,-9.6,759,10.2,0.32,102,0.295,1.04,0.18899999999999997,0.414,0.397,0.09300000000000001,0.146,104,0.063,9,0.321,0.41700000000000004,0.33799999999999997,0.245,0.147,0.525,0.32899999999999996,-3.42,-114.57,111.15,-24.5,-2.67,1.03,1.52,113,-2.23,-1.1,13.4,-11.6,-29.5,-18.0,1.9,-47.6,18.9,190.8,164.0,16.4,$130.8,6145,101,107,99,100,103,102,110,100,95,98,104,101,98,101,6145,4024,89.3,105.2,118.6,13.6,363,0.09,1612,0.401,0.245,0.238,0.426,0.413,0.32,0.316,0.304,0.685,0.496,0.519,0.825,0.732,0.503,18.9,0.752,2.2459016393442623,0.704928334279439,-1.024060078336944,-0.959074123800914,-1.2509497843811592,-0.2118167909975693
62,2023,BAL,162,2441,5495,6123,1399,879,309,28,183,807,780,512,14,1370,45,47,21,114,114,24,0.255,6123,0.084,0.22399999999999998,0.37,0.255,0.321,0.421,0.742,0.166,5.2,0.305,12.4,-0.8,14.4,1.7,756,10.2,0.32,104,0.305,1.11,0.196,0.423,0.381,0.107,0.11599999999999999,114,0.065,7,0.20600000000000002,0.405,0.34700000000000003,0.248,0.155,0.52,0.325,10.78,-99.26,110.04,76.42,7.66,0.93,1.53,135,3.2,8.39,33.0,16.1,0.0,-19.6,49.1,-19.6,18.8,190.1,238.4,23.8,$190.2,6123,100,97,103,101,102,104,101,103,98,100,100,98,101,102,6123,4196,89.4,105.0,114.6,13.5,333,0.079,1711,0.408,0.255,0.251,0.421,0.413,0.32,0.319,0.299,0.6559999999999999,0.478,0.581,0.857,0.77,0.5,19.1,0.776,2.1866666666666665,-0.1348779845372225,0.16709219371894976,-0.27168311356817726,1.683115332245269,-0.5966908121353823
63,2023,BOS,162,2391,5562,6174,1437,897,339,19,182,772,734,486,15,1372,71,35,11,118,112,26,0.258,6174,0.079,0.222,0.35,0.258,0.324,0.424,0.748,0.166,4.8,0.31,-9.3,-1.6,-4.8,0.3,780,27.2,0.324,101,0.31,1.15,0.205,0.425,0.37,0.098,0.11699999999999999,130,0.073,7,0.25,0.40700000000000003,0.34700000000000003,0.24600000000000002,0.161,0.516,0.324,-4.7,-113.21,108.51,-9.77,-1.13,1.0,1.51,149,-3.57,-1.1,7.8,-4.5,-50.6,-19.7,3.3,-70.3,18.9,191.7,143.7,14.3,$114.6,6174,94,96,105,102,103,101,101,105,103,101,97,99,100,101,6174,4245,89.1,104.9,115.0,12.3,318,0.075,1705,0.402,0.258,0.247,0.424,0.413,0.324,0.317,0.289,0.639,0.469,0.597,0.852,0.775,0.514,19.2,0.778,2.203448275862069,-0.44026210047055436,0.2663548830569409,0.12111174942195582,-0.49889699275489086,-0.4876537834977251
64,2023,CHW,162,2387,5501,5980,1308,860,264,13,171,641,617,377,19,1424,52,29,16,122,86,22,0.238,5980,0.063,0.23800000000000002,0.26,0.238,0.291,0.384,0.675,0.146,4.1,0.289,0.5,-3.3,-5.4,-1.9,600,-128.6,0.292,83,0.289,1.34,0.198,0.45899999999999996,0.34299999999999997,0.09699999999999999,0.122,124,0.066,9,0.25,0.402,0.344,0.254,0.161,0.534,0.305,-14.81,-112.16,97.35,-130.11,-12.98,1.01,1.72,107,-14.99,0.33,-118.8,-7.3,-23.8,-19.0,-126.0,-42.8,18.4,185.7,35.1,3.5,$28.0,5980,75,103,96,92,93,83,88,98,99,109,90,98,100,105,5980,4127,88.6,104.7,118.2,10.7,298,0.07200000000000001,1553,0.376,0.238,0.24,0.384,0.384,0.292,0.295,0.33399999999999996,0.6729999999999999,0.503,0.551,0.843,0.745,0.498,18.3,0.762,2.008955223880597,-0.6693001874205522,-0.5277466316469883,1.9868873486250982,-0.7954811922694757,-1.7513552695589663
65,2023,CLE,162,2372,5513,6096,1379,932,294,29,124,662,622,471,40,1142,55,44,13,108,151,36,0.25,6096,0.077,0.187,0.41,0.25,0.313,0.381,0.695,0.131,5.1,0.292,1.9,2.1,5.6,4.1,659,-84.3,0.302,91,0.292,1.27,0.213,0.44,0.34700000000000003,0.11199999999999999,0.08199999999999999,135,0.07,12,0.273,0.384,0.359,0.257,0.17,0.564,0.266,-5.26,-119.13,113.87,-80.08,-8.03,1.1,1.76,91,-7.42,2.62,-63.6,9.7,6.8,-19.6,-53.9,-12.8,18.7,189.3,141.3,14.1,$112.7,6096,92,81,101,99,93,91,80,99,107,104,91,93,104,106,6096,4428,87.5,103.1,114.4,11.7,228,0.051,1462,0.33,0.25,0.258,0.381,0.387,0.302,0.31,0.324,0.6609999999999999,0.494,0.634,0.878,0.799,0.506,18.8,0.813,2.0338461538461536,-2.272566796070544,2.0034519464717806,1.2994963383923617,1.0052085904976464,-1.5896286429958915
66,2023,DET,162,2422,5478,6080,1292,853,245,29,165,661,635,508,10,1473,49,31,13,107,85,23,0.236,6080,0.084,0.242,0.34,0.236,0.305,0.382,0.686,0.146,4.5,0.291,6.1,1.3,5.9,-3.5,647,-93.7,0.3,89,0.291,1.11,0.195,0.423,0.381,0.1,0.107,104,0.061,6,0.273,0.39799999999999996,0.353,0.249,0.154,0.518,0.32799999999999996,-10.47,-109.03,98.56,-101.66,-10.36,0.98,1.39,173,-10.67,-0.01,-83.6,2.4,2.2,-21.4,-81.2,-19.2,18.7,188.8,107.0,10.7,$85.3,6080,100,105,96,96,93,89,88,98,98,101,100,97,102,102,6080,4050,89.1,104.4,114.4,13.3,323,0.08,1638,0.40399999999999997,0.236,0.243,0.382,0.404,0.3,0.313,0.295,0.6579999999999999,0.48,0.551,0.848,0.758,0.51,18.7,0.758,2.222972972972973,-0.05853195555388952,-0.7262720103229706,-0.27168311356817726,0.23197121319176459,-0.36079378257442646
67,2023,KCR,162,2369,5428,5985,1325,861,258,43,163,676,651,411,12,1396,71,58,14,96,163,47,0.244,5985,0.069,0.233,0.29,0.244,0.303,0.398,0.7,0.153,5.8,0.296,-0.5,3.1,6.3,2.5,652,-76.9,0.303,88,0.296,1.05,0.20800000000000002,0.406,0.386,0.09699999999999999,0.10400000000000001,109,0.066,15,0.41700000000000004,0.42200000000000004,0.33299999999999996,0.24600000000000002,0.151,0.509,0.34,-12.66,-112.9,100.24,-89.93,-9.08,1.02,1.68,100,-9.27,-3.15,-87.2,8.8,23.1,-19.0,-78.4,4.1,18.4,185.8,129.9,13.0,$103.6,5985,82,101,99,96,97,88,93,100,104,96,102,102,96,101,5985,4107,89.4,104.5,113.8,13.4,334,0.081,1686,0.41100000000000003,0.244,0.253,0.398,0.421,0.303,0.318,0.313,0.675,0.495,0.555,0.845,0.753,0.502,18.7,0.767,2.1496815286624207,0.01781407342944344,-0.2795899083020104,-0.8608754080533801,0.9098779549393872,-0.836998490903249
68,2023,MIN,162,2427,5489,6219,1336,815,264,24,233,778,745,594,13,1654,92,32,12,119,86,18,0.243,6219,0.096,0.266,0.36,0.243,0.326,0.428,0.753,0.184,4.7,0.304,0.7,0.2,-3.5,-1.9,800,42.7,0.327,107,0.304,1.02,0.207,0.39899999999999997,0.39299999999999996,0.098,0.154,92,0.06,13,0.35100000000000003,0.418,0.342,0.24100000000000002,0.158,0.501,0.34,-3.5,-116.19,112.7,23.42,2.48,1.04,1.54,185,1.92,-5.28,49.2,-5.3,-5.5,-19.6,43.9,-25.1,19.1,193.1,231.0,23.0,$184.3,6219,114,115,99,103,104,107,112,103,104,95,104,101,99,99,6219,3879,89.4,105.3,117.4,14.5,398,0.10300000000000001,1606,0.414,0.243,0.238,0.428,0.424,0.327,0.325,0.28600000000000003,0.652,0.467,0.537,0.831,0.74,0.494,18.6,0.734,2.2717770034843205,1.6974267110627677,-1.9174242823788643,-1.1554715552959816,-0.5836353354733437,-0.04369389003511093
69,2023,NYY,162,2321,5323,5973,1207,752,221,15,219,673,650,557,18,1427,47,36,9,119,100,30,0.227,5973,0.09300000000000001,0.239,0.39,0.227,0.304,0.397,0.701,0.171,4.3,0.266,-8.5,-3.6,-8.6,-3.0,660,-68.2,0.304,93,0.266,1.11,0.193,0.425,0.38299999999999995,0.09699999999999999,0.146,87,0.052000000000000005,10,0.33299999999999996,0.42100000000000004,0.35200000000000004,0.22699999999999998,0.146,0.516,0.33799999999999997,-5.73,-101.84,96.11,-64.96,-6.17,0.93,1.75,81,-4.45,-1.72,-48.4,-11.5,17.3,-18.4,-59.9,-1.0,18.3,185.5,142.9,14.2,$114.0,5973,111,103,92,96,96,93,103,90,97,101,101,102,102,94,5973,3942,89.8,105.0,119.5,13.0,364,0.092,1647,0.418,0.227,0.244,0.397,0.426,0.304,0.324,0.268,0.636,0.457,0.534,0.838,0.7509999999999999,0.512,18.8,0.761,2.3643122676579926,0.857620392246105,-0.5773779763159839,-0.27168311356817726,-1.2403574915413527,0.5575458440222203
70,2023,OAK,162,2432,5311,5966,1187,770,225,21,171,585,563,498,12,1496,85,36,28,125,149,31,0.223,5966,0.083,0.251,0.33,0.223,0.298,0.37,0.669,0.147,4.8,0.276,-9.6,-3.0,-4.9,6.4,601,-125.5,0.293,88,0.276,1.13,0.185,0.433,0.382,0.095,0.11800000000000001,97,0.059000000000000004,17,0.22399999999999998,0.423,0.341,0.23600000000000002,0.157,0.546,0.297,-14.29,-111.37,97.08,-139.29,-14.68,1.01,1.43,202,-11.68,-2.44,-87.1,1.5,-34.4,-21.3,-85.5,-55.7,18.3,185.2,62.3,6.2,$49.7,5966,100,108,91,94,90,88,89,93,93,103,101,103,99,97,5966,3887,88.2,103.9,113.9,12.9,281,0.07200000000000001,1366,0.35100000000000003,0.223,0.226,0.37,0.373,0.293,0.297,0.28600000000000003,0.652,0.475,0.488,0.835,0.733,0.515,18.4,0.749,2.2717770034843205,-0.6693001874205522,-1.1729541123439307,-0.0752856820731118,0.13664057763350518,-0.04369389003511093
71,2023,SEA,162,2391,5500,6201,1332,827,283,12,210,758,728,548,14,1603,111,37,4,95,118,30,0.242,6201,0.08800000000000001,0.259,0.34,0.242,0.321,0.413,0.734,0.17,4.5,0.301,-8.3,7.1,-4.7,-0.4,760,4.9,0.319,109,0.301,1.0,0.204,0.39799999999999996,0.397,0.096,0.135,113,0.07200000000000001,3,0.214,0.451,0.331,0.218,0.166,0.501,0.33299999999999996,-0.79,-114.27,113.48,31.9,3.31,1.04,1.67,148,2.8,-3.57,66.3,-5.1,20.0,-22.4,61.2,-2.4,19.0,192.5,270.3,27.0,$215.6,6201,106,112,98,101,100,109,103,102,103,95,105,110,96,90,6201,3939,89.3,105.6,116.7,15.0,382,0.09699999999999999,1628,0.413,0.242,0.244,0.413,0.42,0.319,0.325,0.289,0.6659999999999999,0.48,0.511,0.831,0.736,0.506,19.1,0.741,2.296551724137931,1.2393505371627687,-1.5700048696958953,-1.3518689867910492,-0.5624507497937304,0.117277676752283
72,2023,TBR,162,2353,5511,6164,1432,896,282,24,230,860,827,514,7,1420,95,38,6,109,160,41,0.26,6164,0.083,0.23,0.36,0.26,0.331,0.445,0.776,0.185,5.5,0.308,8.6,3.0,3.6,3.2,837,86.0,0.335,117,0.308,1.16,0.183,0.439,0.37799999999999995,0.107,0.14800000000000002,132,0.073,17,0.654,0.419,0.348,0.233,0.149,0.514,0.337,13.69,-101.37,115.06,153.33,16.02,0.94,1.88,105,14.48,0.05,126.3,6.7,-8.0,-19.2,133.1,-27.2,18.9,191.4,316.2,31.5,$252.2,6164,100,100,105,105,108,117,112,104,92,104,100,102,101,96,6164,4135,89.4,104.9,114.5,12.4,344,0.083,1686,0.408,0.26,0.247,0.445,0.415,0.335,0.322,0.312,0.672,0.491,0.555,0.8320000000000001,0.7440000000000001,0.49700000000000005,18.9,0.77,2.146964856230032,0.17050613139610937,-0.1306958742950237,0.21931046516948965,0.6874398053034484,-0.8546498309124458
73,2023,TEX,162,2302,5595,6306,1470,893,326,18,233,881,845,599,17,1416,53,47,10,103,79,19,0.263,6306,0.095,0.225,0.42,0.263,0.337,0.452,0.79,0.19,4.5,0.31,-11.5,5.9,-4.4,-4.0,880,111.8,0.34,118,0.31,0.99,0.207,0.395,0.39899999999999997,0.08199999999999999,0.139,112,0.067,6,0.316,0.39799999999999996,0.358,0.245,0.138,0.495,0.36700000000000005,5.6,-100.74,106.34,127.43,12.28,0.91,1.13,71,9.72,-3.56,134.9,-8.4,31.1,-19.9,126.6,11.2,19.4,195.8,352.9,35.2,$281.5,6306,113,97,106,106,110,118,115,105,104,94,105,97,104,101,6306,4238,89.8,105.1,115.2,14.2,385,0.091,1762,0.41600000000000004,0.263,0.256,0.452,0.44,0.34,0.335,0.262,0.6709999999999999,0.469,0.5579999999999999,0.861,0.778,0.506,18.8,0.775,2.551330798479087,0.781274363262772,0.11746084904995417,-1.450067702538583,-0.9119964135073482,1.7726822867477985
74,2023,TOR,162,2403,5562,6220,1423,924,292,19,188,746,705,550,14,1303,69,32,4,129,99,34,0.256,6220,0.08800000000000001,0.209,0.42,0.256,0.329,0.417,0.745,0.161,4.3,0.301,-4.4,-1.7,-4.1,-6.3,787,28.8,0.324,106,0.301,1.11,0.205,0.418,0.377,0.105,0.11699999999999999,117,0.066,20,0.5710000000000001,0.39899999999999997,0.33899999999999997,0.262,0.158,0.52,0.322,-4.15,-114.53,110.38,-3.24,-0.45,1.02,1.76,114,1.23,-5.3,45.5,-10.4,23.0,-20.5,35.1,2.5,19.1,193.1,249.8,24.9,$199.3,6220,106,91,104,104,101,106,97,102,103,99,99,97,98,108,6220,4298,88.7,105.0,116.7,13.0,350,0.081,1670,0.389,0.256,0.253,0.417,0.415,0.324,0.324,0.259,0.675,0.475,0.586,0.855,0.784,0.518,19.0,0.791,2.5961538461538463,0.01781407342944344,0.9115623637538833,-0.27168311356817726,-1.1238422703034803,2.0639160937106467
75,2023,ARI,162,2406,5436,6124,1359,875,274,44,166,746,706,540,11,1247,58,50,36,121,166,26,0.25,6124,0.08800000000000001,0.204,0.43,0.25,0.322,0.408,0.73,0.158,6.0,0.293,0.4,-2.5,7.9,11.0,739,-7.3,0.317,97,0.293,1.27,0.20199999999999999,0.447,0.35100000000000003,0.098,0.11199999999999999,111,0.059000000000000004,18,0.265,0.40399999999999997,0.355,0.24100000000000002,0.149,0.519,0.332,3.49,-108.71,112.2,-13.43,-1.6,1.0,1.65,150,-2.96,6.43,-24.6,18.9,17.8,-19.8,-5.7,-1.9,18.1,190.1,200.6,20.0,$160.0,6124,100,91,100,100,98,97,95,99,101,104,95,99,102,99,6124,4279,88.8,104.1,117.1,10.8,268,0.063,1635,0.382,0.25,0.246,0.408,0.388,0.317,0.311,0.264,0.628,0.452,0.579,0.8759999999999999,0.792,0.518,18.8,0.796,2.369811320754717,-1.356414448270549,1.1597190870988612,1.2994963383923617,1.9796995317598534,0.5932754574940791
76,2023,ATL,162,2278,5597,6249,1543,920,293,23,307,947,916,538,20,1289,67,43,2,128,132,27,0.276,6249,0.086,0.20600000000000002,0.42,0.276,0.344,0.501,0.845,0.225,5.1,0.306,12.3,-4.3,6.1,3.4,974,213.0,0.359,126,0.306,1.17,0.19699999999999998,0.434,0.369,0.073,0.191,113,0.06,4,0.5710000000000001,0.43,0.336,0.23399999999999999,0.134,0.48200000000000004,0.38299999999999995,19.3,-100.56,119.86,189.43,18.57,0.92,1.25,71,18.43,2.57,199.3,9.5,11.7,-18.5,208.8,-6.7,18.4,194.0,414.5,41.3,$330.7,6249,98,92,110,106,120,126,135,103,98,101,100,105,97,96,6249,4355,91.0,107.4,121.2,12.0,517,0.11900000000000001,2004,0.46,0.276,0.277,0.501,0.504,0.359,0.363,0.303,0.6940000000000001,0.49700000000000005,0.599,0.8390000000000001,0.7659999999999999,0.49700000000000005,18.9,0.794,2.2828947368421053,2.918963174796094,1.06045639776087,0.31750918091702346,0.9840240048180332,0.028542603879353607
77,2023,CHC,162,2328,5504,6220,1399,904,269,30,196,819,786,570,11,1391,77,52,15,95,140,34,0.254,6220,0.092,0.22399999999999998,0.41,0.254,0.33,0.421,0.751,0.167,5.3,0.303,3.5,9.5,6.3,1.8,796,37.7,0.326,105,0.303,1.18,0.203,0.431,0.366,0.095,0.129,147,0.08199999999999999,2,0.08,0.401,0.361,0.23800000000000002,0.163,0.53,0.307,0.46,-104.2,104.66,67.65,6.86,0.96,1.44,123,4.74,-4.25,41.3,8.1,10.5,-20.8,49.4,-10.3,18.4,193.1,250.6,25.0,$199.9,6220,104,100,102,102,101,105,100,102,101,100,99,98,104,98,6220,4182,88.7,104.0,114.6,12.4,323,0.077,1606,0.384,0.254,0.252,0.421,0.411,0.326,0.325,0.271,0.643,0.46299999999999997,0.59,0.845,0.773,0.516,18.7,0.776,2.363970588235294,-0.2875700425038884,0.16709219371894976,0.41570789666455726,0.8357319050607407,0.5553258120477
78,2023,CIN,162,2492,5499,6195,1371,868,268,37,198,783,747,556,8,1500,92,29,19,101,190,48,0.249,6195,0.09,0.242,0.37,0.249,0.327,0.42,0.746,0.17,5.8,0.306,5.2,1.4,11.4,6.1,787,32.0,0.325,98,0.306,1.12,0.212,0.41600000000000004,0.37200000000000005,0.114,0.133,116,0.07,20,0.377,0.42700000000000005,0.342,0.23,0.155,0.5379999999999999,0.307,-3.33,-118.26,114.93,-19.3,-1.55,1.02,1.62,146,-1.69,-1.57,-15.0,17.5,-42.9,-20.5,2.5,-63.4,18.3,192.3,149.8,14.9,$119.5,6195,102,108,100,101,101,98,102,103,105,97,101,104,99,95,6195,4047,88.2,103.6,119.2,13.8,281,0.069,1478,0.365,0.249,0.242,0.42,0.387,0.325,0.312,0.258,0.63,0.449,0.547,0.8420000000000001,0.76,0.514,18.6,0.758,2.4324324324324325,-0.898338274370551,-0.7262720103229706,-0.17348439782064343,1.831407432002561,1.0001506187387834
79,2023,COL,162,2352,5496,6055,1368,869,305,31,163,721,685,447,8,1543,59,41,11,124,76,25,0.249,6055,0.07400000000000001,0.255,0.29,0.249,0.31,0.405,0.715,0.156,4.8,0.315,-9.6,-4.4,-10.2,-5.9,695,-42.9,0.31,80,0.315,1.17,0.214,0.423,0.363,0.092,0.113,103,0.061,11,0.344,0.408,0.348,0.243,0.157,0.495,0.348,-11.9,-111.29,99.39,-141.86,-13.17,0.97,1.7,107,-16.41,4.12,-153.8,-16.1,-0.3,-18.4,-169.9,-18.6,17.9,188.0,17.3,1.7,$13.8,6055,84,114,100,96,97,80,94,106,106,99,98,100,100,100,6055,4006,88.0,104.4,115.3,12.8,306,0.076,1462,0.365,0.249,0.24,0.405,0.391,0.31,0.304,0.325,0.675,0.5,0.515,0.8320000000000001,0.7290000000000001,0.502,18.5,0.745,2.070552147239264,-0.3639160714872214,-1.371479491019913,0.31750918091702346,-1.7276029621724567,-1.351134681768698
80,2023,MIA,162,2420,5497,6043,1423,976,258,23,166,666,633,430,23,1287,50,38,22,159,86,21,0.259,6043,0.071,0.213,0.33,0.259,0.316,0.405,0.721,0.146,4.2,0.308,-0.1,-12.7,-1.8,-2.7,705,-31.1,0.312,93,0.308,1.37,0.20199999999999999,0.462,0.336,0.083,0.11699999999999999,138,0.071,16,0.314,0.37200000000000005,0.35700000000000004,0.271,0.14800000000000002,0.522,0.32899999999999996,-5.28,-110.31,105.03,-93.92,-9.44,1.0,1.25,112,-7.12,1.86,-50.8,-4.5,-27.9,-18.8,-55.3,-46.7,17.8,187.6,103.5,10.3,$82.6,6043,81,95,104,98,97,93,88,104,101,108,91,91,103,111,6043,4276,88.9,104.1,115.8,10.2,306,0.07200000000000001,1624,0.38,0.259,0.257,0.405,0.412,0.312,0.316,0.302,0.6459999999999999,0.47600000000000003,0.596,0.856,0.774,0.504,18.5,0.787,2.132013201320132,-0.6693001874205522,0.713036985077901,2.2814834958677,-0.49889699275489086,-0.9517968926517796
81,2023,HOU,162,2282,5567,6253,1441,917,280,22,222,827,799,550,17,1241,72,40,14,124,107,32,0.259,6253,0.08800000000000001,0.198,0.44,0.259,0.331,0.437,0.768,0.178,4.6,0.294,-2.4,-2.5,-5.4,-3.8,831,69.0,0.332,111,0.294,1.08,0.198,0.418,0.385,0.091,0.133,137,0.076,10,0.263,0.42,0.34600000000000003,0.23399999999999999,0.151,0.524,0.325,3.77,-106.88,110.65,85.7,8.54,0.96,1.58,82,4.53,-0.61,85.6,-9.3,-3.1,-18.4,76.4,-21.5,19.2,194.1,268.2,26.7,$214.0,6253,105,86,105,104,106,111,108,99,99,99,101,102,100,96,6253,4390,88.7,104.1,117.7,13.2,357,0.081,1699,0.387,0.259,0.257,0.437,0.435,0.332,0.333,0.299,0.66,0.479,0.59,0.867,0.78,0.499,19.1,0.802,2.2,0.01781407342944344,1.4575071551128347,-0.5662792608107787,-1.0073270490656077,-0.5100586523958729
82,2023,LAD,162,2421,5524,6333,1422,850,303,20,249,906,877,644,29,1359,85,69,5,98,105,25,0.257,6333,0.102,0.215,0.47,0.257,0.34,0.455,0.795,0.197,4.8,0.294,1.8,5.8,2.0,-1.5,892,120.4,0.341,115,0.294,0.92,0.207,0.38,0.413,0.08900000000000001,0.14300000000000002,105,0.065,5,0.35700000000000004,0.42100000000000004,0.336,0.243,0.149,0.506,0.345,13.49,-102.03,115.52,162.58,16.44,0.96,1.34,176,16.09,-2.03,114.1,0.5,1.1,-19.0,114.6,-17.9,18.7,196.6,312.1,31.1,$248.9,6333,115,96,103,105,109,115,119,99,103,89,112,103,97,100,6333,4245,89.2,104.7,112.7,15.5,388,0.091,1728,0.40700000000000003,0.257,0.256,0.455,0.446,0.341,0.341,0.261,0.667,0.465,0.5539999999999999,0.853,0.77,0.502,18.9,0.785,2.545801526717557,0.781274363262772,0.6137742957399099,-2.1374587127713185,0.030717649235439178,1.7367563301611983
83,2023,MIL,162,2358,5386,6084,1290,852,257,16,165,728,696,591,15,1412,58,39,7,144,129,28,0.24,6084,0.09699999999999999,0.23199999999999998,0.42,0.24,0.319,0.385,0.704,0.146,4.8,0.292,6.0,-8.1,3.6,2.5,692,-48.9,0.309,93,0.292,1.23,0.187,0.45,0.364,0.109,0.113,119,0.066,9,0.45,0.397,0.361,0.242,0.17300000000000001,0.504,0.322,-5.09,-110.29,105.21,-32.96,-3.19,1.0,1.29,122,-5.52,0.42,-53.1,6.2,50.4,-20.5,-46.9,29.8,18.0,188.9,189.8,18.9,$151.4,6084,110,104,96,99,92,93,87,98,93,105,98,97,104,99,6084,4023,88.3,104.4,114.8,11.7,298,0.07400000000000001,1521,0.37799999999999995,0.24,0.239,0.385,0.384,0.309,0.311,0.266,0.63,0.452,0.5720000000000001,0.841,0.764,0.511,18.7,0.768,2.359550561797753,-0.5166081294538862,-0.22995856363301484,0.9067014754022263,0.6344783411044154,0.5266070793184568
84,2023,WSN,162,2305,5522,6085,1401,945,279,26,151,700,665,423,6,1149,78,38,20,112,127,29,0.254,6085,0.07,0.18899999999999997,0.37,0.254,0.314,0.396,0.709,0.142,5.1,0.293,-1.7,0.4,-5.5,2.1,694,-47.1,0.309,92,0.293,1.28,0.19699999999999998,0.451,0.35200000000000004,0.106,0.098,141,0.071,13,0.265,0.414,0.34600000000000003,0.24,0.171,0.525,0.303,-2.99,-110.94,107.95,-59.71,-5.93,1.02,1.91,78,-7.51,4.58,-56.8,-3.4,-22.3,-18.0,-60.2,-40.3,18.0,188.9,106.4,10.6,$84.9,6085,79,85,101,97,95,92,85,99,98,105,95,101,100,99,6085,4435,87.9,103.5,112.5,11.2,258,0.057999999999999996,1562,0.35200000000000004,0.254,0.249,0.396,0.387,0.309,0.306,0.311,0.659,0.485,0.634,0.88,0.8009999999999999,0.5,18.7,0.811,2.1121794871794872,-1.7381445931872137,1.9041892571337948,1.3976950541398954,-0.3823817715170182,-1.0806647045262836
85,2023,NYM,162,2374,5363,6056,1276,819,221,21,215,717,692,525,11,1331,107,38,19,105,118,15,0.238,6056,0.087,0.22,0.39,0.238,0.316,0.407,0.723,0.169,4.9,0.275,-0.4,2.0,-5.3,6.2,720,-17.6,0.315,100,0.275,1.09,0.191,0.42200000000000004,0.38799999999999996,0.10800000000000001,0.13699999999999998,88,0.051,10,0.28600000000000003,0.414,0.344,0.242,0.155,0.529,0.315,-4.53,-109.7,105.17,2.1,0.52,1.01,1.43,124,0.6,-5.11,-3.0,0.9,1.4,-21.7,-2.1,-20.3,17.9,188.0,183.5,18.3,$146.4,6056,98,98,95,98,98,100,102,93,95,98,105,101,99,99,6056,4093,89.4,105.1,117.3,13.3,340,0.083,1642,0.401,0.238,0.243,0.407,0.415,0.315,0.322,0.271,0.64,0.45899999999999996,0.5670000000000001,0.8590000000000001,0.774,0.509,18.7,0.78,2.3529411764705883,0.17050613139610937,0.36561757239493203,-0.46808054506324487,0.07308682059466558,0.48366317991024155
86,2023,PHI,162,2323,5541,6207,1417,877,291,29,220,796,771,539,22,1481,69,42,13,110,141,26,0.256,6207,0.087,0.239,0.36,0.256,0.327,0.438,0.765,0.182,5.3,0.308,-4.2,0.9,4.4,6.0,814,57.3,0.329,105,0.308,1.12,0.21,0.41700000000000004,0.373,0.092,0.145,116,0.068,15,0.341,0.409,0.34,0.251,0.14,0.531,0.32799999999999996,2.41,-114.35,116.76,32.18,3.12,1.03,1.61,93,3.57,-1.23,35.0,10.4,-20.0,-18.1,45.4,-38.1,18.3,192.7,218.3,21.8,$174.1,6207,99,107,102,101,105,105,109,104,105,97,101,100,98,103,6207,4118,89.5,105.0,115.7,13.2,357,0.087,1676,0.40700000000000003,0.256,0.251,0.438,0.426,0.329,0.326,0.315,0.657,0.484,0.547,0.8440000000000001,0.747,0.495,18.9,0.761,2.079113924050633,0.4758902473294402,-0.5773779763159839,-0.17348439782064343,1.0793546403762926,-1.2955052905404594
87,2023,PIT,162,2412,5406,6089,1293,816,287,31,159,692,662,556,9,1464,58,43,25,92,117,41,0.239,6089,0.091,0.24,0.38,0.239,0.315,0.392,0.707,0.153,5.0,0.296,-0.3,6.4,2.8,-4.9,690,-51.5,0.308,90,0.296,1.2,0.205,0.433,0.36200000000000004,0.094,0.111,130,0.076,12,0.19399999999999998,0.414,0.342,0.244,0.155,0.532,0.313,-7.19,-109.19,102.0,-77.53,-7.97,1.0,1.4,152,-8.66,1.43,-75.3,-2.1,25.4,-18.7,-77.4,6.7,18.0,189.1,136.3,13.6,$108.8,6089,104,108,96,97,94,90,92,100,102,101,98,101,99,100,6089,4011,89.2,104.4,115.8,11.9,295,0.07400000000000001,1621,0.40399999999999997,0.239,0.241,0.392,0.391,0.308,0.312,0.26,0.644,0.455,0.523,0.846,0.755,0.507,18.7,0.76,2.467432950191571,-0.5166081294538862,-0.6270093209849794,0.6121053281596249,-0.24468196459953243,1.227563402149419
88,2023,STL,162,2298,5510,6204,1376,891,264,12,209,719,697,570,17,1326,70,37,13,122,101,29,0.25,6204,0.092,0.214,0.43,0.25,0.326,0.416,0.742,0.166,4.0,0.291,-2.5,-0.2,-3.3,-3.7,776,19.7,0.322,103,0.291,1.16,0.19899999999999998,0.43,0.371,0.109,0.134,104,0.057999999999999996,11,0.344,0.402,0.342,0.256,0.161,0.49200000000000005,0.34600000000000003,-2.34,-110.86,108.52,-25.85,-2.64,1.0,1.73,103,2.93,-5.27,26.0,-7.0,-19.9,-19.3,18.9,-39.2,18.3,192.6,190.6,19.0,$152.1,6204,104,96,100,101,100,103,100,98,99,100,100,98,99,105,6204,4238,89.4,105.3,117.5,13.0,355,0.084,1760,0.415,0.25,0.258,0.416,0.43,0.322,0.333,0.282,0.642,0.46299999999999997,0.5760000000000001,0.8590000000000001,0.774,0.504,18.7,0.786,2.2685512367491167,0.24685216037944233,0.6634056404089055,0.21931046516948965,-0.7637043137500559,-0.06465302546660334
89,2023,SDP,162,2329,5401,6180,1316,824,273,14,205,752,719,653,16,1311,57,44,22,134,137,32,0.244,6180,0.106,0.212,0.5,0.244,0.329,0.413,0.742,0.17,4.5,0.283,6.1,-2.8,3.4,2.2,778,24.9,0.323,106,0.283,1.09,0.187,0.425,0.38799999999999996,0.11199999999999999,0.129,137,0.079,14,0.264,0.414,0.354,0.23199999999999998,0.165,0.513,0.322,-3.27,-105.42,102.15,25.46,2.75,0.94,1.52,114,5.49,-8.95,43.1,5.6,16.2,-21.1,48.7,-4.9,18.2,191.9,253.9,25.3,$202.5,6180,120,95,97,102,99,106,102,95,93,99,105,101,102,95,6180,4159,89.3,105.2,115.3,13.2,351,0.084,1638,0.39399999999999996,0.244,0.246,0.413,0.418,0.323,0.328,0.258,0.616,0.442,0.581,0.863,0.7829999999999999,0.515,19.1,0.788,2.378378378378378,0.24685216037944233,0.7626683297468967,-0.46808054506324487,0.5709245840655757,0.6489391603353725
90,2023,SFG,162,2441,5412,6095,1271,828,256,13,174,674,651,544,19,1492,81,39,17,116,57,16,0.235,6095,0.08900000000000001,0.245,0.36,0.235,0.312,0.383,0.695,0.149,3.6,0.29,4.7,2.3,-3.6,-6.4,671,-71.6,0.304,92,0.29,1.09,0.201,0.41600000000000004,0.382,0.10400000000000001,0.11599999999999999,85,0.052000000000000005,24,0.42100000000000004,0.424,0.332,0.244,0.158,0.526,0.315,-3.94,-108.41,104.47,-65.17,-6.62,1.0,1.51,216,-5.48,1.53,-63.6,-10.0,23.1,-20.5,-73.6,2.6,18.0,189.2,136.2,13.6,$108.7,6095,101,110,94,97,92,92,89,98,100,97,103,103,96,100,6095,3978,88.7,104.1,116.6,13.8,334,0.084,1554,0.391,0.235,0.238,0.383,0.399,0.304,0.312,0.27399999999999997,0.657,0.467,0.53,0.843,0.752,0.503,18.7,0.755,2.3890909090909096,0.24685216037944233,-0.8751660443299574,-0.46808054506324487,-1.0814730989442538,0.7185428857280534
91,2022,LAA,162,2327,5423,5977,1265,825,219,31,190,623,600,449,28,1539,54,25,25,95,77,27,0.233,5977,0.075,0.257,0.29,0.233,0.297,0.39,0.687,0.157,4.5,0.289,-3.9,3.8,-1.5,-0.7,638,-45.2,0.3,93,0.289,1.03,0.19399999999999998,0.409,0.397,0.09300000000000001,0.124,106,0.067,23,0.295,0.391,0.363,0.24600000000000002,0.156,0.5529999999999999,0.29100000000000004,-11.08,-103.24,92.15,-77.13,-8.33,0.95,1.5,119,-6.48,-5.24,-47.9,-2.2,-16.8,-18.0,-50.1,-34.9,10.9,178.2,104.2,10.9,$87.6,5977,94,116,96,96,100,93,105,100,98,96,106,97,104,99,5977,3935,88.3,104.2,119.1,13.7,334,0.085,1410,0.358,0.233,0.231,0.39,0.387,0.3,0.3,0.284,0.657,0.47600000000000003,0.5489999999999999,0.833,0.7509999999999999,0.515,23.2,0.743,2.3052631578947373,0.7456417337381442,-1.7870761546140552,-0.9982701589693711,-0.24783820532187578,0.2831125806888922
92,2022,BAL,162,2359,5429,6049,1281,810,275,25,171,674,639,476,10,1390,83,43,12,95,95,31,0.236,6049,0.079,0.23,0.34,0.236,0.305,0.39,0.695,0.154,4.7,0.284,7.6,3.3,2.9,1.1,670,-22.0,0.305,100,0.284,0.96,0.20199999999999999,0.39,0.408,0.127,0.10400000000000001,113,0.07200000000000001,16,0.34,0.414,0.34700000000000003,0.239,0.17600000000000002,0.52,0.304,-1.49,-109.23,107.73,-12.36,-1.54,1.01,1.91,93,0.8,-2.28,-1.4,3.9,14.4,-19.1,2.6,-4.7,11.1,180.4,189.3,19.9,$159.0,6049,99,103,97,99,100,100,103,98,102,91,109,103,99,97,6049,4100,88.7,104.3,112.0,15.5,333,0.081,1595,0.389,0.236,0.238,0.39,0.392,0.305,0.31,0.305,0.6829999999999999,0.493,0.5720000000000001,0.8440000000000001,0.759,0.496,23.4,0.77,2.2320261437908497,0.4473850402428865,-0.31451085935729695,-1.5358002445682641,0.44671603011309,-0.24356838832989444
93,2022,BOS,162,2379,5539,6144,1427,908,352,12,155,735,704,478,23,1373,63,50,12,131,52,20,0.258,6144,0.078,0.223,0.35,0.258,0.321,0.409,0.731,0.152,3.6,0.313,-5.1,-3.0,0.3,-3.4,746,43.2,0.319,102,0.313,1.22,0.20800000000000002,0.435,0.35700000000000004,0.099,0.10300000000000001,115,0.063,6,0.231,0.37,0.377,0.253,0.152,0.535,0.312,-3.41,-109.5,106.09,11.98,1.09,0.99,1.72,91,-1.94,-1.5,12.7,-3.1,-9.2,-18.8,9.6,-28.0,11.3,183.2,176.1,18.5,$147.9,6144,98,101,106,104,105,102,102,108,105,102,95,92,108,102,6144,4230,89.3,105.1,117.9,11.4,343,0.081,1729,0.409,0.258,0.249,0.409,0.401,0.319,0.316,0.3,0.667,0.485,0.562,0.845,0.758,0.503,24.3,0.777,2.215946843853821,0.4473850402428865,0.06726532830186262,0.4607400733704798,-0.35031342038605107,-0.35920201124037
94,2022,CHW,162,2371,5611,6123,1435,1005,272,9,149,686,654,388,9,1269,73,35,16,127,58,10,0.256,6123,0.063,0.207,0.31,0.256,0.31,0.387,0.698,0.131,3.6,0.304,-1.3,-3.3,-8.4,1.6,683,-16.9,0.306,98,0.304,1.28,0.192,0.45399999999999996,0.354,0.102,0.09699999999999999,129,0.065,6,0.19399999999999998,0.384,0.354,0.262,0.158,0.54,0.302,-1.82,-108.17,106.35,-16.74,-1.41,1.0,1.61,70,-6.37,4.56,-11.0,-6.8,-11.3,-19.2,-17.8,-30.5,11.2,182.6,145.5,15.3,$122.2,6123,80,93,105,100,99,98,88,105,97,106,94,96,101,106,6123,4393,89.2,104.6,117.8,10.6,329,0.075,1792,0.408,0.256,0.248,0.387,0.395,0.306,0.308,0.327,0.675,0.503,0.581,0.855,0.767,0.505,22.5,0.793,2.057926829268293,0.0,0.9398966143799415,0.9214801467409596,-0.7716004156498827,-1.4955964345330968
95,2022,CLE,162,2338,5558,6163,1410,979,273,31,127,698,662,450,36,1122,81,52,22,115,119,27,0.254,6163,0.073,0.182,0.4,0.254,0.316,0.383,0.699,0.129,5.0,0.294,7.0,-0.8,16.2,7.0,685,-19.5,0.306,100,0.294,1.24,0.19699999999999998,0.444,0.359,0.11199999999999999,0.079,161,0.081,14,0.318,0.385,0.355,0.26,0.18100000000000002,0.556,0.263,0.04,-109.5,109.55,-9.66,-1.06,1.03,1.52,96,-2.89,2.93,-1.5,23.2,22.3,-19.2,21.7,3.1,11.3,183.8,219.9,23.1,$184.7,6163,92,82,105,102,98,100,86,102,100,104,96,96,101,105,6163,4510,87.2,103.0,114.2,11.7,220,0.049,1494,0.331,0.254,0.245,0.383,0.361,0.306,0.298,0.309,0.638,0.475,0.6559999999999999,0.88,0.8079999999999999,0.505,22.8,0.8180000000000001,2.0580645161290323,-1.9386685077191728,2.30338299887694,0.6143200978273063,2.644240086489293,-1.4946062651478111
96,2022,DET,162,2350,5378,5870,1240,868,235,27,110,557,530,380,8,1413,58,44,10,108,47,24,0.231,5870,0.065,0.24100000000000002,0.27,0.231,0.286,0.346,0.632,0.115,3.8,0.29,-1.5,-1.6,0.5,-5.5,528,-143.4,0.279,81,0.29,1.27,0.201,0.447,0.353,0.09699999999999999,0.078,118,0.066,9,0.33299999999999996,0.397,0.34,0.263,0.171,0.568,0.261,-9.93,-103.78,93.85,-121.07,-12.96,0.98,1.26,85,-12.63,2.46,-126.7,-5.0,-0.6,-20.1,-131.7,-20.7,10.8,175.0,33.4,3.5,$28.1,5870,81,108,95,93,88,81,77,100,102,105,94,99,97,106,5870,4019,87.6,103.9,112.1,11.8,251,0.062,1464,0.364,0.231,0.233,0.346,0.357,0.279,0.288,0.33799999999999997,0.679,0.506,0.564,0.847,0.752,0.493,22.7,0.759,2.002949852507375,-0.9693342538595864,-0.9144448685359762,0.8446901345125463,-0.5666499855215322,-1.8909610974491742
97,2022,KCR,162,2372,5437,6010,1327,904,247,38,138,640,613,460,7,1287,48,44,20,101,104,34,0.244,6010,0.077,0.214,0.36,0.244,0.306,0.38,0.686,0.136,4.9,0.293,-4.0,4.7,-0.6,1.5,648,-39.5,0.302,91,0.293,1.08,0.196,0.418,0.387,0.09,0.086,123,0.071,17,0.309,0.402,0.35100000000000003,0.247,0.154,0.539,0.307,-9.13,-107.24,98.1,-64.86,-7.18,0.99,1.32,90,-6.48,-2.77,-60.4,0.9,-25.2,-19.1,-59.5,-44.3,11.0,179.2,86.4,9.1,$72.6,6010,96,96,101,99,97,91,91,101,99,98,103,100,100,100,6010,4215,88.8,103.9,113.7,12.9,302,0.07200000000000001,1592,0.37799999999999995,0.244,0.243,0.38,0.392,0.302,0.309,0.3,0.6829999999999999,0.49200000000000005,0.586,0.848,0.768,0.502,22.9,0.786,2.2691029900332227,-0.22369252012144222,0.558120426720782,-0.6143200978273047,0.10513197989917246,0.023068223580488795
98,2022,MIN,162,2422,5476,6113,1356,891,269,18,178,696,668,518,11,1353,62,46,10,133,38,17,0.248,6113,0.085,0.221,0.38,0.248,0.317,0.401,0.718,0.153,3.5,0.295,-10.5,-5.0,-7.6,-5.2,724,25.0,0.315,106,0.295,1.11,0.20800000000000002,0.418,0.375,0.08800000000000001,0.114,119,0.068,3,0.17600000000000002,0.419,0.335,0.24600000000000002,0.14400000000000002,0.525,0.33,-3.35,-106.93,103.58,11.49,1.4,0.98,1.54,121,2.37,-5.79,39.0,-12.8,-4.3,-18.8,26.2,-23.1,11.2,182.3,196.6,20.6,$165.1,6113,106,100,102,103,102,106,103,102,105,98,100,104,96,99,6113,4180,89.6,104.5,115.1,13.1,365,0.087,1718,0.41100000000000003,0.248,0.246,0.401,0.419,0.315,0.323,0.285,0.6579999999999999,0.473,0.584,0.851,0.7709999999999999,0.503,23.3,0.779,2.3006993006993004,0.894770080485772,0.1763442390616225,-0.38395006114206476,-1.454768516077718,0.2502917897327451
99,2022,NYY,162,2342,5422,6172,1308,821,225,8,254,807,764,620,36,1391,70,41,14,121,102,33,0.241,6172,0.1,0.225,0.45,0.241,0.325,0.426,0.751,0.185,4.0,0.276,-8.7,1.8,-7.4,1.2,793,87.6,0.327,114,0.276,1.03,0.19,0.41200000000000003,0.39899999999999997,0.10099999999999999,0.157,119,0.071,7,0.226,0.414,0.341,0.245,0.159,0.527,0.314,6.3,-114.63,120.93,119.44,12.63,1.07,2.15,93,10.95,-5.07,97.0,-6.2,59.3,-18.8,90.8,40.5,11.3,184.0,326.6,34.3,$274.4,6172,126,101,99,105,109,114,124,95,96,96,106,103,97,99,6172,4091,89.7,105.3,119.8,13.3,411,0.1,1710,0.418,0.241,0.243,0.426,0.427,0.327,0.33,0.278,0.631,0.456,0.573,0.8370000000000001,0.757,0.503,23.7,0.775,2.261648745519713,1.8641043343453594,-0.04181358245789725,-0.9982701589693711,-0.7032836056070992,-0.030538668668136627
100,2022,OAK,162,2394,5314,5863,1147,746,249,15,137,568,537,433,7,1389,59,33,22,109,78,23,0.216,5863,0.07400000000000001,0.237,0.31,0.216,0.281,0.346,0.626,0.13,4.2,0.264,4.2,-4.2,2.6,1.4,519,-151.5,0.277,82,0.264,1.24,0.188,0.45,0.36200000000000004,0.111,0.096,88,0.05,16,0.29600000000000004,0.409,0.34600000000000003,0.244,0.165,0.5579999999999999,0.27699999999999997,-10.5,-100.84,90.34,-87.98,-9.59,0.94,1.36,163,-11.15,0.03,-116.5,4.0,-6.1,-19.6,-112.5,-25.7,10.7,174.8,47.4,5.0,$39.8,5863,93,107,89,91,88,82,87,91,95,105,96,102,99,99,5863,3982,87.7,103.3,114.0,11.7,252,0.063,1361,0.342,0.216,0.224,0.346,0.351,0.277,0.285,0.299,0.6729999999999999,0.488,0.5379999999999999,0.841,0.7490000000000001,0.506,23.0,0.763,2.243333333333333,-0.894770080485772,-0.6962870470164565,0.6143200978273063,0.4581021651202206,-0.16225320067537552
101,2022,SEA,162,2383,5375,6117,1236,791,229,19,197,690,663,596,17,1397,89,45,9,120,83,27,0.23,6117,0.09699999999999999,0.228,0.43,0.23,0.315,0.39,0.704,0.16,4.1,0.272,-7.5,-2.3,2.1,-0.2,703,3.2,0.31,108,0.272,1.01,0.198,0.40399999999999997,0.39799999999999996,0.11800000000000001,0.124,95,0.059000000000000004,7,0.292,0.406,0.35100000000000003,0.242,0.18,0.528,0.292,3.24,-111.1,114.35,35.05,3.92,1.06,1.75,127,3.05,0.02,56.2,1.9,-0.3,-20.0,58.2,-20.2,11.2,182.4,231.5,24.3,$194.5,6117,122,103,95,102,99,108,107,94,100,95,106,101,100,98,6117,4035,88.2,104.4,117.2,15.0,327,0.081,1481,0.36700000000000005,0.23,0.236,0.39,0.393,0.31,0.317,0.26,0.6559999999999999,0.461,0.5579999999999999,0.851,0.769,0.506,23.3,0.772,2.513409961685823,0.4473850402428865,-0.20543194859753705,-1.1518501834261978,0.21899332997047832,1.779991742957102
102,2022,TBR,162,2403,5412,6008,1294,842,296,17,139,666,634,500,13,1395,57,31,7,93,95,37,0.239,6008,0.083,0.23199999999999998,0.36,0.239,0.309,0.377,0.686,0.138,4.3,0.295,0.2,5.2,4.4,-1.4,651,-36.2,0.302,100,0.295,1.25,0.201,0.444,0.355,0.113,0.09699999999999999,133,0.07400000000000001,11,0.39299999999999996,0.397,0.354,0.249,0.163,0.5479999999999999,0.289,-2.55,-104.58,102.03,0.05,0.48,0.99,2.14,113,0.81,-3.38,0.2,2.9,1.8,-18.6,3.1,-16.8,11.0,179.2,176.5,18.5,$148.2,6008,105,105,99,100,96,100,92,102,102,104,94,99,101,101,6008,4056,88.9,104.7,115.0,11.4,247,0.061,1571,0.387,0.239,0.235,0.377,0.36,0.302,0.297,0.293,0.6679999999999999,0.48,0.575,0.8320000000000001,0.753,0.498,22.9,0.768,2.272108843537415,-1.0438984272334009,-0.4235897701170568,0.6911101100557197,0.33285468004178415,0.04468469519238091
103,2022,TEX,162,2365,5478,6029,1308,866,224,20,198,707,670,456,12,1446,47,38,10,82,128,41,0.239,6029,0.076,0.24,0.32,0.239,0.301,0.395,0.696,0.157,4.7,0.287,8.5,6.6,4.4,3.7,665,-24.4,0.305,98,0.287,1.04,0.196,0.41,0.39399999999999996,0.105,0.125,130,0.079,21,0.43799999999999994,0.424,0.33799999999999997,0.237,0.163,0.516,0.321,-2.72,-110.0,107.28,14.15,1.4,1.02,1.68,139,-0.67,-1.99,-15.1,8.1,2.4,-21.0,-7.0,-18.5,11.0,179.8,165.3,17.4,$138.8,6029,95,108,98,97,101,98,105,99,99,96,105,105,97,96,6029,4080,89.2,104.6,113.0,14.0,323,0.079,1604,0.39299999999999996,0.239,0.235,0.395,0.389,0.305,0.303,0.299,0.6990000000000001,0.5,0.524,0.828,0.737,0.502,22.6,0.76,2.3300000000000005,0.2982566934952577,-0.8599054131560963,-0.9214801467409578,0.9249337004125746,0.46100656134713897
104,2022,TOR,162,2445,5555,6158,1464,945,307,12,200,775,756,500,13,1242,55,33,8,136,67,35,0.264,6158,0.081,0.20199999999999999,0.4,0.264,0.329,0.431,0.76,0.168,3.7,0.305,0.4,-4.2,3.6,-6.7,810,105.5,0.331,118,0.305,1.31,0.196,0.456,0.348,0.11,0.132,124,0.063,4,0.21100000000000002,0.401,0.34299999999999997,0.256,0.155,0.504,0.34,7.74,-100.91,108.66,94.98,9.78,0.95,1.43,104,6.53,1.62,124.2,-3.0,22.1,-18.8,121.2,3.3,11.3,183.6,319.4,33.5,$268.3,6158,102,91,109,106,110,118,112,105,99,107,93,100,98,103,6158,4361,90.2,106.0,118.4,11.2,368,0.084,1929,0.442,0.264,0.257,0.431,0.417,0.331,0.326,0.273,0.6729999999999999,0.47700000000000004,0.586,0.851,0.777,0.51,23.2,0.798,2.456204379562043,0.6710775603643298,1.2125938912793413,1.1518501834261994,-0.3389272853789205,1.3686001564091066
105,2022,ARI,162,2407,5351,6027,1232,773,262,24,173,702,658,531,14,1341,60,50,31,97,104,29,0.23,6027,0.08800000000000001,0.222,0.4,0.23,0.304,0.385,0.689,0.155,4.9,0.272,18.4,3.3,13.2,3.7,655,-34.0,0.303,93,0.272,1.19,0.18600000000000003,0.44299999999999995,0.371,0.111,0.11599999999999999,112,0.063,25,0.316,0.415,0.34600000000000003,0.24,0.17300000000000001,0.522,0.305,-3.07,-105.36,102.28,-21.08,-2.45,0.98,1.62,147,-3.85,0.71,-52.3,16.9,31.3,-20.0,-35.4,11.3,27.4,179.7,183.1,19.2,$153.8,6027,105,98,95,97,97,93,100,94,93,103,101,102,100,97,6027,4095,88.1,103.5,115.0,12.4,268,0.065,1462,0.35700000000000004,0.23,0.227,0.385,0.362,0.303,0.297,0.262,0.635,0.45299999999999996,0.578,0.8490000000000001,0.774,0.514,22.9,0.778,2.414448669201521,-0.7456417337381431,0.12180478368174255,0.2303700366852399,1.9269135810400662,1.068315685997031
106,2022,ATL,162,2259,5509,6082,1394,842,298,11,243,789,753,470,13,1498,66,36,1,103,87,31,0.253,6082,0.077,0.24600000000000002,0.31,0.253,0.317,0.443,0.761,0.19,4.2,0.303,8.2,2.1,1.2,-0.6,794,98.9,0.33,112,0.303,1.09,0.193,0.42,0.387,0.098,0.155,122,0.07200000000000001,2,0.33299999999999996,0.429,0.348,0.223,0.155,0.501,0.344,6.08,-97.66,103.74,68.89,7.08,0.89,1.54,47,8.52,-1.69,83.6,0.7,3.8,-18.7,84.3,-14.9,27.7,181.4,278.5,29.2,$233.9,6082,92,109,104,101,111,112,123,104,96,97,105,105,100,91,6082,4048,89.9,106.3,116.8,13.5,441,0.109,1759,0.435,0.253,0.248,0.443,0.444,0.33,0.33,0.311,0.691,0.49700000000000005,0.5539999999999999,0.823,0.737,0.491,23.2,0.754,2.2147435897435894,2.5351818947096882,-1.1871421454353759,-0.5375300855988914,0.08235970988491127,-0.3678551635910863
107,2022,CHC,162,2388,5425,6072,1293,838,265,31,159,657,620,507,16,1448,84,36,19,130,111,37,0.238,6072,0.083,0.23800000000000002,0.35,0.238,0.311,0.387,0.698,0.148,4.9,0.294,0.4,-3.8,6.5,1.7,681,-13.8,0.307,100,0.294,1.33,0.198,0.457,0.345,0.10300000000000001,0.115,133,0.073,15,0.385,0.41200000000000003,0.34,0.248,0.171,0.535,0.294,-10.57,-112.31,101.74,-67.96,-7.28,1.01,1.67,130,-3.54,-6.96,-2.5,8.2,-20.0,-20.0,5.7,-39.9,27.6,181.1,174.5,18.3,$146.5,6072,100,105,98,99,97,100,96,101,98,106,94,101,98,101,6072,4033,88.4,104.2,116.2,10.4,269,0.067,1498,0.371,0.238,0.232,0.387,0.368,0.307,0.3,0.285,0.659,0.473,0.5479999999999999,0.8340000000000001,0.7490000000000001,0.503,22.9,0.762,2.3041958041958046,-0.5965133869905144,-0.7508265023963364,1.305430207883026,0.9363198354197052,0.275436750545923
108,2022,CIN,162,2406,5380,5978,1264,855,235,18,156,648,618,452,6,1430,92,33,12,127,58,33,0.235,5978,0.076,0.239,0.32,0.235,0.304,0.372,0.676,0.137,3.8,0.29,-4.3,-4.0,-11.6,-7.3,631,-53.0,0.299,85,0.29,1.23,0.214,0.434,0.35200000000000004,0.11800000000000001,0.11199999999999999,114,0.066,8,0.242,0.41700000000000004,0.34,0.243,0.177,0.53,0.293,-15.15,-108.29,93.14,-106.37,-10.94,0.97,1.59,115,-13.68,-1.94,-104.9,-18.9,-23.9,-18.0,-123.7,-41.9,27.2,178.3,39.8,4.2,$33.4,5978,90,106,97,97,94,85,89,99,106,101,96,102,98,99,5978,4004,87.2,103.3,113.6,12.9,233,0.057999999999999996,1386,0.34600000000000003,0.235,0.229,0.372,0.355,0.299,0.292,0.298,0.65,0.478,0.561,0.8540000000000001,0.764,0.511,22.5,0.761,2.173913043478261,-1.2675909473548441,-0.8053659577762163,0.537530085598893,-2.1493227515126834,-0.6614863545362117
109,2022,COL,162,2265,5540,6105,1408,945,280,34,149,698,669,453,10,1330,61,40,10,139,45,20,0.254,6105,0.07400000000000001,0.218,0.34,0.254,0.315,0.398,0.713,0.144,4.2,0.307,6.4,-4.1,4.6,-4.9,711,12.9,0.312,88,0.307,1.42,0.204,0.46799999999999997,0.32899999999999996,0.079,0.107,144,0.073,9,0.33299999999999996,0.375,0.37200000000000005,0.253,0.17300000000000001,0.521,0.307,-11.37,-117.66,106.29,-109.69,-11.72,1.03,1.76,36,-10.97,-0.11,-87.5,-0.3,-13.7,-18.3,-87.8,-32.0,27.8,182.1,90.1,9.5,$75.7,6105,89,96,105,101,100,88,93,105,101,109,89,92,107,103,6105,4261,87.6,104.2,115.5,9.9,252,0.059000000000000004,1568,0.368,0.254,0.244,0.398,0.369,0.312,0.301,0.306,0.65,0.483,0.59,0.865,0.78,0.514,23.1,0.782,2.1172638436482085,-1.1930267739810292,0.3399626052012623,1.996540317938744,-0.03150164018639459,-1.0688767407459527
110,2022,MIA,162,2384,5395,5949,1241,829,248,20,144,586,554,436,6,1429,70,36,4,120,122,29,0.23,5949,0.073,0.24,0.31,0.23,0.294,0.363,0.658,0.133,4.6,0.284,-6.8,-3.2,-2.3,7.4,589,-91.4,0.29,83,0.284,1.25,0.204,0.442,0.354,0.085,0.102,109,0.062,8,0.42100000000000004,0.396,0.34,0.264,0.17,0.541,0.289,-10.71,-112.84,102.14,-110.49,-11.92,1.05,2.07,89,-11.93,1.71,-116.3,5.1,1.4,-19.3,-111.2,-17.9,27.1,177.4,75.4,7.9,$63.3,5949,88,106,95,94,91,83,86,98,102,103,96,97,98,107,5949,4014,88.2,104.1,117.6,10.9,282,0.07,1494,0.37200000000000005,0.23,0.235,0.363,0.372,0.29,0.298,0.305,0.6629999999999999,0.48200000000000004,0.556,0.8440000000000001,0.752,0.494,23.2,0.76,2.1666666666666665,-0.37282086686907107,-0.8599054131560963,0.6911101100557197,0.583349650198657,-0.713598374772211
111,2022,HOU,162,2279,5409,6054,1341,830,284,13,214,737,715,528,18,1179,60,42,9,118,83,22,0.248,6054,0.087,0.195,0.45,0.248,0.319,0.424,0.743,0.176,4.1,0.278,-7.6,-3.4,-7.6,2.1,761,69.0,0.324,113,0.278,1.03,0.19899999999999998,0.40700000000000003,0.39399999999999996,0.096,0.128,111,0.064,16,0.444,0.42200000000000004,0.35100000000000003,0.22699999999999998,0.153,0.537,0.31,5.78,-93.87,99.65,64.16,6.9,0.9,1.55,81,5.53,0.92,88.7,-5.6,34.8,-18.6,83.1,16.2,11.1,180.5,291.0,30.6,$244.4,6054,110,88,102,103,108,113,118,96,101,95,105,105,100,91,6054,4287,88.7,103.9,117.4,14.2,346,0.081,1672,0.39,0.248,0.249,0.424,0.412,0.324,0.324,0.29,0.6729999999999999,0.479,0.593,0.871,0.7859999999999999,0.493,24.1,0.8049999999999999,2.312714776632302,0.4473850402428865,1.5943700789384947,-0.9982701589693711,-0.6349667955643157,0.336700589778013
112,2022,LAD,162,2326,5526,6247,1418,850,325,31,212,847,812,607,22,1374,56,53,3,85,98,18,0.257,6247,0.09699999999999999,0.22,0.44,0.257,0.333,0.442,0.775,0.185,5.0,0.302,3.2,10.4,2.7,6.3,848,133.4,0.337,119,0.302,0.9,0.218,0.37,0.41200000000000003,0.071,0.12300000000000001,120,0.077,5,0.35700000000000004,0.43,0.33399999999999996,0.23600000000000002,0.135,0.522,0.342,14.09,-98.94,113.03,151.44,16.2,0.94,1.37,83,13.08,1.83,138.8,9.0,11.9,-19.2,147.9,-7.3,28.4,186.3,355.3,37.3,$298.4,6247,116,97,106,106,111,119,119,104,108,86,112,106,96,96,6247,4210,89.5,103.8,112.5,15.8,388,0.092,1763,0.419,0.257,0.245,0.442,0.422,0.337,0.329,0.254,0.6659999999999999,0.46399999999999997,0.574,0.838,0.767,0.51,23.1,0.78,2.6117647058823525,1.2675909473548441,0.23088369444150242,-1.996540317938743,1.02740891547675,2.487305832899952
113,2022,MIL,162,2363,5417,6122,1271,784,251,17,219,725,703,577,25,1464,80,37,11,117,96,30,0.235,6122,0.094,0.239,0.39,0.235,0.315,0.409,0.724,0.174,4.4,0.279,3.6,0.6,0.3,1.4,735,34.7,0.317,104,0.279,1.09,0.192,0.42200000000000004,0.387,0.099,0.142,109,0.065,8,0.32,0.413,0.35,0.237,0.16,0.511,0.32899999999999996,1.11,-109.59,110.7,4.96,0.43,1.02,1.59,124,-1.22,2.31,25.2,1.7,11.5,-18.4,26.9,-6.9,27.9,182.6,230.5,24.2,$193.6,6122,113,106,97,101,103,104,112,96,95,98,105,101,101,97,6122,4001,89.0,104.7,117.2,13.5,349,0.087,1593,0.39799999999999996,0.235,0.236,0.409,0.396,0.317,0.315,0.262,0.642,0.456,0.5589999999999999,0.845,0.765,0.511,23.0,0.761,2.4410646387832697,0.894770080485772,-0.8053659577762163,-0.5375300855988914,0.19622105995621714,1.259723334468405
114,2022,WSN,162,2347,5434,5998,1351,943,252,20,136,603,579,442,12,1221,60,37,20,140,75,31,0.249,5998,0.07400000000000001,0.204,0.36,0.249,0.31,0.377,0.688,0.129,3.9,0.295,-12.0,-9.9,-11.3,-3.2,652,-33.5,0.303,95,0.295,1.38,0.207,0.46,0.332,0.10800000000000001,0.09699999999999999,112,0.057999999999999996,27,0.415,0.401,0.35100000000000003,0.248,0.185,0.539,0.276,-12.11,-107.28,95.16,-112.23,-11.72,0.97,1.89,67,-9.36,-3.11,-37.7,-14.5,-57.6,-19.2,-52.2,-76.9,27.3,178.9,77.0,8.1,$64.7,5998,88,90,102,99,95,95,83,101,103,107,90,98,101,101,5998,4275,87.5,103.6,115.0,10.3,251,0.059000000000000004,1512,0.354,0.249,0.243,0.377,0.373,0.303,0.302,0.299,0.667,0.486,0.61,0.853,0.779,0.506,22.5,0.796,2.2233333333333336,-1.1930267739810292,1.1035149805195814,1.6893802690250908,-1.648332811198938,-0.3060823765267208
115,2022,NYM,162,2340,5489,6176,1422,952,272,27,171,772,735,510,25,1217,112,44,20,122,62,22,0.259,6176,0.083,0.19699999999999998,0.42,0.259,0.332,0.412,0.744,0.153,4.3,0.302,-10.0,2.0,-5.3,-2.7,784,78.1,0.326,113,0.302,1.24,0.207,0.43799999999999994,0.355,0.087,0.11199999999999999,131,0.07,13,0.28300000000000003,0.384,0.363,0.253,0.168,0.5479999999999999,0.284,10.19,-91.13,101.32,112.71,12.96,0.88,1.36,98,9.17,2.46,96.6,-8.1,16.7,-21.5,88.5,-4.8,28.1,184.2,295.9,31.1,$248.6,6176,99,87,107,106,104,113,99,104,103,102,96,94,105,103,6176,4337,88.2,104.0,116.5,11.9,309,0.071,1610,0.371,0.259,0.251,0.412,0.403,0.326,0.321,0.29100000000000004,0.6659999999999999,0.48,0.613,0.857,0.784,0.503,24.8,0.803,2.2808219178082187,-0.2982566934952577,1.4852911681787409,0.6143200978273063,-0.9196201707425803,0.10734440976744673
116,2022,PHI,162,2327,5496,6077,1392,903,255,29,205,747,719,478,15,1363,52,44,6,116,105,28,0.253,6077,0.079,0.22399999999999998,0.35,0.253,0.317,0.422,0.739,0.169,4.8,0.299,6.6,-0.7,-1.2,4.0,752,57.5,0.322,107,0.299,1.17,0.203,0.429,0.368,0.113,0.134,136,0.076,19,0.5429999999999999,0.39,0.344,0.267,0.17,0.526,0.304,3.35,-102.91,106.26,40.65,4.04,0.95,1.54,88,4.14,-0.62,46.5,2.8,-25.4,-18.7,49.3,-44.0,27.7,181.2,214.2,22.5,$179.9,6077,94,99,104,101,106,107,109,103,101,100,100,96,99,108,6077,4184,89.3,105.0,114.8,13.0,357,0.085,1721,0.41100000000000003,0.253,0.252,0.422,0.417,0.322,0.322,0.312,0.6559999999999999,0.483,0.585,0.856,0.768,0.496,23.5,0.776,2.095846645367412,0.7456417337381442,0.012725872921982682,0.07679001222841329,0.32146854503465355,-1.222897639634548
117,2022,PIT,162,2340,5331,5912,1186,778,221,29,158,591,555,476,14,1497,54,32,19,96,89,32,0.222,5912,0.081,0.253,0.32,0.222,0.291,0.364,0.655,0.141,4.4,0.277,4.5,2.5,7.0,-0.3,577,-98.9,0.289,82,0.277,1.22,0.196,0.441,0.36200000000000004,0.10099999999999999,0.114,111,0.066,14,0.275,0.405,0.35,0.245,0.17,0.535,0.295,-10.92,-110.1,99.18,-116.04,-12.05,1.02,1.53,129,-11.44,0.7,-123.4,6.7,-11.9,-18.4,-116.6,-30.3,26.9,176.3,56.3,5.9,$47.3,5912,96,112,92,93,91,82,91,95,98,102,98,99,101,99,5912,3885,88.3,104.1,122.4,11.6,256,0.066,1450,0.373,0.222,0.224,0.364,0.353,0.289,0.288,0.285,0.623,0.456,0.523,0.86,0.7559999999999999,0.506,22.4,0.747,2.1783216783216783,-0.6710775603643288,-1.5689183330945355,0.4607400733704798,0.7655278103127465,-0.6297818387283005
118,2022,STL,162,2355,5496,6165,1386,878,290,21,197,772,739,537,11,1226,80,45,5,112,95,25,0.252,6165,0.087,0.19899999999999998,0.44,0.252,0.325,0.42,0.745,0.168,4.5,0.289,2.0,-0.2,0.6,2.9,784,79.5,0.326,112,0.289,1.05,0.195,0.41200000000000003,0.39299999999999996,0.124,0.11599999999999999,113,0.064,8,0.444,0.419,0.342,0.239,0.182,0.517,0.3,3.73,-103.32,107.05,90.19,9.76,0.96,1.24,126,6.26,-2.38,83.1,3.6,24.4,-21.8,86.7,2.6,28.1,183.8,301.2,31.6,$253.0,6165,104,88,104,104,106,112,108,99,97,96,107,103,99,97,6165,4322,88.2,103.9,114.4,14.3,325,0.075,1615,0.374,0.252,0.244,0.42,0.396,0.326,0.317,0.29600000000000004,0.645,0.47100000000000003,0.606,0.8540000000000001,0.7759999999999999,0.5,22.7,0.801,2.1717171717171713,0.0,1.376212257418981,-0.8446901345125446,0.4125576250916983,-0.6772778758198524
119,2022,SDP,162,2323,5468,6175,1317,871,275,18,153,705,682,574,24,1327,65,46,17,95,49,22,0.241,6175,0.09300000000000001,0.215,0.43,0.241,0.318,0.382,0.7,0.141,3.7,0.289,1.9,7.1,-3.1,-5.1,698,-7.7,0.308,102,0.289,1.13,0.19699999999999998,0.426,0.377,0.10300000000000001,0.098,118,0.067,17,0.37,0.405,0.344,0.25,0.182,0.523,0.29600000000000004,-0.82,-99.72,98.89,13.8,1.15,0.93,1.27,108,-0.57,-0.31,11.9,-8.2,1.7,-19.6,3.8,-17.8,28.1,184.1,198.2,20.8,$166.5,6175,111,95,99,101,96,102,91,99,98,99,102,100,99,102,6175,4209,88.4,104.4,115.2,13.2,274,0.065,1584,0.376,0.241,0.237,0.382,0.373,0.308,0.306,0.273,0.636,0.457,0.596,0.8540000000000001,0.778,0.508,23.4,0.785,2.321167883211679,-0.7456417337381431,0.5035809713409021,-0.2303700366852399,-0.9310063057497109,0.39749075741278106
120,2022,SFG,162,2552,5392,6117,1261,805,255,18,183,716,683,571,14,1462,95,53,6,109,64,16,0.234,6117,0.09300000000000001,0.239,0.39,0.234,0.315,0.39,0.705,0.156,4.1,0.284,2.2,0.4,-6.0,0.4,703,3.9,0.311,102,0.284,1.01,0.19899999999999998,0.402,0.39899999999999997,0.10099999999999999,0.11699999999999999,101,0.064,28,0.528,0.42100000000000004,0.337,0.242,0.17600000000000002,0.5329999999999999,0.29100000000000004,-0.79,-108.21,107.42,15.61,1.8,1.0,1.41,256,-2.29,1.5,11.1,-5.6,-44.1,-22.0,5.5,-66.1,27.8,182.4,149.7,15.7,$125.7,6117,112,106,96,101,98,102,101,97,99,93,108,103,97,98,6117,3989,88.2,103.4,114.3,15.3,325,0.081,1504,0.377,0.234,0.228,0.39,0.38,0.311,0.308,0.264,0.644,0.457,0.5489999999999999,0.841,0.758,0.509,23.0,0.761,2.430188679245283,0.4473850402428865,-0.8053659577762163,-1.1518501834261978,-0.6349667955643157,1.181509319621342
121,2021,LAA,162,2325,5437,6016,1331,853,265,23,190,723,691,464,35,1394,59,25,30,107,79,26,0.245,6016,0.077,0.23199999999999998,0.33,0.245,0.31,0.407,0.717,0.162,4.6,0.294,4.4,2.1,3.0,0.3,699,-29.1,0.308,93,0.294,1.22,0.215,0.431,0.354,0.106,0.133,121,0.07,18,0.25,0.402,0.34299999999999997,0.255,0.171,0.525,0.304,-3.52,-100.56,97.04,-14.45,-1.61,0.93,1.5,74,-2.49,-1.32,-50.9,3.3,-21.8,-11.8,-47.6,-33.6,18.1,188.0,124.9,12.5,$100.2,6016,91,101,100,98,98,93,95,101,105,102,96,100,99,102,6016,4099,87.9,104.4,119.0,12.3,319,0.078,1437,0.35100000000000003,0.245,0.246,0.407,0.404,0.308,0.311,0.295,0.655,0.478,0.585,0.8490000000000001,0.769,0.509,23.7,0.768,2.212837837837838,-0.0972358417016533,-0.010342974506935755,0.2753618268223511,0.44425645085219106,-1.4185783483858003
122,2021,BAL,162,2376,5420,5983,1296,820,266,15,195,659,632,451,12,1454,65,31,14,105,54,23,0.239,5983,0.075,0.243,0.31,0.239,0.304,0.402,0.705,0.163,3.7,0.29,-2.6,-0.2,-3.4,-3.4,678,-46.6,0.305,91,0.29,1.09,0.204,0.41600000000000004,0.38,0.124,0.129,109,0.066,9,0.231,0.402,0.335,0.264,0.185,0.511,0.304,-13.15,-105.62,92.47,-95.85,-9.46,0.94,1.56,85,-9.7,-4.32,-69.3,-6.8,-52.8,-14.5,-76.1,-67.3,18.0,187.0,61.5,6.2,$49.4,5983,89,106,97,96,97,91,96,99,99,98,103,100,96,105,5983,4013,88.3,104.7,114.6,13.3,306,0.076,1479,0.369,0.239,0.238,0.402,0.392,0.305,0.305,0.299,0.665,0.484,0.556,0.8370000000000001,0.7509999999999999,0.504,23.5,0.757,2.216666666666667,-0.25929557787107654,-0.6929792919656809,-0.7282934298198729,-0.8563204052658175,-1.395085608799013
123,2021,BOS,162,2353,5495,6122,1434,862,330,23,219,829,783,512,22,1386,61,42,10,100,40,21,0.261,6122,0.084,0.226,0.37,0.261,0.328,0.449,0.777,0.188,4.0,0.309,-2.8,4.0,0.0,-5.6,834,93.0,0.333,105,0.309,1.04,0.20800000000000002,0.40399999999999997,0.38799999999999996,0.11900000000000001,0.13699999999999998,113,0.068,5,0.217,0.397,0.33799999999999997,0.265,0.16699999999999998,0.502,0.331,5.44,-106.81,112.25,67.35,5.99,0.98,1.73,92,4.03,1.51,39.7,-5.6,-12.6,-14.3,34.1,-26.8,18.4,191.3,217.0,21.8,$174.0,6122,99,99,106,104,108,105,111,106,102,95,105,99,97,106,6122,4163,89.9,105.9,118.6,13.7,411,0.099,1767,0.424,0.261,0.255,0.449,0.45,0.333,0.335,0.3,0.6729999999999999,0.48700000000000004,0.591,0.831,0.757,0.5,24.7,0.774,2.235880398671096,1.60439138807729,0.36200410774328884,-1.114314682374575,-0.7017964223607075,-1.2771949370949784
124,2021,CHW,162,2292,5357,6084,1373,886,275,22,190,796,757,586,10,1389,78,39,24,139,57,20,0.256,6084,0.096,0.228,0.42,0.256,0.336,0.422,0.758,0.166,4.3,0.31,6.3,-4.9,2.7,-2.3,809,73.0,0.329,108,0.31,1.41,0.213,0.461,0.327,0.071,0.146,143,0.078,7,0.171,0.39,0.345,0.265,0.156,0.516,0.32899999999999996,4.3,-101.76,106.06,74.05,7.41,0.94,1.55,83,7.43,-2.87,57.6,0.5,-33.2,-14.6,58.0,-47.8,18.3,190.1,218.6,21.9,$175.4,6084,114,100,104,106,102,108,98,106,104,109,88,97,99,106,6084,4031,89.2,104.9,117.7,10.4,313,0.078,1592,0.395,0.256,0.247,0.422,0.409,0.329,0.325,0.29100000000000004,0.6629999999999999,0.47600000000000003,0.5579999999999999,0.851,0.7609999999999999,0.49700000000000005,23.5,0.772,2.270547945205479,-0.0972358417016533,0.23788841365988064,1.7422425865302176,0.08370049074026788,-1.064483510375426
125,2021,CLE,162,2300,5332,5907,1269,796,248,22,203,717,686,453,18,1387,64,36,20,105,109,17,0.238,5907,0.077,0.235,0.33,0.238,0.303,0.407,0.71,0.169,5.2,0.282,-1.0,-1.8,5.2,10.2,675,-40.3,0.306,95,0.282,1.19,0.2,0.435,0.365,0.109,0.141,124,0.07200000000000001,13,0.26,0.4,0.349,0.251,0.16399999999999998,0.516,0.32,-4.71,-104.52,99.82,-17.55,-1.75,0.96,1.11,89,-4.25,-0.66,-33.4,15.4,17.7,-14.6,-18.0,3.1,17.8,184.6,187.5,18.8,$150.4,5907,90,103,97,96,98,95,100,97,97,103,98,99,100,100,5907,4003,88.9,105.0,114.9,12.1,307,0.077,1542,0.385,0.238,0.243,0.407,0.402,0.306,0.311,0.287,0.66,0.475,0.5539999999999999,0.84,0.754,0.504,22.7,0.765,2.291666666666667,-0.1782657097863649,-0.19651651563204806,0.043749075289529774,2.0023732784787165,-0.9349042980695637
126,2021,DET,162,2341,5376,5979,1299,847,236,37,179,697,675,490,8,1514,44,50,17,113,88,25,0.242,5979,0.08199999999999999,0.253,0.32,0.242,0.308,0.399,0.707,0.158,4.9,0.3,0.5,-1.7,4.4,2.4,681,-43.1,0.306,93,0.3,1.16,0.226,0.41600000000000004,0.359,0.10400000000000001,0.128,99,0.061,6,0.171,0.391,0.341,0.267,0.165,0.528,0.307,-8.51,-112.39,103.89,-47.17,-4.85,1.02,1.82,72,-7.45,-0.91,-53.2,6.8,-27.7,-16.5,-46.4,-44.2,18.0,186.9,114.2,11.5,$91.6,5979,97,111,98,97,96,93,93,103,110,98,97,97,98,107,5979,3931,88.4,104.4,117.1,13.3,302,0.077,1497,0.381,0.242,0.237,0.399,0.396,0.306,0.308,0.28800000000000003,0.6729999999999999,0.48200000000000004,0.55,0.8240000000000001,0.743,0.503,23.8,0.747,2.3287197231833905,-0.1782657097863649,-1.313557762382722,-0.18786367624329153,0.8949514009920951,-0.707555976544255
127,2021,KCR,162,2368,5427,5993,1349,906,251,29,163,686,647,421,8,1258,55,52,31,100,124,33,0.249,5993,0.07,0.21,0.33,0.249,0.306,0.396,0.702,0.147,5.0,0.292,5.4,1.5,0.6,6.3,672,-53.9,0.304,88,0.292,1.2,0.20800000000000002,0.43200000000000005,0.36,0.09,0.109,124,0.069,18,0.243,0.41200000000000003,0.35100000000000003,0.237,0.146,0.529,0.325,-4.26,-104.23,99.97,-68.19,-6.79,0.95,1.3,80,-7.15,2.67,-91.8,6.8,11.1,-14.9,-85.0,-3.8,18.0,187.3,116.5,11.7,$93.5,5993,83,92,101,97,95,88,87,100,101,102,97,102,101,95,5993,4259,89.2,104.2,115.1,12.7,295,0.069,1665,0.391,0.249,0.247,0.396,0.407,0.304,0.311,0.298,0.701,0.5,0.5539999999999999,0.852,0.763,0.501,23.8,0.79,2.3444816053511706,-0.8265046544640569,1.3549296604105545,0.1209533258004702,0.8949514009920951,-0.610844995270493
128,2021,MIN,162,2356,5431,6078,1311,795,271,17,228,729,690,525,17,1405,70,42,7,122,54,15,0.241,6078,0.086,0.231,0.37,0.241,0.314,0.423,0.738,0.182,3.9,0.282,1.1,-4.0,-5.6,-0.2,752,15.7,0.318,102,0.282,1.14,0.20800000000000002,0.42200000000000004,0.37,0.1,0.152,86,0.05,5,0.20800000000000002,0.435,0.336,0.22899999999999998,0.151,0.509,0.34,-6.23,-110.93,104.7,-15.02,-1.52,0.99,1.58,111,-3.51,-2.77,16.9,-5.8,15.5,-15.4,11.1,0.2,18.3,189.9,219.5,22.0,$176.0,6078,102,101,98,99,102,102,107,97,102,99,100,108,97,92,6078,4078,89.9,106.1,117.1,13.1,416,0.102,1695,0.41600000000000004,0.241,0.252,0.423,0.448,0.318,0.335,0.266,0.669,0.46799999999999997,0.552,0.8390000000000001,0.758,0.502,23.5,0.769,2.50561797752809,1.8474809923314237,0.05171487253476834,-0.3422721772651724,-0.7275504195115592,0.3778476307903469
129,2021,NYY,162,2354,5331,6060,1266,819,213,12,222,711,666,621,14,1482,63,34,10,154,63,18,0.237,6060,0.102,0.245,0.42,0.237,0.322,0.407,0.729,0.169,3.6,0.285,-3.7,-11.4,-3.8,0.0,747,13.3,0.317,103,0.285,1.17,0.195,0.434,0.371,0.098,0.155,97,0.057999999999999996,12,0.34299999999999997,0.389,0.35,0.261,0.163,0.516,0.322,1.71,-110.7,112.41,-21.69,-2.12,1.02,1.89,94,-0.76,2.44,20.0,-3.9,-26.1,-15.1,16.1,-41.3,18.2,189.4,182.4,18.3,$146.4,6060,121,107,97,102,98,103,100,98,95,102,100,97,101,104,6060,3894,89.9,106.4,122.2,12.5,380,0.098,1657,0.426,0.237,0.245,0.407,0.426,0.317,0.331,0.239,0.6459999999999999,0.444,0.541,0.826,0.75,0.505,23.8,0.755,2.6916666666666664,1.5233615199925783,-0.817094986049089,-0.1106594257323511,-0.48288744657846855,1.5193960258208237
130,2021,OAK,162,2353,5395,6104,1284,795,271,19,199,743,698,545,17,1349,98,49,17,99,88,20,0.238,6104,0.08900000000000001,0.221,0.4,0.238,0.317,0.406,0.723,0.168,4.5,0.278,2.7,4.7,-3.6,4.4,732,-7.0,0.313,102,0.278,1.05,0.20199999999999999,0.408,0.39,0.105,0.125,105,0.063,6,0.17600000000000002,0.41100000000000003,0.359,0.231,0.16699999999999998,0.519,0.314,3.57,-107.04,110.61,30.48,3.07,1.0,1.48,158,1.86,1.72,18.6,0.8,24.3,-17.5,19.3,6.7,18.3,190.8,235.2,23.6,$188.7,6104,105,97,97,100,98,102,99,96,99,96,105,102,103,92,6104,4112,89.0,104.7,115.3,14.1,358,0.087,1629,0.396,0.238,0.244,0.406,0.423,0.313,0.326,0.259,0.667,0.469,0.5660000000000001,0.843,0.768,0.514,24.1,0.779,2.5653846153846156,0.6320329710607503,0.6722933429518093,-1.0371104318636346,0.12233148646654536,0.7445608274131229
131,2021,SEA,162,2360,5355,6010,1209,766,233,11,199,697,673,535,8,1492,72,36,9,92,64,24,0.226,6010,0.08900000000000001,0.248,0.36,0.226,0.303,0.385,0.688,0.159,3.8,0.273,-7.8,2.6,-5.9,-1.9,655,-72.9,0.3,93,0.273,1.06,0.192,0.415,0.39299999999999996,0.11800000000000001,0.131,104,0.065,11,0.36700000000000005,0.40299999999999997,0.359,0.23800000000000002,0.191,0.502,0.307,2.78,-105.27,108.05,-10.96,-1.16,0.98,1.51,101,-5.88,8.71,-50.3,-7.9,-24.8,-15.4,-58.2,-40.3,18.1,187.8,107.5,10.8,$86.2,6010,105,109,92,96,93,93,94,94,94,98,106,100,103,95,6010,3911,87.9,104.0,114.1,14.0,322,0.08199999999999999,1455,0.37200000000000005,0.226,0.23,0.385,0.393,0.3,0.308,0.263,0.657,0.466,0.536,0.833,0.752,0.515,23.9,0.752,2.4886363636363638,0.22688363063719214,-1.0032685271742015,-0.9599061813526942,-0.9979673895955017,0.27365267960373363
132,2021,TBR,162,2389,5507,6213,1336,790,288,36,222,857,810,585,27,1542,72,41,6,75,88,42,0.243,6213,0.094,0.248,0.38,0.243,0.321,0.429,0.75,0.186,5.0,0.294,5.3,10.8,15.4,-4.9,793,40.9,0.322,109,0.294,1.1,0.18899999999999997,0.426,0.386,0.109,0.14400000000000002,150,0.08800000000000001,9,0.391,0.39899999999999997,0.361,0.24,0.177,0.491,0.332,8.69,-107.87,116.56,143.47,14.71,1.0,2.0,120,9.1,-0.41,66.4,10.5,27.4,-16.0,76.9,11.4,18.7,194.2,301.2,30.2,$241.6,6213,111,108,99,101,103,109,110,101,92,100,104,99,104,96,6213,4014,88.9,105.1,117.5,12.6,336,0.084,1600,0.39899999999999997,0.243,0.233,0.429,0.399,0.322,0.313,0.265,0.6779999999999999,0.474,0.5329999999999999,0.815,0.737,0.506,23.2,0.752,2.5488721804511276,0.3889433668066165,-1.0032685271742015,-0.6510891793089324,1.3714003482828507,0.6432446413994266
133,2021,TEX,162,2252,5405,5943,1254,838,225,24,167,625,598,433,10,1381,58,31,16,113,106,29,0.232,5943,0.073,0.23199999999999998,0.31,0.232,0.294,0.375,0.67,0.143,4.7,0.28,-3.7,-2.6,3.8,4.5,606,-113.9,0.291,83,0.28,1.34,0.19,0.46399999999999997,0.34600000000000003,0.092,0.12,124,0.066,5,0.114,0.381,0.361,0.258,0.161,0.527,0.312,-16.28,-109.97,93.7,-117.17,-11.73,0.98,1.48,88,-14.8,-1.77,-123.8,8.3,45.5,-14.6,-115.5,30.9,17.9,185.7,119.0,11.9,$95.4,5943,86,102,94,93,90,83,84,96,92,109,93,95,104,103,5943,4071,87.9,103.7,115.1,10.9,270,0.066,1453,0.35700000000000004,0.232,0.234,0.375,0.376,0.291,0.297,0.287,0.66,0.479,0.5720000000000001,0.838,0.76,0.514,23.5,0.768,2.291666666666667,-1.0695942587181917,-0.010342974506935755,1.2018128329536364,1.0881063796234827,-0.9349042980695637
134,2021,TOR,162,2383,5476,6070,1455,895,285,13,262,846,816,496,14,1218,51,35,10,112,81,20,0.266,6070,0.08199999999999999,0.201,0.41,0.266,0.33,0.466,0.797,0.2,4.2,0.296,0.6,-0.7,-2.0,2.9,864,129.4,0.34,112,0.296,1.04,0.20800000000000002,0.40399999999999997,0.38799999999999996,0.10300000000000001,0.158,128,0.07400000000000001,7,0.318,0.41,0.336,0.254,0.149,0.516,0.336,1.96,-100.71,102.67,96.67,9.07,0.91,1.26,100,7.46,-5.31,92.2,1.0,8.7,-15.6,93.2,-7.0,18.2,189.7,294.2,29.5,$236.0,6070,96,88,108,104,112,112,118,102,101,95,105,102,97,102,6070,4305,90.3,106.1,117.4,13.6,418,0.09699999999999999,1822,0.423,0.266,0.261,0.466,0.456,0.34,0.338,0.272,0.698,0.489,0.55,0.862,0.7759999999999999,0.508,22.8,0.7989999999999999,2.5567765567765566,1.4423316519078655,1.9134502837858844,-1.114314682374575,0.148085483617397,0.6917439248385562
135,2021,ARI,162,2449,5489,6144,1297,814,308,31,144,679,644,537,24,1465,54,28,32,99,43,16,0.236,6144,0.087,0.23800000000000002,0.37,0.236,0.309,0.382,0.692,0.146,3.9,0.295,6.7,2.7,-2.0,-2.8,671,-73.0,0.301,86,0.295,1.17,0.209,0.42700000000000005,0.364,0.106,0.098,110,0.064,17,0.258,0.40399999999999997,0.341,0.256,0.165,0.511,0.324,-11.72,-113.76,102.04,-69.11,-7.0,1.01,1.18,336,-8.91,-2.68,-111.5,-4.8,-17.2,34.9,-116.3,17.7,14.2,192.0,107.5,10.8,$86.2,6144,95,107,95,95,91,86,85,100,100,100,100,100,97,104,6144,4088,87.7,103.4,116.0,12.9,230,0.055999999999999994,1461,0.35700000000000004,0.236,0.229,0.382,0.36,0.301,0.293,0.266,0.6459999999999999,0.462,0.546,0.841,0.759,0.517,23.9,0.762,2.4194756554307113,-1.8798929395653081,-0.38269005675716034,-0.1106594257323511,-0.598780433757301,-0.1507001917703204
136,2021,ATL,161,2392,5363,6056,1307,779,269,20,239,790,762,549,36,1453,67,43,32,81,59,19,0.244,6056,0.091,0.24,0.38,0.244,0.319,0.435,0.754,0.191,4.1,0.288,0.9,5.3,2.9,-0.8,772,39.2,0.323,99,0.288,1.04,0.21100000000000002,0.40299999999999997,0.386,0.08800000000000001,0.157,114,0.07200000000000001,6,0.125,0.419,0.34600000000000003,0.23399999999999999,0.156,0.512,0.332,0.04,-106.15,106.19,63.17,6.39,0.98,1.23,272,2.22,-2.17,-7.6,2.1,2.4,36.7,-5.4,39.1,14.0,189.3,236.9,23.8,$190.1,6056,99,108,98,98,103,99,112,98,101,94,106,104,99,95,6056,3987,89.5,105.4,117.9,13.9,392,0.098,1627,0.408,0.244,0.249,0.435,0.443,0.323,0.332,0.278,0.703,0.493,0.552,0.826,0.75,0.507,23.7,0.76,2.519713261648745,1.5233615199925783,-0.5068057508405686,-1.114314682374575,0.28973246794708113,0.4643327817469747
137,2021,CHC,162,2475,5306,5972,1255,794,225,26,210,705,672,502,17,1596,92,30,40,133,86,37,0.237,5972,0.084,0.267,0.31,0.237,0.312,0.407,0.719,0.171,4.5,0.296,1.9,-7.5,0.3,-3.0,703,-19.7,0.311,94,0.296,1.23,0.195,0.444,0.361,0.106,0.156,108,0.066,8,0.125,0.408,0.35100000000000003,0.24100000000000002,0.171,0.508,0.322,-5.52,-108.8,103.28,-23.7,-2.4,0.99,1.24,306,-4.75,-0.81,-48.3,-2.7,5.0,31.8,-51.1,36.8,13.8,186.6,186.1,18.7,$149.3,5972,92,120,95,96,97,94,100,101,93,104,99,101,100,98,5972,3782,88.7,105.1,116.7,11.7,298,0.079,1466,0.38799999999999996,0.237,0.228,0.407,0.383,0.311,0.304,0.27399999999999997,0.652,0.465,0.503,0.83,0.7340000000000001,0.504,24.0,0.733,2.370909090909091,-0.016205973616941653,-2.182367620966579,0.35256607733329154,-0.32836346367335867,-0.4486925293594606
138,2021,CIN,162,2472,5423,6162,1352,822,295,13,222,786,756,553,22,1425,105,45,35,129,36,24,0.249,6162,0.09,0.231,0.39,0.249,0.328,0.431,0.759,0.182,3.2,0.296,-6.9,-0.3,-8.8,-7.9,807,61.4,0.327,98,0.296,1.18,0.226,0.418,0.35600000000000004,0.08800000000000001,0.155,116,0.069,6,0.102,0.41,0.341,0.249,0.15,0.512,0.33799999999999997,-4.2,-110.22,106.01,24.81,2.03,0.98,1.26,299,0.09,-4.38,-14.3,-16.7,-32.2,37.5,-31.0,5.3,14.2,192.6,181.1,18.2,$145.3,6162,98,104,100,101,103,98,106,100,108,98,98,102,97,101,6162,4079,88.4,104.2,114.1,13.2,347,0.085,1554,0.381,0.249,0.244,0.431,0.421,0.327,0.325,0.281,0.662,0.47,0.5539999999999999,0.8490000000000001,0.7609999999999999,0.49700000000000005,23.3,0.769,2.347517730496454,0.46997323489132814,0.05171487253476834,-0.033455175221410664,-2.131143264232975,-0.5922160879518916
139,2021,COL,161,2344,5374,6007,1338,847,275,34,182,739,709,491,24,1356,58,36,48,98,76,23,0.249,6007,0.08199999999999999,0.226,0.36,0.249,0.317,0.414,0.731,0.165,4.8,0.299,8.3,3.2,0.8,0.9,724,-3.2,0.315,80,0.299,1.28,0.203,0.447,0.35,0.08800000000000001,0.13,121,0.067,10,0.114,0.36700000000000005,0.36,0.273,0.171,0.5,0.32899999999999996,-8.37,-112.56,104.19,-62.48,-6.91,1.01,1.18,278,-6.81,-1.47,-149.7,1.6,10.0,30.0,-148.1,40.0,13.9,187.7,93.5,9.4,$75.0,6007,89,101,100,97,99,80,97,101,97,105,96,91,102,111,6007,4102,87.8,103.7,114.7,11.3,270,0.066,1481,0.361,0.249,0.239,0.414,0.388,0.315,0.306,0.29,0.672,0.488,0.5579999999999999,0.8440000000000001,0.763,0.518,24.2,0.774,2.309278350515464,-1.0695942587181917,0.36200410774328884,0.7385873298879937,0.22534747506995198,-0.8268433946336684
140,2021,MIA,162,2436,5348,5928,1244,837,226,23,158,623,594,450,25,1553,65,30,30,95,106,29,0.233,5928,0.076,0.262,0.29,0.233,0.298,0.372,0.671,0.139,4.7,0.296,-3.8,-0.3,5.9,4.5,602,-116.0,0.291,80,0.296,1.33,0.2,0.456,0.34299999999999997,0.111,0.121,119,0.069,10,0.16699999999999998,0.379,0.348,0.273,0.184,0.516,0.301,-12.08,-113.44,101.37,-73.75,-7.49,1.04,1.27,270,-12.32,0.69,-154.7,10.4,-1.4,33.5,-144.3,32.1,13.7,185.3,86.7,8.7,$69.5,5928,83,117,93,91,89,80,81,101,96,107,94,94,99,111,5928,3860,88.1,104.2,115.7,11.0,247,0.064,1433,0.371,0.233,0.227,0.372,0.364,0.291,0.29,0.304,0.654,0.48100000000000004,0.541,0.8320000000000001,0.741,0.505,23.9,0.738,2.144262295081967,-1.231653994887615,-1.8720783857580587,1.124608582442696,1.358523349707425,-1.839340790377534
141,2021,HOU,162,2319,5593,6291,1496,962,299,14,221,863,834,569,25,1222,64,54,9,136,53,16,0.267,6291,0.09,0.19399999999999998,0.47,0.267,0.339,0.444,0.783,0.177,3.8,0.303,-0.1,-4.6,-4.8,-1.5,876,114.9,0.336,115,0.303,1.08,0.218,0.406,0.377,0.10300000000000001,0.133,115,0.064,8,0.242,0.41,0.35200000000000004,0.23800000000000002,0.14800000000000002,0.52,0.331,6.67,-103.23,109.9,144.3,14.79,0.95,1.54,94,7.9,-0.85,112.9,-6.3,32.7,-14.6,106.6,18.1,18.9,196.6,340.2,34.1,$272.9,6291,107,85,109,107,107,115,104,104,106,96,102,102,101,95,6291,4436,89.5,104.3,116.4,14.0,342,0.077,1811,0.408,0.267,0.261,0.444,0.436,0.336,0.335,0.25,0.6459999999999999,0.45299999999999996,0.626,0.871,0.805,0.512,24.6,0.806,2.573705179282868,-0.1782657097863649,2.34785521307782,-0.8054976803308134,-0.7919354123886884,0.795613734089202
142,2021,LAD,162,2459,5445,6239,1330,822,247,24,237,830,799,613,36,1408,104,45,32,96,65,17,0.244,6239,0.098,0.226,0.44,0.244,0.33,0.429,0.759,0.185,4.5,0.284,2.5,6.1,1.9,0.7,816,60.3,0.327,105,0.284,1.02,0.19899999999999998,0.40399999999999997,0.397,0.081,0.146,140,0.085,3,0.07,0.41700000000000004,0.342,0.24100000000000002,0.141,0.506,0.354,4.77,-106.04,110.81,121.1,12.54,0.96,1.29,274,6.88,-1.93,41.3,2.7,-2.6,40.9,43.9,38.3,14.4,195.0,291.6,29.2,$234.0,6239,107,101,98,101,102,105,108,97,95,95,109,104,97,98,6239,4114,89.5,104.4,115.3,14.7,360,0.08800000000000001,1657,0.40299999999999997,0.244,0.242,0.429,0.423,0.327,0.328,0.23600000000000002,0.6559999999999999,0.45399999999999996,0.5379999999999999,0.845,0.768,0.519,24.0,0.774,2.7679324894514763,0.7130628391454631,0.36200410774328884,-1.2687231833964558,0.3669944593996361,1.9873441097271387
143,2021,MIL,162,2403,5362,6099,1251,784,255,18,194,738,700,586,26,1465,88,35,25,102,82,21,0.233,6099,0.096,0.24,0.4,0.233,0.317,0.396,0.713,0.163,4.4,0.283,3.2,2.6,0.1,2.7,714,-24.2,0.31,92,0.283,1.2,0.209,0.43200000000000005,0.359,0.09300000000000001,0.138,116,0.069,9,0.196,0.402,0.354,0.244,0.166,0.512,0.32299999999999995,-2.91,-105.84,102.93,2.72,0.31,0.98,1.27,292,-4.38,1.41,-62.4,2.8,-3.0,35.7,-59.6,32.7,14.1,190.6,177.7,17.8,$142.6,6099,105,108,94,97,94,92,95,96,100,101,99,100,101,99,6099,3960,88.4,104.0,116.7,12.5,299,0.076,1518,0.38299999999999995,0.233,0.233,0.396,0.387,0.31,0.31,0.261,0.6559999999999999,0.462,0.524,0.8370000000000001,0.75,0.508,23.8,0.76,2.5038167938931295,-0.25929557787107654,-0.5068057508405686,0.1209533258004702,0.3798714579750619,0.36679601684367275
144,2021,WSN,162,2386,5385,6113,1388,914,272,20,182,724,686,573,43,1303,84,31,38,158,56,26,0.258,6113,0.094,0.213,0.44,0.258,0.337,0.417,0.754,0.159,3.7,0.307,-9.9,-10.6,-8.2,-4.9,794,54.4,0.326,102,0.307,1.54,0.21899999999999997,0.474,0.308,0.085,0.145,109,0.057,12,0.154,0.371,0.377,0.252,0.163,0.52,0.318,-4.81,-114.08,109.27,2.29,0.4,1.02,1.25,282,-0.38,-4.33,14.9,-13.1,-21.4,35.9,1.8,14.5,14.1,191.0,221.4,22.2,$177.6,6113,102,96,104,103,99,102,93,104,104,111,85,92,107,102,6113,4153,88.6,104.7,116.6,9.5,288,0.069,1633,0.39299999999999996,0.258,0.255,0.417,0.413,0.326,0.328,0.249,0.6559999999999999,0.457,0.5529999999999999,0.853,0.774,0.512,23.6,0.787,2.6239999999999997,-0.8265046544640569,1.168756119285442,2.7458978431724432,-1.6675713155176446,1.1042102210293654
145,2021,NYM,162,2419,5210,5856,1243,821,228,18,176,636,604,495,25,1392,94,23,34,123,54,26,0.239,5856,0.085,0.23800000000000002,0.36,0.239,0.315,0.391,0.705,0.152,3.7,0.291,-9.0,0.3,-6.9,-4.8,670,-39.2,0.307,94,0.291,1.26,0.21,0.44,0.35,0.10099999999999999,0.132,127,0.076,13,0.18600000000000003,0.395,0.34700000000000003,0.258,0.17,0.511,0.319,-7.43,-116.92,109.49,-17.24,-1.58,1.11,1.55,292,-2.85,-3.83,-41.4,-11.8,19.9,33.2,-53.2,53.1,13.5,183.0,196.5,19.7,$157.6,5856,92,107,96,96,93,94,89,99,100,103,96,98,99,104,5856,3875,88.4,104.2,118.4,11.9,285,0.07400000000000001,1469,0.379,0.239,0.237,0.391,0.392,0.307,0.31,0.289,0.6940000000000001,0.493,0.539,0.8370000000000001,0.75,0.503,24.6,0.762,2.3931034482758626,-0.4213553140404987,-0.38269005675716034,0.5841788288661128,-1.500170334037109,-0.3125134831749443
146,2021,PHI,162,2394,5366,6089,1288,804,262,24,198,734,700,564,37,1402,67,43,47,103,77,19,0.24,6089,0.09300000000000001,0.23,0.4,0.24,0.318,0.408,0.726,0.168,4.6,0.286,3.4,1.8,3.8,2.6,727,-10.1,0.313,94,0.286,1.27,0.204,0.446,0.35,0.109,0.14300000000000002,143,0.081,25,0.24,0.389,0.349,0.261,0.17600000000000002,0.514,0.31,0.6,-107.32,107.92,8.9,0.61,1.0,1.26,275,-2.61,3.2,-50.5,6.5,-12.2,35.6,-44.0,23.4,14.1,190.3,183.7,18.4,$147.4,6089,101,103,96,97,97,94,98,97,97,105,96,97,100,106,6089,4056,88.4,105.1,116.3,11.6,294,0.07200000000000001,1500,0.37,0.24,0.24,0.408,0.396,0.313,0.314,0.26899999999999996,0.6659999999999999,0.474,0.579,0.833,0.763,0.516,23.9,0.77,2.466666666666667,-0.583415050209922,0.11377271957647245,0.6613830793770533,0.8563204052658177,0.1388520936324811
147,2021,PIT,162,2393,5336,5983,1261,862,240,35,124,609,570,529,24,1328,49,37,31,102,60,30,0.236,5983,0.08800000000000001,0.222,0.4,0.236,0.309,0.364,0.673,0.128,4.2,0.29,-2.7,4.2,2.7,-5.4,621,-103.4,0.294,80,0.29,1.34,0.21,0.45299999999999996,0.337,0.076,0.092,128,0.071,18,0.25,0.377,0.371,0.253,0.183,0.524,0.293,-9.76,-109.87,100.11,-107.74,-10.46,1.03,1.19,289,-12.44,2.99,-149.4,-2.7,-7.0,31.2,-152.2,24.2,13.8,187.0,72.8,7.3,$58.4,5983,96,100,95,95,87,80,75,98,101,106,93,94,106,103,5983,4077,87.5,103.3,118.2,10.3,219,0.054000000000000006,1396,0.342,0.236,0.238,0.364,0.364,0.294,0.299,0.259,0.6609999999999999,0.465,0.531,0.8640000000000001,0.773,0.511,23.1,0.778,2.5423076923076917,-2.04195267573473,0.6102354959101053,1.2018128329536364,-0.32836346367335867,0.6029665779579032
148,2021,STL,162,2384,5351,6001,1303,822,261,22,198,706,678,478,32,1341,86,44,40,99,89,22,0.244,6001,0.08,0.223,0.36,0.244,0.313,0.412,0.725,0.168,4.5,0.287,5.5,2.3,6.7,3.9,708,-18.2,0.312,95,0.287,1.04,0.205,0.405,0.389,0.098,0.126,117,0.07200000000000001,10,0.149,0.42,0.34299999999999997,0.237,0.16,0.517,0.32299999999999995,1.27,-94.78,96.05,11.8,1.39,0.89,0.88,256,2.85,-1.43,-36.9,10.6,41.1,34.4,-26.3,75.4,13.8,187.5,250.5,25.1,$201.0,6001,87,100,98,96,98,95,98,97,98,95,107,104,98,96,6001,4096,88.7,104.1,115.0,14.0,322,0.079,1530,0.374,0.244,0.246,0.412,0.422,0.312,0.32,0.271,0.66,0.47,0.5760000000000001,0.84,0.765,0.512,23.1,0.777,2.426470588235294,-0.016205973616941653,0.5481776488684011,-1.114314682374575,1.3842773468582765,-0.10778102715062374
149,2021,SDP,162,2497,5384,6119,1305,831,273,21,180,729,695,586,42,1324,61,46,36,121,110,39,0.242,6119,0.096,0.21600000000000003,0.44,0.242,0.321,0.401,0.722,0.159,4.5,0.287,3.0,-3.0,1.8,0.7,727,-13.7,0.312,99,0.287,1.31,0.20199999999999999,0.452,0.345,0.122,0.128,127,0.069,11,0.162,0.39299999999999996,0.358,0.249,0.17800000000000002,0.503,0.319,-3.95,-107.21,103.26,24.18,2.65,1.0,1.26,305,-0.34,-3.61,-11.0,2.5,6.9,25.2,-8.5,32.1,14.1,191.2,228.9,23.0,$183.6,6119,104,97,97,98,95,99,93,97,97,106,95,98,102,101,6119,4148,89.4,105.7,119.6,10.5,314,0.076,1684,0.406,0.242,0.245,0.401,0.401,0.312,0.318,0.243,0.643,0.449,0.5479999999999999,0.857,0.7759999999999999,0.515,23.6,0.784,2.6352459016393444,-0.25929557787107654,0.9825825781603299,0.970200081420815,0.34124046224878446,1.1732122711190731
150,2021,SFG,162,2597,5462,6196,1360,823,271,25,241,804,768,602,45,1461,64,30,36,117,66,14,0.249,6196,0.09699999999999999,0.23600000000000002,0.41,0.249,0.329,0.44,0.769,0.191,4.4,0.295,-7.7,-1.1,-11.4,2.4,823,73.0,0.329,108,0.295,1.03,0.218,0.397,0.385,0.083,0.156,98,0.062,16,0.23199999999999998,0.405,0.354,0.242,0.15,0.534,0.315,9.42,-104.03,113.45,99.35,9.86,0.96,1.19,406,9.17,0.66,64.5,-9.0,28.9,35.3,55.5,64.1,14.3,193.6,327.5,32.8,$262.7,6196,106,106,100,101,105,108,111,100,104,93,106,101,101,98,6196,4069,88.7,103.6,113.2,14.8,377,0.09300000000000001,1579,0.38799999999999996,0.249,0.24,0.44,0.427,0.329,0.324,0.24100000000000002,0.66,0.456,0.557,0.838,0.7659999999999999,0.514,23.8,0.764,2.727272727272727,1.1182121795690212,-0.25857436267375217,-1.1915189328855156,-1.1396143739251858,1.7378659410156123
151,2020,LAA,60,890,2020,2308,501,311,97,8,85,294,285,239,8,490,25,18,6,49,21,8,0.248,2308,0.10400000000000001,0.212,0.49,0.248,0.332,0.43,0.763,0.182,3.8,0.284,-1.2,-1.2,1.3,-1.1,308,18.3,0.329,106,0.284,1.15,0.20600000000000002,0.425,0.369,0.121,0.149,44,0.067,0,0.0,0.42700000000000005,0.331,0.24100000000000002,0.145,0.515,0.34,-0.53,-44.73,44.2,14.92,1.62,1.08,1.36,20,2.02,-2.51,18.4,0.2,-18.9,-6.8,18.5,-25.7,9.9,75.2,77.8,7.6,$60.6,2308,114,89,102,104,104,106,106,98,96,100,103,103,96,99,2308,1554,89.1,104.1,115.5,13.7,108,0.069,574,0.369,0.248,0.247,0.43,0.417,0.329,0.33,0.235,0.604,0.428,0.58,0.85,0.779,0.523,23.2,0.788,2.559322033898305,-0.5366663214574217,1.098325073558383,-0.4101740761050189,0.10692931327031881,0.7845518353826775
152,2020,BAL,60,906,2026,2242,523,337,102,7,77,274,264,164,5,514,27,10,15,32,19,14,0.258,2242,0.073,0.22899999999999998,0.32,0.258,0.321,0.429,0.75,0.171,3.6,0.309,-3.1,2.9,-2.2,-3.9,287,5.9,0.323,102,0.309,1.14,0.235,0.408,0.35700000000000004,0.135,0.14400000000000002,58,0.095,16,0.4,0.433,0.32299999999999995,0.243,0.196,0.517,0.287,-2.98,-42.73,39.75,-6.97,-0.64,1.03,2.08,43,-1.54,-1.36,5.4,-6.1,-16.8,-7.2,-0.8,-24.0,-11.5,73.0,36.8,3.6,$28.6,2242,81,97,106,101,104,102,100,106,110,96,99,105,94,100,2242,1537,87.0,103.4,113.2,14.0,103,0.067,515,0.335,0.258,0.241,0.429,0.387,0.323,0.304,0.33,0.691,0.504,0.6,0.835,0.755,0.48200000000000004,23.9,0.771,2.0876132930513593,-0.6907332080002221,0.2733680963643118,-0.4821344403339694,-1.4241040358274277,-1.6891769842562299
153,2020,BOS,60,884,2083,2304,552,346,118,7,81,292,278,187,8,545,21,9,4,51,31,9,0.265,2304,0.081,0.237,0.34,0.265,0.33,0.445,0.775,0.18,4.3,0.321,-0.9,-0.2,-1.3,0.6,314,25.4,0.333,105,0.321,1.27,0.201,0.44799999999999995,0.35100000000000003,0.076,0.149,59,0.085,2,0.28600000000000003,0.39299999999999996,0.37,0.237,0.161,0.496,0.34299999999999997,-0.57,-39.31,38.75,-0.67,-0.15,0.93,1.44,22,-0.15,-0.46,14.6,-0.7,0.0,-6.7,13.9,-6.7,-11.8,75.0,70.4,6.8,$54.8,2304,90,100,109,104,107,105,105,110,94,105,98,95,108,97,2304,1551,88.5,103.7,116.7,11.0,123,0.079,568,0.366,0.265,0.237,0.445,0.407,0.333,0.311,0.306,0.665,0.485,0.5529999999999999,0.838,0.748,0.498,23.9,0.763,2.1661237785016287,0.23366811125657924,-0.11484695172701577,0.4533502946423876,-0.11178973660078786,-1.277453321570936
154,2020,CHW,60,889,2047,2267,534,338,94,6,96,306,294,179,1,571,24,13,1,44,20,8,0.261,2267,0.079,0.252,0.31,0.261,0.326,0.453,0.779,0.192,4.0,0.314,1.2,-0.5,-2.1,-1.2,312,27.5,0.334,111,0.314,1.35,0.209,0.45399999999999996,0.336,0.11,0.192,64,0.095,0,0.0,0.36700000000000005,0.36,0.272,0.16899999999999998,0.499,0.332,1.47,-36.47,37.94,25.55,2.58,0.9,1.09,22,3.49,-1.86,31.1,-3.3,15.1,-8.0,27.7,7.1,25.4,73.8,134.0,13.0,$104.3,2267,87,106,107,102,109,111,112,108,98,107,94,89,105,112,2267,1493,88.7,105.3,115.8,11.2,142,0.095,596,0.39899999999999997,0.261,0.244,0.453,0.437,0.334,0.326,0.307,0.6509999999999999,0.47200000000000003,0.544,0.8170000000000001,0.725,0.48,23.4,0.748,2.1136363636363633,1.4662032035989814,-0.842750166898255,1.029033208473992,-0.7436447695617627,-1.5527071372781152
155,2020,CLE,60,869,1959,2247,446,286,96,5,59,248,234,239,4,517,24,16,7,40,25,10,0.228,2247,0.106,0.23,0.46,0.228,0.317,0.372,0.689,0.144,3.6,0.277,-1.3,1.2,-2.1,-1.1,250,-31.8,0.303,90,0.277,1.23,0.201,0.441,0.35700000000000004,0.111,0.115,43,0.068,8,0.33299999999999996,0.42,0.32899999999999996,0.251,0.17,0.523,0.307,-5.19,-42.45,37.26,-45.5,-4.33,1.0,1.55,37,-5.53,0.33,-27.1,-3.2,7.6,-6.9,-30.3,0.7,25.2,73.2,68.7,6.7,$53.5,2247,118,97,94,99,90,90,84,95,94,103,100,102,96,103,2247,1467,88.2,104.1,114.7,12.5,93,0.063,522,0.35600000000000004,0.228,0.239,0.372,0.393,0.303,0.32,0.24600000000000002,0.649,0.441,0.5589999999999999,0.847,0.764,0.484,22.9,0.77,2.6275303643724697,-0.9988669810858228,0.22484121535289586,0.16550883772658542,-0.7193426529094176,1.142249071457731
156,2020,DET,58,882,1893,2076,463,311,78,12,62,249,242,147,1,567,19,14,1,42,19,6,0.245,2076,0.071,0.273,0.26,0.245,0.303,0.397,0.7,0.152,4.6,0.314,-0.7,-1.3,-3.1,-0.3,232,-28.9,0.303,92,0.314,1.27,0.22399999999999998,0.434,0.34299999999999997,0.098,0.135,32,0.055,2,0.5,0.4,0.349,0.251,0.177,0.526,0.297,-2.41,-38.0,35.59,-23.64,-2.28,0.98,1.09,31,-4.62,2.16,-21.0,-3.4,-0.4,-7.6,-24.3,-8.0,23.3,67.6,58.6,5.7,$45.6,2076,78,115,101,95,96,92,89,108,104,102,95,97,101,103,2076,1343,88.5,104.9,114.4,12.6,97,0.07200000000000001,528,0.39299999999999996,0.245,0.241,0.397,0.398,0.303,0.306,0.309,0.674,0.484,0.503,0.826,0.7190000000000001,0.48,22.4,0.727,2.174193548387097,-0.30556599164322107,-1.86181466813799,0.4533502946423876,-0.7679468862141079,-1.2351339397047139
157,2020,KCR,60,940,1988,2200,485,313,97,7,68,248,237,172,3,527,18,10,8,28,49,20,0.244,2200,0.078,0.24,0.33,0.244,0.309,0.402,0.711,0.158,4.6,0.297,0.8,2.8,0.3,-0.5,254,-22.4,0.308,90,0.297,1.26,0.225,0.43200000000000005,0.34299999999999997,0.09300000000000001,0.13699999999999998,34,0.054000000000000006,10,0.294,0.415,0.366,0.21899999999999997,0.18100000000000002,0.519,0.3,-6.39,-40.1,33.71,-39.05,-3.74,0.95,1.34,50,-4.3,-2.45,-26.3,-0.2,8.8,-7.7,-26.4,1.1,24.6,71.6,71.0,6.9,$55.2,2200,86,101,100,97,97,90,92,102,105,101,96,101,106,90,2200,1483,87.1,103.7,114.0,11.6,101,0.068,502,0.33899999999999997,0.244,0.248,0.402,0.4,0.308,0.313,0.282,0.6709999999999999,0.47,0.534,0.8320000000000001,0.74,0.484,22.8,0.76,2.371024734982332,-0.6136997647288218,-0.2604275947612636,0.38138993041343705,0.009720846660938056,-0.20291440099079683
158,2020,MIN,60,882,1937,2168,468,293,81,3,91,269,258,186,9,528,29,14,2,38,14,7,0.242,2168,0.086,0.244,0.35,0.242,0.315,0.427,0.743,0.186,3.0,0.283,1.7,0.5,-5.9,-1.8,271,-0.7,0.319,103,0.283,1.01,0.22,0.39299999999999996,0.387,0.1,0.166,39,0.07,5,0.7140000000000001,0.41100000000000003,0.335,0.254,0.18,0.493,0.327,-0.74,-36.62,35.87,-5.19,-0.43,0.93,1.43,29,-0.11,-0.69,8.0,-7.8,6.4,-6.9,0.2,-0.5,24.3,70.6,94.7,9.2,$73.7,2168,95,103,100,99,103,103,108,97,103,92,108,100,97,104,2168,1425,89.1,104.4,115.8,15.5,110,0.077,565,0.396,0.242,0.242,0.427,0.425,0.319,0.322,0.282,0.6509999999999999,0.46,0.552,0.845,0.752,0.48200000000000004,23.6,0.756,2.3003533568904593,0.07960122471377885,-0.45453511880692743,-1.4176191753103247,-1.837240018917296,-0.5735283192225721
159,2020,NYY,60,878,1915,2210,473,285,87,7,94,315,301,251,5,480,30,11,1,51,27,7,0.247,2210,0.114,0.217,0.52,0.247,0.342,0.447,0.789,0.2,4.4,0.28,6.9,-1.5,-0.8,0.6,316,38.7,0.341,117,0.28,1.27,0.21899999999999997,0.43799999999999994,0.344,0.075,0.19,39,0.062,4,0.4,0.43,0.311,0.259,0.163,0.49700000000000005,0.34,2.24,-36.81,39.05,48.18,4.77,0.92,1.82,36,4.1,-1.68,45.9,-0.2,-5.5,-7.0,45.7,-12.5,-11.3,72.0,93.8,9.1,$73.0,2210,125,91,102,107,108,117,117,96,102,103,96,104,90,107,2210,1449,89.2,104.6,121.3,11.8,111,0.077,567,0.391,0.247,0.257,0.447,0.441,0.341,0.347,0.23600000000000002,0.638,0.433,0.539,0.841,0.757,0.491,23.5,0.783,2.691983122362869,0.07960122471377885,0.8556906685013033,0.4533502946423876,0.009720846660938056,1.480251383350009
160,2020,OAK,60,865,1908,2201,430,257,91,11,71,274,264,238,5,524,39,14,2,44,26,3,0.225,2201,0.10800000000000001,0.23800000000000002,0.45,0.225,0.322,0.396,0.718,0.171,5.0,0.271,3.9,0.3,2.6,2.2,265,-11.1,0.314,103,0.271,0.93,0.221,0.376,0.40299999999999997,0.11699999999999999,0.126,27,0.052000000000000005,1,0.16699999999999998,0.423,0.337,0.24,0.156,0.513,0.331,0.1,-39.53,39.63,14.34,1.64,1.01,1.33,32,0.11,-0.01,8.1,4.8,-3.8,-7.5,12.9,-11.2,9.4,71.7,82.7,8.0,$64.4,2201,119,100,93,101,96,103,100,93,103,88,112,102,98,99,2201,1400,89.0,103.9,115.9,17.1,107,0.076,520,0.371,0.225,0.234,0.396,0.41,0.314,0.326,0.23399999999999999,0.64,0.44,0.5489999999999999,0.835,0.76,0.507,23.2,0.762,2.7234042553191493,0.0025677814423786523,-0.16337383273843173,-1.9933020891419282,1.2248266792781974,1.64502967853296
161,2020,SEA,60,843,1929,2181,435,282,88,5,60,254,244,207,5,545,30,12,3,35,50,16,0.226,2181,0.095,0.25,0.38,0.226,0.309,0.37,0.678,0.144,4.6,0.281,5.3,0.3,3.9,1.4,233,-40.3,0.298,92,0.281,1.21,0.204,0.435,0.361,0.098,0.12,38,0.063,2,0.222,0.382,0.373,0.245,0.17600000000000002,0.51,0.315,-0.64,-35.2,34.56,-7.76,-0.83,0.91,1.68,25,-2.83,2.12,-22.4,5.4,-4.6,-7.1,-17.1,-11.8,9.3,71.0,51.5,5.0,$40.1,2181,105,105,93,97,89,92,84,96,95,102,101,92,109,101,2181,1399,87.8,103.2,112.8,12.7,98,0.07,504,0.36,0.226,0.228,0.37,0.381,0.298,0.308,0.243,0.624,0.436,0.517,0.816,0.7340000000000001,0.507,22.4,0.75,2.557377049180328,-0.45963287818602144,-0.7456964048754231,0.02158810926868436,1.3706393791922686,0.7743519719203682
162,2020,TBR,60,946,1975,2261,470,273,105,12,80,289,274,243,9,608,28,14,0,38,48,9,0.238,2261,0.107,0.26899999999999996,0.4,0.238,0.328,0.425,0.753,0.187,5.4,0.3,1.1,0.5,0.0,4.0,294,10.2,0.325,111,0.3,1.23,0.215,0.433,0.35200000000000004,0.105,0.165,43,0.07200000000000001,5,0.833,0.44299999999999995,0.332,0.225,0.171,0.48200000000000004,0.34700000000000003,2.84,-41.13,43.96,23.5,2.38,1.04,2.2,66,1.53,1.19,29.5,4.0,4.4,-7.3,33.5,-2.9,-11.6,73.6,92.6,9.0,$72.1,2261,119,113,98,103,103,111,109,103,100,102,98,107,96,93,2261,1382,88.9,104.7,114.8,11.2,119,0.086,540,0.391,0.238,0.228,0.425,0.403,0.325,0.317,0.256,0.637,0.444,0.53,0.807,0.726,0.49200000000000005,23.0,0.7310000000000001,2.4785992217898833,0.7729022141563795,-1.6677071440923208,0.16550883772658542,1.030409746059436,0.3612263181230962
163,2020,TEX,60,865,1936,2147,420,269,80,9,62,224,204,167,3,548,24,18,2,33,49,14,0.217,2147,0.078,0.255,0.3,0.217,0.285,0.364,0.648,0.147,5.1,0.266,2.5,-1.8,1.0,2.3,202,-67.3,0.283,76,0.266,1.25,0.198,0.445,0.35700000000000004,0.131,0.125,40,0.065,9,0.45,0.397,0.365,0.237,0.166,0.48200000000000004,0.35200000000000004,-4.4,-38.11,33.71,-52.76,-5.24,0.95,1.56,30,-5.99,1.36,-63.0,3.3,-15.2,-7.5,-59.7,-22.6,9.2,69.9,-3.3,-0.3,-$2.5,2147,86,107,89,89,88,76,86,91,92,104,99,96,106,98,2147,1408,88.6,103.5,113.5,12.5,100,0.071,524,0.37200000000000005,0.217,0.226,0.364,0.382,0.283,0.299,0.26899999999999996,0.64,0.457,0.552,0.8170000000000001,0.74,0.506,22.7,0.745,2.3703703703703707,-0.38259943491462234,-0.9883308099325029,0.3094295661844865,0.8602949294930194,-0.20634601134479297
164,2020,TOR,60,910,2023,2263,516,320,104,4,88,302,288,203,4,508,12,14,8,39,33,6,0.255,2263,0.09,0.22399999999999998,0.4,0.255,0.325,0.441,0.766,0.186,4.4,0.297,-6.3,1.1,-4.6,2.3,301,16.7,0.329,104,0.297,1.22,0.226,0.426,0.348,0.083,0.166,46,0.071,3,0.188,0.41,0.337,0.253,0.154,0.514,0.332,0.37,-41.86,42.23,16.25,1.45,1.05,1.98,35,-0.27,0.63,10.7,-2.2,-10.8,-6.8,8.5,-17.6,-11.6,73.7,52.9,5.1,$41.2,2263,99,94,105,102,106,104,108,102,105,100,97,99,98,104,2263,1540,89.5,105.7,117.4,11.9,133,0.086,644,0.418,0.255,0.255,0.441,0.438,0.329,0.332,0.258,0.669,0.466,0.552,0.838,0.76,0.506,22.7,0.776,2.583011583011583,0.7729022141563795,0.5160025014213916,0.0935484734976349,-0.47632148638596566,0.9087842595276044
165,2020,ARI,60,862,1997,2238,482,311,101,12,58,269,255,181,5,461,36,23,1,37,23,7,0.241,2238,0.081,0.20600000000000002,0.39,0.241,0.312,0.391,0.704,0.15,4.7,0.282,4.1,1.5,3.1,-0.1,254,-26.7,0.306,88,0.282,1.25,0.21899999999999997,0.433,0.348,0.1,0.10800000000000001,45,0.067,6,0.462,0.441,0.34,0.21899999999999997,0.156,0.516,0.32899999999999996,-2.4,-38.72,36.32,-11.69,-1.62,0.97,1.1,26,-2.81,0.33,-35.0,3.0,10.6,-7.0,-32.0,3.6,9.6,72.9,54.0,5.3,$42.1,2238,87,89,98,96,93,88,86,96,101,101,98,108,97,90,2238,1560,88.0,103.6,115.9,12.5,85,0.054000000000000006,553,0.354,0.241,0.247,0.391,0.394,0.306,0.314,0.28800000000000003,0.6579999999999999,0.47,0.564,0.848,0.76,0.493,23.6,0.794,2.276816608996539,-1.6921679705284236,1.3894863596268787,0.3094295661844865,0.787388579535984,-0.696959425208071
166,2020,ATL,60,900,2074,2344,556,320,130,3,103,348,338,239,13,573,23,7,1,39,23,4,0.268,2344,0.102,0.244,0.42,0.268,0.349,0.483,0.832,0.215,3.8,0.322,0.9,1.7,1.3,1.1,364,70.0,0.355,120,0.322,1.0,0.237,0.381,0.382,0.07,0.179,42,0.073,1,0.33299999999999996,0.41100000000000003,0.335,0.254,0.16,0.48200000000000004,0.358,2.57,-41.92,44.49,66.61,6.38,0.99,1.72,29,5.12,-2.52,59.3,2.3,11.5,-7.2,61.7,4.3,-12.0,76.3,130.3,12.7,$101.4,2344,110,106,109,107,115,120,123,110,109,89,108,101,96,104,2344,1509,89.5,104.9,115.6,14.7,156,0.10300000000000001,646,0.428,0.268,0.261,0.483,0.481,0.355,0.355,0.276,0.691,0.483,0.5539999999999999,0.818,0.743,0.5,23.2,0.756,2.494584837545126,2.0824707497701826,-0.45453511880692743,-1.4895795395392752,0.6172737629695676,0.4450578755422281
167,2020,CHC,60,908,1918,2214,422,258,82,8,74,265,248,229,9,568,52,13,1,42,24,10,0.22,2214,0.10300000000000001,0.257,0.4,0.22,0.318,0.387,0.705,0.167,4.3,0.27,7.0,-1.1,6.4,-1.2,257,-20.7,0.309,92,0.27,1.34,0.196,0.461,0.34299999999999997,0.10800000000000001,0.159,48,0.077,5,0.556,0.423,0.36200000000000004,0.215,0.161,0.493,0.34600000000000003,-2.3,-36.94,34.64,-10.15,-1.05,0.92,1.27,51,-1.09,-1.42,-22.9,5.1,14.3,-8.0,-17.8,6.4,24.8,72.1,85.5,8.3,$66.5,2214,112,111,89,98,92,92,95,92,90,108,97,104,104,88,2214,1365,88.9,104.8,116.0,11.4,101,0.07400000000000001,547,0.401,0.22,0.231,0.387,0.39,0.309,0.319,0.276,0.615,0.43700000000000006,0.507,0.8390000000000001,0.7290000000000001,0.47600000000000003,22.9,0.743,2.2202166064981945,-0.15149910510042067,-1.0853845719553348,0.9570728442450414,1.297733029235233,-0.9937804192825035
168,2020,CIN,60,889,1842,2123,390,221,76,3,90,243,237,239,4,534,33,7,0,44,29,9,0.212,2123,0.113,0.252,0.45,0.212,0.312,0.403,0.715,0.191,3.8,0.245,-3.9,-2.4,-3.1,0.3,252,-14.1,0.312,87,0.245,1.06,0.217,0.40399999999999997,0.379,0.054000000000000006,0.18100000000000002,25,0.047,1,0.2,0.42700000000000005,0.35100000000000003,0.221,0.152,0.508,0.34,-2.83,-36.46,33.63,-32.92,-3.2,0.92,1.3,68,-3.53,0.46,-36.2,-2.8,-4.6,-8.4,-38.9,-13.0,23.8,69.1,41.0,4.0,$31.9,2123,121,109,86,96,96,87,109,84,100,94,107,105,101,91,2123,1317,88.2,103.0,113.2,14.3,112,0.085,491,0.373,0.212,0.232,0.403,0.418,0.312,0.329,0.256,0.634,0.43799999999999994,0.525,0.836,0.742,0.483,22.7,0.748,2.4669260700389106,0.6958687708849804,-0.842750166898255,-1.057817354165572,-0.6221341863000368,0.3000101281272254
169,2020,COL,60,888,2057,2257,528,365,84,16,63,275,264,161,12,543,10,19,7,41,42,9,0.257,2257,0.071,0.24100000000000002,0.3,0.257,0.311,0.405,0.716,0.148,5.5,0.316,7.5,0.5,3.7,2.8,260,-23.5,0.307,76,0.316,1.14,0.22699999999999998,0.41100000000000003,0.361,0.106,0.115,48,0.077,9,0.34600000000000003,0.38,0.34700000000000003,0.273,0.165,0.506,0.32899999999999996,-5.19,-42.21,37.01,-46.27,-4.07,0.99,1.53,51,-5.78,0.54,-69.7,6.5,-1.9,-7.2,-63.1,-9.1,9.6,73.5,10.9,1.1,$8.5,2257,77,104,104,96,96,76,85,108,104,96,102,93,99,112,2257,1543,87.0,102.6,112.8,13.3,88,0.057,489,0.317,0.257,0.238,0.405,0.379,0.307,0.294,0.299,0.664,0.485,0.5529999999999999,0.847,0.758,0.511,24.1,0.759,2.2133333333333334,-1.4610676407142233,-0.3089544757726796,-0.4821344403339694,1.6379626623680656,-1.0298775905386304
170,2020,MIA,60,904,1935,2167,472,325,82,5,60,263,247,191,6,537,25,9,6,37,51,14,0.244,2167,0.08800000000000001,0.248,0.36,0.244,0.319,0.384,0.703,0.141,4.7,0.306,1.0,0.6,-1.2,2.4,250,-22.3,0.308,93,0.306,1.48,0.20199999999999999,0.47600000000000003,0.321,0.094,0.134,53,0.08,2,0.133,0.39799999999999996,0.34,0.263,0.163,0.524,0.312,-0.49,-36.21,35.72,6.88,0.66,0.95,1.87,36,-1.1,0.58,-19.0,1.2,-13.4,-6.8,-17.7,-20.2,-11.1,70.6,21.5,2.1,$16.8,2167,95,107,99,98,91,93,80,104,93,111,91,98,97,107,2167,1414,87.4,103.1,112.6,10.2,88,0.062,487,0.344,0.244,0.236,0.384,0.378,0.308,0.305,0.287,0.644,0.462,0.547,0.828,0.74,0.491,23.9,0.752,2.236111111111111,-1.075900424357223,-0.6486426428525912,1.9645179434503472,0.34995047979377064,-0.9104266657263168
171,2020,HOU,60,860,1992,2229,478,294,103,12,69,279,268,192,5,440,23,13,6,39,22,11,0.24,2229,0.086,0.19699999999999998,0.44,0.24,0.312,0.408,0.72,0.168,4.5,0.273,-0.2,1.6,3.9,-2.0,264,-15.9,0.311,97,0.273,1.08,0.215,0.408,0.377,0.113,0.11800000000000001,33,0.052000000000000005,1,0.067,0.441,0.34,0.218,0.153,0.513,0.33399999999999996,-0.78,-42.01,41.23,13.03,1.04,1.05,1.59,28,-1.86,1.12,-9.3,1.9,1.7,-7.3,-7.3,-5.7,9.5,72.6,69.1,6.7,$53.8,2229,95,83,99,98,98,97,98,94,100,96,105,107,99,90,2229,1574,88.3,102.5,115.0,14.4,90,0.057,553,0.35100000000000003,0.24,0.246,0.408,0.398,0.311,0.316,0.271,0.66,0.462,0.617,0.875,0.7979999999999999,0.491,23.8,0.803,2.426470588235294,-1.4610676407142233,1.8262282887296222,-0.913896625707671,0.520065296360187,0.08785401868074932
172,2020,LAD,60,921,2042,2316,523,302,97,6,118,349,327,228,7,471,30,12,3,46,29,8,0.256,2316,0.098,0.203,0.48,0.256,0.338,0.483,0.821,0.227,4.5,0.276,-4.1,-1.6,-2.1,0.6,349,58.2,0.35,120,0.276,0.96,0.209,0.38799999999999996,0.40299999999999997,0.066,0.18600000000000003,52,0.085,4,0.444,0.41600000000000004,0.341,0.243,0.129,0.451,0.42,7.06,-37.5,44.56,74.9,7.47,0.93,0.92,41,7.45,0.11,59.8,-1.5,4.9,-7.6,58.3,-2.6,9.9,75.4,141.0,13.7,$109.7,2316,106,88,104,104,115,120,130,94,96,91,114,102,98,100,2316,1587,90.0,104.5,113.1,15.0,164,0.10300000000000001,697,0.439,0.256,0.266,0.483,0.49,0.35,0.361,0.23,0.662,0.449,0.5329999999999999,0.856,0.775,0.507,23.3,0.7969999999999999,2.865800865800866,2.0824707497701826,1.535067002661121,-1.7774209964550776,-0.30620666981954936,2.391784123945732
173,2020,MIL,60,906,1920,2188,429,266,83,5,75,247,238,221,8,582,35,10,0,53,15,11,0.223,2188,0.10099999999999999,0.266,0.38,0.223,0.313,0.389,0.702,0.166,3.3,0.278,-7.1,-7.1,-4.0,-3.4,251,-23.9,0.307,90,0.278,1.34,0.23800000000000002,0.436,0.326,0.08900000000000001,0.171,24,0.040999999999999995,2,0.5,0.41,0.36,0.23,0.165,0.516,0.319,-4.31,-40.82,36.51,-34.1,-3.32,0.98,1.6,65,-5.2,0.79,-28.3,-7.4,12.5,-7.1,-35.7,5.4,24.5,71.3,65.4,6.4,$50.9,2188,109,115,91,96,92,90,95,95,109,102,92,101,103,94,2188,1350,88.2,104.2,113.3,12.0,107,0.079,495,0.36700000000000005,0.223,0.24,0.389,0.407,0.307,0.324,0.259,0.635,0.44,0.494,0.8190000000000001,0.7190000000000001,0.48100000000000004,22.7,0.734,2.442307692307692,0.23366811125657924,-1.5221265010580782,0.9570728442450414,-1.7400315523079153,0.17090675307182893
174,2020,WSN,60,870,1968,2218,519,329,112,12,66,293,279,192,16,451,32,21,5,42,33,12,0.264,2218,0.087,0.203,0.43,0.264,0.336,0.433,0.769,0.17,5.0,0.308,-3.2,-0.1,-3.4,-0.3,298,20.0,0.33,104,0.308,1.32,0.23800000000000002,0.433,0.32899999999999996,0.076,0.132,44,0.067,8,0.4,0.369,0.366,0.264,0.18100000000000002,0.5,0.319,-3.37,-39.12,35.74,16.87,1.74,0.98,1.55,31,1.34,-4.79,12.6,-3.7,-14.9,-7.3,8.9,-22.3,-11.4,72.2,47.5,4.6,$36.9,2218,93,88,107,103,103,104,97,105,109,101,93,91,105,108,2218,1543,87.7,103.2,113.3,11.2,102,0.066,545,0.353,0.264,0.257,0.433,0.42,0.33,0.328,0.28,0.665,0.47100000000000003,0.6,0.8640000000000001,0.785,0.496,23.5,0.7969999999999999,2.3665480427046264,-0.7677666512716222,1.535067002661121,0.8131521157871403,-0.8408532361711435,-0.22639101218127902
175,2020,NYM,60,902,2023,2279,551,352,106,7,86,286,278,197,8,498,45,13,1,53,20,10,0.272,2279,0.086,0.21899999999999997,0.4,0.272,0.348,0.459,0.807,0.187,3.6,0.32,-7.5,-1.4,0.9,-2.2,338,52.3,0.347,123,0.32,1.45,0.218,0.46299999999999997,0.319,0.1,0.17600000000000002,52,0.073,4,0.8,0.391,0.35700000000000004,0.252,0.17300000000000001,0.52,0.307,-0.03,-42.4,42.37,19.43,2.0,1.03,1.56,37,4.16,-4.19,66.2,-1.3,-1.5,-6.9,64.9,-8.5,-11.7,74.2,119.0,11.6,$92.6,2279,93,95,111,107,109,123,107,109,100,108,90,96,102,103,2279,1539,88.4,104.3,118.4,9.8,116,0.075,570,0.37,0.272,0.254,0.459,0.425,0.347,0.332,0.289,0.687,0.488,0.563,0.857,0.769,0.5,24.5,0.781,2.3689655172413797,-0.07446566182902155,0.7586369064784713,1.7486368507634957,-0.257602436514859,-0.21371332378065144
176,2020,PHI,60,875,1948,2223,500,318,90,10,82,306,289,229,16,480,28,10,8,40,35,8,0.257,2223,0.10300000000000001,0.21600000000000003,0.48,0.257,0.342,0.439,0.781,0.183,4.9,0.299,-0.1,1.7,3.8,1.7,310,30.9,0.336,108,0.299,1.07,0.209,0.409,0.381,0.099,0.147,58,0.09699999999999999,9,0.321,0.39899999999999997,0.349,0.252,0.17600000000000002,0.495,0.32899999999999996,3.2,-39.11,42.31,39.79,3.84,1.03,1.56,46,3.81,-0.7,23.7,5.5,-14.6,-7.2,29.2,-21.9,-11.4,72.4,68.3,6.6,$53.1,2223,111,93,104,105,104,108,105,102,96,96,108,98,100,103,2223,1486,88.2,104.2,114.7,14.1,131,0.08800000000000001,560,0.377,0.257,0.258,0.439,0.446,0.336,0.342,0.263,0.659,0.461,0.5770000000000001,0.833,0.76,0.5,23.6,0.784,2.496212121212121,0.926969100699181,0.9042175495127192,-0.9858569899366215,1.3949414958446138,0.45359165530120865
177,2020,PIT,60,873,1932,2134,425,284,76,6,59,219,210,167,6,521,11,15,7,34,16,11,0.22,2134,0.078,0.244,0.32,0.22,0.284,0.357,0.641,0.137,3.4,0.268,-0.2,0.9,0.2,-3.0,195,-73.0,0.279,72,0.268,1.38,0.2,0.465,0.336,0.08800000000000001,0.12300000000000001,41,0.062,2,0.2,0.391,0.35200000000000004,0.258,0.16699999999999998,0.502,0.33,-7.14,-44.12,36.98,-59.88,-5.83,1.09,2.09,26,-7.04,0.48,-77.5,-2.8,8.6,-6.8,-80.3,1.8,23.9,69.5,15.0,1.5,$11.7,2134,84,106,89,87,85,72,78,91,92,108,95,96,101,105,2134,1435,88.1,104.2,114.2,10.2,99,0.069,528,0.368,0.22,0.234,0.357,0.38,0.279,0.298,0.29100000000000004,0.665,0.47100000000000003,0.518,0.84,0.737,0.48200000000000004,22.6,0.756,2.2773972602739723,-0.5366663214574217,-0.45453511880692743,1.244914301160842,-0.6221341863000368,-0.6939143813605319
178,2020,STL,58,827,1752,2011,410,279,73,7,51,240,231,205,3,477,33,16,4,38,18,10,0.234,2011,0.102,0.237,0.43,0.234,0.323,0.371,0.694,0.137,3.8,0.29,0.6,1.1,-2.0,-2.4,230,-22.7,0.306,93,0.29,1.2,0.221,0.424,0.355,0.09,0.11199999999999999,47,0.086,1,0.1,0.405,0.361,0.235,0.16899999999999998,0.52,0.31,-1.16,-35.86,34.7,-5.33,-0.5,1.01,1.4,32,-2.88,1.72,-16.7,-4.4,10.4,-6.9,-21.1,3.5,22.5,65.5,70.4,6.9,$54.8,2011,110,103,95,99,88,93,78,99,101,99,100,99,103,96,2011,1296,87.3,102.5,111.5,12.8,90,0.069,451,0.348,0.234,0.236,0.371,0.395,0.306,0.32,0.258,0.624,0.43700000000000006,0.563,0.8390000000000001,0.7559999999999999,0.488,22.4,0.763,2.4092664092664093,-0.5366663214574217,-0.11484695172701577,-0.05037225496026618,-1.0109680527375597,-0.002367912032559788
179,2020,SDP,60,913,1972,2231,506,296,103,12,95,325,312,204,6,479,28,14,12,37,55,13,0.257,2231,0.091,0.215,0.43,0.257,0.333,0.466,0.798,0.209,5.8,0.291,-3.2,1.6,1.8,3.7,319,39.3,0.341,116,0.291,1.27,0.214,0.44,0.34600000000000003,0.079,0.183,46,0.07,7,0.318,0.413,0.33799999999999997,0.25,0.15,0.465,0.384,5.18,-37.18,42.36,51.08,5.09,0.96,1.26,44,4.24,1.18,46.8,5.4,13.5,-7.3,52.3,6.2,9.5,72.7,140.7,13.7,$109.4,2231,99,93,104,102,111,116,120,99,98,103,98,101,97,102,2231,1520,89.8,105.4,115.7,11.8,151,0.099,640,0.42100000000000004,0.257,0.27,0.466,0.48,0.341,0.357,0.239,0.63,0.436,0.5770000000000001,0.855,0.78,0.504,23.1,0.785,2.625,1.774336976684582,0.9527444305241352,0.4533502946423876,1.3706393791922686,1.1289793676546447
180,2020,SFG,60,974,2019,2259,532,330,107,14,81,299,290,195,8,499,27,13,4,51,19,8,0.263,2259,0.086,0.221,0.39,0.263,0.335,0.451,0.785,0.187,4.4,0.311,-1.1,-0.7,-3.4,-1.4,316,32.4,0.337,112,0.311,1.08,0.221,0.405,0.375,0.075,0.142,35,0.057,3,0.3,0.429,0.34,0.23,0.163,0.489,0.349,1.36,-39.46,40.82,25.12,2.38,0.96,1.48,73,1.78,-0.36,34.0,-4.8,-0.8,-7.8,29.3,-8.6,9.6,73.6,103.9,10.1,$80.8,2259,93,96,107,103,107,112,107,106,101,95,106,106,98,94,2259,1538,88.9,103.9,114.6,14.7,128,0.083,606,0.39399999999999996,0.263,0.251,0.451,0.437,0.337,0.33,0.28800000000000003,0.665,0.47600000000000003,0.583,0.8420000000000001,0.763,0.499,22.8,0.779,2.301038062283737,0.54180188434218,0.6615831444556394,-0.913896625707671,-1.1081765193469404,-0.5699375961393575
181,2019,LAA,162,2425,5542,6251,1368,859,268,21,220,769,734,586,29,1276,67,42,4,143,65,20,0.247,6251,0.094,0.204,0.46,0.247,0.324,0.422,0.746,0.175,4.0,0.281,-2.0,-5.2,-2.5,1.1,769,-17.2,0.316,96,0.281,1.21,0.21600000000000003,0.429,0.355,0.111,0.14400000000000002,104,0.055999999999999994,6,0.353,0.439,0.332,0.22899999999999998,0.165,0.451,0.384,-4.1,-107.28,103.18,-14.91,-1.25,0.95,1.54,97,-2.98,-1.32,-35.0,-1.5,-5.8,-15.2,-36.4,-21.0,29.5,196.6,168.7,16.4,$131.0,6251,110,89,97,100,96,96,94,94,101,102,97,106,98,93,6251,4322,88.0,104.0,116.6,13.0,293,0.068,1465,0.33899999999999997,0.247,0.251,0.422,0.421,0.316,0.324,0.251,0.605,0.43200000000000005,0.605,0.861,0.7879999999999999,0.511,23.0,0.796,2.4007936507936507,-0.49517127754595414,1.2951230796253983,0.00728210520836311,-0.17603047790183016,0.7005010638981928
182,2019,BAL,162,2386,5596,6189,1379,889,252,25,213,729,698,462,8,1435,71,37,22,111,84,30,0.246,6189,0.075,0.23199999999999998,0.32,0.246,0.31,0.415,0.725,0.168,4.5,0.293,1.8,-0.5,0.8,0.7,713,-65.4,0.308,88,0.293,1.23,0.203,0.439,0.35700000000000004,0.107,0.14400000000000002,137,0.075,26,0.361,0.415,0.341,0.244,0.18899999999999997,0.48700000000000004,0.324,-12.96,-111.08,98.12,-99.61,-9.4,0.95,1.63,126,-9.11,-4.52,-93.3,1.4,-65.6,-14.9,-91.9,-80.5,29.2,194.7,51.4,5.0,$40.0,6189,88,101,97,96,94,88,90,98,96,104,98,100,101,98,6189,4221,88.0,104.2,114.8,11.8,265,0.063,1418,0.336,0.246,0.242,0.415,0.401,0.308,0.306,0.306,0.662,0.48,0.588,0.84,0.758,0.489,22.8,0.768,2.1563517915309447,-0.9623139922119491,-0.10862322603309692,0.15292420937560916,0.19932862938883716,-0.8478322384677359
183,2019,BOS,162,2455,5770,6475,1554,937,345,27,245,901,857,590,36,1382,49,44,20,127,68,30,0.269,6475,0.091,0.213,0.43,0.269,0.34,0.466,0.806,0.197,4.3,0.313,-4.5,0.3,-7.7,-2.8,915,100.1,0.338,106,0.313,1.18,0.209,0.428,0.364,0.085,0.153,132,0.07,5,0.152,0.4,0.342,0.258,0.153,0.478,0.369,-0.21,-118.33,118.12,61.34,5.5,1.0,1.72,123,3.35,-3.56,48.7,-10.5,28.8,-15.0,38.2,13.8,30.5,203.6,286.1,27.8,$222.3,6475,107,93,106,105,106,106,105,105,98,101,100,97,101,104,6475,4454,89.9,105.2,115.0,12.8,362,0.081,1841,0.413,0.269,0.26,0.466,0.456,0.338,0.336,0.295,0.6659999999999999,0.478,0.606,0.845,0.77,0.494,23.9,0.787,2.25,0.7193997805856315,0.8439189099494535,-0.21118105104250595,-1.340938052252177,-0.2546497110688066
184,2019,CHW,161,2311,5529,6042,1443,981,260,20,182,708,676,378,13,1549,66,32,36,114,63,28,0.261,6042,0.063,0.256,0.24,0.261,0.314,0.414,0.728,0.153,3.9,0.329,6.0,2.0,0.2,-2.7,703,-57.4,0.309,92,0.329,1.45,0.212,0.466,0.322,0.095,0.142,145,0.078,16,0.258,0.38,0.33299999999999996,0.287,0.17600000000000002,0.496,0.32799999999999996,-4.23,-104.01,99.78,-66.49,-6.37,0.94,1.61,87,-6.67,2.17,-65.0,-2.5,-36.4,-15.7,-67.4,-52.1,28.5,190.0,99.0,9.6,$76.9,6042,74,112,103,97,94,92,82,110,99,110,88,92,98,116,6042,4049,89.1,104.8,117.9,10.8,288,0.071,1519,0.375,0.261,0.245,0.414,0.408,0.309,0.305,0.322,0.6609999999999999,0.491,0.5429999999999999,0.841,0.743,0.499,23.2,0.744,2.046439628482972,-0.21488564874635846,-1.31183434516895,1.754987355215314,-0.3054646528296465,-1.544033220147204
185,2019,CLE,162,2321,5425,6124,1354,827,286,18,223,769,731,563,30,1332,50,46,40,110,103,35,0.25,6124,0.092,0.218,0.42,0.25,0.323,0.432,0.756,0.183,4.5,0.289,2.8,-0.8,2.9,2.3,765,-5.3,0.319,97,0.289,1.14,0.198,0.42700000000000005,0.374,0.109,0.145,107,0.061,15,0.18100000000000002,0.425,0.331,0.244,0.165,0.45,0.385,-3.93,-102.83,98.91,-49.49,-4.81,0.92,1.29,100,-4.38,0.09,-20.6,5.2,57.3,-15.1,-15.3,42.2,28.9,192.6,248.4,24.1,$193.0,6124,108,95,98,100,98,97,98,97,93,101,103,103,98,99,6124,4179,89.5,104.8,114.4,12.9,298,0.071,1563,0.374,0.25,0.243,0.432,0.416,0.319,0.317,0.256,0.664,0.46,0.556,0.86,0.775,0.499,22.6,0.782,2.5836575875486383,-0.21488564874635846,0.5932499267961507,-0.502465259376998,0.6911784941145392,1.858790089900056
186,2019,DET,161,2316,5549,6039,1333,851,292,41,149,582,556,391,14,1595,48,42,9,108,57,20,0.24,6039,0.065,0.264,0.25,0.24,0.294,0.388,0.682,0.148,4.4,0.308,-7.4,0.7,3.1,-0.1,601,-158.9,0.29,77,0.308,1.16,0.23,0.414,0.35600000000000004,0.1,0.106,104,0.063,8,0.222,0.39899999999999997,0.35,0.252,0.158,0.456,0.386,-22.14,-120.33,98.19,-237.3,-22.3,1.04,1.71,68,-18.23,-3.12,-174.2,3.0,-30.5,-16.8,-171.2,-47.3,28.5,189.9,-0.1,0.0,-$0.1,6039,76,116,95,91,88,77,79,103,108,98,98,96,103,102,6039,4005,88.1,104.1,114.2,14.1,258,0.064,1463,0.365,0.24,0.237,0.388,0.395,0.29,0.295,0.34299999999999997,0.6659999999999999,0.503,0.562,0.8290000000000001,0.737,0.495,22.2,0.736,1.9360465116279069,-0.8688854492787501,-1.7129047182142345,-0.356823155209752,0.4064233092733433,-2.243280639121276
187,2019,KCR,162,2269,5496,6080,1356,873,281,40,162,691,655,456,17,1405,59,42,24,113,117,39,0.247,6080,0.075,0.231,0.32,0.247,0.309,0.401,0.71,0.154,5.1,0.301,-4.6,-0.5,5.2,3.4,669,-95.7,0.302,84,0.301,1.29,0.21100000000000002,0.444,0.345,0.09699999999999999,0.115,125,0.069,26,0.371,0.401,0.34,0.258,0.16899999999999998,0.462,0.369,-13.54,-113.4,99.86,-124.67,-11.54,0.99,1.39,58,-13.23,-0.47,-124.5,8.6,-11.2,-14.3,-115.9,-25.4,28.6,191.2,78.5,7.6,$61.0,6080,88,101,97,96,91,84,83,101,99,105,95,97,100,104,6080,4160,88.0,103.8,115.7,12.2,263,0.063,1376,0.331,0.247,0.24,0.401,0.395,0.302,0.302,0.281,0.662,0.475,0.536,0.853,0.7609999999999999,0.507,22.4,0.769,2.347517730496454,-0.9623139922119491,-0.05848942940243638,0.5898505218773473,1.1312546888691146,0.36304297934938173
188,2019,MIN,162,2320,5732,6392,1547,899,318,23,307,939,906,525,21,1334,81,41,10,101,28,21,0.27,6392,0.08199999999999999,0.209,0.39,0.27,0.338,0.494,0.832,0.224,3.5,0.3,-6.5,4.9,-3.5,-6.8,953,148.8,0.347,116,0.3,0.98,0.221,0.386,0.39299999999999996,0.106,0.177,102,0.06,9,0.34600000000000003,0.436,0.32799999999999996,0.237,0.157,0.43,0.414,8.64,-106.54,115.18,134.1,12.99,0.94,1.5,83,11.94,-2.77,133.7,-10.2,-10.7,-15.2,123.5,-25.9,30.1,201.0,328.8,31.9,$255.4,6392,97,91,106,104,112,116,120,101,104,91,108,105,97,96,6392,4452,89.7,105.5,117.0,14.9,447,0.1,1762,0.396,0.27,0.263,0.494,0.487,0.347,0.347,0.294,0.684,0.48200000000000004,0.58,0.856,0.769,0.48200000000000004,23.5,0.791,2.3186440677966105,2.494542096316411,1.0444540964720956,-1.6676020927149648,-1.302107799773832,0.18015264438673512
189,2019,NYY,162,2312,5583,6245,1493,880,290,17,306,943,904,569,18,1437,49,33,10,113,55,22,0.267,6245,0.091,0.23,0.4,0.267,0.339,0.49,0.829,0.222,4.1,0.306,0.2,0.8,-0.3,-1.8,927,141.7,0.346,117,0.306,1.12,0.21100000000000002,0.41700000000000004,0.37200000000000005,0.10300000000000001,0.198,109,0.063,7,0.259,0.40700000000000003,0.344,0.249,0.168,0.44299999999999995,0.389,12.96,-97.34,110.3,163.93,15.49,0.88,1.66,57,13.58,1.14,133.3,-2.1,-28.0,-14.0,131.2,-42.0,29.4,196.4,315.0,30.6,$244.8,6245,107,101,105,105,111,117,119,103,99,99,102,99,101,101,6245,4190,89.9,105.7,120.6,13.5,400,0.095,1706,0.40700000000000003,0.267,0.256,0.49,0.464,0.346,0.338,0.27699999999999997,0.66,0.46299999999999997,0.556,0.847,0.758,0.485,23.4,0.77,2.3741007194244608,2.027399381650416,-0.00835563277177583,-0.6481073635442425,-0.25369098285852,0.5314238252397053
190,2019,OAK,162,2363,5561,6269,1384,812,292,23,257,845,800,578,17,1338,87,36,7,140,49,21,0.249,6269,0.092,0.213,0.43,0.249,0.327,0.448,0.776,0.199,3.9,0.282,6.7,-5.9,-0.6,-2.5,829,40.4,0.327,107,0.282,1.08,0.212,0.408,0.379,0.114,0.159,101,0.057999999999999996,5,0.313,0.425,0.33899999999999997,0.235,0.158,0.431,0.41,7.35,-104.59,111.93,75.62,7.26,0.94,1.46,116,6.43,1.42,57.0,-3.1,-6.5,-14.7,53.8,-21.2,29.5,197.2,259.3,25.2,$201.5,6269,108,93,98,101,102,107,107,94,100,97,104,103,100,95,6269,4266,89.3,105.0,114.4,14.2,359,0.084,1642,0.385,0.249,0.254,0.448,0.456,0.327,0.337,0.253,0.6459999999999999,0.452,0.57,0.8440000000000001,0.768,0.506,22.6,0.787,2.5433070866141727,0.9996854093852284,0.8439189099494535,-0.9393915718787346,-0.3831251577863363,1.6032036508489746
191,2019,SEA,162,2347,5500,6199,1305,784,254,28,239,758,730,588,7,1581,58,37,14,83,115,47,0.237,6199,0.095,0.255,0.37,0.237,0.316,0.424,0.74,0.187,4.7,0.287,6.8,7.2,5.8,-0.6,748,-31.5,0.314,99,0.287,1.05,0.20800000000000002,0.405,0.387,0.09699999999999999,0.157,109,0.068,5,0.135,0.395,0.33799999999999997,0.267,0.196,0.478,0.326,-2.54,-108.87,106.33,-11.84,-1.12,0.96,1.89,81,-0.51,-2.13,-9.3,5.3,-37.1,-15.3,-4.0,-52.4,29.2,195.0,167.7,16.3,$130.3,6199,112,112,94,98,96,99,100,96,98,96,106,95,100,108,6199,3972,87.4,103.1,113.1,14.4,285,0.07200000000000001,1279,0.322,0.237,0.23,0.424,0.403,0.314,0.309,0.256,0.638,0.449,0.5589999999999999,0.83,0.754,0.507,22.6,0.745,2.482490272373541,-0.12145710581315818,-1.2617005485382895,-1.1578547281296037,0.7041219116073208,1.217980354329322
192,2019,TBR,162,2459,5628,6285,1427,890,291,29,217,769,730,542,20,1493,73,34,8,114,94,37,0.254,6285,0.086,0.23800000000000002,0.36,0.254,0.325,0.431,0.757,0.178,4.5,0.306,4.3,4.6,-0.7,-0.5,795,3.9,0.321,104,0.306,1.31,0.215,0.445,0.34,0.095,0.154,127,0.069,6,0.273,0.391,0.363,0.245,0.165,0.43700000000000006,0.39799999999999996,-1.26,-112.29,111.03,-9.0,-0.77,0.99,1.62,130,1.27,-2.55,32.2,-1.2,16.2,-16.0,31.0,0.2,29.6,197.7,258.4,25.1,$200.8,6285,101,104,100,101,98,104,95,103,101,105,93,95,107,99,6285,4177,89.5,105.7,116.2,11.2,347,0.083,1641,0.39299999999999996,0.254,0.252,0.431,0.437,0.321,0.327,0.26899999999999996,0.6679999999999999,0.46799999999999997,0.529,0.843,0.752,0.499,23.1,0.762,2.4740740740740743,0.9062568664520295,-0.4094260058170602,0.7354926260445933,-0.13720022542348526,1.1646708264698773
193,2019,TEX,162,2273,5540,6204,1374,831,296,24,223,810,765,534,18,1578,67,44,17,98,131,38,0.248,6204,0.086,0.254,0.34,0.248,0.319,0.431,0.75,0.183,5.2,0.304,2.2,3.2,2.4,6.6,766,-14.9,0.317,88,0.304,1.21,0.22,0.42700000000000005,0.353,0.092,0.159,105,0.062,20,0.35700000000000004,0.41100000000000003,0.33299999999999996,0.256,0.153,0.435,0.41200000000000003,-6.18,-110.58,104.4,-47.0,-4.43,0.97,1.75,81,-9.25,2.85,-98.8,9.0,-27.6,-13.7,-89.8,-41.2,29.2,195.1,93.3,9.1,$72.5,6204,101,111,98,99,98,88,98,102,104,101,97,99,98,103,6204,4025,89.4,104.8,115.4,12.5,300,0.075,1557,0.387,0.248,0.243,0.431,0.426,0.317,0.319,0.284,0.635,0.46,0.56,0.8320000000000001,0.7490000000000001,0.502,23.1,0.746,2.2280701754385968,0.15882852298643751,-1.211566751907629,0.00728210520836311,1.1830283588402413,-0.39355667972744063
194,2019,TOR,162,2354,5493,6091,1299,761,270,21,247,726,697,509,10,1514,45,28,14,107,51,20,0.236,6091,0.084,0.249,0.34,0.236,0.305,0.428,0.733,0.192,3.8,0.28,-5.7,0.0,-6.4,-1.3,712,-54.3,0.31,92,0.28,1.01,0.21,0.39799999999999996,0.392,0.11199999999999999,0.158,91,0.057,8,0.235,0.44299999999999995,0.32799999999999996,0.22899999999999998,0.179,0.442,0.37799999999999995,-11.51,-110.45,98.94,-79.96,-7.56,0.95,1.74,79,-9.06,-3.0,-59.4,-7.7,-3.4,-15.7,-67.1,-19.1,28.7,191.6,134.0,13.0,$104.1,6091,98,109,93,94,97,92,103,94,99,94,108,107,97,93,6091,4023,88.7,104.5,118.9,14.3,317,0.079,1496,0.37200000000000005,0.236,0.238,0.428,0.42,0.31,0.313,0.294,0.649,0.466,0.5529999999999999,0.841,0.747,0.484,22.4,0.751,2.2,0.5325426947192335,-0.9608977687543262,-1.4491389364640956,-0.9785223624542914,-0.5713575996104949
195,2019,ARI,162,2418,5633,6315,1419,871,288,40,220,813,778,540,36,1360,70,40,31,120,88,14,0.252,6315,0.086,0.215,0.4,0.252,0.323,0.434,0.757,0.182,5.1,0.293,11.4,-1.5,5.8,8.4,786,-8.2,0.319,93,0.293,1.22,0.213,0.433,0.354,0.10300000000000001,0.145,116,0.063,13,0.183,0.41,0.364,0.226,0.166,0.43799999999999994,0.396,-1.48,-110.79,109.31,41.72,3.75,0.98,1.24,255,-0.27,-1.24,-55.7,14.2,41.5,39.4,-41.6,80.8,3.1,198.6,240.9,23.4,$187.2,6315,97,99,98,98,98,93,97,98,98,101,100,101,106,90,6315,4345,88.0,103.8,116.3,11.8,303,0.07,1495,0.344,0.252,0.246,0.434,0.418,0.319,0.317,0.298,0.654,0.475,0.599,0.848,0.769,0.496,23.1,0.785,2.187290969899666,-0.30831419167955615,0.7436513166881323,0.08010315729198614,1.856086068464886,-0.6518586013802881
196,2019,ATL,162,2411,5560,6302,1432,877,277,29,249,855,824,619,39,1467,60,35,25,104,89,28,0.258,6302,0.098,0.233,0.42,0.258,0.336,0.452,0.789,0.195,4.6,0.305,2.6,6.1,7.1,2.3,855,62.3,0.332,101,0.305,1.14,0.23600000000000002,0.406,0.358,0.08900000000000001,0.16899999999999998,122,0.073,4,0.10300000000000001,0.41700000000000004,0.325,0.258,0.161,0.426,0.413,9.28,-102.18,111.46,100.92,9.78,0.94,1.07,262,7.99,1.92,7.3,9.4,9.2,40.5,16.7,49.7,3.1,198.2,267.7,26.0,$208.0,6302,111,106,100,102,102,101,104,102,109,95,101,103,94,103,6302,4156,89.2,104.6,115.9,13.3,376,0.09,1602,0.385,0.258,0.254,0.452,0.456,0.332,0.337,0.282,0.6829999999999999,0.479,0.598,0.821,0.754,0.491,22.8,0.767,2.4134275618374557,1.5602566669844211,-0.15875702266375746,-0.502465259376998,1.234802028811368,0.7805262497123328
197,2019,CHC,162,2429,5461,6195,1378,826,270,26,256,814,783,581,33,1460,83,39,30,127,45,24,0.252,6195,0.094,0.23600000000000002,0.4,0.252,0.331,0.452,0.783,0.2,3.9,0.297,6.4,-4.0,-0.4,-4.6,827,47.4,0.33,100,0.297,1.34,0.20199999999999999,0.45799999999999996,0.34,0.087,0.188,112,0.061,14,0.21899999999999997,0.395,0.348,0.257,0.18100000000000002,0.46799999999999997,0.35,2.77,-104.47,107.24,63.27,6.1,0.94,1.07,242,5.93,-2.97,2.8,-5.0,17.4,41.4,-2.2,58.8,3.0,194.8,254.4,24.7,$197.7,6195,106,108,98,100,102,100,107,99,93,107,96,97,101,103,6195,4071,88.9,105.8,117.6,10.9,332,0.08199999999999999,1456,0.358,0.252,0.247,0.452,0.432,0.33,0.326,0.302,0.6579999999999999,0.47200000000000003,0.5479999999999999,0.8340000000000001,0.738,0.47700000000000004,23.0,0.764,2.1716171617161715,0.8128283235188292,-0.3091584125557391,0.9539557822954624,-0.6290500901491872,-0.7511389752843273
198,2019,CIN,162,2462,5450,6100,1328,839,235,27,227,701,679,492,25,1436,89,33,30,111,80,38,0.244,6100,0.081,0.235,0.34,0.244,0.315,0.422,0.736,0.178,4.2,0.288,-10.0,-3.1,-5.8,-3.6,721,-46.2,0.312,85,0.288,1.15,0.221,0.41700000000000004,0.363,0.10099999999999999,0.155,95,0.057,5,0.096,0.401,0.34,0.259,0.17600000000000002,0.447,0.377,-12.12,-114.15,102.02,-67.51,-6.86,1.0,1.34,314,-6.04,-6.04,-121.3,-9.3,29.3,36.1,-130.7,65.4,3.0,191.9,129.6,12.6,$100.7,6100,91,108,94,95,95,85,95,96,102,97,102,99,99,104,6100,4083,87.4,103.1,118.3,13.6,246,0.06,1305,0.32,0.244,0.239,0.422,0.4,0.312,0.308,0.297,0.6679999999999999,0.48100000000000004,0.59,0.845,0.7659999999999999,0.49700000000000005,22.4,0.765,2.241610738255033,-1.2425996210115462,-0.2590246159250786,-0.429644207293375,-1.1856170423387975,-0.30778861854224665
199,2019,COL,162,2452,5660,6288,1502,914,323,41,224,835,803,489,25,1503,43,43,51,111,71,31,0.265,6288,0.078,0.239,0.33,0.265,0.326,0.456,0.782,0.19,4.7,0.321,4.2,-0.2,-3.4,-2.4,829,37.7,0.328,87,0.321,1.22,0.225,0.425,0.35,0.09,0.154,102,0.057999999999999996,14,0.149,0.381,0.35100000000000003,0.268,0.168,0.469,0.363,-5.49,-118.38,112.9,-28.54,-3.42,1.01,1.18,298,-5.08,-0.37,-106.6,-5.7,-0.6,38.2,-112.4,37.6,3.1,197.8,126.1,12.2,$97.9,6288,88,109,103,99,102,87,102,107,104,99,99,94,102,107,6288,4253,88.5,104.2,114.1,12.5,273,0.064,1507,0.354,0.265,0.244,0.456,0.406,0.328,0.307,0.297,0.679,0.48700000000000004,0.5660000000000001,0.845,0.76,0.498,23.8,0.761,2.278523489932886,-0.8688854492787501,-0.45955980244772077,0.08010315729198614,-0.7196540125986587,-0.07397742565911665
200,2019,MIA,162,2402,5512,6045,1326,897,265,18,146,615,593,395,16,1469,73,33,31,139,55,30,0.241,6045,0.065,0.243,0.27,0.241,0.298,0.375,0.673,0.134,3.6,0.3,-9.8,-9.1,-4.9,-5.0,590,-170.1,0.288,79,0.3,1.6,0.212,0.485,0.303,0.086,0.11900000000000001,138,0.07,9,0.145,0.384,0.34700000000000003,0.26899999999999996,0.172,0.441,0.387,-15.08,-113.0,97.92,-121.39,-11.99,1.01,1.21,290,-13.53,-1.34,-171.7,-9.9,-17.8,34.7,-181.6,16.9,2.9,190.1,28.4,2.8,$22.1,6045,74,111,93,90,84,79,72,100,98,113,85,95,101,108,6045,4108,88.3,103.8,114.7,9.1,241,0.059000000000000004,1447,0.35200000000000004,0.241,0.239,0.375,0.384,0.288,0.296,0.322,0.643,0.48,0.556,0.855,0.753,0.49200000000000005,22.7,0.757,1.9907120743034055,-1.3360281639447444,-0.6600949889703629,2.8473031364696593,-1.2632775472954874,-1.897020340503265
201,2019,HOU,162,2309,5613,6394,1538,899,323,28,288,920,891,645,17,1166,66,57,10,146,67,27,0.274,6394,0.10099999999999999,0.182,0.55,0.274,0.352,0.495,0.848,0.221,4.3,0.296,-3.7,-4.0,-1.2,-1.8,996,191.8,0.355,124,0.296,1.11,0.215,0.41200000000000003,0.373,0.095,0.17300000000000001,120,0.065,13,0.317,0.426,0.342,0.23199999999999998,0.16399999999999998,0.43700000000000006,0.39899999999999997,9.49,-104.18,113.67,150.88,15.12,0.93,1.58,81,14.74,-4.5,197.3,-3.1,34.8,-15.1,194.3,19.7,30.1,201.1,445.2,43.2,$345.9,6394,119,80,108,109,113,124,119,99,101,98,102,103,101,94,6394,4517,88.3,104.2,117.9,13.4,307,0.068,1604,0.355,0.274,0.259,0.495,0.443,0.355,0.338,0.261,0.636,0.44799999999999995,0.632,0.88,0.807,0.498,23.3,0.8180000000000001,2.427480916030534,-0.49517127754595414,2.3980666054999302,-0.7209284156278655,-0.3831251577863363,0.8695424123807007
202,2019,LAD,162,2413,5493,6281,1414,813,302,20,279,886,861,607,47,1356,81,45,55,100,57,10,0.257,6281,0.09699999999999999,0.21600000000000003,0.45,0.257,0.338,0.472,0.81,0.215,4.2,0.291,2.8,5.2,5.4,3.9,884,94.0,0.338,110,0.291,1.07,0.22,0.40399999999999997,0.376,0.087,0.17800000000000002,115,0.068,7,0.09,0.413,0.342,0.245,0.158,0.419,0.423,14.16,-102.64,116.79,160.76,16.53,0.96,1.14,307,13.55,1.22,80.6,9.3,23.6,43.4,89.9,66.9,3.1,197.5,357.4,34.7,$277.7,6281,109,99,100,102,106,110,115,97,101,94,106,102,99,98,6281,4237,89.3,104.3,114.3,14.5,341,0.08,1610,0.38,0.257,0.253,0.472,0.45,0.338,0.334,0.251,0.645,0.45,0.5539999999999999,0.8490000000000001,0.768,0.505,23.7,0.784,2.5595238095238098,0.6259712376524325,0.6935175200574718,-1.0122126239623577,1.2218586113185863,1.7059229322845106
203,2019,MIL,162,2514,5542,6309,1366,820,279,17,250,769,744,629,42,1563,72,38,20,120,101,25,0.246,6309,0.1,0.248,0.4,0.246,0.329,0.438,0.767,0.192,4.4,0.296,0.4,-0.6,0.1,6.1,814,20.3,0.324,97,0.296,1.24,0.21100000000000002,0.43700000000000006,0.353,0.094,0.17800000000000002,102,0.059000000000000004,10,0.217,0.382,0.35,0.268,0.171,0.42100000000000004,0.408,1.79,-111.7,113.49,1.37,0.38,0.98,1.15,314,1.99,-0.16,-26.3,6.2,20.6,35.3,-20.1,55.9,3.1,198.4,237.3,23.1,$184.4,6309,113,113,96,99,98,97,102,99,97,102,99,94,102,107,6309,4045,89.7,105.9,117.9,12.0,329,0.081,1589,0.39299999999999996,0.246,0.243,0.438,0.429,0.324,0.324,0.28,0.638,0.455,0.552,0.8390000000000001,0.7490000000000001,0.488,22.5,0.752,2.2704626334519573,0.7193997805856315,-0.9107639721236657,0.22574526145923218,0.8206126690423556,-0.12503616237736773
204,2019,WSN,162,2327,5512,6267,1460,904,298,27,231,873,824,584,33,1308,81,42,48,117,116,29,0.265,6267,0.09300000000000001,0.209,0.45,0.265,0.342,0.454,0.796,0.19,5.1,0.306,-1.2,-2.3,1.5,7.2,869,80.3,0.336,104,0.306,1.11,0.21100000000000002,0.41600000000000004,0.374,0.105,0.14800000000000002,115,0.066,30,0.263,0.418,0.32899999999999996,0.253,0.184,0.455,0.361,8.96,-104.28,113.25,114.35,11.27,0.95,1.12,252,7.98,1.42,31.0,8.7,10.2,41.8,39.7,52.0,3.0,197.1,291.8,28.3,$226.8,6267,105,95,103,103,102,104,101,102,97,97,105,103,95,101,6267,4294,88.6,104.1,113.5,14.1,324,0.075,1590,0.37,0.265,0.256,0.454,0.449,0.336,0.336,0.266,0.642,0.45299999999999996,0.604,0.868,0.79,0.49700000000000005,23.2,0.791,2.404494382022472,0.15882852298643751,1.0444540964720956,-0.7209284156278655,1.1441981063618962,0.7239420793689986
205,2019,NYM,162,2445,5624,6290,1445,906,280,17,242,791,767,516,34,1384,95,27,28,129,56,27,0.257,6290,0.08199999999999999,0.22,0.37,0.257,0.328,0.442,0.77,0.185,3.8,0.299,-10.7,-2.5,-5.2,-3.8,817,25.8,0.325,105,0.299,1.33,0.207,0.452,0.34,0.08199999999999999,0.168,119,0.062,9,0.134,0.39399999999999996,0.359,0.248,0.163,0.489,0.349,6.04,-110.86,116.9,69.48,7.29,1.01,1.47,267,7.63,-1.66,41.2,-9.0,-31.4,41.2,32.3,9.8,3.1,197.8,243.0,23.6,$188.8,6290,93,101,100,99,99,105,99,100,96,106,96,97,104,99,6290,4295,89.1,104.9,118.3,11.1,315,0.073,1625,0.37799999999999995,0.257,0.252,0.442,0.427,0.325,0.323,0.31,0.691,0.496,0.58,0.846,0.7609999999999999,0.49,23.4,0.78,2.2218649517684885,-0.028028562879960476,0.4929823335348296,0.8811347302118394,-1.1467867898604525,-0.43286154545721844
206,2019,PHI,162,2431,5571,6261,1369,817,311,26,215,774,742,562,47,1453,57,34,34,97,78,18,0.246,6261,0.09,0.23199999999999998,0.39,0.246,0.319,0.427,0.746,0.181,4.6,0.293,4.9,4.2,4.3,4.7,755,-33.1,0.314,90,0.293,1.17,0.21899999999999997,0.42100000000000004,0.36,0.127,0.145,119,0.069,15,0.20800000000000002,0.409,0.33899999999999997,0.252,0.17800000000000002,0.43200000000000005,0.39,-0.95,-109.23,108.28,7.57,1.26,0.98,1.12,310,0.29,-1.26,-79.5,9.1,24.8,32.3,-70.4,57.1,3.0,196.9,186.7,18.1,$145.0,6261,101,106,95,97,96,90,97,98,101,98,102,101,98,101,6261,4189,88.8,105.0,116.4,13.5,298,0.071,1521,0.363,0.246,0.244,0.427,0.416,0.314,0.316,0.294,0.647,0.469,0.5760000000000001,0.8420000000000001,0.758,0.49700000000000005,23.6,0.768,2.193220338983051,-0.21488564874635846,-0.10862322603309692,-0.28400210312612895,1.1959717763330229,-0.6143010421246217
207,2019,PIT,162,2441,5657,6228,1497,981,315,38,163,758,722,425,41,1213,63,34,47,119,64,29,0.265,6228,0.068,0.195,0.35,0.265,0.321,0.42,0.741,0.156,4.5,0.309,-1.1,-0.6,-0.4,-2.9,744,-39.6,0.313,92,0.309,1.47,0.218,0.466,0.316,0.084,0.11599999999999999,128,0.062,16,0.195,0.39299999999999996,0.33799999999999997,0.26899999999999996,0.193,0.46799999999999997,0.33899999999999997,0.63,-110.06,110.69,4.91,0.36,1.01,1.35,282,-3.04,3.66,-68.1,-3.3,-25.8,37.0,-71.5,11.3,3.0,195.9,138.7,13.5,$107.8,6228,77,89,103,97,94,92,83,103,100,109,89,97,98,108,6228,4527,88.4,104.0,116.2,10.2,242,0.053,1534,0.33899999999999997,0.265,0.259,0.42,0.412,0.313,0.313,0.304,0.6990000000000001,0.495,0.608,0.866,0.784,0.484,22.6,0.8049999999999999,2.291803278688525,-1.8965994215439383,1.7463272493013378,1.9006294593825601,-0.40901199277189954,0.010138851482444306
208,2019,STL,162,2413,5449,6167,1336,856,246,24,210,764,714,561,15,1420,76,39,40,110,116,29,0.245,6167,0.091,0.23,0.4,0.245,0.322,0.415,0.737,0.17,5.0,0.292,5.8,1.2,2.7,7.4,741,-35.4,0.314,95,0.292,1.13,0.222,0.413,0.365,0.09,0.14300000000000002,134,0.081,20,0.23,0.41,0.35200000000000004,0.23800000000000002,0.166,0.43200000000000005,0.402,2.16,-106.4,108.56,34.3,3.84,0.97,1.13,266,1.52,0.71,-38.2,10.1,11.8,37.5,-28.1,49.4,3.0,194.0,218.2,21.2,$169.6,6167,103,105,95,97,93,95,91,97,102,96,103,101,102,95,6167,4110,87.9,103.7,115.3,13.6,285,0.069,1395,0.33899999999999997,0.245,0.243,0.415,0.422,0.314,0.32,0.285,0.647,0.46299999999999997,0.5870000000000001,0.847,0.7659999999999999,0.491,22.6,0.77,2.2622377622377625,-0.40174273461275517,-0.00835563277177583,-0.575286311460621,1.3254059512608392,-0.17713379429286685
209,2019,SDP,162,2413,5391,6019,1281,814,224,24,219,682,652,504,19,1581,55,31,37,120,70,37,0.238,6019,0.084,0.263,0.32,0.238,0.308,0.41,0.718,0.172,4.1,0.293,-1.7,-4.3,-3.7,-5.1,673,-84.6,0.305,89,0.293,1.32,0.19399999999999998,0.45799999999999996,0.348,0.12,0.166,123,0.071,25,0.325,0.408,0.353,0.239,0.19399999999999998,0.41600000000000004,0.39,-9.98,-111.15,101.17,-60.89,-6.57,1.0,1.28,287,-5.0,-4.93,-90.0,-8.8,-7.5,33.7,-98.8,26.2,2.9,189.3,119.6,11.6,$92.9,6019,95,120,92,93,92,89,92,98,89,107,98,101,102,96,6019,3879,88.9,105.8,115.9,10.7,276,0.071,1439,0.371,0.238,0.228,0.41,0.391,0.305,0.299,0.284,0.643,0.461,0.541,0.8320000000000001,0.741,0.493,22.7,0.737,2.2561403508771933,-0.21488564874635846,-1.662770921583574,0.8083136781282163,-1.1208999548748895,-0.21575575984438636
210,2019,SFG,162,2493,5579,6170,1332,839,300,26,167,678,655,475,26,1435,50,42,24,111,47,28,0.239,6170,0.077,0.233,0.33,0.239,0.302,0.392,0.694,0.153,3.8,0.29,-0.9,3.2,-5.1,-5.7,640,-135.8,0.295,82,0.29,1.23,0.22699999999999998,0.426,0.34600000000000003,0.084,0.11599999999999999,96,0.054000000000000006,20,0.32799999999999996,0.392,0.35100000000000003,0.256,0.162,0.45399999999999996,0.384,-9.42,-114.02,104.6,-69.78,-8.0,1.02,1.24,357,-9.88,0.61,-145.7,-10.8,17.3,34.6,-156.5,51.9,3.0,194.1,92.5,9.0,$71.9,6170,87,106,93,91,88,82,82,97,105,100,98,97,102,103,6170,4210,87.8,103.2,114.7,13.2,268,0.064,1501,0.35700000000000004,0.239,0.24,0.392,0.407,0.295,0.306,0.308,0.6779999999999999,0.489,0.603,0.8420000000000001,0.7659999999999999,0.49,22.7,0.767,2.1941747572815533,-0.8688854492787501,-0.15875702266375746,0.15292420937560916,-1.379768304730522,-0.6082556060425381
211,2018,LAA,162,2467,5472,6108,1323,837,249,23,214,721,690,514,38,1300,73,39,7,111,89,22,0.242,6108,0.084,0.213,0.4,0.242,0.313,0.413,0.726,0.171,4.6,0.277,-2.4,-0.3,-1.5,5.5,709,-4.4,0.313,98,0.277,1.12,0.21600000000000003,0.414,0.37,0.11900000000000001,0.138,130,0.075,6,0.231,0.449,0.33399999999999996,0.217,0.185,0.441,0.374,1.33,-100.06,101.39,11.08,1.22,0.93,1.38,113,3.28,-1.84,-16.6,4.0,15.4,-14.2,-12.6,1.2,26.1,182.8,197.4,20.3,$162.5,6108,101,98,97,98,99,98,103,94,102,98,102,109,98,87,6108,4221,88.2,104.4,118.0,13.5,317,0.075,1548,0.36700000000000005,0.242,0.244,0.413,0.41,0.313,0.318,0.248,0.639,0.452,0.586,0.8490000000000001,0.78,0.522,23.1,0.787,2.566265060240964,0.779942833620251,0.5729271715922922,-0.7931412166083447,0.625711137884868,1.0468223088382986
212,2018,BAL,162,2313,5507,6034,1317,872,242,15,188,622,593,422,19,1412,57,35,13,132,81,22,0.239,6034,0.07,0.23399999999999999,0.3,0.239,0.298,0.391,0.689,0.152,3.8,0.286,-6.3,-7.3,-9.3,4.0,627,-77.6,0.299,87,0.286,1.21,0.19399999999999998,0.441,0.364,0.109,0.126,115,0.064,18,0.34600000000000003,0.406,0.34299999999999997,0.251,0.196,0.496,0.309,-20.29,-112.42,92.13,-129.43,-13.09,0.99,1.5,97,-13.57,-6.9,-94.5,-5.3,-43.8,-15.2,-99.8,-59.0,25.7,180.5,47.5,4.9,$39.1,6034,84,107,96,94,94,87,91,97,91,104,100,99,101,101,6034,4143,88.5,104.8,115.9,11.8,284,0.069,1476,0.35600000000000004,0.239,0.234,0.391,0.383,0.299,0.298,0.29,0.6709999999999999,0.48200000000000004,0.5429999999999999,0.836,0.7490000000000001,0.506,22.4,0.766,2.3058419243986252,0.2138552930894239,-0.6589640164730567,-0.14811673322204144,-0.781004474281757,-0.8381448690545177
213,2018,BOS,162,2345,5623,6302,1509,915,355,31,208,876,829,569,38,1253,55,48,7,130,125,31,0.268,6302,0.09,0.19899999999999998,0.45,0.268,0.339,0.453,0.792,0.185,5.2,0.309,-8.7,-5.1,-8.7,8.7,865,128.8,0.34,111,0.309,1.2,0.205,0.435,0.361,0.096,0.131,144,0.075,4,0.235,0.406,0.33799999999999997,0.255,0.165,0.49200000000000005,0.344,13.08,-102.76,115.84,116.17,11.2,0.95,1.56,96,7.49,6.23,79.2,0.0,38.6,-15.2,79.2,23.4,26.9,188.6,318.1,32.7,$262.0,6302,109,91,107,106,109,111,111,105,96,103,99,99,99,103,6302,4425,89.8,105.1,117.5,12.4,372,0.084,1766,0.39899999999999997,0.268,0.262,0.453,0.449,0.34,0.34,0.257,0.6559999999999999,0.45899999999999996,0.605,0.8640000000000001,0.7929999999999999,0.506,23.0,0.801,2.5426356589147283,1.6290741444164936,1.394187963635858,-0.2197861202649642,0.020672164909975494,0.8757904771650329
214,2018,CHW,162,2348,5523,6071,1332,851,259,40,182,656,639,425,18,1594,66,32,24,99,98,41,0.241,6071,0.07,0.263,0.27,0.241,0.302,0.401,0.703,0.16,5.0,0.304,-7.2,0.3,-1.1,-0.3,656,-53.3,0.304,92,0.304,1.31,0.20600000000000002,0.45,0.344,0.1,0.134,123,0.069,16,0.314,0.40399999999999997,0.33799999999999997,0.257,0.19,0.489,0.321,-9.09,-107.37,98.28,-81.08,-8.2,0.97,1.54,90,-6.78,-2.59,-60.3,-1.4,-27.6,-15.5,-61.7,-43.1,25.9,181.6,102.7,10.6,$84.5,6071,84,120,97,95,96,92,96,103,97,106,95,98,99,104,6071,3986,88.3,104.8,118.4,11.5,271,0.068,1433,0.36,0.241,0.232,0.401,0.385,0.304,0.298,0.299,0.66,0.486,0.514,0.8290000000000001,0.736,0.52,22.0,0.737,2.2,0.11950736966761916,-2.3601470857061577,0.5685771372071862,-0.19109147563123688,-1.6042386836117795
215,2018,CLE,162,2413,5595,6300,1447,915,297,19,216,818,786,554,32,1189,80,44,25,98,135,36,0.259,6300,0.08800000000000001,0.18899999999999997,0.47,0.259,0.332,0.434,0.766,0.176,4.9,0.291,-1.5,6.6,-1.9,8.6,816,79.8,0.33,106,0.291,1.08,0.223,0.40299999999999997,0.374,0.105,0.131,107,0.06,15,0.254,0.406,0.35600000000000004,0.23800000000000002,0.165,0.451,0.384,-2.71,-106.53,103.82,53.95,4.99,0.94,1.23,97,2.87,-5.74,41.3,6.8,3.3,-15.9,48.1,-12.6,26.9,188.5,250.9,25.8,$206.6,6300,106,87,104,104,104,106,105,99,105,95,103,99,104,96,6300,4477,88.8,103.8,114.5,13.8,299,0.067,1630,0.364,0.259,0.259,0.434,0.428,0.33,0.333,0.261,0.653,0.45799999999999996,0.623,0.879,0.8059999999999999,0.501,21.8,0.811,2.4923664122137406,0.02515944624581442,1.9808028150955481,-1.0798187647800357,1.0492384189672928,0.5119369363409014
216,2018,DET,162,2323,5494,6029,1326,872,284,35,135,630,597,428,18,1341,52,40,15,110,70,30,0.241,6029,0.071,0.222,0.32,0.241,0.3,0.38,0.68,0.138,4.5,0.293,5.2,2.7,4.5,-1.5,609,-95.5,0.295,83,0.293,1.2,0.22399999999999998,0.423,0.35200000000000004,0.11,0.092,132,0.075,18,0.33299999999999996,0.41100000000000003,0.332,0.257,0.179,0.46,0.361,-10.34,-112.82,102.48,-108.68,-10.87,1.01,1.63,75,-12.72,2.52,-125.0,3.0,-27.0,-18.5,-121.9,-45.4,25.7,180.4,38.7,4.0,$31.9,6029,86,102,97,94,91,83,83,100,106,100,97,100,97,104,6029,4208,87.6,103.3,114.4,13.1,241,0.057,1401,0.33299999999999996,0.241,0.242,0.38,0.383,0.295,0.302,0.312,0.672,0.494,0.581,0.8490000000000001,0.7659999999999999,0.507,22.4,0.778,2.146964856230032,-0.9183197879722322,0.04497380527857124,-0.2197861202649642,0.4744513946411449,-1.988112047849813
217,2018,KCR,162,2184,5505,6063,1350,883,283,29,155,638,606,427,13,1310,67,40,24,123,117,38,0.245,6063,0.07,0.21600000000000003,0.33,0.245,0.305,0.392,0.697,0.146,4.7,0.293,-8.8,-3.2,-5.9,4.6,649,-59.6,0.303,87,0.293,1.14,0.22699999999999998,0.41200000000000003,0.361,0.11199999999999999,0.102,106,0.061,16,0.242,0.40399999999999997,0.33799999999999997,0.257,0.168,0.45399999999999996,0.37799999999999995,-15.39,-115.79,100.39,-115.93,-11.75,1.02,1.43,48,-11.36,-3.75,-91.4,-1.3,-20.6,-14.4,-92.8,-35.0,25.9,181.4,79.5,8.2,$65.5,6063,85,99,98,96,94,87,88,100,107,97,99,98,99,104,6063,4259,88.2,103.7,114.1,13.6,281,0.066,1476,0.34700000000000003,0.245,0.246,0.392,0.404,0.303,0.312,0.292,0.6729999999999999,0.483,0.556,0.853,0.764,0.503,22.1,0.784,2.296928327645051,-0.0691884771759903,0.3969427161543852,-0.6498024425225007,-0.17596550130686459,-0.902662321634581
218,2018,MIN,162,2351,5526,6154,1379,874,317,22,166,738,704,534,25,1328,37,38,19,89,47,27,0.25,6154,0.087,0.21600000000000003,0.4,0.25,0.318,0.405,0.723,0.155,3.7,0.298,0.4,5.3,1.6,-5.1,711,-7.9,0.313,96,0.298,1.05,0.217,0.4,0.38299999999999995,0.10099999999999999,0.10300000000000001,106,0.063,13,0.28300000000000003,0.402,0.345,0.253,0.17600000000000002,0.457,0.36700000000000005,-1.84,-108.82,106.98,-12.97,-1.28,1.0,1.34,102,-4.67,2.83,-31.1,-3.4,-1.4,-15.0,-34.5,-16.3,26.3,184.1,159.6,16.4,$131.4,6154,105,99,100,100,97,96,93,101,102,95,105,98,101,102,6154,4255,87.9,103.0,114.6,14.3,275,0.065,1425,0.335,0.25,0.237,0.405,0.39,0.313,0.307,0.262,0.628,0.45,0.595,0.865,0.7879999999999999,0.512,22.9,0.784,2.387832699619772,-0.16353640059779503,0.3969427161543852,-1.294826925908804,-0.4936109621186831,-0.24468791799693473
219,2018,NYY,162,2269,5515,6271,1374,815,269,23,267,851,821,625,21,1421,62,59,10,107,63,21,0.249,6271,0.1,0.22699999999999998,0.44,0.249,0.329,0.451,0.781,0.202,4.3,0.285,9.7,4.5,1.5,0.4,838,105.3,0.335,112,0.285,1.09,0.20199999999999999,0.41600000000000004,0.382,0.107,0.16899999999999998,130,0.076,13,0.382,0.41700000000000004,0.34299999999999997,0.24,0.177,0.45299999999999996,0.37,9.58,-103.68,113.26,109.38,10.7,0.95,1.7,70,11.72,-1.67,88.2,1.9,-10.7,-14.8,90.1,-25.4,26.8,187.6,279.1,28.7,$229.8,6271,120,104,100,103,108,112,121,97,95,98,105,102,100,97,6271,4163,89.4,105.4,121.7,13.5,363,0.087,1593,0.38299999999999995,0.249,0.245,0.451,0.433,0.335,0.331,0.258,0.655,0.451,0.5529999999999999,0.8420000000000001,0.757,0.486,23.1,0.773,2.528957528957529,1.9121179146819065,-0.24833362045127375,-1.008149377737113,0.30806567707304944,0.7767868846428915
220,2018,OAK,162,2403,5579,6255,1407,838,322,20,227,813,778,550,18,1381,76,44,6,136,35,21,0.252,6255,0.08800000000000001,0.221,0.4,0.252,0.325,0.439,0.764,0.187,3.5,0.294,1.8,-2.5,-3.0,-5.1,806,75.3,0.329,112,0.294,1.02,0.214,0.397,0.389,0.099,0.138,117,0.07,0,0.0,0.40299999999999997,0.349,0.248,0.155,0.447,0.39799999999999996,4.55,-107.9,112.45,93.36,9.81,0.96,1.32,135,8.42,-3.69,89.0,-8.1,7.1,-14.9,80.9,-7.7,26.7,187.2,287.0,29.5,$236.3,6255,106,101,101,102,105,112,112,100,101,94,107,98,102,100,6255,4248,89.5,104.8,115.3,15.0,352,0.083,1667,0.392,0.252,0.248,0.439,0.439,0.329,0.331,0.242,0.6579999999999999,0.45899999999999996,0.574,0.845,0.777,0.522,22.2,0.779,2.707818930041152,1.5347262209946888,0.10363529042454024,-1.5098350870375723,-1.2045317553641819,2.0714025467423727
221,2018,SEA,162,2373,5513,6087,1402,938,256,32,176,677,644,430,17,1221,70,41,29,128,79,37,0.254,6087,0.071,0.201,0.35,0.254,0.314,0.408,0.722,0.154,4.2,0.295,-1.7,-2.6,7.2,-2.7,700,-11.0,0.313,100,0.295,1.32,0.21100000000000002,0.45,0.34,0.095,0.121,123,0.064,16,0.213,0.406,0.349,0.245,0.172,0.507,0.32,2.76,-107.83,110.59,-24.1,-2.64,1.01,1.9,102,-1.79,4.53,-1.3,4.5,-6.2,-15.9,3.2,-22.2,26.0,182.1,189.2,19.5,$155.8,6087,85,92,102,99,98,100,92,100,99,106,93,99,102,99,6087,4366,88.7,104.6,117.0,11.3,271,0.062,1561,0.358,0.254,0.259,0.408,0.419,0.313,0.323,0.278,0.644,0.466,0.5770000000000001,0.873,0.787,0.513,22.8,0.7989999999999999,2.3082437275985663,-0.4465801708632092,1.2768649933439136,0.640246524250109,0.7013410095067296,-0.8207603913467162
222,2018,TBR,162,2371,5475,6195,1415,948,274,43,150,716,664,540,17,1388,101,50,28,122,128,51,0.258,6195,0.087,0.22399999999999998,0.39,0.258,0.333,0.406,0.74,0.148,5.2,0.317,-1.3,0.0,7.3,1.0,761,37.4,0.322,107,0.317,1.41,0.221,0.456,0.324,0.10800000000000001,0.113,126,0.067,23,0.34299999999999997,0.375,0.345,0.28,0.182,0.466,0.35200000000000004,-2.68,-109.72,107.04,1.35,0.24,0.99,1.74,109,1.81,-4.51,48.9,8.3,-2.5,-15.5,57.3,-18.0,26.4,185.4,251.0,25.8,$206.7,6195,105,103,103,105,98,107,89,108,104,108,89,91,101,113,6195,4166,87.7,103.4,114.4,10.3,227,0.054000000000000006,1385,0.332,0.258,0.239,0.406,0.377,0.322,0.309,0.276,0.665,0.47200000000000003,0.56,0.8420000000000001,0.76,0.504,22.3,0.776,2.4007220216606497,-1.2013635582376458,-0.07234916501336676,1.2852710076364122,1.2761280338328775,-0.15139379144492915
223,2018,TEX,162,2300,5453,6163,1308,824,266,24,194,737,696,555,16,1484,88,34,33,104,74,35,0.24,6163,0.09,0.24100000000000002,0.37,0.24,0.318,0.404,0.722,0.164,4.3,0.292,6.9,3.3,4.6,-3.0,718,-2.0,0.315,89,0.292,1.25,0.21100000000000002,0.43799999999999994,0.35,0.099,0.14,118,0.068,26,0.302,0.405,0.34,0.255,0.172,0.455,0.373,-8.26,-109.95,101.69,-40.45,-4.43,0.99,1.76,81,-4.49,-3.88,-84.6,1.6,-19.1,-14.9,-83.0,-34.0,26.3,184.4,93.7,9.6,$77.1,6163,108,110,96,100,97,89,99,99,99,104,96,99,100,103,6163,4036,88.2,104.4,117.5,11.9,293,0.073,1380,0.342,0.24,0.232,0.404,0.392,0.315,0.311,0.278,0.629,0.45399999999999996,0.5660000000000001,0.8390000000000001,0.7559999999999999,0.503,22.9,0.759,2.254480286738351,0.5912469867766414,-1.0695944124948398,0.1385608149496496,0.2626877540999325,-1.209905238498241
224,2018,TOR,162,2435,5477,6076,1336,783,320,16,217,709,680,499,15,1387,58,37,5,118,47,30,0.244,6076,0.08199999999999999,0.228,0.36,0.244,0.312,0.427,0.739,0.183,3.5,0.286,-19.3,-1.8,-15.2,-6.0,729,19.3,0.319,100,0.286,1.08,0.21100000000000002,0.41,0.379,0.122,0.139,110,0.065,3,0.25,0.42700000000000005,0.326,0.247,0.188,0.47700000000000004,0.335,-1.38,-111.33,109.95,-23.43,-2.19,1.01,1.51,128,-0.5,-0.87,-2.5,-21.3,-20.1,-16.4,-23.8,-36.6,25.9,181.8,147.3,15.2,$121.3,6076,99,105,98,98,103,100,110,97,100,97,104,104,96,100,6076,4132,89.2,104.9,115.5,13.8,346,0.084,1655,0.401,0.244,0.247,0.427,0.43,0.319,0.325,0.285,0.6559999999999999,0.47200000000000003,0.535,0.8440000000000001,0.7509999999999999,0.502,21.7,0.772,2.2937062937062938,1.6290741444164936,-0.30699510559724275,-1.0798187647800357,-3.2011603661813273,-0.9259837066604142
225,2018,ARI,162,2409,5460,6157,1283,798,259,50,176,693,658,560,36,1460,52,45,38,110,79,25,0.235,6157,0.091,0.237,0.38,0.235,0.31,0.397,0.707,0.162,5.2,0.286,3.4,1.4,3.6,2.3,672,-47.7,0.306,88,0.286,1.3,0.225,0.43799999999999994,0.33799999999999997,0.10099999999999999,0.13,108,0.062,11,0.133,0.39899999999999997,0.35,0.251,0.172,0.431,0.39799999999999996,-1.8,-109.41,107.61,-23.87,-2.39,1.01,1.29,257,-2.65,0.86,-88.1,5.9,51.3,38.8,-82.2,90.2,4.2,184.2,196.4,20.2,$161.7,6157,101,110,93,95,95,88,99,95,103,101,97,99,101,100,6157,4085,88.3,103.8,115.1,11.4,287,0.07,1418,0.34700000000000003,0.235,0.235,0.397,0.394,0.306,0.309,0.26,0.64,0.455,0.5589999999999999,0.843,0.764,0.514,22.9,0.763,2.4521072796934864,0.3082032165112286,-0.8349484719109638,0.4969077501642634,0.9131046500479421,0.22053754447942409
226,2018,ATL,162,2377,5582,6251,1433,915,314,29,175,759,717,511,53,1290,66,43,49,99,90,36,0.257,6251,0.08199999999999999,0.20600000000000002,0.4,0.257,0.324,0.417,0.742,0.161,4.5,0.302,11.0,1.8,12.5,-0.2,747,16.9,0.319,96,0.302,1.25,0.23,0.428,0.342,0.08800000000000001,0.11900000000000001,119,0.065,17,0.193,0.409,0.33799999999999997,0.253,0.16699999999999998,0.469,0.364,2.26,-107.49,109.76,52.75,5.68,0.98,1.15,247,3.22,-0.92,-31.1,12.3,30.2,38.5,-18.8,68.7,4.3,187.0,241.2,24.8,$198.6,6251,91,96,101,99,100,96,98,101,105,99,98,102,97,101,6251,4384,88.0,102.9,113.9,12.5,223,0.051,1471,0.336,0.257,0.246,0.417,0.393,0.319,0.31,0.285,0.6920000000000001,0.493,0.607,0.847,0.779,0.511,22.5,0.794,2.41958041958042,-1.4844073285030606,0.9835575676140752,0.1385608149496496,1.8811670068077702,-0.014894931651113594
227,2018,CHC,163,2490,5624,6369,1453,966,286,34,167,761,722,576,67,1388,78,46,40,107,66,38,0.258,6369,0.09,0.218,0.41,0.258,0.333,0.41,0.744,0.152,4.3,0.313,3.5,4.8,2.1,-6.1,771,27.2,0.321,100,0.313,1.41,0.214,0.46,0.326,0.10400000000000001,0.121,161,0.08199999999999999,14,0.16899999999999998,0.405,0.341,0.254,0.196,0.48700000000000004,0.317,1.98,-109.19,111.17,60.75,6.36,0.99,1.21,277,6.65,-4.65,1.2,-4.0,17.1,37.5,-2.8,54.6,4.3,190.6,246.7,25.4,$203.2,6369,101,101,102,102,98,100,93,104,98,106,93,101,98,101,6369,4327,88.7,105.2,117.1,10.5,270,0.062,1550,0.358,0.258,0.245,0.41,0.394,0.321,0.315,0.28300000000000003,0.6559999999999999,0.473,0.564,0.8390000000000001,0.758,0.508,22.6,0.782,2.309859154929577,-0.4465801708632092,0.2796197458624472,1.2852710076364122,-0.584366808064917,-0.8090677762210398
228,2018,CIN,162,2402,5532,6240,1404,956,251,25,172,696,665,559,35,1376,65,35,49,128,77,33,0.254,6240,0.09,0.221,0.41,0.254,0.328,0.401,0.729,0.148,4.1,0.307,1.2,-1.3,-5.8,-1.8,736,7.3,0.317,94,0.307,1.18,0.24600000000000002,0.409,0.345,0.08800000000000001,0.121,107,0.063,28,0.248,0.392,0.345,0.263,0.165,0.47700000000000004,0.358,-6.77,-112.97,106.2,-17.75,-1.99,1.03,1.26,242,-2.97,-3.64,-42.9,-7.6,-11.1,36.7,-50.5,25.6,4.3,186.7,166.1,17.1,$136.8,6240,100,102,100,100,96,94,90,102,113,95,99,98,99,105,6240,4240,87.3,102.3,116.5,13.4,236,0.055999999999999994,1344,0.317,0.254,0.244,0.401,0.388,0.317,0.312,0.261,0.664,0.46799999999999997,0.603,0.853,0.785,0.514,22.4,0.779,2.534351145038168,-1.0126677113940377,0.10363529042454024,-0.36312489435080975,-1.1289018837423201,0.8158263856813658
229,2018,COL,163,2368,5541,6178,1418,886,280,42,210,780,748,507,38,1397,51,37,42,114,95,33,0.256,6178,0.08199999999999999,0.226,0.36,0.256,0.322,0.435,0.757,0.179,5.2,0.304,3.1,-2.0,-2.1,2.1,769,47.3,0.325,88,0.304,1.38,0.209,0.45899999999999996,0.332,0.086,0.153,108,0.057,20,0.22699999999999998,0.37,0.369,0.261,0.18100000000000002,0.47100000000000003,0.34700000000000003,2.35,-108.01,110.36,-11.4,-1.73,0.96,1.2,272,-1.65,4.09,-88.3,0.1,2.5,39.3,-88.3,41.8,4.2,184.9,142.6,14.7,$117.4,6178,91,105,101,99,104,88,110,101,96,106,95,92,106,104,6178,4223,88.9,104.8,118.3,10.0,268,0.063,1551,0.36700000000000005,0.256,0.241,0.435,0.396,0.325,0.309,0.28,0.6809999999999999,0.486,0.5539999999999999,0.8440000000000001,0.763,0.515,23.2,0.774,2.423487544483985,-0.3522322474414045,-0.18967213530530475,1.070262846507644,0.035798139234347805,0.013385206284122054
230,2018,MIA,161,2434,5488,6083,1303,929,222,24,128,589,554,455,26,1384,73,31,32,119,45,31,0.237,6083,0.075,0.228,0.33,0.237,0.303,0.357,0.659,0.119,3.5,0.293,-7.2,-1.5,1.0,-7.1,580,-130.2,0.289,83,0.293,1.55,0.215,0.478,0.308,0.11,0.102,138,0.071,9,0.12,0.381,0.368,0.251,0.193,0.47600000000000003,0.331,-8.47,-107.41,98.94,-72.36,-8.01,1.01,1.1,281,-8.53,0.16,-123.1,-6.1,28.4,33.0,-129.2,61.4,4.1,182.0,118.3,12.2,$97.4,6083,83,105,94,93,85,83,73,98,98,110,88,95,106,100,6083,4171,87.5,103.5,115.5,9.9,216,0.052000000000000005,1358,0.326,0.237,0.236,0.357,0.364,0.289,0.295,0.271,0.637,0.46299999999999997,0.573,0.85,0.773,0.526,21.8,0.772,2.3419117647058822,-1.3900594050812551,-0.30699510559724275,2.288642426237331,-0.9020122688767356,-0.5770679686819772
231,2018,HOU,162,2348,5453,6146,1390,889,278,18,205,797,763,565,19,1197,61,45,14,156,71,26,0.255,6146,0.092,0.195,0.47,0.255,0.329,0.425,0.754,0.17,4.2,0.289,1.2,-8.2,0.9,0.0,778,59.7,0.327,110,0.289,1.09,0.204,0.41600000000000004,0.38,0.10800000000000001,0.126,134,0.075,15,0.326,0.433,0.344,0.223,0.179,0.495,0.326,5.37,-104.76,110.13,97.88,10.33,0.97,2.06,91,7.01,-1.5,71.6,0.8,50.7,-14.6,72.5,36.1,26.2,183.9,318.7,32.8,$262.5,6146,111,89,102,103,102,110,102,98,96,98,104,105,101,90,6146,4323,88.0,103.1,114.7,13.5,260,0.06,1502,0.34700000000000003,0.255,0.241,0.425,0.396,0.327,0.315,0.252,0.634,0.44299999999999995,0.63,0.866,0.799,0.501,23.5,0.8049999999999999,2.505928853754941,-0.6352760177068187,1.6288339042197277,-1.008149377737113,0.14167995950495402,0.610103165215166
232,2018,LAD,163,2574,5572,6358,1394,830,296,33,235,804,756,647,47,1436,61,39,39,119,75,24,0.25,6358,0.102,0.226,0.45,0.25,0.333,0.442,0.774,0.191,4.6,0.294,10.5,-0.7,3.1,1.6,830,87.6,0.333,111,0.294,1.05,0.214,0.402,0.38299999999999995,0.106,0.14800000000000002,104,0.062,5,0.068,0.418,0.33899999999999997,0.243,0.172,0.439,0.389,4.48,-110.21,114.68,121.09,13.32,1.01,1.24,354,13.42,-8.97,87.9,4.7,13.9,39.1,92.6,53.0,4.3,190.2,340.2,35.0,$280.1,6358,113,105,99,102,106,111,117,98,98,93,110,104,98,97,6358,4214,89.2,104.8,115.3,14.5,348,0.083,1552,0.368,0.25,0.243,0.442,0.427,0.333,0.329,0.22899999999999998,0.627,0.436,0.5670000000000001,0.836,0.768,0.518,22.6,0.774,2.726086956521739,1.5347262209946888,-0.18967213530530475,-1.294826925908804,0.7315929581554742,2.203628242471765
233,2018,MIL,163,2496,5542,6210,1398,904,252,24,218,754,711,537,32,1458,58,41,29,128,124,32,0.252,6210,0.086,0.235,0.37,0.252,0.323,0.424,0.747,0.172,4.9,0.302,2.9,-2.9,-5.2,8.2,760,34.4,0.322,100,0.302,1.42,0.217,0.46,0.32299999999999995,0.09699999999999999,0.165,130,0.069,13,0.213,0.39,0.361,0.249,0.18600000000000003,0.428,0.385,7.38,-106.41,113.8,46.21,4.86,1.0,1.21,285,6.08,1.3,-0.5,3.0,46.0,34.3,2.5,80.3,4.2,185.8,272.9,28.1,$224.7,6210,96,109,99,99,102,100,105,101,99,106,93,97,104,99,6210,4157,88.9,105.2,116.3,10.2,314,0.076,1569,0.377,0.252,0.243,0.424,0.408,0.322,0.317,0.276,0.644,0.465,0.556,0.843,0.76,0.515,22.0,0.765,2.3249097472924185,0.8742907570420557,-0.7176255016190257,1.356940394679335,0.4744513946411449,-0.7001301715798927
234,2018,WSN,162,2441,5517,6288,1402,902,284,25,191,771,737,631,56,1289,59,40,41,104,119,33,0.254,6288,0.1,0.205,0.49,0.254,0.335,0.419,0.753,0.164,4.8,0.297,-2.6,4.4,0.4,6.6,786,51.5,0.325,101,0.297,1.27,0.20800000000000002,0.44299999999999995,0.349,0.102,0.13,109,0.059000000000000004,31,0.282,0.387,0.35200000000000004,0.261,0.188,0.49200000000000005,0.32,-0.76,-111.66,110.9,67.42,7.26,1.02,1.34,293,4.33,-5.07,6.1,7.0,-8.5,39.9,13.1,31.4,4.3,188.1,237.0,24.4,$195.2,6288,112,95,100,102,100,101,101,99,95,102,100,96,101,104,6288,4309,88.4,104.4,115.1,11.8,298,0.069,1531,0.355,0.254,0.249,0.419,0.414,0.325,0.325,0.252,0.652,0.456,0.6,0.8490000000000001,0.782,0.511,22.3,0.795,2.5770750988142295,0.2138552930894239,1.0422190527600441,0.2818995890354951,1.0794903676160374,1.1250663858725956
235,2018,NYM,162,2333,5468,6177,1282,813,265,34,170,676,649,566,36,1404,73,42,28,116,71,39,0.234,6177,0.092,0.22699999999999998,0.4,0.234,0.312,0.389,0.701,0.154,4.3,0.283,7.6,0.1,1.6,-5.1,669,-52.3,0.305,94,0.283,1.09,0.203,0.41600000000000004,0.381,0.11800000000000001,0.109,104,0.061,10,0.185,0.41600000000000004,0.341,0.243,0.192,0.479,0.32899999999999996,-5.51,-111.12,105.61,7.65,0.37,1.01,1.45,256,-0.17,-5.27,-45.7,-3.5,-21.3,39.0,-49.2,17.7,4.2,184.8,157.5,16.2,$129.7,6177,102,105,92,96,93,94,94,94,93,96,109,104,98,97,6177,4134,87.8,103.1,115.1,13.8,224,0.054000000000000006,1376,0.33299999999999996,0.234,0.231,0.389,0.371,0.305,0.301,0.261,0.655,0.465,0.5760000000000001,0.838,0.767,0.518,21.6,0.773,2.5,-1.2013635582376458,-0.24833362045127375,-1.008149377737113,-0.5087369364430554,0.5671895634937123
236,2018,PHI,162,2474,5424,6136,1270,813,241,30,186,677,653,582,33,1520,64,32,32,102,69,26,0.234,6136,0.095,0.248,0.38,0.234,0.314,0.393,0.707,0.158,4.4,0.289,-0.9,4.1,-0.7,-0.3,676,-40.4,0.307,91,0.289,1.14,0.19899999999999998,0.42700000000000005,0.375,0.12,0.127,112,0.067,17,0.23600000000000002,0.40700000000000003,0.35,0.243,0.221,0.488,0.29100000000000004,-4.06,-102.09,98.03,-15.87,-1.4,0.95,1.16,295,-4.27,0.0,-71.4,-0.9,-34.0,35.1,-72.3,1.1,4.2,183.6,116.6,12.0,$96.0,6136,106,115,92,96,94,91,97,96,91,99,107,101,101,97,6136,3970,88.1,104.8,116.6,13.2,260,0.065,1392,0.35100000000000003,0.234,0.227,0.393,0.375,0.307,0.302,0.26,0.64,0.457,0.525,0.828,0.745,0.518,22.9,0.752,2.4521072796934864,-0.16353640059779503,-1.4802248085166227,-0.6498024425225007,-0.11546160400937533,0.22053754447942409
237,2018,PIT,161,2293,5447,6066,1381,896,290,38,157,692,665,474,38,1229,59,52,31,121,70,38,0.254,6066,0.078,0.203,0.39,0.254,0.317,0.407,0.725,0.154,4.4,0.298,-4.1,-4.3,3.3,-4.9,693,-15.6,0.312,95,0.298,1.27,0.214,0.439,0.34700000000000003,0.091,0.107,133,0.07200000000000001,18,0.254,0.38299999999999995,0.349,0.268,0.191,0.486,0.32299999999999995,-0.52,-104.18,103.66,13.8,1.5,0.97,1.18,264,-0.22,-0.31,-38.5,-1.6,0.2,36.9,-40.0,37.1,4.1,181.5,182.7,18.8,$150.4,6066,87,94,100,97,98,95,94,99,98,102,99,95,101,107,6066,4304,88.2,103.3,115.6,12.1,263,0.061,1491,0.34600000000000003,0.254,0.247,0.407,0.397,0.312,0.311,0.273,0.672,0.479,0.594,0.852,0.7809999999999999,0.516,22.4,0.7969999999999999,2.4525547445255476,-0.540928094285014,1.1595420230519757,0.2818995890354951,-0.22134342427998152,0.22377633706583708
238,2018,STL,162,2464,5498,6200,1369,907,248,9,205,759,725,525,40,1380,80,48,46,92,63,32,0.249,6200,0.085,0.223,0.38,0.249,0.321,0.409,0.73,0.16,3.7,0.294,8.6,8.3,-6.8,-4.0,727,2.2,0.316,99,0.294,1.23,0.223,0.429,0.348,0.086,0.14300000000000002,135,0.076,18,0.191,0.41600000000000004,0.331,0.252,0.16899999999999998,0.44,0.391,7.37,-104.48,111.85,72.91,7.61,0.98,1.29,248,4.65,2.85,-5.0,-10.8,-36.1,38.3,-15.8,2.2,4.2,185.5,176.2,18.1,$145.1,6200,94,103,98,98,98,99,98,98,102,99,100,104,95,101,6200,4215,88.8,104.5,117.2,12.2,320,0.076,1535,0.364,0.249,0.243,0.409,0.416,0.316,0.32,0.258,0.633,0.45299999999999996,0.551,0.8490000000000001,0.767,0.52,22.2,0.777,2.444015444015444,0.8742907570420557,-0.013687679867397759,-0.004777959136195911,-1.6129330621222344,0.16196807593863155
239,2018,SDP,162,2380,5486,6059,1289,847,250,30,162,617,583,471,28,1523,31,36,35,122,95,36,0.235,6059,0.078,0.251,0.31,0.235,0.297,0.38,0.677,0.145,4.4,0.294,-2.9,-3.9,3.6,1.1,601,-106.6,0.294,84,0.294,1.47,0.214,0.467,0.319,0.115,0.129,135,0.073,16,0.18,0.392,0.35700000000000004,0.251,0.198,0.433,0.369,-9.77,-109.61,99.85,-75.49,-7.83,1.0,1.27,261,-7.12,-2.66,-116.3,4.7,6.0,34.1,-111.6,40.2,4.1,181.3,114.0,11.7,$93.9,6059,87,117,93,91,91,84,89,98,98,108,91,97,103,100,6059,4034,88.5,104.7,116.9,9.6,227,0.055999999999999994,1362,0.33799999999999997,0.235,0.228,0.38,0.361,0.294,0.288,0.284,0.643,0.47100000000000003,0.557,0.828,0.75,0.521,21.6,0.749,2.2561403508771933,-1.0126677113940377,-1.6562092639545296,1.7152873298939488,0.7315929581554742,-1.1978895379546097
240,2018,SFG,162,2412,5541,6113,1324,906,255,30,133,603,573,448,40,1467,49,42,33,113,77,34,0.239,6113,0.073,0.24,0.31,0.239,0.3,0.368,0.667,0.129,4.1,0.299,-1.1,0.0,4.4,-1.8,585,-128.9,0.29,82,0.299,1.34,0.221,0.446,0.33299999999999996,0.096,0.098,118,0.065,12,0.16399999999999998,0.38299999999999995,0.349,0.268,0.18,0.45899999999999996,0.36200000000000004,-8.58,-114.25,105.66,-82.15,-8.52,1.06,1.35,298,-9.45,1.35,-137.5,2.6,-17.7,36.6,-134.9,18.9,4.2,182.9,71.0,7.3,$58.5,6113,82,111,94,92,88,82,79,100,101,103,95,95,100,107,6113,4149,87.6,102.8,114.2,11.7,223,0.054000000000000006,1381,0.33299999999999996,0.239,0.235,0.368,0.368,0.29,0.292,0.267,0.669,0.47600000000000003,0.545,0.838,0.759,0.52,22.3,0.76,2.496268656716418,-1.2013635582376458,-1.0109329273488707,0.7835852983359545,0.41394749734365566,0.5401817494749868
241,2017,LAA,162,2392,5415,6073,1314,863,251,14,186,710,678,523,30,1198,70,46,17,141,136,44,0.243,6073,0.086,0.19699999999999998,0.44,0.243,0.315,0.397,0.712,0.155,4.5,0.277,1.2,-4.8,-3.1,5.0,669,-71.2,0.307,92,0.277,1.32,0.187,0.46299999999999997,0.35,0.099,0.126,109,0.055999999999999994,16,0.33299999999999996,0.425,0.342,0.233,0.196,0.5,0.304,0.69,-111.76,112.45,-14.02,-1.32,1.04,1.68,108,-2.42,3.09,-62.7,1.9,42.9,-15.4,-60.8,27.5,13.1,187.7,167.5,16.7,$133.4,6073,102,93,95,97,92,92,89,93,92,107,96,105,99,94,6073,4282,86.9,103.7,114.9,10.9,233,0.054000000000000006,1367,0.319,0.243,0.247,0.397,0.403,0.307,0.314,0.257,0.649,0.457,0.5870000000000001,0.858,0.7829999999999999,0.509,23.5,0.803,2.5155038759689923,-0.8450118665684956,0.9304659134943672,0.49142891585028536,0.28553260538330805,0.14436959104755415
242,2017,BAL,162,2351,5650,6140,1469,956,269,12,232,743,713,392,12,1412,50,37,10,138,32,13,0.26,6140,0.064,0.23,0.28,0.26,0.312,0.435,0.747,0.175,3.2,0.306,-6.8,-5.5,-12.4,-2.6,734,-13.8,0.318,95,0.306,1.22,0.204,0.43700000000000006,0.359,0.107,0.152,149,0.08,14,0.4,0.41100000000000003,0.349,0.24100000000000002,0.19399999999999998,0.47,0.336,-3.56,-102.73,99.16,-26.46,-2.68,0.91,1.13,94,-3.14,-0.76,-36.4,-15.0,-21.2,-14.6,-51.3,-35.8,13.3,189.8,115.9,11.5,$92.3,6140,76,108,101,96,101,95,101,103,100,101,99,101,101,97,6140,4286,88.2,105.6,118.5,11.8,311,0.073,1586,0.37,0.26,0.254,0.435,0.431,0.318,0.319,0.287,0.674,0.48200000000000004,0.57,0.831,0.754,0.504,22.8,0.77,2.340277777777778,1.1872951542924446,-0.6468650015046409,-0.21061239250726516,-1.931389767194597,-1.0328882990745327
243,2017,BOS,162,2334,5669,6338,1461,972,302,19,168,785,735,571,48,1224,53,36,9,141,106,31,0.258,6338,0.09,0.193,0.47,0.258,0.329,0.407,0.736,0.149,4.5,0.3,1.5,-0.8,2.9,4.2,748,-24.2,0.316,91,0.3,1.32,0.203,0.45299999999999996,0.344,0.114,0.11,153,0.076,12,0.375,0.384,0.355,0.262,0.19,0.488,0.322,-2.89,-117.19,114.3,-10.94,-1.15,1.04,1.75,94,-4.96,2.18,-68.9,7.1,32.6,-15.7,-61.8,16.9,13.7,195.9,164.7,16.4,$131.1,6338,107,91,101,102,95,91,86,101,100,105,95,95,103,105,6338,4490,87.3,104.0,114.3,10.9,221,0.049,1468,0.327,0.258,0.25,0.407,0.397,0.316,0.313,0.249,0.618,0.439,0.626,0.861,0.797,0.516,23.4,0.8069999999999999,2.472,-1.3798295036371648,1.1216575395548478,0.49142891585028536,0.9676625661765096,-0.14791153467551335
244,2017,CHW,162,2289,5513,6059,1412,933,256,37,186,706,670,401,17,1397,76,33,35,124,71,31,0.256,6059,0.066,0.231,0.29,0.256,0.314,0.417,0.731,0.161,4.5,0.309,2.4,-1.9,-1.7,-2.4,697,-41.0,0.313,95,0.309,1.42,0.19399999999999998,0.47200000000000003,0.33299999999999996,0.09300000000000001,0.136,147,0.076,16,0.225,0.401,0.336,0.264,0.201,0.502,0.298,-6.92,-107.25,100.33,-45.91,-4.19,0.96,1.7,86,-4.09,-3.15,-34.4,-4.2,9.3,-15.2,-38.6,-6.0,13.1,187.3,155.8,15.5,$124.1,6059,79,108,100,97,97,95,93,104,96,109,92,99,97,106,6059,4185,87.0,104.3,115.5,10.6,257,0.061,1361,0.325,0.256,0.246,0.417,0.403,0.313,0.307,0.287,0.675,0.488,0.5529999999999999,0.84,0.759,0.519,22.6,0.769,2.3437500000000004,-0.09626717467236016,-0.6946629080197624,1.1934702242078343,-0.514658310162563,-1.0095601473347855
245,2017,CLE,162,2367,5511,6234,1449,875,333,29,212,818,780,604,30,1153,50,45,23,125,88,23,0.263,6234,0.09699999999999999,0.185,0.52,0.263,0.339,0.449,0.788,0.186,4.7,0.295,3.4,3.6,4.5,4.1,839,79.0,0.336,105,0.295,1.17,0.203,0.429,0.368,0.094,0.132,124,0.066,20,0.35100000000000003,0.423,0.34600000000000003,0.231,0.17300000000000001,0.502,0.325,-0.76,-102.82,102.06,53.34,5.27,0.92,1.25,93,6.69,-7.52,37.8,8.6,46.6,-15.2,46.4,31.4,13.5,192.7,283.9,28.3,$226.1,6234,115,87,103,104,105,105,107,99,100,99,101,104,100,93,6234,4427,88.1,104.3,114.6,12.6,281,0.063,1589,0.359,0.263,0.261,0.449,0.439,0.336,0.336,0.23600000000000002,0.649,0.44799999999999995,0.617,0.8640000000000001,0.8009999999999999,0.515,22.3,0.815,2.738396624472574,0.11765988015510753,1.5040407916758194,-0.5616330466860404,1.1644308240976253,1.6418762383763956
246,2017,DET,162,2336,5556,6150,1435,924,289,35,187,735,699,503,21,1313,52,27,11,128,65,34,0.258,6150,0.08199999999999999,0.213,0.38,0.258,0.324,0.424,0.748,0.166,4.3,0.306,-12.7,-2.0,-4.0,-5.1,749,-0.2,0.321,98,0.306,1.22,0.23199999999999998,0.42200000000000004,0.34600000000000003,0.08199999999999999,0.127,104,0.057999999999999996,3,0.136,0.384,0.34299999999999997,0.273,0.168,0.45799999999999996,0.374,-7.21,-107.02,99.81,-36.48,-3.63,0.95,0.95,103,-4.72,-2.84,-18.0,-9.1,-34.7,-16.6,-27.1,-51.3,13.3,190.1,125.1,12.4,$99.6,6150,97,100,101,100,99,98,95,103,114,97,95,95,99,110,6150,4282,87.5,103.4,114.2,12.5,303,0.071,1536,0.359,0.258,0.266,0.424,0.45,0.321,0.336,0.26899999999999996,0.66,0.47200000000000003,0.5820000000000001,0.8540000000000001,0.779,0.52,23.5,0.787,2.444444444444445,0.9733680994649768,0.16569940925242388,-0.21061239250726516,-1.1574346193715415,-0.3330437468821368
247,2017,KCR,162,2342,5536,6027,1436,959,260,24,193,702,660,390,19,1166,45,37,17,160,91,31,0.259,6027,0.065,0.193,0.33,0.259,0.311,0.42,0.731,0.16,4.3,0.295,9.2,-8.3,6.3,1.6,690,-44.9,0.312,91,0.295,1.13,0.223,0.41200000000000003,0.366,0.10800000000000001,0.12,111,0.061,15,0.385,0.391,0.345,0.264,0.198,0.498,0.304,-2.78,-106.08,103.3,-59.97,-5.52,0.95,1.14,48,-6.57,3.64,-68.1,7.9,0.6,-13.9,-60.2,-13.3,13.0,186.3,125.8,12.5,$100.2,6027,77,91,101,96,98,91,92,99,110,95,100,96,100,106,6027,4426,87.4,104.5,118.0,13.5,258,0.057999999999999996,1437,0.325,0.259,0.262,0.42,0.428,0.312,0.32,0.302,0.7040000000000001,0.506,0.608,0.862,0.787,0.507,22.7,0.8069999999999999,2.3234323432343236,-0.4171577569135617,1.1216575395548478,-0.8424495700290606,1.0726056370677715,-1.146064480782215
248,2017,MIN,162,2324,5557,6261,1444,921,286,31,206,815,781,593,26,1342,46,39,26,105,95,28,0.26,6261,0.095,0.214,0.44,0.26,0.334,0.434,0.768,0.174,4.7,0.306,4.6,6.5,5.0,3.3,805,41.9,0.329,103,0.306,1.11,0.212,0.415,0.373,0.106,0.132,100,0.057,31,0.392,0.41,0.34600000000000003,0.243,0.171,0.507,0.322,4.23,-101.02,105.25,48.53,4.68,0.92,1.31,104,2.29,2.29,25.3,8.3,58.1,-15.2,33.6,42.9,13.6,193.5,283.7,28.2,$225.9,6261,112,101,101,103,101,103,100,103,104,96,102,101,100,98,6261,4280,87.6,103.6,116.2,13.5,260,0.061,1432,0.335,0.26,0.251,0.434,0.421,0.329,0.323,0.254,0.626,0.446,0.6,0.847,0.779,0.517,22.9,0.786,2.454901960784314,-0.09626717467236016,0.11790150273730243,-0.9828578317005692,1.1250771725134026,-0.26278484281890363
249,2017,NYY,162,2294,5594,6354,1463,933,266,23,241,858,821,616,22,1386,64,56,18,119,90,22,0.262,6354,0.09699999999999999,0.218,0.44,0.262,0.339,0.447,0.785,0.185,4.5,0.304,0.7,5.7,2.9,4.7,853,78.6,0.336,109,0.304,1.16,0.204,0.428,0.368,0.105,0.154,148,0.08199999999999999,15,0.366,0.414,0.336,0.25,0.2,0.498,0.302,3.68,-108.54,112.22,99.74,9.86,0.97,1.15,112,10.83,-7.05,71.3,7.6,19.1,-15.4,78.9,3.7,13.8,196.4,292.7,29.1,$233.1,6354,115,102,102,104,104,109,107,102,101,99,101,102,97,101,6354,4288,87.6,104.9,121.1,12.6,310,0.07200000000000001,1445,0.337,0.262,0.254,0.447,0.433,0.336,0.333,0.258,0.653,0.452,0.555,0.847,0.762,0.49200000000000005,23.4,0.782,2.5212355212355213,1.0803316268787122,-0.07329012332318341,-0.6318371775217955,1.0332519854835482,0.18287769391039893
250,2017,OAK,162,2350,5464,6126,1344,790,305,15,234,739,708,565,15,1491,43,40,13,129,57,22,0.246,6126,0.092,0.243,0.38,0.246,0.319,0.436,0.755,0.19,3.8,0.294,-3.7,-0.4,-8.9,-1.4,755,8.9,0.323,103,0.294,0.93,0.20800000000000002,0.381,0.41100000000000003,0.09300000000000001,0.142,92,0.06,8,0.276,0.392,0.35600000000000004,0.251,0.168,0.508,0.324,5.11,-106.72,111.83,5.74,0.79,0.97,1.34,124,3.11,2.15,25.4,-10.3,-32.4,-14.4,15.1,-46.9,13.3,189.3,170.8,17.0,$136.0,6126,110,114,96,98,101,103,109,99,102,88,113,97,103,101,6126,4027,88.5,104.3,113.5,15.3,315,0.078,1493,0.371,0.246,0.246,0.436,0.441,0.323,0.328,0.245,0.667,0.462,0.546,0.83,0.757,0.514,22.7,0.757,2.7113821138211383,1.7221127913611138,-1.26823778620122,-2.2465321867441594,-1.314849225708434,1.4603790405247092
251,2017,SEA,162,2323,5551,6166,1436,938,281,17,200,750,714,487,31,1267,78,35,14,131,89,35,0.259,6166,0.079,0.205,0.38,0.259,0.325,0.424,0.749,0.165,4.2,0.3,-10.7,-1.2,-4.1,-0.7,751,-0.2,0.321,103,0.3,1.21,0.192,0.442,0.366,0.079,0.128,125,0.066,18,0.316,0.39799999999999996,0.358,0.244,0.182,0.504,0.314,2.43,-106.21,108.64,22.55,2.35,0.97,1.38,91,1.43,1.09,19.8,-4.9,21.3,-14.8,14.9,6.5,13.4,190.6,225.3,22.4,$179.4,6166,94,96,101,100,99,103,95,101,95,102,100,98,104,98,6166,4334,88.0,104.9,117.7,11.7,269,0.062,1519,0.35,0.259,0.254,0.424,0.424,0.321,0.322,0.251,0.642,0.457,0.583,0.855,0.784,0.527,22.8,0.795,2.5476190476190474,0.010696352741373682,0.5480826613733956,-0.2808165233430202,-0.6064834971924171,0.3601356190988956
252,2017,TBR,162,2345,5478,6147,1340,854,226,32,228,694,671,545,33,1538,55,48,16,115,88,34,0.245,6147,0.08900000000000001,0.25,0.35,0.245,0.317,0.422,0.739,0.178,4.5,0.296,7.7,3.9,9.2,-0.4,722,-27.4,0.316,99,0.296,1.18,0.2,0.434,0.366,0.1,0.158,117,0.068,13,0.245,0.408,0.34600000000000003,0.24600000000000002,0.19,0.465,0.34600000000000003,-4.65,-110.87,106.22,-47.87,-4.84,1.0,1.47,122,-0.04,-4.6,-10.1,8.8,10.1,-15.7,-1.3,-5.6,13.3,190.0,196.4,19.5,$156.4,6147,105,117,95,98,98,99,102,99,99,100,101,101,100,99,6147,4009,87.2,104.5,116.2,12.2,281,0.07,1366,0.341,0.245,0.235,0.422,0.406,0.316,0.31,0.28600000000000003,0.6829999999999999,0.48700000000000004,0.551,0.8109999999999999,0.735,0.506,23.5,0.75,2.37979094076655,0.8664045720512444,-1.60282313180707,-0.49142891585028536,1.190666591820441,-0.7674188092417453
253,2017,TEX,162,2268,5430,6122,1326,813,255,21,237,799,756,544,18,1493,81,39,27,110,113,44,0.244,6122,0.08900000000000001,0.244,0.36,0.244,0.32,0.43,0.75,0.186,4.6,0.291,3.4,2.5,-0.8,0.4,747,1.1,0.321,90,0.291,1.18,0.19399999999999998,0.43700000000000006,0.369,0.111,0.163,109,0.063,24,0.39299999999999996,0.436,0.337,0.22699999999999998,0.183,0.48100000000000004,0.336,-0.71,-99.84,99.13,23.28,2.07,0.9,1.31,66,-0.56,-0.23,-76.4,-0.4,-9.5,-14.4,-76.8,-23.9,13.3,189.2,101.8,10.1,$81.0,6122,106,115,95,99,100,90,107,98,95,101,101,107,98,91,6122,4004,87.7,104.6,117.3,12.9,306,0.076,1390,0.34700000000000003,0.244,0.238,0.43,0.421,0.321,0.319,0.278,0.644,0.46299999999999997,0.5529999999999999,0.8290000000000001,0.747,0.504,22.9,0.756,2.3082437275985663,1.5081857365336462,-1.3160356927163415,-0.49142891585028536,-0.016178723429069564,-1.2481093118992925
254,2017,TOR,162,2455,5499,6154,1320,824,269,5,222,693,661,542,12,1327,51,35,25,153,53,24,0.24,6154,0.08800000000000001,0.21600000000000003,0.41,0.24,0.312,0.412,0.724,0.172,3.1,0.276,-8.2,-4.5,-9.5,-3.1,701,-49.5,0.312,93,0.276,1.17,0.192,0.436,0.37200000000000005,0.107,0.14300000000000002,94,0.052000000000000005,11,0.22,0.402,0.34600000000000003,0.251,0.193,0.498,0.308,-8.07,-115.77,107.7,-84.88,-8.28,1.01,1.56,124,-8.64,0.68,-56.8,-12.6,-34.6,-15.2,-69.3,-49.8,13.3,190.2,84.4,8.4,$67.2,6154,105,101,94,96,96,93,99,93,95,101,102,99,100,101,6154,4234,87.4,104.2,113.5,12.3,293,0.069,1431,0.33799999999999997,0.24,0.242,0.412,0.418,0.312,0.317,0.257,0.638,0.451,0.593,0.855,0.7809999999999999,0.509,22.4,0.784,2.4728682170542635,0.7594410446375106,0.02230568970705951,-0.5616330466860404,-1.6165605545208117,-0.1420784117102634
255,2017,ARI,162,2360,5525,6224,1405,832,314,39,220,812,776,578,44,1456,54,27,39,106,103,30,0.254,6224,0.09300000000000001,0.23399999999999999,0.4,0.254,0.329,0.445,0.774,0.19,5.1,0.306,3.1,5.0,4.0,4.3,799,40.1,0.329,95,0.306,1.31,0.20199999999999999,0.45299999999999996,0.345,0.09,0.157,119,0.065,13,0.19699999999999998,0.382,0.366,0.252,0.174,0.48100000000000004,0.345,-0.72,-109.75,109.03,37.38,3.14,0.98,1.33,251,0.04,-0.77,-40.3,8.3,-3.2,40.3,-32.0,37.2,21.5,192.4,219.0,21.8,$174.4,6224,103,111,97,99,102,95,108,100,98,102,98,97,104,99,6224,4136,88.0,104.7,114.8,10.2,274,0.066,1478,0.35700000000000004,0.254,0.247,0.445,0.421,0.329,0.321,0.247,0.6509999999999999,0.45299999999999996,0.55,0.8390000000000001,0.7609999999999999,0.509,22.9,0.766,2.6249999999999996,0.43855046239630907,-0.8380566275651268,0.4212247850145303,1.1250771725134026,0.8800201435846721
256,2017,ATL,162,2374,5584,6216,1467,987,289,26,165,732,706,474,57,1184,66,32,59,137,77,31,0.263,6216,0.076,0.19,0.4,0.263,0.326,0.412,0.738,0.15,4.3,0.305,9.1,-3.4,5.3,-1.4,723,-34.8,0.316,89,0.305,1.46,0.212,0.46799999999999997,0.32,0.07200000000000001,0.11800000000000001,119,0.057999999999999996,18,0.171,0.38,0.35100000000000003,0.26899999999999996,0.18899999999999997,0.512,0.299,-1.79,-109.13,107.34,-9.98,-1.04,0.99,1.22,268,-2.39,0.59,-91.8,3.9,-19.7,37.2,-88.0,17.6,21.4,192.1,143.2,14.2,$114.0,6216,85,91,101,98,94,89,85,100,103,106,91,96,100,106,6216,4492,86.7,102.7,114.4,10.1,228,0.051,1357,0.302,0.263,0.256,0.412,0.405,0.316,0.313,0.3,0.696,0.498,0.648,0.851,0.79,0.5,22.6,0.81,2.3122923588039868,-1.1659024488096978,1.2650512591002174,1.4742867475508545,0.5478902826114624,-1.2209085519669762
257,2017,CHC,162,2420,5496,6283,1402,876,274,29,223,822,785,622,54,1401,82,32,48,134,62,31,0.255,6283,0.099,0.223,0.44,0.255,0.338,0.437,0.775,0.182,4.2,0.302,0.3,-2.5,1.4,-4.6,816,50.4,0.331,101,0.302,1.3,0.196,0.455,0.349,0.091,0.156,127,0.068,19,0.24100000000000002,0.419,0.34299999999999997,0.23800000000000002,0.185,0.503,0.312,2.15,-107.54,109.69,72.32,7.18,0.98,1.23,294,7.7,-5.5,11.6,-3.2,6.9,40.6,8.4,47.5,21.7,194.2,271.7,27.0,$216.3,6283,110,106,98,101,100,101,104,99,95,103,99,106,98,94,6283,4178,87.4,104.5,116.1,12.0,300,0.07200000000000001,1419,0.34,0.255,0.247,0.437,0.424,0.331,0.327,0.267,0.662,0.47200000000000003,0.565,0.8340000000000001,0.76,0.518,22.5,0.777,2.470149253731343,1.0803316268787122,-0.3122796558987907,0.35102065417877526,-0.38347947154848583,-0.16034578773416786
258,2017,CIN,162,2321,5484,6213,1390,884,249,38,219,753,715,565,41,1329,72,42,50,116,120,39,0.253,6213,0.091,0.214,0.43,0.253,0.329,0.433,0.761,0.179,5.0,0.294,-14.0,4.9,-1.5,3.8,774,16.7,0.325,95,0.294,1.17,0.20800000000000002,0.426,0.366,0.094,0.14400000000000002,109,0.062,17,0.172,0.402,0.349,0.249,0.20199999999999999,0.505,0.294,-6.26,-104.06,97.81,0.68,0.02,0.93,0.93,240,-0.8,-5.9,-42.1,2.3,7.6,37.9,-39.8,45.6,21.4,192.0,219.2,21.8,$174.5,6213,101,102,97,99,99,95,102,96,101,96,104,102,99,98,6213,4247,85.5,102.0,113.0,12.9,231,0.054000000000000006,1165,0.27399999999999997,0.253,0.246,0.433,0.399,0.325,0.314,0.255,0.65,0.46299999999999997,0.617,0.852,0.7909999999999999,0.526,22.1,0.786,2.5390625,-0.8450118665684956,0.11790150273730243,-0.5616330466860404,0.3380041408289389,0.30264838802595007
259,2017,COL,162,2374,5534,6201,1510,987,293,38,192,824,793,519,46,1408,44,41,62,143,59,34,0.273,6201,0.084,0.22699999999999998,0.37,0.273,0.338,0.444,0.781,0.171,4.4,0.332,5.8,-5.8,-1.2,-6.4,809,53.7,0.332,88,0.332,1.4,0.21100000000000002,0.46,0.32899999999999996,0.077,0.141,118,0.062,16,0.168,0.36200000000000004,0.36200000000000004,0.276,0.192,0.49200000000000005,0.317,-5.97,-101.86,95.89,-18.2,-2.15,0.89,0.95,259,-4.51,-2.22,-99.4,-7.6,4.1,39.0,-107.0,43.1,21.4,191.7,149.2,14.8,$118.8,6201,93,108,104,101,101,88,97,109,103,104,94,91,103,109,6201,4230,86.8,103.6,117.1,10.0,216,0.051,1356,0.321,0.273,0.244,0.444,0.391,0.332,0.305,0.281,0.647,0.47200000000000003,0.5760000000000001,0.845,0.768,0.522,23.2,0.773,2.2943262411347516,-1.1659024488096978,-0.5034712819592766,1.0530619625363242,-0.9606663614504255,-1.3416140518856492
260,2017,MIA,162,2399,5602,6248,1497,1001,271,31,194,778,743,486,48,1282,67,41,50,119,91,30,0.267,6248,0.078,0.205,0.38,0.267,0.331,0.431,0.761,0.163,4.6,0.313,-3.0,2.7,-0.5,1.7,775,13.4,0.325,101,0.313,1.62,0.198,0.495,0.306,0.096,0.147,139,0.065,22,0.214,0.373,0.359,0.268,0.21,0.496,0.294,3.07,-101.73,104.8,52.75,5.49,0.93,1.15,271,4.6,-1.31,7.6,1.2,-4.9,36.6,8.8,31.7,21.5,193.1,255.2,25.4,$203.2,6248,86,98,102,99,98,101,93,102,97,112,87,94,102,106,6248,4413,87.0,105.4,122.2,8.3,258,0.057999999999999996,1404,0.318,0.267,0.255,0.431,0.412,0.325,0.317,0.26899999999999996,0.643,0.46399999999999997,0.595,0.8640000000000001,0.79,0.522,22.1,0.795,2.3814814814814818,-0.4171577569135617,0.5480826613733956,2.597552840922935,0.193707418353454,-0.7560608984295418
261,2017,HOU,162,2313,5611,6271,1581,977,346,20,238,896,854,509,27,1087,70,61,11,139,98,42,0.282,6271,0.081,0.17300000000000001,0.47,0.282,0.346,0.478,0.823,0.196,4.5,0.309,3.2,-1.6,1.6,-2.0,911,146.8,0.349,121,0.309,1.19,0.195,0.43700000000000006,0.368,0.11,0.142,157,0.079,20,0.5,0.40399999999999997,0.348,0.247,0.17800000000000002,0.499,0.32299999999999995,14.36,-97.91,112.27,172.26,17.26,0.91,1.37,73,16.26,-0.43,163.0,-0.4,13.1,-14.3,162.6,-1.1,13.6,193.8,368.9,36.7,$293.7,6271,96,81,110,106,111,121,113,104,96,101,101,100,101,100,6271,4605,88.0,104.4,114.6,12.3,273,0.059000000000000004,1622,0.35200000000000004,0.282,0.267,0.478,0.443,0.349,0.335,0.262,0.653,0.45299999999999996,0.654,0.878,0.812,0.489,23.1,0.827,2.482889733840304,-0.3101942294998271,2.077615669857277,-0.4212247850145303,-0.016178723429069564,-0.07474877400707747
262,2017,LAD,162,2464,5408,6191,1347,794,312,20,221,770,730,649,41,1380,64,38,31,119,77,28,0.249,6191,0.105,0.223,0.47,0.249,0.334,0.437,0.771,0.188,4.1,0.293,4.0,2.0,-1.0,-0.2,797,42.2,0.33,104,0.293,1.16,0.201,0.429,0.37,0.08,0.14800000000000002,104,0.06,11,0.175,0.401,0.34299999999999997,0.256,0.163,0.483,0.355,8.09,-102.62,110.71,59.87,6.9,0.97,1.2,342,7.95,0.4,34.8,-1.1,15.1,37.6,33.7,52.7,21.3,191.4,299.1,29.8,$238.2,6191,117,106,95,100,100,104,107,96,98,97,105,101,98,101,6191,4098,88.3,104.1,116.0,12.2,304,0.07400000000000001,1487,0.363,0.249,0.25,0.437,0.439,0.33,0.333,0.221,0.644,0.43700000000000006,0.561,0.843,0.773,0.511,22.6,0.777,2.900900900900901,1.2942586817061799,-0.3122796558987907,-0.6318371775217955,-0.10800391045892363,2.733662471013179
263,2017,MIL,162,2423,5467,6135,1363,850,267,22,224,732,695,547,34,1571,53,26,42,116,128,41,0.249,6135,0.08900000000000001,0.256,0.35,0.249,0.322,0.429,0.751,0.18,4.8,0.308,-1.5,-0.8,0.2,4.7,745,-2.8,0.321,94,0.308,1.37,0.212,0.455,0.33299999999999996,0.084,0.17300000000000001,109,0.062,18,0.228,0.392,0.35100000000000003,0.257,0.18899999999999997,0.466,0.345,-1.56,-108.75,107.18,-25.6,-2.61,0.97,1.2,283,-0.78,-0.83,-50.9,4.8,23.5,36.4,-46.1,59.9,21.1,189.6,224.6,22.4,$178.8,6135,99,122,95,97,98,94,102,101,103,103,94,99,100,101,6135,3964,87.1,103.8,114.7,10.7,255,0.064,1315,0.332,0.249,0.237,0.429,0.395,0.321,0.307,0.266,0.6609999999999999,0.467,0.562,0.813,0.743,0.508,22.0,0.744,2.47565543071161,0.2246234075688414,-1.8896105708977988,0.8424495700290606,0.665951237364132,-0.1233524952889171
264,2017,WSN,162,2322,5553,6214,1477,920,311,31,215,819,796,542,56,1327,31,45,43,116,108,30,0.266,6214,0.087,0.214,0.41,0.266,0.332,0.449,0.782,0.183,4.9,0.311,4.1,2.5,4.9,5.3,805,47.8,0.331,99,0.311,1.23,0.203,0.439,0.358,0.08900000000000001,0.142,137,0.07400000000000001,12,0.16,0.391,0.34700000000000003,0.261,0.17800000000000002,0.508,0.314,3.98,-102.89,106.87,79.17,7.45,0.94,1.17,241,4.75,-0.53,-9.5,10.2,-23.7,42.1,0.7,18.5,21.4,192.1,232.6,23.2,$185.2,6214,97,102,102,100,103,99,104,102,99,99,102,99,99,103,6214,4314,88.1,104.2,118.3,11.6,281,0.065,1570,0.364,0.266,0.256,0.449,0.433,0.331,0.325,0.264,0.638,0.45799999999999996,0.609,0.8490000000000001,0.7829999999999999,0.52,22.7,0.786,2.4075471698113207,0.33158693498257524,0.11790150273730243,-0.1404082616715101,1.374316965880149,-0.5809383706524287
265,2017,NYM,162,2396,5510,6169,1379,841,286,28,224,735,713,529,31,1291,57,37,36,118,58,23,0.25,6169,0.086,0.209,0.41,0.25,0.32,0.434,0.755,0.184,4.0,0.286,-10.4,0.8,-10.8,-1.7,753,1.4,0.322,101,0.286,1.02,0.20199999999999999,0.402,0.396,0.10400000000000001,0.134,113,0.067,11,0.162,0.40299999999999997,0.35600000000000004,0.24100000000000002,0.18600000000000003,0.478,0.335,-1.21,-101.58,100.37,24.36,2.61,0.92,1.0,245,5.52,-6.83,4.1,-12.5,-35.0,37.4,-8.4,2.4,21.3,190.7,205.9,20.5,$163.9,6169,95,100,96,96,99,101,105,94,98,91,112,102,102,95,6169,4292,87.1,102.8,115.2,14.0,262,0.061,1436,0.335,0.25,0.245,0.434,0.415,0.322,0.316,0.261,0.6509999999999999,0.46299999999999997,0.603,0.852,0.785,0.519,22.0,0.791,2.4847328244274807,-0.09626717467236016,0.3568910353129097,-1.6146950092223646,-1.6034426706594038,-0.062365955703405175
266,2017,PHI,162,2308,5535,6133,1382,885,287,36,174,690,654,494,25,1417,47,36,21,128,59,25,0.25,6133,0.081,0.231,0.35,0.25,0.315,0.409,0.723,0.159,4.3,0.304,-5.8,-1.4,-10.7,-2.3,690,-57.2,0.31,87,0.304,1.36,0.20600000000000002,0.45799999999999996,0.336,0.099,0.126,126,0.067,29,0.446,0.37799999999999995,0.35100000000000003,0.27,0.20600000000000002,0.498,0.29600000000000004,-9.09,-116.34,107.25,-56.59,-5.34,1.04,1.27,236,-5.68,-3.08,-99.9,-13.0,-23.8,35.2,-113.0,11.5,21.1,189.6,109.2,10.9,$86.9,6133,90,110,96,94,94,87,90,99,100,103,95,96,100,107,6133,4175,87.4,104.4,114.6,10.1,240,0.057,1391,0.33299999999999996,0.25,0.241,0.409,0.388,0.31,0.303,0.273,0.659,0.47100000000000003,0.574,0.84,0.765,0.513,22.5,0.769,2.4051094890510947,-0.5241212843272948,-0.6946629080197624,0.7722454391933056,-1.6690320899664426,-0.597315947612701
267,2017,PIT,162,2371,5458,6136,1331,895,249,36,151,668,635,519,39,1213,88,28,42,120,67,36,0.244,6136,0.085,0.198,0.43,0.244,0.318,0.386,0.704,0.142,4.3,0.286,3.0,0.3,4.5,-5.5,657,-90.7,0.304,85,0.286,1.44,0.205,0.469,0.325,0.081,0.11,130,0.065,15,0.18100000000000002,0.385,0.35,0.265,0.212,0.49,0.298,-5.21,-108.88,103.66,-72.95,-7.2,1.0,1.25,275,-8.37,3.16,-117.7,-1.0,-23.5,37.3,-118.7,13.9,21.1,189.7,105.9,10.5,$84.4,6136,94,94,93,95,88,85,81,94,100,106,92,97,100,105,6136,4316,86.3,102.5,112.4,10.2,185,0.043,1298,0.301,0.244,0.247,0.386,0.381,0.304,0.307,0.242,0.6559999999999999,0.46,0.61,0.858,0.7959999999999999,0.527,22.1,0.802,2.699588477366255,-2.021610668119568,0.8826680069792457,1.3338784858793444,-0.0948860265975159,1.3811434031792267
268,2017,STL,162,2416,5470,6219,1402,894,284,28,196,761,728,593,36,1348,65,44,47,139,81,31,0.256,6219,0.095,0.217,0.44,0.256,0.334,0.426,0.76,0.17,4.4,0.304,2.5,0.3,3.4,-0.8,779,20.8,0.326,101,0.304,1.21,0.21,0.433,0.35700000000000004,0.083,0.133,120,0.067,21,0.23600000000000002,0.414,0.33899999999999997,0.247,0.183,0.49200000000000005,0.324,-1.47,-107.84,106.37,27.19,2.95,0.97,1.04,291,3.53,-5.05,6.3,2.7,-9.0,38.1,9.0,29.1,21.4,192.2,251.7,25.1,$200.4,6219,106,103,98,100,97,101,96,100,102,98,101,104,97,97,6219,4213,87.3,103.6,113.3,12.6,286,0.068,1429,0.33899999999999997,0.256,0.254,0.426,0.431,0.326,0.33,0.23800000000000002,0.653,0.452,0.5660000000000001,0.852,0.78,0.517,22.3,0.783,2.732217573221757,0.6524775172237768,-0.02549221680806195,-0.2808165233430202,0.39047567627456986,1.6003622349626185
269,2017,SDP,162,2342,5356,5954,1251,804,227,31,189,604,576,460,20,1499,53,33,52,99,89,33,0.234,5954,0.077,0.252,0.31,0.234,0.299,0.393,0.692,0.16,4.5,0.287,1.5,4.6,6.3,0.6,604,-121.5,0.298,82,0.287,1.13,0.19399999999999998,0.429,0.37799999999999995,0.133,0.131,132,0.08,25,0.231,0.41,0.33799999999999997,0.252,0.22699999999999998,0.473,0.3,-5.52,-102.7,97.18,-117.27,-11.45,0.96,1.15,238,-9.27,3.51,-139.4,6.8,-13.6,34.5,-132.6,20.9,20.5,184.0,92.9,9.2,$74.0,5954,86,120,89,90,90,82,91,94,94,97,107,103,97,99,5954,3942,86.1,103.4,113.7,12.5,205,0.052000000000000005,1142,0.29,0.234,0.225,0.393,0.369,0.298,0.289,0.271,0.66,0.473,0.575,0.8220000000000001,0.754,0.519,22.0,0.748,2.426470588235294,-1.0589389213959632,-1.698418944837313,-0.8424495700290606,0.9283089145922865,-0.4538012382408299
270,2017,SFG,162,2372,5551,6137,1382,936,290,28,128,639,612,467,37,1204,36,52,31,136,76,34,0.249,6137,0.076,0.196,0.39,0.249,0.309,0.38,0.689,0.132,4.2,0.294,6.7,-1.4,-0.7,-2.7,619,-128.5,0.296,83,0.294,1.39,0.19399999999999998,0.469,0.337,0.094,0.087,126,0.062,25,0.313,0.37,0.374,0.256,0.203,0.516,0.281,-12.18,-114.92,102.73,-97.8,-9.8,1.04,1.31,293,-8.19,-3.54,-136.7,-3.4,-22.5,36.6,-140.1,14.1,21.2,189.7,84.9,8.4,$67.6,6137,85,93,95,93,87,83,75,96,94,106,96,94,107,101,6137,4430,86.7,102.9,114.0,10.6,200,0.045,1325,0.299,0.249,0.242,0.38,0.381,0.296,0.298,0.26,0.6809999999999999,0.47600000000000003,0.6,0.8540000000000001,0.787,0.512,22.7,0.804,2.6091954022988504,-1.8076836132921004,0.9782638200094887,0.9828578317005692,-0.4097152392713012,0.773836832217552
271,2016,LAA,162,2419,5431,6041,1410,955,279,20,156,717,686,471,21,991,51,49,36,147,73,34,0.26,6041,0.078,0.16399999999999998,0.48,0.26,0.322,0.405,0.726,0.145,4.0,0.289,-10.4,-3.8,-5.6,-2.6,691,-20.4,0.314,99,0.289,1.33,0.19899999999999998,0.456,0.344,0.095,0.10099999999999999,103,0.051,12,0.207,0.387,0.35700000000000004,0.256,0.18899999999999997,0.508,0.303,1.29,-100.34,101.63,25.96,2.84,0.96,1.59,96,0.23,1.11,-10.6,-8.2,-0.4,-15.3,-18.7,-15.7,22.4,182.3,170.2,17.4,$139.2,6041,97,79,101,100,95,99,87,97,98,104,97,95,105,102,6041,4528,88.4,104.0,117.1,10.9,241,0.053,1530,0.33799999999999997,0.26,0.261,0.405,0.412,0.314,0.321,0.27699999999999997,0.652,0.47100000000000003,0.629,0.888,0.815,0.518,23.9,0.8360000000000001,2.3453237410071948,-0.7806007519282268,2.3596881252666244,0.1941809239223401,-1.0036675144673732,0.5897910830928823
272,2016,BAL,162,2257,5524,6089,1413,889,265,6,253,744,710,468,19,1324,44,36,17,119,19,13,0.256,6089,0.077,0.217,0.35,0.256,0.317,0.443,0.76,0.188,2.5,0.291,6.0,1.1,-2.0,-4.6,755,37.3,0.326,103,0.291,1.11,0.192,0.424,0.384,0.122,0.156,135,0.076,10,0.27,0.41600000000000004,0.33799999999999997,0.24600000000000002,0.203,0.47,0.327,2.26,-103.41,105.67,22.68,2.36,0.95,1.22,73,3.53,-1.17,20.1,-6.6,4.3,-13.8,13.5,-9.5,22.6,183.7,210.3,21.5,$172.0,6089,96,105,99,99,105,103,113,98,94,96,108,102,99,99,6089,4253,89.4,106.3,117.2,13.6,357,0.084,1594,0.375,0.256,0.251,0.443,0.445,0.326,0.327,0.301,0.654,0.479,0.5539999999999999,0.8490000000000001,0.757,0.505,23.1,0.783,2.165562913907285,2.1824959798809602,-0.28622451166844354,-1.2458124444905265,-0.8064671841585975,-0.7891814540383464
273,2016,BOS,162,2284,5670,6320,1598,1022,343,25,208,878,836,558,34,1160,43,40,8,137,83,24,0.282,6320,0.08800000000000001,0.184,0.48,0.282,0.348,0.461,0.81,0.179,4.6,0.32,5.9,1.5,-1.5,3.2,893,148.6,0.346,113,0.32,1.28,0.20800000000000002,0.444,0.348,0.11199999999999999,0.132,142,0.071,3,0.13,0.414,0.33799999999999997,0.248,0.193,0.473,0.33399999999999996,9.03,-108.86,117.89,141.04,13.8,0.99,1.66,108,11.78,-2.63,99.3,1.7,4.2,-15.3,100.9,-11.1,23.4,190.7,303.9,31.1,$248.7,6320,110,89,109,108,109,113,108,107,102,101,98,101,99,99,6320,4559,89.1,104.6,114.9,11.3,287,0.063,1614,0.354,0.282,0.256,0.461,0.421,0.346,0.325,0.271,0.603,0.44299999999999995,0.654,0.884,0.816,0.517,23.7,0.8160000000000001,2.2169117647058822,0.1752369034940916,1.3612305264232025,-0.13309029617149357,0.2165095293181767,-0.39527664058775136
274,2016,CHW,162,2217,5550,6131,1428,950,277,33,168,686,656,455,16,1285,53,44,29,122,77,36,0.257,6131,0.07400000000000001,0.21,0.35,0.257,0.317,0.41,0.727,0.153,4.4,0.304,-1.3,1.4,1.6,-2.6,701,-21.4,0.314,97,0.304,1.39,0.205,0.46299999999999997,0.332,0.11699999999999999,0.11800000000000001,112,0.057,19,0.302,0.38799999999999996,0.33399999999999996,0.27699999999999997,0.19399999999999998,0.511,0.295,-1.63,-111.01,109.38,-35.08,-3.7,1.02,1.45,53,-1.67,0.07,-24.7,-1.0,-13.3,-16.0,-25.7,-29.3,22.7,185.0,152.7,15.6,$124.9,6131,93,101,100,99,97,97,92,102,100,105,93,95,98,111,6131,4338,88.5,104.1,117.1,10.6,214,0.049,1435,0.331,0.257,0.248,0.41,0.385,0.314,0.304,0.31,0.648,0.48200000000000004,0.598,0.861,0.778,0.51,23.1,0.79,2.0836012861736335,-1.1629358140971537,0.06323564792675411,0.5869063880349391,-0.11626602807788239,-1.4179215169690833
275,2016,CLE,161,2366,5484,6155,1435,913,308,29,185,777,733,531,16,1246,49,60,31,137,134,31,0.262,6155,0.086,0.20199999999999999,0.43,0.262,0.329,0.43,0.759,0.168,5.1,0.304,9.3,-4.3,4.5,10.8,767,41.7,0.326,100,0.304,1.16,0.20800000000000002,0.426,0.366,0.10099999999999999,0.11800000000000001,99,0.054000000000000006,12,0.226,0.415,0.33899999999999997,0.24600000000000002,0.177,0.515,0.308,3.93,-106.43,110.36,43.46,4.13,0.98,1.57,112,5.09,-1.08,-1.7,15.2,22.7,-14.2,13.5,8.6,22.8,185.7,230.6,23.6,$188.7,6155,108,98,102,102,101,100,101,102,102,97,103,101,100,98,6155,4329,88.5,103.7,114.2,13.2,260,0.06,1514,0.35,0.262,0.253,0.43,0.414,0.326,0.322,0.281,0.65,0.47100000000000003,0.624,0.865,0.795,0.515,22.7,0.798,2.304964539007092,-0.1115143931326041,0.4626186874641229,-0.9185412243966944,1.8803873162984721,0.2801895304267866
276,2016,DET,161,2295,5526,6127,1476,983,252,30,211,750,719,493,32,1303,53,38,17,135,58,29,0.267,6127,0.08,0.213,0.38,0.267,0.331,0.438,0.769,0.171,4.0,0.312,-10.5,-2.8,-11.8,-3.6,782,59.9,0.33,106,0.312,1.15,0.21600000000000003,0.419,0.365,0.083,0.136,96,0.054000000000000006,11,0.275,0.39799999999999996,0.34299999999999997,0.258,0.17300000000000001,0.495,0.332,1.93,-106.86,108.79,23.03,2.27,0.97,1.36,89,3.48,-1.5,44.0,-15.5,-24.9,-15.8,28.5,-40.6,22.7,184.9,195.4,20.0,$159.9,6127,100,103,104,103,103,106,103,105,106,95,103,97,101,103,6127,4278,89.0,104.9,114.7,13.1,344,0.08,1564,0.366,0.267,0.263,0.438,0.456,0.33,0.338,0.29,0.644,0.47200000000000003,0.607,0.857,0.782,0.514,23.5,0.787,2.2130584192439864,1.8001609177120326,-0.08653299189975916,-0.9839954684154611,-1.9033940215011627,-0.42483623737955045
277,2016,KCR,162,2244,5552,6052,1450,1006,264,33,147,675,640,382,23,1224,45,34,38,134,121,35,0.261,6052,0.063,0.20199999999999999,0.31,0.261,0.312,0.4,0.712,0.139,4.9,0.309,-5.6,-5.4,2.6,6.7,657,-55.8,0.307,89,0.309,1.43,0.201,0.47,0.32799999999999996,0.10400000000000001,0.10400000000000001,133,0.066,24,0.273,0.39,0.35,0.26,0.195,0.502,0.303,-4.62,-110.02,105.4,-58.12,-6.14,1.01,1.98,50,-6.87,2.28,-79.6,9.3,12.7,-15.9,-70.3,-3.1,22.4,182.6,131.5,13.5,$107.6,6052,79,98,101,97,94,89,83,104,99,107,92,95,103,104,6052,4401,88.4,104.5,115.6,10.6,224,0.051,1486,0.33799999999999997,0.261,0.25,0.4,0.39,0.307,0.302,0.317,0.662,0.49200000000000005,0.5870000000000001,0.872,0.782,0.508,23.2,0.798,2.0817610062893084,-0.9717682830126905,0.4626186874641229,0.848723364110006,1.1532110982848618,-1.432038582750656
278,2016,MIN,162,2290,5618,6245,1409,886,288,35,200,722,690,513,24,1426,44,43,27,96,91,32,0.251,6245,0.08199999999999999,0.228,0.36,0.251,0.316,0.421,0.738,0.171,4.7,0.3,-1.4,7.3,6.5,1.9,729,-6.5,0.317,95,0.3,1.16,0.209,0.426,0.366,0.091,0.131,103,0.057999999999999996,20,0.23800000000000002,0.415,0.335,0.25,0.185,0.504,0.311,-9.73,-117.43,107.7,-32.44,-3.36,1.04,1.19,72,0.2,-9.54,-36.3,8.4,-23.0,-14.4,-27.9,-37.4,23.1,188.4,146.2,15.0,$119.6,6245,102,111,97,98,99,95,102,100,102,97,103,102,98,100,6245,4262,88.5,103.7,116.4,12.4,257,0.06,1490,0.35,0.251,0.239,0.421,0.397,0.317,0.308,0.278,0.609,0.44799999999999995,0.602,0.853,0.778,0.514,23.3,0.772,2.182795698924731,-0.1115143931326041,-0.8353761910323255,-0.9185412243966944,1.0422859124861752,-0.6569861495288882
279,2016,NYY,162,2308,5458,6058,1377,929,245,20,183,680,647,475,19,1188,42,49,21,121,72,22,0.252,6058,0.078,0.196,0.4,0.252,0.314,0.405,0.72,0.153,4.0,0.289,8.6,-0.2,-0.6,2.2,676,-37.5,0.311,92,0.289,1.32,0.20600000000000002,0.452,0.342,0.10300000000000001,0.124,107,0.055,14,0.33299999999999996,0.41700000000000004,0.341,0.242,0.17800000000000002,0.525,0.297,-2.36,-103.85,101.49,-47.95,-4.8,0.96,1.1,85,-2.08,-0.39,-60.3,1.6,15.3,-15.9,-58.7,-0.5,22.4,182.8,146.0,14.9,$119.4,6058,98,95,98,98,96,92,92,97,101,103,96,102,100,97,6058,4353,88.1,103.3,115.2,11.3,215,0.049,1428,0.32799999999999996,0.252,0.247,0.405,0.388,0.311,0.305,0.289,0.632,0.461,0.615,0.882,0.7979999999999999,0.501,23.3,0.804,2.1793103448275866,-1.1629358140971537,0.7621559671171494,0.12872667990357337,0.20418450867387825,-0.6837228288136845
280,2016,OAK,162,2343,5500,6022,1352,892,270,21,169,653,634,442,19,1145,33,34,13,142,50,23,0.246,6022,0.073,0.19,0.39,0.246,0.304,0.395,0.699,0.149,3.6,0.28,-10.9,-8.9,-7.1,-2.4,628,-81.7,0.302,89,0.28,1.17,0.21,0.426,0.364,0.09300000000000001,0.107,107,0.057999999999999996,12,0.267,0.386,0.35200000000000004,0.261,0.18899999999999997,0.52,0.292,-4.91,-103.96,99.04,-54.21,-5.65,0.96,1.76,133,-7.28,2.17,-78.3,-9.5,-46.5,-16.2,-87.8,-62.7,22.3,181.7,53.4,5.5,$43.7,6022,92,92,95,94,93,89,89,94,103,97,102,94,103,105,6022,4402,87.8,103.9,115.9,12.7,258,0.059000000000000004,1448,0.32899999999999996,0.246,0.252,0.395,0.413,0.302,0.314,0.273,0.636,0.462,0.614,0.8640000000000001,0.7929999999999999,0.52,23.1,0.81,2.321167883211679,-0.20709815867483533,1.061693246770176,-0.8530869803779276,-1.1638927828432537,0.40448783850806475
281,2016,SEA,162,2371,5583,6227,1446,955,251,17,223,768,735,506,29,1288,72,41,24,138,56,28,0.259,6227,0.081,0.207,0.39,0.259,0.326,0.43,0.756,0.171,3.7,0.297,-7.4,-2.5,-5.9,-3.6,770,36.0,0.325,108,0.297,1.38,0.19899999999999998,0.465,0.336,0.09699999999999999,0.155,114,0.057,33,0.384,0.39399999999999996,0.35200000000000004,0.254,0.191,0.496,0.313,3.98,-108.45,112.43,66.91,7.3,0.98,1.39,166,7.57,-3.53,58.2,-9.6,-15.3,-16.1,48.6,-31.4,23.1,187.9,228.2,23.3,$186.7,6227,101,100,101,101,101,108,103,100,98,106,94,96,103,101,6227,4361,89.3,105.4,116.3,10.7,305,0.07,1601,0.36700000000000005,0.259,0.254,0.43,0.426,0.325,0.325,0.27,0.637,0.462,0.591,0.8590000000000001,0.784,0.522,23.4,0.793,2.3505535055350553,0.8443232622897149,0.2130042877532674,0.5214521440161723,-1.1762178034875521,0.6299093990570968
282,2016,TBR,162,2281,5481,6046,1333,797,288,32,216,672,647,449,20,1482,69,28,18,88,60,37,0.243,6046,0.07400000000000001,0.245,0.3,0.243,0.307,0.426,0.733,0.182,4.1,0.293,-0.4,6.1,4.0,-6.1,694,-18.2,0.315,98,0.293,1.06,0.196,0.414,0.391,0.124,0.138,127,0.077,12,0.316,0.435,0.32,0.245,0.19,0.484,0.326,-8.43,-108.6,100.17,-39.05,-4.15,0.98,1.56,103,-0.85,-7.78,-12.7,-2.1,-4.9,-14.3,-14.7,-19.1,22.4,182.4,170.9,17.5,$139.8,6046,93,119,94,95,100,98,110,98,96,94,110,106,94,98,6046,4046,89.1,104.7,113.7,14.5,312,0.077,1490,0.368,0.243,0.236,0.426,0.412,0.315,0.309,0.28300000000000003,0.6509999999999999,0.475,0.564,0.815,0.7440000000000001,0.522,23.3,0.755,2.29225352112676,1.5134096210853367,-1.684065150049234,-1.5730836645843602,-0.25184125516516576,0.18268138664071285
283,2016,TEX,162,2324,5525,6089,1446,951,257,23,215,765,746,436,23,1220,70,40,18,114,99,36,0.262,6089,0.07200000000000001,0.2,0.36,0.262,0.322,0.433,0.755,0.172,4.4,0.298,-3.1,3.3,-2.9,1.8,746,29.1,0.324,95,0.298,1.28,0.201,0.44799999999999995,0.35,0.106,0.142,129,0.067,21,0.40399999999999997,0.415,0.345,0.24,0.19,0.496,0.314,9.34,-104.8,114.14,22.7,1.99,0.98,1.43,82,1.35,8.2,-39.0,-1.1,11.0,-16.6,-40.1,-5.7,22.6,183.7,160.5,16.4,$131.3,6089,89,97,102,100,102,95,103,100,98,102,99,101,101,96,6089,4363,88.8,104.7,117.8,11.4,283,0.065,1578,0.36200000000000004,0.262,0.253,0.433,0.417,0.324,0.318,0.3,0.622,0.465,0.603,0.867,0.784,0.513,23.1,0.8,2.0664451827242525,0.36640443457855537,0.562464447348465,-0.13309029617149357,-0.12859104872218088,-1.5495285855532188
284,2016,TOR,162,2349,5479,6233,1358,843,276,18,221,759,728,632,16,1362,55,40,26,153,54,24,0.248,6233,0.10099999999999999,0.21899999999999997,0.46,0.248,0.33,0.426,0.755,0.178,3.7,0.289,1.6,-8.2,-6.4,-2.4,778,43.4,0.327,104,0.289,1.16,0.19899999999999998,0.43,0.37,0.11800000000000001,0.145,102,0.057,21,0.368,0.426,0.322,0.252,0.191,0.47700000000000004,0.331,-0.99,-111.53,110.54,19.64,1.83,1.01,1.52,89,2.95,-3.94,30.9,-8.8,11.3,-13.6,22.0,-2.3,23.1,188.1,230.9,23.6,$188.9,6233,126,106,96,102,100,104,107,97,98,98,104,104,94,101,6233,4184,89.2,105.2,115.3,12.5,310,0.07400000000000001,1583,0.37799999999999995,0.248,0.244,0.426,0.419,0.327,0.326,0.245,0.615,0.43799999999999994,0.5820000000000001,0.8490000000000001,0.777,0.521,23.0,0.781,2.5,1.2266583244586424,-0.3860702715527857,-0.9185412243966944,-1.0776176383331644,1.776336098146291
285,2016,ARI,162,2399,5665,6260,1479,948,285,56,190,752,709,463,43,1427,50,38,43,117,137,31,0.261,6260,0.07400000000000001,0.228,0.32,0.261,0.32,0.432,0.752,0.171,5.9,0.315,8.4,-2.2,4.2,11.5,751,13.8,0.321,93,0.315,1.57,0.207,0.485,0.308,0.08800000000000001,0.145,132,0.064,19,0.247,0.379,0.355,0.266,0.17,0.49700000000000005,0.33299999999999996,-2.08,-115.66,113.59,-16.78,-2.26,1.02,1.4,266,-0.51,-1.52,-57.6,15.8,-21.4,31.3,-41.9,10.0,10.0,188.9,166.9,17.1,$136.6,6260,86,111,100,97,102,93,104,104,98,108,90,97,101,103,6260,4320,89.0,104.7,114.3,9.7,280,0.065,1499,0.34700000000000003,0.261,0.248,0.432,0.41,0.321,0.312,0.284,0.625,0.462,0.556,0.858,0.77,0.524,23.5,0.772,2.192982456140351,0.36640443457855537,-0.8353761910323255,1.7650827803727402,1.9543374401642633,-0.5788419917088087
286,2016,ATL,161,2390,5514,6192,1404,960,295,27,122,649,615,502,60,1240,59,52,64,145,75,34,0.255,6192,0.081,0.2,0.4,0.255,0.321,0.384,0.705,0.13,4.1,0.305,-2.3,-1.6,2.2,-2.2,654,-75.4,0.304,86,0.305,1.52,0.212,0.475,0.313,0.076,0.091,117,0.057999999999999996,21,0.174,0.345,0.365,0.29,0.188,0.518,0.294,-10.7,-119.31,108.61,-77.15,-7.76,1.08,1.33,270,-6.79,-3.11,-104.7,0.0,-5.0,32.8,-104.7,27.8,9.9,186.8,119.8,12.3,$98.0,6192,94,98,98,97,90,86,79,100,100,106,92,88,104,113,6192,4391,88.3,103.2,118.5,9.4,218,0.05,1382,0.315,0.255,0.251,0.384,0.389,0.304,0.309,0.301,0.643,0.478,0.635,0.862,0.7929999999999999,0.517,23.0,0.8,2.1291390728476824,-1.0673520485549217,0.562464447348465,1.4378115602789066,0.006984178365102463,-1.0685942567515236
287,2016,CHC,162,2332,5503,6335,1409,887,293,30,199,808,767,656,45,1339,96,37,42,108,66,34,0.256,6335,0.10400000000000001,0.21100000000000002,0.49,0.256,0.343,0.429,0.772,0.173,4.1,0.302,11.8,9.8,7.9,-4.3,822,75.6,0.333,106,0.302,1.17,0.213,0.425,0.363,0.1,0.132,132,0.075,27,0.307,0.428,0.35,0.222,0.195,0.49700000000000005,0.308,3.79,-107.84,111.63,90.85,9.28,0.99,1.23,234,7.46,-3.62,44.0,3.6,51.7,40.5,47.6,92.2,10.1,191.1,341.1,34.9,$279.1,6335,120,103,98,104,101,106,105,99,100,95,106,110,99,86,6335,4244,88.2,103.9,114.7,13.3,284,0.067,1392,0.32799999999999996,0.256,0.243,0.429,0.409,0.333,0.324,0.263,0.6409999999999999,0.45399999999999996,0.591,0.841,0.769,0.504,22.9,0.7889999999999999,2.4280303030303028,0.5575719656630191,0.01331276798457748,-0.8530869803779276,0.45068492155984796,1.2242456498101257
288,2016,CIN,162,2287,5487,6094,1403,929,277,33,164,716,678,452,37,1284,52,44,58,129,139,51,0.256,6094,0.07400000000000001,0.21100000000000002,0.35,0.256,0.316,0.408,0.724,0.152,5.2,0.303,-4.5,-3.6,-2.0,3.8,678,-40.1,0.311,89,0.303,1.33,0.223,0.444,0.33299999999999996,0.07400000000000001,0.11699999999999999,101,0.054000000000000006,23,0.204,0.386,0.358,0.256,0.179,0.527,0.295,-1.54,-104.63,103.09,-13.57,-1.76,0.96,1.08,228,-6.0,4.4,-85.5,1.7,-28.5,34.2,-83.8,5.7,9.7,183.9,115.5,11.8,$94.5,6094,86,103,98,96,96,89,92,100,105,99,98,99,102,99,6094,4306,86.8,102.0,114.9,11.6,199,0.046,1217,0.28300000000000003,0.256,0.246,0.408,0.382,0.311,0.301,0.285,0.6509999999999999,0.473,0.624,0.86,0.7909999999999999,0.514,23.2,0.7889999999999999,2.2762237762237763,-1.4496871107238494,0.01331276798457748,0.1941809239223401,0.2165095293181767,0.05971478510105484
289,2016,COL,162,2369,5614,6236,1544,975,318,47,204,845,805,494,35,1330,40,34,54,113,66,39,0.275,6236,0.079,0.213,0.37,0.275,0.336,0.457,0.794,0.182,4.7,0.326,5.3,1.9,5.4,-6.1,836,101.5,0.339,94,0.326,1.31,0.22,0.442,0.33799999999999997,0.087,0.141,121,0.064,28,0.259,0.37799999999999995,0.348,0.27399999999999997,0.18100000000000002,0.491,0.32799999999999996,0.79,-108.37,109.16,26.65,1.43,0.97,1.18,253,-2.76,3.57,-46.1,-0.7,22.1,35.3,-46.8,57.4,9.9,188.2,208.7,21.3,$170.8,6236,92,104,106,102,108,94,111,107,104,99,99,97,99,106,6236,4372,88.5,104.5,118.0,10.9,271,0.062,1561,0.35700000000000004,0.275,0.254,0.457,0.413,0.339,0.317,0.292,0.6509999999999999,0.47700000000000004,0.598,0.861,0.7829999999999999,0.516,24.0,0.787,2.2218430034129693,0.07965313795185969,-0.08653299189975916,0.06327243588480663,-0.07929096614498693,-0.35744836141916436
290,2016,MIA,161,2460,5547,6133,1460,1031,259,42,128,655,626,447,40,1213,54,38,46,140,71,28,0.263,6133,0.073,0.198,0.37,0.263,0.322,0.394,0.716,0.131,4.4,0.314,5.3,-2.3,3.2,-0.6,674,-48.1,0.309,95,0.314,1.64,0.21600000000000003,0.48700000000000004,0.297,0.085,0.1,157,0.075,16,0.17,0.355,0.369,0.275,0.205,0.496,0.299,-2.31,-109.06,106.76,-41.91,-4.4,1.01,1.25,277,-2.2,-0.07,-42.5,2.6,13.0,33.2,-39.9,46.2,9.8,185.0,201.1,20.6,$164.5,6133,84,96,101,98,93,95,79,103,102,109,87,91,105,107,6133,4419,88.4,104.4,120.1,8.3,211,0.048,1485,0.336,0.263,0.255,0.394,0.386,0.309,0.307,0.28800000000000003,0.615,0.45799999999999996,0.605,0.8759999999999999,0.794,0.518,23.1,0.802,2.128027681660899,-1.2585195796393855,0.6623102072328072,2.223262488504106,0.3274347151168631,-1.0771199069129576
291,2016,HOU,162,2334,5545,6204,1367,849,291,29,198,724,689,554,31,1452,47,31,27,134,102,44,0.247,6204,0.08900000000000001,0.23399999999999999,0.38,0.247,0.319,0.417,0.735,0.17,4.5,0.298,-0.3,-4.3,9.5,-0.8,724,-7.4,0.317,101,0.298,1.27,0.212,0.441,0.34700000000000003,0.08900000000000001,0.141,137,0.076,34,0.386,0.43799999999999994,0.341,0.221,0.175,0.495,0.33,-1.91,-109.36,107.46,14.84,1.35,0.99,1.28,118,2.56,-4.49,8.2,8.7,36.6,-17.5,16.9,19.1,23.0,187.2,246.2,25.2,$201.4,6204,111,113,96,99,98,101,102,100,104,100,97,107,100,88,6204,4151,88.7,104.9,118.2,11.5,296,0.071,1492,0.359,0.247,0.244,0.417,0.415,0.317,0.318,0.284,0.659,0.47,0.583,0.828,0.753,0.49700000000000005,23.6,0.766,2.312280701754386,0.9399070278319455,-1.134913470685352,-0.1985445401902603,1.0792609744190707,0.3363129232063157
292,2016,LAD,162,2491,5518,6164,1375,893,272,21,189,725,680,525,31,1321,58,32,30,120,45,26,0.249,6164,0.085,0.214,0.4,0.249,0.319,0.409,0.728,0.16,3.5,0.294,5.8,1.1,3.0,-4.9,704,-21.7,0.314,97,0.294,1.42,0.21,0.46399999999999997,0.326,0.084,0.139,101,0.052000000000000005,16,0.222,0.377,0.354,0.26899999999999996,0.16899999999999998,0.49700000000000005,0.33399999999999996,2.89,-104.57,107.45,28.17,3.44,0.97,1.14,324,2.89,0.08,-22.2,-1.9,17.5,33.2,-24.1,50.7,9.8,186.0,222.4,22.7,$181.9,6164,99,104,96,97,96,97,97,96,99,104,96,97,101,105,6164,4260,89.3,104.7,114.6,10.7,281,0.066,1582,0.371,0.249,0.25,0.409,0.415,0.314,0.32,0.26,0.649,0.45899999999999996,0.573,0.863,0.7829999999999999,0.513,23.2,0.786,2.4865900383141764,0.4619882001207873,-0.13645587184193025,0.7832691200912393,-0.22719121387656874,1.6734662505434252
293,2016,MIL,162,2342,5330,6061,1299,837,249,19,194,671,641,599,34,1543,37,39,53,132,181,56,0.244,6061,0.099,0.255,0.39,0.244,0.322,0.407,0.729,0.163,4.8,0.304,-3.0,-1.8,-2.1,10.0,695,-19.1,0.315,92,0.304,1.42,0.203,0.467,0.32899999999999996,0.081,0.156,106,0.06,25,0.255,0.36700000000000005,0.363,0.27,0.188,0.488,0.324,-10.37,-112.87,102.5,-63.01,-6.37,1.02,1.28,282,-3.66,-6.56,-60.4,7.9,-16.1,32.3,-52.5,16.2,9.7,182.9,156.2,16.0,$127.8,6061,114,124,94,98,96,92,99,100,96,105,96,94,103,105,6061,3882,88.6,104.7,115.6,10.1,249,0.064,1325,0.341,0.244,0.233,0.407,0.383,0.315,0.306,0.256,0.638,0.452,0.534,0.828,0.747,0.512,22.9,0.745,2.482490272373541,0.2708206690363235,-2.183293949470945,0.7832691200912393,0.9806608092646829,1.6420163249283184
294,2016,WSN,162,2302,5490,6201,1403,903,268,29,203,763,735,536,49,1252,64,63,48,102,121,39,0.256,6201,0.086,0.20199999999999999,0.43,0.256,0.326,0.426,0.751,0.17,4.9,0.293,5.8,5.2,0.3,5.0,744,13.7,0.322,96,0.293,1.2,0.19399999999999998,0.44,0.365,0.096,0.131,122,0.065,24,0.235,0.405,0.34600000000000003,0.249,0.182,0.49,0.32799999999999996,4.5,-105.7,110.2,41.67,4.15,0.99,1.29,219,4.77,-0.21,-32.4,5.2,3.7,38.8,-27.2,42.5,9.9,187.1,212.3,21.7,$173.7,6201,100,98,98,99,100,96,103,96,92,99,107,104,98,97,6201,4349,89.6,105.4,114.7,12.1,273,0.063,1576,0.36200000000000004,0.256,0.248,0.426,0.417,0.322,0.321,0.26899999999999996,0.613,0.445,0.624,0.865,0.794,0.512,24.3,0.798,2.2703703703703706,0.1752369034940916,0.4626186874641229,-0.6567242483216275,0.6478852518686238,0.014812422051493442
295,2016,NYM,162,2430,5459,6115,1342,865,240,19,218,671,649,517,43,1302,62,41,35,124,42,18,0.246,6115,0.085,0.213,0.4,0.246,0.316,0.417,0.733,0.171,3.4,0.282,-7.8,1.3,-13.0,-2.1,699,-21.1,0.315,99,0.282,1.02,0.22,0.395,0.385,0.096,0.136,75,0.046,11,0.157,0.40299999999999997,0.35100000000000003,0.24600000000000002,0.191,0.473,0.336,-4.41,-103.74,99.33,-15.29,-1.24,0.95,1.18,285,0.46,-5.08,-9.1,-15.2,-2.3,33.7,-24.3,31.4,9.7,184.5,201.4,20.6,$164.7,6115,98,104,94,96,98,99,104,93,104,88,113,103,100,96,6115,4234,88.2,103.2,115.0,14.7,260,0.061,1437,0.33899999999999997,0.246,0.244,0.417,0.406,0.315,0.313,0.282,0.637,0.457,0.607,0.8740000000000001,0.7909999999999999,0.493,23.1,0.787,2.250883392226149,-0.015930627590372205,-0.08653299189975916,-1.8349006406594273,-1.8664189595682672,-0.1346751394271983
296,2016,PHI,162,2348,5434,5992,1306,879,231,35,161,610,575,424,33,1376,58,30,46,111,96,45,0.24,5992,0.071,0.23,0.31,0.24,0.301,0.385,0.685,0.144,4.6,0.292,3.0,0.1,5.4,-2.2,594,-111.5,0.296,81,0.292,1.43,0.204,0.469,0.327,0.106,0.122,134,0.071,28,0.252,0.379,0.37,0.252,0.209,0.506,0.285,-8.49,-105.22,96.73,-108.96,-11.2,0.96,1.15,259,-10.51,1.68,-138.4,3.1,-16.1,32.8,-135.2,16.8,9.5,180.8,71.9,7.4,$58.8,5992,82,112,92,91,90,81,88,96,96,105,96,97,105,98,5992,4134,88.3,104.0,113.6,10.1,208,0.05,1404,0.34,0.24,0.234,0.385,0.369,0.296,0.291,0.312,0.662,0.48700000000000004,0.585,0.853,0.767,0.5,22.9,0.77,2.1150159744408947,-1.0673520485549217,-0.9352219509166677,0.848723364110006,0.3890598183383555,-1.1769346841758912
297,2016,PIT,162,2458,5542,6261,1426,964,277,32,153,729,696,561,39,1334,81,36,41,133,110,45,0.257,6261,0.09,0.213,0.42,0.257,0.332,0.402,0.734,0.144,4.6,0.311,-8.3,1.6,-4.0,0.0,735,-2.2,0.318,97,0.311,1.48,0.213,0.469,0.317,0.08800000000000001,0.115,140,0.071,16,0.205,0.397,0.348,0.255,0.198,0.491,0.311,0.48,-111.3,111.77,11.78,1.36,1.02,1.19,291,0.49,-0.02,-19.8,-4.0,6.9,33.5,-23.8,40.4,10.0,188.9,215.5,22.0,$176.3,6261,104,104,99,101,94,97,88,102,101,105,93,102,99,99,6261,4285,88.0,103.6,113.7,10.4,218,0.051,1432,0.33399999999999996,0.257,0.245,0.402,0.39,0.318,0.313,0.253,0.637,0.45299999999999996,0.581,0.856,0.7829999999999999,0.521,23.3,0.787,2.5078740157480315,-0.9717682830126905,-0.08653299189975916,1.1759945842038397,-0.4860166474068369,1.836738865805117
298,2016,STL,162,2400,5548,6223,1416,859,300,32,225,779,745,526,28,1318,70,41,37,117,35,26,0.255,6223,0.085,0.212,0.4,0.255,0.325,0.443,0.768,0.187,3.6,0.294,-11.6,1.4,-4.1,-6.9,786,52.8,0.329,105,0.294,1.15,0.19899999999999998,0.429,0.37200000000000005,0.076,0.14300000000000002,145,0.08,17,0.233,0.418,0.33,0.252,0.171,0.495,0.33399999999999996,7.07,-105.87,112.94,75.79,8.0,0.98,1.19,274,8.95,-1.73,36.0,-10.9,-7.5,34.1,25.1,26.6,9.9,187.8,249.3,25.5,$204.0,6223,98,103,98,99,104,105,114,97,94,96,109,107,94,98,6223,4309,88.8,104.4,115.5,13.0,319,0.07400000000000001,1554,0.361,0.255,0.249,0.443,0.433,0.329,0.326,0.293,0.67,0.48200000000000004,0.591,0.861,0.779,0.502,23.2,0.788,2.2789115646258504,1.2266583244586424,-0.03661011195758807,-0.9839954684154611,-1.3364430718634326,0.08033321711360969
299,2016,SDP,162,2355,5419,6000,1275,815,257,26,177,686,654,449,30,1500,58,36,36,93,125,45,0.235,6000,0.075,0.25,0.3,0.235,0.299,0.39,0.689,0.155,5.0,0.291,16.6,4.5,5.4,3.7,600,-106.8,0.297,84,0.291,1.32,0.205,0.452,0.34299999999999997,0.099,0.132,97,0.055,18,0.22,0.396,0.348,0.256,0.18899999999999997,0.506,0.305,-7.58,-108.75,101.17,-10.8,-1.15,1.0,1.2,243,-5.43,-2.14,-117.1,9.0,-35.2,32.3,-108.0,-2.9,9.6,181.0,79.6,8.1,$65.2,6000,87,122,90,91,92,84,94,95,97,101,101,102,99,99,6000,3993,87.4,103.7,113.2,11.7,218,0.055,1288,0.32299999999999995,0.235,0.232,0.39,0.375,0.297,0.293,0.284,0.635,0.467,0.573,0.8370000000000001,0.76,0.521,23.0,0.75,2.2280701754385968,-0.5894332208437629,-1.9336795497600896,0.12872667990357337,1.116236036351966,-0.3096787814396535
300,2016,SFG,162,2404,5565,6271,1437,973,280,54,130,715,675,572,43,1107,42,46,42,120,79,36,0.258,6271,0.091,0.177,0.52,0.258,0.329,0.398,0.728,0.14,4.7,0.299,-4.3,3.9,2.0,-2.4,717,-22.1,0.315,96,0.299,1.38,0.21600000000000003,0.455,0.33,0.09699999999999999,0.08800000000000001,120,0.059000000000000004,20,0.23,0.366,0.35600000000000004,0.278,0.20199999999999999,0.507,0.29,-2.51,-115.47,112.96,10.8,1.47,1.05,1.27,260,-0.65,-1.75,-32.0,-0.4,24.6,38.9,-32.4,63.4,10.0,189.2,230.2,23.5,$188.4,6271,106,86,99,100,94,96,85,98,102,102,97,94,101,108,6271,4550,87.5,102.9,116.8,11.3,219,0.048,1418,0.312,0.258,0.254,0.398,0.394,0.315,0.317,0.26899999999999996,0.659,0.467,0.623,0.877,0.805,0.508,24.3,0.823,2.440740740740741,-1.2585195796393855,1.7106906860183946,0.5214521440161723,-0.04231590421209148,1.3217493430250553
301,2015,LAA,162,2459,5417,5990,1331,891,243,21,176,661,621,435,34,1150,58,40,37,116,52,34,0.246,5990,0.073,0.192,0.38,0.246,0.307,0.396,0.702,0.15,3.6,0.28,4.7,1.4,,-5.6,633,-40.1,0.305,95,0.28,1.28,0.195,0.452,0.353,0.092,0.11699999999999999,118,0.061,18,0.23399999999999999,0.397,0.361,0.242,0.191,0.537,0.272,0.38,-100.5,100.88,-3.99,-0.63,0.97,1.45,112,-1.1,1.49,-37.5,0.5,17.8,-15.4,-37.0,2.3,20.6,175.1,161.0,17.1,$136.8,5990,94,97,96,96,96,95,95,94,95,102,101,98,104,98,5990,4347,87.8,103.9,117.7,11.2,236,0.054000000000000006,1341,0.308,0.246,0.248,0.396,0.396,0.305,0.311,0.282,0.628,0.45899999999999996,0.623,0.879,0.802,0.511,23.7,0.808,2.219081272084806,0.16794045622728554,0.6962016459736678,-0.3962946375492596,0.049023224247562794,-0.23876915299447574
302,2015,BAL,162,2249,5485,6007,1370,887,246,20,217,713,686,418,23,1331,51,32,20,127,44,25,0.25,6007,0.07,0.222,0.31,0.25,0.307,0.421,0.728,0.171,3.6,0.291,-2.2,0.9,,-3.6,684,8.3,0.315,97,0.291,1.18,0.203,0.431,0.366,0.1,0.14300000000000002,130,0.073,18,0.316,0.418,0.33799999999999997,0.244,0.185,0.514,0.301,-2.93,-102.67,99.74,17.35,1.76,0.95,1.34,88,-0.94,-2.14,-19.0,-4.9,8.9,-14.8,-23.9,-5.9,20.7,175.6,166.5,17.7,$141.4,6007,90,112,98,96,102,97,109,98,99,97,104,103,98,98,6007,4207,88.8,104.5,114.9,12.3,267,0.063,1476,0.35100000000000003,0.25,0.241,0.421,0.408,0.315,0.311,0.317,0.6629999999999999,0.49200000000000005,0.589,0.851,0.768,0.504,22.6,0.778,2.084905660377358,1.1536779166917797,-1.0589285539599305,-0.9441674083546896,-0.4536199610755494,-1.419082500658059
303,2015,BOS,162,2268,5640,6237,1495,1007,294,33,161,748,706,478,28,1148,46,42,30,127,71,27,0.265,6237,0.077,0.184,0.42,0.265,0.325,0.415,0.74,0.149,4.3,0.305,0.7,0.0,,0.7,740,38.7,0.321,99,0.305,1.43,0.20199999999999999,0.47,0.32799999999999996,0.1,0.109,174,0.08199999999999999,8,0.16699999999999998,0.381,0.363,0.256,0.19399999999999998,0.522,0.285,-2.64,-105.16,102.52,30.77,2.79,0.96,1.31,72,2.9,-5.64,-7.3,1.4,-13.0,-16.0,-5.9,-28.9,21.5,182.3,169.0,17.9,$143.5,6237,100,93,104,102,100,99,95,103,98,106,94,94,105,103,6237,4565,88.5,104.0,116.6,10.5,220,0.048,1529,0.335,0.265,0.246,0.415,0.384,0.321,0.308,0.28800000000000003,0.615,0.45799999999999996,0.66,0.877,0.812,0.521,23.4,0.8160000000000001,2.128027681660899,-0.48921785074904484,1.1642363659559607,0.4255145186588841,0.13279708846808147,-1.0397475630229551
304,2015,CHW,162,2265,5533,6070,1381,958,260,27,136,622,595,404,22,1231,65,37,30,125,68,42,0.25,6070,0.067,0.203,0.33,0.25,0.306,0.38,0.686,0.13,4.0,0.296,-9.8,0.2,,-5.6,617,-65.9,0.3,89,0.296,1.61,0.215,0.485,0.3,0.102,0.105,121,0.057999999999999996,17,0.25,0.374,0.363,0.263,0.201,0.536,0.263,-8.59,-113.74,105.15,-71.53,-7.56,1.06,1.9,116,-7.95,-0.16,-79.0,-15.2,-6.0,-15.5,-94.3,-21.6,20.9,177.4,82.5,8.8,$70.1,6070,87,102,98,96,92,89,83,100,104,109,86,92,105,106,6070,4370,87.8,104.2,116.1,8.8,166,0.038,1381,0.316,0.25,0.243,0.38,0.358,0.3,0.295,0.301,0.64,0.475,0.615,0.872,0.7929999999999999,0.512,23.2,0.7969999999999999,2.119205298013245,-1.5844816957095946,0.0526539059980086,1.4116855061086582,-1.4123652960437076,-1.1173561317115739
305,2015,CLE,161,2285,5439,6109,1395,922,303,29,141,669,640,533,34,1157,39,50,47,134,86,28,0.256,6109,0.087,0.18899999999999997,0.46,0.256,0.325,0.401,0.725,0.144,4.4,0.299,3.6,1.1,,3.4,699,12.3,0.315,97,0.299,1.33,0.215,0.44799999999999995,0.337,0.111,0.098,119,0.062,24,0.258,0.40700000000000003,0.344,0.249,0.19,0.527,0.282,-5.49,-103.24,97.75,-33.48,-3.62,0.95,1.21,137,-3.61,-2.14,-23.7,8.1,13.0,-17.5,-15.6,-4.5,21.0,178.6,179.5,19.1,$152.4,6109,113,96,100,102,97,97,92,101,104,101,96,100,99,101,6109,4380,88.3,103.5,112.1,11.2,200,0.046,1519,0.34700000000000003,0.256,0.253,0.401,0.393,0.315,0.317,0.261,0.629,0.452,0.643,0.882,0.816,0.519,23.0,0.811,2.400763358778626,-0.7082706197411549,0.8717146659670276,-0.12235825214654461,0.7564469665541651,1.3594482072784937
306,2015,DET,161,2340,5605,6159,1515,1026,289,49,151,689,660,455,36,1259,41,35,23,152,83,51,0.27,6159,0.07400000000000001,0.204,0.36,0.27,0.328,0.42,0.748,0.15,4.6,0.322,-13.9,-7.4,,-6.3,744,51.8,0.324,103,0.322,1.24,0.226,0.428,0.345,0.087,0.10099999999999999,112,0.06,22,0.297,0.386,0.34600000000000003,0.268,0.17300000000000001,0.532,0.295,-2.01,-107.77,105.76,-21.8,-2.28,0.98,1.28,83,-0.12,-1.93,19.0,-27.6,-16.6,-15.0,-8.6,-31.6,21.2,180.0,161.1,17.1,$136.8,6159,96,103,106,103,102,103,95,109,110,96,99,95,100,108,6159,4404,88.4,104.1,115.6,12.4,265,0.06,1531,0.348,0.27,0.259,0.42,0.419,0.324,0.323,0.303,0.662,0.488,0.611,0.862,0.7859999999999999,0.515,23.8,0.796,2.1776315789473686,0.8250987632036144,-0.005850433999771516,-0.6154437458714316,-2.566582980859743,-0.603392987714517
307,2015,KCR,162,2263,5575,6116,1497,1016,300,42,139,724,689,383,28,973,77,47,34,133,104,34,0.269,6116,0.063,0.159,0.39,0.269,0.322,0.412,0.734,0.144,5.1,0.301,-3.3,-1.6,,4.6,710,22.7,0.318,99,0.301,1.31,0.217,0.444,0.33899999999999997,0.096,0.08900000000000001,129,0.063,21,0.292,0.39,0.358,0.252,0.18600000000000003,0.534,0.28,5.14,-100.74,105.88,21.04,2.06,0.96,1.26,40,0.57,4.8,-8.0,-0.3,29.0,-15.2,-8.3,13.8,21.1,178.8,205.4,21.8,$174.4,6116,81,80,105,101,100,99,91,102,105,100,97,96,104,102,6116,4683,88.0,104.4,113.9,11.3,209,0.045,1523,0.325,0.269,0.264,0.412,0.4,0.318,0.317,0.303,0.647,0.47700000000000004,0.639,0.9,0.818,0.505,23.3,0.841,2.1282894736842106,-0.81779700423721,2.6268448659006194,-0.2319328063076306,-0.025442432837342713,-1.037444636168408
308,2015,MIN,162,2311,5467,6017,1349,872,277,44,156,696,661,439,31,1264,40,41,30,133,70,38,0.247,6017,0.073,0.21,0.35,0.247,0.305,0.399,0.704,0.152,4.8,0.292,-0.3,-1.7,,-3.5,637,-39.7,0.305,89,0.292,1.27,0.204,0.446,0.35,0.114,0.106,144,0.077,32,0.37200000000000005,0.414,0.33799999999999997,0.248,0.185,0.53,0.285,-2.29,-103.7,101.42,-14.69,-1.58,0.96,1.13,75,-5.93,3.54,-74.9,-5.5,13.3,-15.4,-80.4,-2.1,20.7,175.9,114.1,12.1,$96.9,6017,95,106,96,96,97,89,97,99,99,100,100,102,98,100,6017,4274,88.1,102.9,113.9,11.7,210,0.049,1402,0.32799999999999996,0.247,0.236,0.399,0.379,0.305,0.298,0.29,0.64,0.47200000000000003,0.602,0.863,0.7859999999999999,0.521,23.4,0.79,2.1993127147766325,-0.3796914662529898,-0.3568764739864912,-0.45108191462980257,-0.5094692038892285,-0.41266880404107775
309,2015,NYY,162,2401,5567,6268,1397,894,272,19,212,764,737,554,23,1227,63,54,24,105,63,25,0.251,6268,0.08800000000000001,0.196,0.45,0.251,0.323,0.421,0.744,0.17,3.9,0.283,-5.4,8.5,,-0.1,754,49.0,0.323,103,0.283,1.1,0.204,0.41700000000000004,0.379,0.10099999999999999,0.128,121,0.066,15,0.3,0.444,0.33299999999999996,0.223,0.17800000000000002,0.5379999999999999,0.285,-1.08,-106.45,105.36,63.29,6.59,0.97,1.36,117,3.61,-4.73,22.3,3.0,-20.1,-15.2,25.3,-35.3,21.6,183.2,194.8,20.7,$165.4,6268,115,99,98,101,102,103,108,96,99,94,108,109,96,90,6268,4424,88.2,103.0,116.5,13.4,235,0.053,1514,0.342,0.251,0.245,0.421,0.396,0.323,0.318,0.259,0.628,0.44299999999999995,0.616,0.88,0.8029999999999999,0.499,22.9,0.804,2.4153846153846152,0.05841407173122972,0.46218428598252137,-1.3824656249990324,0.2817284026378925,1.4880681860663796
310,2015,OAK,162,2349,5600,6171,1405,936,277,46,146,694,661,475,21,1119,40,38,14,124,78,29,0.251,6171,0.077,0.18100000000000002,0.42,0.251,0.312,0.395,0.707,0.144,4.9,0.288,-4.3,1.9,,1.4,668,-26.1,0.308,95,0.288,1.3,0.198,0.45299999999999996,0.349,0.1,0.09300000000000001,162,0.08,11,0.297,0.39299999999999996,0.35200000000000004,0.255,0.193,0.5489999999999999,0.259,-4.07,-113.66,109.59,13.08,1.5,1.05,1.65,159,-3.26,-0.61,-33.2,-1.0,-45.3,-15.4,-34.1,-60.7,21.3,180.4,106.8,11.3,$90.7,6171,100,92,98,98,96,95,92,97,96,102,100,97,102,103,6171,4537,87.3,102.5,114.2,10.8,197,0.043,1360,0.3,0.251,0.242,0.395,0.373,0.308,0.301,0.27399999999999997,0.614,0.449,0.654,0.888,0.818,0.514,22.8,0.819,2.232727272727273,-1.03684977322932,1.3397493859493141,-0.2867200833881736,-0.09059988278663503,-0.1187282864348518
311,2015,SEA,162,2407,5544,6131,1379,897,262,22,198,656,624,478,31,1336,36,35,38,123,69,45,0.249,6131,0.078,0.218,0.36,0.249,0.311,0.411,0.722,0.162,3.6,0.292,-18.6,2.1,,-6.6,686,-3.3,0.313,100,0.292,1.27,0.20600000000000002,0.444,0.35100000000000003,0.085,0.134,103,0.055,17,0.233,0.389,0.35200000000000004,0.26,0.16899999999999998,0.52,0.311,-2.88,-111.66,108.78,-19.14,-2.09,1.03,1.46,131,0.99,-3.8,2.3,-23.1,0.3,-16.1,-20.7,-15.8,21.1,179.2,163.8,17.4,$139.1,6131,101,110,97,98,99,100,103,99,100,100,100,96,102,105,6131,4281,89.9,105.9,119.0,11.0,300,0.07,1663,0.38799999999999996,0.249,0.252,0.411,0.42,0.313,0.323,0.281,0.645,0.466,0.583,0.848,0.769,0.509,23.6,0.782,2.2872340425531914,1.920362608164165,-0.8249111939687841,-0.45108191462980257,-2.14771365975715,0.3607557803405053
312,2015,TBR,162,2479,5485,6071,1383,906,278,32,167,644,612,436,22,1310,84,47,19,121,87,45,0.252,6071,0.07200000000000001,0.21600000000000003,0.33,0.252,0.314,0.406,0.72,0.154,4.2,0.3,-9.8,-0.6,,-3.0,682,-1.0,0.313,100,0.3,1.19,0.21100000000000002,0.429,0.36,0.1,0.111,106,0.059000000000000004,14,0.292,0.419,0.34,0.24100000000000002,0.185,0.535,0.28,-5.19,-115.84,110.65,-36.37,-3.84,1.07,1.46,217,-0.84,-4.0,-2.8,-13.4,20.5,-18.0,-16.2,2.5,20.9,177.5,184.6,19.6,$156.8,6071,93,109,99,99,98,100,98,101,103,97,103,103,98,97,6071,4241,87.9,103.3,113.2,12.9,222,0.052000000000000005,1367,0.322,0.252,0.24,0.406,0.386,0.313,0.306,0.284,0.662,0.48,0.6,0.8440000000000001,0.775,0.518,23.0,0.784,2.3228070175438598,-0.05111231276482458,-0.7079025139732108,-0.8893801312741465,-1.2448175676026703,0.6736834179587066
313,2015,TEX,162,2358,5511,6187,1419,936,279,32,172,751,707,503,32,1233,76,54,43,99,101,39,0.257,6187,0.081,0.19899999999999998,0.41,0.257,0.325,0.413,0.739,0.156,4.7,0.3,10.9,8.7,,2.0,731,35.7,0.321,98,0.3,1.31,0.19,0.45899999999999996,0.35100000000000003,0.09300000000000001,0.115,128,0.065,43,0.384,0.41700000000000004,0.349,0.23399999999999999,0.184,0.522,0.294,3.12,-99.6,102.73,40.61,3.85,0.94,1.49,93,3.32,0.01,-16.8,21.6,13.4,-16.4,4.8,-3.0,21.3,180.9,203.9,21.6,$173.2,6187,106,101,101,102,100,98,99,101,93,103,100,103,101,94,6187,4375,88.6,104.2,116.0,11.0,243,0.055999999999999994,1559,0.35600000000000004,0.257,0.245,0.413,0.397,0.321,0.316,0.27899999999999997,0.618,0.451,0.608,0.8590000000000001,0.782,0.506,23.2,0.801,2.2071428571428573,0.38699322521939417,0.28667126598916154,-0.2319328063076306,2.0130549298619456,-0.343788763686857
314,2015,TOR,162,2337,5509,6231,1480,923,308,17,232,891,852,570,12,1151,54,62,36,140,88,23,0.269,6231,0.091,0.185,0.5,0.269,0.34,0.457,0.797,0.188,4.6,0.298,5.1,0.3,,5.6,854,153.1,0.344,117,0.298,1.26,0.19699999999999998,0.44799999999999995,0.354,0.141,0.15,117,0.06,22,0.259,0.433,0.32299999999999995,0.244,0.187,0.516,0.29600000000000004,13.05,-96.44,109.49,197.6,20.53,0.91,1.61,96,15.83,-1.51,124.9,11.0,21.7,-15.1,135.9,6.6,21.5,182.1,346.0,36.7,$293.8,6231,119,93,105,107,111,117,120,101,96,101,101,107,93,99,6231,4456,88.8,105.1,116.3,11.4,304,0.068,1633,0.366,0.269,0.256,0.457,0.428,0.344,0.334,0.262,0.619,0.445,0.628,0.861,0.794,0.511,23.4,0.815,2.3536121673003803,1.701309839172055,1.1057320259581676,-0.5058691917103456,1.0263849734869475,0.9446695455544899
315,2015,ARI,162,2393,5649,6276,1494,1003,289,48,154,720,680,490,40,1312,33,57,46,134,132,44,0.264,6276,0.078,0.209,0.37,0.264,0.324,0.414,0.738,0.15,5.3,0.316,11.2,-4.9,,6.2,732,26.0,0.319,95,0.316,1.53,0.214,0.475,0.311,0.08199999999999999,0.114,122,0.059000000000000004,36,0.324,0.373,0.36,0.267,0.16699999999999998,0.523,0.31,-4.26,-113.48,109.21,1.08,-0.1,1.01,1.19,269,0.73,-4.95,-35.8,12.5,-0.4,33.1,-23.3,32.6,10.4,183.5,203.2,21.6,$172.5,6276,98,105,102,100,101,95,100,103,100,104,94,98,101,102,6276,4441,88.5,104.1,116.5,9.9,238,0.054000000000000006,1450,0.327,0.264,0.248,0.414,0.391,0.319,0.31,0.29,0.623,0.462,0.594,0.8690000000000001,0.7859999999999999,0.517,23.7,0.791,2.140893470790378,0.16794045622728554,-0.29837213398870455,0.9733872894643141,1.1660080805211455,-0.9265700455553307
316,2015,ATL,162,2340,5420,6034,1361,992,251,18,100,573,548,471,39,1107,44,31,67,148,69,33,0.251,6034,0.078,0.183,0.43,0.251,0.314,0.359,0.674,0.108,3.7,0.297,7.1,-7.8,,-2.0,587,-91.8,0.296,84,0.297,1.7,0.21600000000000003,0.494,0.29,0.094,0.08,145,0.068,15,0.127,0.366,0.36,0.27399999999999997,0.19699999999999998,0.5539999999999999,0.249,-7.98,-106.66,98.69,-97.55,-10.32,1.01,1.2,252,-9.41,1.51,-112.8,-2.7,-10.7,33.1,-115.5,22.4,10.0,176.4,93.3,9.9,$79.2,6034,98,92,96,97,88,84,72,97,101,108,88,96,101,105,6034,4412,87.0,102.7,112.9,8.4,152,0.034,1298,0.294,0.251,0.246,0.359,0.362,0.296,0.299,0.281,0.635,0.462,0.647,0.877,0.809,0.511,22.0,0.817,2.25177304964539,-2.022587233693814,1.2227407059537407,1.9047709998335438,-0.2488394040920592,0.048813224477662655
317,2015,CHC,162,2406,5491,6200,1341,868,272,30,171,689,657,567,47,1518,74,35,32,102,95,37,0.244,6200,0.091,0.245,0.37,0.244,0.321,0.398,0.719,0.154,4.4,0.305,6.0,7.5,,1.6,694,-2.6,0.313,96,0.305,1.19,0.209,0.43,0.36200000000000004,0.09,0.11900000000000001,115,0.068,17,0.22399999999999998,0.405,0.349,0.245,0.18100000000000002,0.517,0.302,3.33,-109.28,112.61,11.84,1.15,1.01,1.22,287,2.46,0.84,-30.9,15.1,25.6,38.0,-15.8,63.6,10.3,181.2,239.4,25.4,$203.3,6200,115,123,94,99,97,96,103,100,98,94,109,106,98,94,6200,4041,88.1,103.6,116.2,12.7,255,0.063,1354,0.335,0.244,0.231,0.398,0.385,0.313,0.307,0.272,0.662,0.469,0.524,0.836,0.747,0.506,22.8,0.755,2.4249084249084247,1.1536779166917797,-2.4045283739090224,-0.8893801312741465,1.4080214660470882,1.5718470439266858
318,2015,CIN,162,2337,5571,6196,1382,931,257,27,167,640,613,496,38,1255,42,40,47,112,134,38,0.248,6196,0.08,0.203,0.4,0.248,0.312,0.394,0.706,0.146,4.7,0.29,0.2,1.6,,9.1,663,-33.2,0.307,91,0.29,1.24,0.215,0.435,0.35,0.08800000000000001,0.111,116,0.062,25,0.22699999999999998,0.377,0.34700000000000003,0.276,0.18600000000000003,0.544,0.27,-12.36,-114.31,101.95,-54.11,-5.86,1.04,1.3,262,-4.54,-7.39,-63.0,10.9,-17.7,33.8,-52.1,16.1,10.3,181.1,155.4,16.5,$131.9,6196,101,102,95,96,96,91,97,95,100,96,106,99,97,105,6196,4403,86.9,102.0,111.7,11.7,202,0.046,1221,0.27699999999999997,0.248,0.239,0.394,0.373,0.307,0.3,0.287,0.659,0.478,0.603,0.866,0.789,0.513,23.0,0.7969999999999999,2.2881944444444446,-0.7082706197411549,0.0526539059980086,-0.6154437458714316,1.0170767663513345,0.36920422456179314
319,2015,COL,162,2436,5572,6071,1479,970,274,49,186,737,702,388,47,1283,33,34,44,114,97,43,0.265,6071,0.064,0.21100000000000002,0.3,0.265,0.315,0.432,0.748,0.167,5.1,0.313,5.8,-1.0,,-0.1,717,34.6,0.321,87,0.313,1.31,0.214,0.446,0.34,0.099,0.128,121,0.063,24,0.264,0.37200000000000005,0.363,0.265,0.18100000000000002,0.518,0.302,-1.84,-106.2,104.36,-28.46,-3.58,0.95,1.07,262,-3.14,1.21,-96.6,4.7,-36.4,32.2,-91.9,-4.2,10.1,177.5,91.5,9.7,$77.7,6071,80,106,102,97,105,87,112,102,100,98,103,98,102,101,6071,4367,88.4,104.1,117.1,10.8,225,0.052000000000000005,1449,0.332,0.265,0.24,0.432,0.38,0.321,0.296,0.314,0.6629999999999999,0.496,0.602,0.857,0.78,0.521,23.8,0.7889999999999999,2.1047619047619044,-0.05111231276482458,-0.4153808139842843,-0.2319328063076306,0.4399679239433167,-1.244411485685156
320,2015,MIA,162,2297,5463,5988,1420,1024,236,40,120,613,575,375,30,1150,39,40,71,133,112,45,0.26,5988,0.063,0.192,0.33,0.26,0.31,0.384,0.694,0.124,4.8,0.307,1.2,-4.4,,2.0,612,-61.7,0.302,91,0.307,1.88,0.205,0.519,0.276,0.084,0.10099999999999999,153,0.069,37,0.27399999999999997,0.331,0.38,0.289,0.204,0.525,0.271,-3.63,-102.9,99.27,-39.64,-4.14,0.99,1.07,250,-3.74,0.07,-66.0,-1.2,-5.0,31.8,-67.3,26.9,9.9,175.0,144.6,15.3,$122.8,5988,79,96,100,96,94,91,83,100,96,114,84,87,107,110,5988,4424,88.3,104.3,120.3,6.2,190,0.043,1431,0.32299999999999995,0.26,0.251,0.384,0.376,0.302,0.301,0.29100000000000004,0.624,0.465,0.638,0.8759999999999999,0.805,0.523,22.3,0.808,2.1369863013698627,-1.03684977322932,0.6962016459736678,2.8909419872833166,-0.1092162970578614,-0.9609405556646667
321,2015,HOU,162,2333,5459,6073,1363,829,278,26,230,729,691,486,22,1392,56,43,28,102,121,48,0.25,6073,0.08,0.22899999999999998,0.35,0.25,0.315,0.437,0.752,0.187,4.7,0.292,1.1,4.3,,2.7,739,55.8,0.325,108,0.292,1.08,0.201,0.415,0.384,0.1,0.147,137,0.081,20,0.32799999999999996,0.429,0.332,0.239,0.185,0.51,0.305,3.09,-108.65,111.74,60.89,6.72,1.01,1.39,119,10.6,-7.54,58.6,8.1,-4.3,-15.3,66.7,-19.6,20.9,177.5,245.6,26.1,$208.5,6073,104,116,98,99,106,108,119,99,98,93,110,106,96,97,6073,4139,88.7,104.6,115.1,13.3,279,0.067,1482,0.358,0.25,0.237,0.437,0.401,0.325,0.311,0.285,0.67,0.478,0.594,0.828,0.758,0.5,23.7,0.771,2.342657342657343,1.591783454676,-1.4684589339444367,-1.4920401791601183,0.7564469665541651,0.8483023624058613
322,2015,LAD,162,2379,5385,6090,1346,870,263,26,187,667,638,563,31,1258,60,30,49,135,59,34,0.25,6090,0.092,0.207,0.45,0.25,0.326,0.413,0.739,0.163,3.8,0.292,-10.2,-0.7,,-4.4,722,37.5,0.322,106,0.292,1.22,0.215,0.431,0.354,0.099,0.128,101,0.057,5,0.057,0.391,0.363,0.24600000000000002,0.182,0.509,0.31,3.76,-103.71,107.47,21.15,2.28,0.98,1.19,273,5.95,-2.13,43.5,-15.3,22.8,34.5,28.2,57.3,10.1,178.0,273.6,29.0,$232.3,6090,116,104,96,101,101,106,109,96,101,95,107,102,102,94,6090,4209,88.6,104.1,115.1,11.7,263,0.062,1487,0.353,0.25,0.247,0.413,0.41,0.322,0.325,0.276,0.65,0.466,0.589,0.857,0.779,0.508,23.2,0.793,2.3465703971119134,1.0441515321957244,-0.18136345399313136,-0.7250183000325175,-1.4216735031793208,0.8827246418655166
323,2015,MIL,162,2377,5480,6024,1378,925,274,34,145,655,624,412,35,1299,41,34,55,130,84,29,0.251,6024,0.068,0.21600000000000003,0.32,0.251,0.307,0.393,0.7,0.142,4.7,0.303,2.3,-3.6,,2.8,626,-51.0,0.304,87,0.303,1.51,0.205,0.478,0.317,0.08199999999999999,0.11,113,0.057,22,0.22399999999999998,0.35,0.35700000000000004,0.293,0.195,0.505,0.3,-8.73,-103.0,94.26,-39.18,-4.15,0.94,1.12,292,-6.43,-2.9,-89.4,1.5,-10.6,31.3,-87.9,20.7,10.0,176.1,118.9,12.6,$101.0,6024,86,108,97,95,96,87,95,99,96,105,96,92,100,112,6024,4272,88.0,103.6,114.9,9.8,202,0.047,1379,0.32299999999999995,0.251,0.235,0.393,0.372,0.304,0.294,0.322,0.6579999999999999,0.495,0.608,0.865,0.784,0.514,23.4,0.784,2.0371517027863772,-0.5987442352450999,-0.7079025139732108,0.8638127353032281,0.14210529560369467,-1.8391635633126573
324,2015,WSN,162,2245,5428,6117,1363,908,265,13,177,703,665,539,38,1344,44,51,55,129,57,23,0.251,6117,0.08800000000000001,0.22,0.4,0.251,0.321,0.403,0.724,0.151,3.5,0.3,-0.8,-1.0,,-0.5,690,2.7,0.315,96,0.3,1.47,0.204,0.473,0.32299999999999995,0.087,0.134,127,0.066,28,0.267,0.38799999999999996,0.344,0.268,0.183,0.524,0.294,0.01,-104.97,104.98,28.67,2.69,1.0,1.11,221,3.34,-3.34,-27.4,-2.3,-23.6,33.0,-29.7,9.4,10.1,178.8,168.7,17.9,$143.2,6117,111,110,96,99,98,96,101,98,95,104,98,102,97,102,6117,4190,89.4,105.6,116.0,9.4,261,0.062,1570,0.375,0.251,0.247,0.403,0.401,0.315,0.318,0.276,0.6409999999999999,0.46399999999999997,0.5710000000000001,0.856,0.773,0.514,23.6,0.78,2.314079422382671,1.0441515321957244,-0.9419198739643573,0.6446636269810562,-0.21160657554960643,0.5969086827391963
325,2015,NYM,162,2325,5527,6145,1351,862,295,17,177,683,654,488,42,1290,68,32,29,130,51,25,0.244,6145,0.079,0.21,0.38,0.244,0.312,0.4,0.712,0.156,3.6,0.287,8.9,-0.4,,-2.3,669,-22.0,0.309,98,0.287,1.16,0.22,0.419,0.361,0.11,0.115,127,0.071,5,0.096,0.395,0.33799999999999997,0.267,0.18,0.505,0.316,1.64,-105.77,107.41,35.29,3.63,1.0,1.16,249,2.71,-1.06,-13.1,6.2,13.3,35.4,-6.9,48.7,10.2,179.6,231.7,24.6,$196.7,6145,100,105,94,96,98,98,104,94,103,92,109,103,95,102,6145,4299,88.7,103.9,115.0,12.6,240,0.055999999999999994,1490,0.34700000000000003,0.244,0.246,0.4,0.4,0.309,0.314,0.272,0.637,0.46,0.605,0.8740000000000001,0.7959999999999999,0.513,22.4,0.79,2.333333333333333,0.38699322521939417,-0.3568764739864912,-1.0537419625157756,0.5795910309775145,0.7662811029621995
326,2015,PHI,162,2321,5529,6053,1374,935,272,37,130,626,586,387,20,1274,54,29,53,119,88,32,0.249,6053,0.064,0.21,0.3,0.249,0.303,0.382,0.684,0.133,4.7,0.299,-3.3,-1.0,,2.4,605,-75.5,0.298,86,0.299,1.39,0.222,0.45299999999999996,0.325,0.08800000000000001,0.095,130,0.068,31,0.25,0.38,0.369,0.251,0.198,0.545,0.257,-7.86,-110.0,102.14,-54.54,-5.74,1.02,1.32,255,-5.72,-1.97,-98.4,-1.9,-34.4,30.5,-100.3,-3.9,10.0,176.9,82.8,8.8,$70.3,6053,80,106,95,93,93,86,89,98,104,99,98,100,104,96,6053,4338,87.4,102.8,113.3,10.6,177,0.040999999999999995,1291,0.298,0.249,0.242,0.382,0.367,0.298,0.295,0.312,0.647,0.48100000000000004,0.596,0.872,0.7829999999999999,0.504,22.4,0.79,2.0670926517571884,-1.2559025422214303,-0.3568764739864912,0.20636541033671216,-0.17437374700715372,-1.5757796199696887
327,2015,PIT,162,2431,5631,6285,1462,1003,292,27,140,697,661,461,46,1322,89,41,63,115,98,45,0.26,6285,0.073,0.21,0.35,0.26,0.323,0.396,0.719,0.136,4.4,0.314,3.2,1.3,,-1.0,698,-8.4,0.313,97,0.314,1.54,0.21600000000000003,0.47600000000000003,0.309,0.07200000000000001,0.105,140,0.068,18,0.165,0.395,0.35700000000000004,0.247,0.18600000000000003,0.512,0.301,1.84,-109.82,111.66,17.86,1.79,1.03,1.37,267,1.39,0.39,-21.0,3.5,15.5,34.1,-17.5,49.6,10.4,183.7,226.3,24.0,$192.1,6285,92,106,100,100,97,97,91,103,101,104,93,104,100,94,6285,4413,88.5,104.2,115.6,9.3,251,0.057,1576,0.35700000000000004,0.26,0.251,0.396,0.402,0.313,0.316,0.284,0.647,0.47200000000000003,0.59,0.856,0.779,0.519,23.7,0.79,2.2701754385964916,0.49651960971544995,-0.3568764739864912,1.0281745665448572,0.32826943831595845,0.21069499294122604
328,2015,STL,162,2406,5484,6139,1386,922,288,39,137,647,619,506,47,1267,66,42,39,128,69,38,0.253,6139,0.08199999999999999,0.20600000000000002,0.4,0.253,0.321,0.394,0.716,0.142,4.2,0.303,4.2,0.6,,-3.9,676,-14.7,0.311,97,0.303,1.42,0.215,0.46,0.325,0.09300000000000001,0.1,125,0.064,13,0.18100000000000002,0.37799999999999995,0.35700000000000004,0.265,0.18899999999999997,0.51,0.301,-0.45,-112.19,111.74,-15.04,-1.33,1.05,1.2,270,-0.41,-0.02,-22.1,0.9,18.4,35.4,-21.2,53.8,10.2,179.5,222.2,23.6,$188.7,6139,104,104,97,99,96,97,95,99,100,101,98,99,100,101,6139,4300,88.1,104.1,114.1,10.7,228,0.053,1417,0.33,0.253,0.245,0.394,0.387,0.311,0.31,0.28,0.662,0.47200000000000003,0.597,0.862,0.784,0.503,22.8,0.794,2.355871886120996,0.05841407173122972,-0.12285911399534474,0.37072724157834114,0.08625605279001555,0.9645477950515373
329,2015,SDP,162,2396,5457,6019,1324,880,260,36,148,650,623,426,22,1327,40,42,52,108,82,29,0.243,6019,0.071,0.22,0.32,0.243,0.3,0.385,0.685,0.142,4.7,0.292,0.6,2.0,,2.4,601,-76.1,0.298,90,0.292,1.29,0.20199999999999999,0.449,0.349,0.08800000000000001,0.10300000000000001,133,0.07200000000000001,28,0.262,0.39399999999999996,0.35700000000000004,0.249,0.18600000000000003,0.511,0.303,-3.1,-104.32,101.22,-7.98,-0.79,0.98,1.21,308,-0.11,-3.06,-68.3,5.0,-0.2,31.7,-63.2,31.5,10.0,176.0,154.2,16.4,$130.9,6019,89,111,93,93,94,90,95,96,94,99,106,103,100,95,6019,4226,87.9,103.4,115.2,11.3,194,0.046,1370,0.324,0.243,0.231,0.385,0.364,0.298,0.291,0.28,0.644,0.47,0.563,0.856,0.773,0.522,23.3,0.78,2.291814946619217,-0.7082706197411549,-0.9419198739643573,-0.3415073604687166,0.46789254535015623,0.40105298595552574
330,2015,SFG,162,2342,5565,6153,1486,1023,288,39,136,696,663,457,30,1159,49,37,45,142,93,36,0.267,6153,0.07400000000000001,0.188,0.39,0.267,0.326,0.406,0.732,0.139,4.7,0.313,5.0,-6.9,,1.5,713,20.9,0.318,104,0.313,1.56,0.215,0.479,0.307,0.062,0.10099999999999999,144,0.068,17,0.221,0.35200000000000004,0.371,0.276,0.19,0.5329999999999999,0.27699999999999997,0.87,-106.02,106.89,39.94,4.56,0.99,1.26,226,3.52,-2.64,25.9,-0.4,26.6,35.4,25.5,62.0,10.2,179.9,277.6,29.5,$235.8,6153,93,95,103,101,99,104,93,103,101,105,93,92,104,105,6153,4488,87.6,102.6,114.4,9.1,207,0.046,1405,0.313,0.267,0.254,0.406,0.397,0.318,0.315,0.276,0.6659999999999999,0.473,0.606,0.872,0.7959999999999999,0.506,23.5,0.812,2.4043321299638984,-0.7082706197411549,0.9302190059648142,1.1377491207059431,-0.0347506399729559,1.3908419025345187
