teamIDfg,Season,Team,Age,G,AB,PA,H,1B,2B,3B,HR,R,RBI,BB,IBB,SO,HBP,SF,SH,GDP,SB,CS,AVG,GB,FB,LD,IFFB,Pitches,Balls,Strikes,IFH,BU,BUH,BB%,K%,BB/K,OBP,SLG,OPS,ISO,BABIP,GB/FB,LD%,GB%,FB%,IFFB%,HR/FB,IFH%,BUH%,wOBA,wRAA,wRC,Bat,Fld,Rep,Pos,RAR,WAR,Dol,Spd,wRC+,WPA,-WPA,+WPA,RE24,REW,pLI,phLI,PH,WPA/LI,Clutch,FB% (Pitch),FBv,SL%,SLv,CT%,CTv,CB%,CBv,CH%,CHv,SF%,SFv,KN%,KNv,XX%,PO%,wFB,wSL,wCT,wCB,wCH,wSF,wKN,wFB/C,wSL/C,wCT/C,wCB/C,wCH/C,wSF/C,wKN/C,O-Swing%,Z-Swing%,Swing%,O-Contact%,Z-Contact%,Contact%,Zone%,F-Strike%,SwStr%,BsR,FA% (sc),FT% (sc),FC% (sc),FS% (sc),FO% (sc),SI% (sc),SL% (sc),CU% (sc),KC% (sc),EP% (sc),CH% (sc),SC% (sc),KN% (sc),UN% (sc),vFA (sc),vFT (sc),vFC (sc),vFS (sc),vFO (sc),vSI (sc),vSL (sc),vCU (sc),vKC (sc),vEP (sc),vCH (sc),vSC (sc),vKN (sc),FA-X (sc),FT-X (sc),FC-X (sc),FS-X (sc),FO-X (sc),SI-X (sc),SL-X (sc),CU-X (sc),KC-X (sc),EP-X (sc),CH-X (sc),SC-X (sc),KN-X (sc),FA-Z (sc),FT-Z (sc),FC-Z (sc),FS-Z (sc),FO-Z (sc),SI-Z (sc),SL-Z (sc),CU-Z (sc),KC-Z (sc),EP-Z (sc),CH-Z (sc),SC-Z (sc),KN-Z (sc),wFA (sc),wFT (sc),wFC (sc),wFS (sc),wFO (sc),wSI (sc),wSL (sc),wCU (sc),wKC (sc),wEP (sc),wCH (sc),wSC (sc),wKN (sc),wFA/C (sc),wFT/C (sc),wFC/C (sc),wFS/C (sc),wFO/C (sc),wSI/C (sc),wSL/C (sc),wCU/C (sc),wKC/C (sc),wEP/C (sc),wCH/C (sc),wSC/C (sc),wKN/C (sc),O-Swing% (sc),Z-Swing% (sc),Swing% (sc),O-Contact% (sc),Z-Contact% (sc),Contact% (sc),Zone% (sc),Pace,Def,wSB,UBR,Age Rng,Off,Lg,wGDP,Pull%,Cent%,Oppo%,Soft%,Med%,Hard%,TTO%,CH% (pi),CS% (pi),CU% (pi),FA% (pi),FC% (pi),FS% (pi),KN% (pi),SB% (pi),SI% (pi),SL% (pi),XX% (pi),vCH (pi),vCS (pi),vCU (pi),vFA (pi),vFC (pi),vFS (pi),vKN (pi),vSB (pi),vSI (pi),vSL (pi),vXX (pi),CH-X (pi),CS-X (pi),CU-X (pi),FA-X (pi),FC-X (pi),FS-X (pi),KN-X (pi),SB-X (pi),SI-X (pi),SL-X (pi),XX-X (pi),CH-Z (pi),CS-Z (pi),CU-Z (pi),FA-Z (pi),FC-Z (pi),FS-Z (pi),KN-Z (pi),SB-Z (pi),SI-Z (pi),SL-Z (pi),XX-Z (pi),wCH (pi),wCS (pi),wCU (pi),wFA (pi),wFC (pi),wFS (pi),wKN (pi),wSB (pi),wSI (pi),wSL (pi),wXX (pi),wCH/C (pi),wCS/C (pi),wCU/C (pi),wFA/C (pi),wFC/C (pi),wFS/C (pi),wKN/C (pi),wSB/C (pi),wSI/C (pi),wSL/C (pi),wXX/C (pi),O-Swing% (pi),Z-Swing% (pi),Swing% (pi),O-Contact% (pi),Z-Contact% (pi),Contact% (pi),Zone% (pi),Pace (pi),FRM,AVG+,BB%+,K%+,OBP+,SLG+,ISO+,BABIP+,LD+%,GB%+,FB%+,HR/FB%+,Pull%+,Cent%+,Oppo%+,Soft%+,Med%+,Hard%+,EV,LA,Barrels,Barrel%,maxEV,HardHit,HardHit%,Events,CStr%,CSW%,xBA,xSLG,xwOBA,L-WAR,Traffic_Per_Game,HR_Run_Share,Contact_Ability,Run_StdDev,Blowout_Pct,Dud_Pct,Lineup_Gini,Traffic_Per_Game_Z,HR_Run_Share_Z,Contact_Ability_Z,Run_StdDev_Z,Blowout_Pct_Z,Dud_Pct_Z,Lineup_Gini_Z,PC1,PC2,Cluster,Cluster_Prob
9,2015,NYY,28,2401,5567,6268,1397,894,272,19,212,764,737,554,23,1227,63,54,24,105,63,25,0.251,1820,1656,892,168,24523,9194,15329,121,50,15,0.088,0.196,0.45,0.323,0.421,0.744,0.17,0.283,1.1,0.204,0.417,0.379,0.1009999999999999,0.128,0.066,0.3,0.323,49.0,754,22.3,-20.1,183.2,-15.2,194.8,20.7,$165.4,3.9,103,-1.08,-106.45,105.36,63.29,6.59,0.97,1.36,117,3.61,-4.73,0.5589999999999999,92.0,0.136,83.9,0.049,87.9,0.08,77.8,0.13,83.4,0.024,84.2,0.023,76.0,0.004,,78.6,-9.4,8.0,-2.8,-10.5,7.9,-5.2,0.58,-0.28,0.68,-0.14,-0.33,1.37,-0.94,0.282,0.644,0.4429999999999999,0.6659999999999999,0.878,0.8029999999999999,0.445,0.59,0.087,3.0,0.376,,0.043,0.0279999999999999,0.001,0.184,0.131,0.074,0.016,0.0,0.123,,0.022,,92.1,,88.1,84.4,86.3,91.7,84.0,77.6,79.6,67.9,83.3,,76.0,-1.3,,1.7,-6.0,-5.4,-1.0,1.2,2.0,4.0,-4.0,-1.2,,-1.0,10.0,,6.0,4.1,4.6,6.1,1.8,-4.4,-6.0,0.8,5.4,,1.2,33.8,,1.2,2.9,0.4,29.9,-2.3,0.6,-7.6,-0.7,-10.9,,-5.3,0.37,,0.11,0.43,1.32,0.67,-0.07,0.03,-1.92,-6.67,-0.36,,-0.99,0.259,0.628,0.4429999999999999,0.616,0.88,0.8029999999999999,0.499,22.9,-35.3,-0.1,-5.4,21 - 39,25.3,21.6,8.5,0.444,0.3329999999999999,0.223,0.178,0.5379999999999999,0.285,0.318,0.119,0.0,0.085,0.351,0.054,0.034,0.023,,0.201,0.126,0.0,83.9,72.1,78.6,93.0,88.6,85.2,76.5,,92.3,84.4,0.0,-1.5,4.2,2.2,-1.2,1.0,-6.0,-0.6,,-1.9,1.0,0.0,3.7,-10.7,-7.1,8.6,4.2,1.8,-0.7,,5.0,-0.2,0.0,-12.1,0.5,-8.1,32.1,3.3,5.0,-7.1,,26.2,-4.3,0.0,-0.42,6.74,-0.4,0.38,0.25,0.61,-1.25,,0.54,-0.14,0.72,0.254,0.622,0.4429999999999999,0.609,0.877,0.8029999999999999,0.514,22.9,-0.4,98,115,99,101,102,108,96,0.99,94,108,110,109,96,90,96,102,99,88.2,13.4,235,0.053,116.5,1514,0.342,4424,0.182,0.268,0.245,0.396,0.318,20.7,0.8125780924614744,0.4439790575916231,0.8042437779195916,3.707419346219999,0.4259259259259259,0.1666666666666666,0.073062922448511,0.4027265800761024,1.1257164695198814,0.4814352913879206,2.4965768333349603,0.5230069414277277,-0.4728886888584099,-0.4005280371291772,0.5651917876364982,-0.4556516574867514,4,0.8969636099770475
7,2015,KCR,29,2263,5575,6116,1497,1016,300,42,139,724,689,383,28,973,77,47,34,133,104,34,0.269,2048,1564,999,150,22705,8075,14630,129,72,21,0.063,0.159,0.39,0.322,0.412,0.734,0.144,0.301,1.31,0.217,0.444,0.3389999999999999,0.096,0.089,0.063,0.292,0.318,22.7,710,-8.0,29.0,178.8,-15.2,205.4,21.8,$174.4,5.1,99,5.14,-100.74,105.88,21.04,2.06,0.96,1.26,40,0.57,4.8,0.546,92.1,0.144,84.2,0.071,88.1,0.096,78.2,0.122,83.3,0.015,84.3,0.005,77.2,0.005,,75.8,-14.5,-17.1,-11.7,-18.3,9.7,-2.8,0.61,-0.45,-1.07,-0.54,-0.66,2.83,-2.41,0.325,0.665,0.476,0.688,0.899,0.8190000000000001,0.446,0.608,0.086,-0.3,0.367,,0.052,0.017,0.001,0.186,0.147,0.083,0.02,0.0,0.121,,0.005,,92.2,,87.8,84.5,87.7,91.7,84.5,77.8,81.0,64.5,83.3,,77.2,-1.2,,0.7,-6.9,-6.0,-2.9,0.9,1.5,4.3,0.8,-0.1,,-1.7,9.7,,6.0,3.7,4.5,6.3,1.8,-4.1,-5.0,-2.0,5.3,,2.0,56.6,,-10.9,0.0,0.9,0.8,-21.7,-11.3,-3.0,0.0,-11.8,,-3.5,0.69,,-0.93,0.0,4.5,0.02,-0.66,-0.61,-0.66,-1.07,-0.43,,-3.21,0.303,0.647,0.477,0.639,0.9,0.818,0.505,23.3,13.8,4.6,-3.3,22 - 37,-8.3,21.1,-1.6,0.39,0.358,0.252,0.186,0.534,0.28,0.244,0.1169999999999999,0.0,0.094,0.35,0.07,0.02,0.005,0.0,0.1889999999999999,0.146,0.0,83.7,72.0,78.4,92.8,88.6,84.1,77.4,85.4,92.0,84.6,0.0,0.3,4.9,2.2,-1.0,0.9,-4.9,-0.6,-4.3,-2.3,1.8,0.0,3.4,-8.5,-6.8,8.3,4.1,1.3,0.5,7.2,4.8,-0.3,0.0,-18.2,-0.1,-11.7,66.5,-14.5,8.3,-2.8,0.0,-2.7,-22.5,-0.8,-0.69,-0.53,-0.55,0.84,-0.92,1.85,-2.41,-0.66,-0.06,-0.68,-76.88,0.304,0.642,0.477,0.637,0.9,0.818,0.51,23.3,-10.7,105,81,80,101,100,91,102,1.05,100,97,76,96,104,102,100,101,98,88.0,11.3,209,0.045,113.9,1523,0.325,4683,0.1669999999999999,0.253,0.264,0.4,0.317,21.8,0.830755634114008,0.3071823204419889,0.8409090909090909,3.0628465619727807,0.4506172839506173,0.1604938271604938,0.1135558926634291,0.873260914758106,-1.2440239338276755,2.635228875693342,0.0792966377006083,1.0126843879207603,-0.6585236341758776,0.7638874296772699,-1.7491892226298136,1.0321978954793065,3,0.9999999999999911
17,2015,CHC,28,2406,5491,6200,1341,868,272,30,171,689,657,567,47,1518,74,35,32,102,95,37,0.244,1703,1433,828,129,24646,9152,15494,115,76,17,0.091,0.245,0.37,0.321,0.398,0.719,0.154,0.305,1.19,0.209,0.43,0.362,0.09,0.119,0.068,0.2239999999999999,0.313,-2.6,694,-30.9,25.6,181.2,38.0,239.4,25.4,$203.3,4.4,96,3.33,-109.28,112.61,11.84,1.15,1.01,1.22,287,2.46,0.84,0.583,92.7,0.156,84.4,0.055,87.8,0.091,78.6,0.107,84.3,0.009,84.1,,,0.0069999999999999,,35.7,-27.0,-13.4,-8.8,12.8,-0.8,,0.25,-0.71,-1.0,-0.4,0.49,-0.38,,0.298,0.6940000000000001,0.47,0.589,0.8370000000000001,0.747,0.433,0.6,0.118,15.1,0.3429999999999999,,0.053,0.011,,0.235,0.155,0.068,0.031,0.0,0.105,,,,93.1,,87.5,84.1,,92.0,84.5,78.3,80.4,67.9,84.1,,,-2.6,,0.9,-5.6,,-4.6,0.8,2.5,3.9,7.0,-3.4,,,9.0,,5.0,1.9,,5.3,1.3,-4.9,-5.8,-9.5,4.3,,,-1.7,,-19.6,3.7,,26.3,-30.1,-1.1,-4.4,-0.1,7.0,,,-0.02,,-1.51,1.44,,0.46,-0.79,-0.06,-0.58,-0.76,0.27,,,0.272,0.662,0.469,0.524,0.836,0.747,0.506,22.8,63.6,1.6,6.0,21 - 38,-15.8,10.3,7.5,0.405,0.349,0.245,0.181,0.517,0.302,0.364,0.104,0.0,0.088,0.35,0.066,0.01,,,0.216,0.154,0.0,84.6,68.8,78.9,93.7,88.7,84.0,,,92.4,84.6,0.0,-3.2,7.0,3.5,-2.1,1.0,-3.7,,,-4.4,1.4,0.0,2.9,-11.7,-7.1,8.0,4.0,1.1,,,4.2,-0.3,0.0,7.5,-0.1,-10.1,-6.8,-9.8,3.9,,,20.0,-28.8,-0.1,0.29,-0.84,-0.47,-0.08,-0.61,1.52,,,0.38,-0.77,-1.21,0.273,0.6579999999999999,0.469,0.528,0.8340000000000001,0.747,0.51,22.8,11.0,94,115,123,99,97,103,100,0.98,94,109,107,106,98,94,100,99,101,88.1,12.7,255,0.063,116.2,1354,0.335,4041,0.158,0.276,0.231,0.385,0.307,25.4,0.7930174563591023,0.3970972423802613,0.7551612903225806,2.947389050683286,0.4074074074074074,0.1790123456790123,0.1170634919589711,-0.1036098140481048,0.3135791773334843,-2.4017678853712146,-0.3536927194334692,0.1557488565579526,-0.1016187982234746,0.8647519216967701,2.716759294638074,-1.1433190290540296,5,0.9999999538247002
10,2015,OAK,28,2349,5600,6171,1405,936,277,46,146,694,661,475,21,1119,40,38,14,124,78,29,0.251,2037,1571,888,157,23809,8590,15219,162,37,11,0.077,0.181,0.42,0.312,0.395,0.707,0.144,0.288,1.3,0.198,0.4529999999999999,0.349,0.1,0.093,0.08,0.297,0.308,-26.1,668,-33.2,-45.3,180.4,-15.4,106.8,11.3,$90.7,4.9,95,-4.07,-113.66,109.59,13.08,1.5,1.05,1.65,159,-3.26,-0.61,0.56,91.3,0.162,83.4,0.045,87.7,0.096,77.2,0.103,83.0,0.02,83.8,0.013,75.1,0.004,,19.7,-25.0,-12.4,-4.0,9.7,-1.4,-3.1,0.15,-0.65,-1.15,-0.18,0.4,-0.29,-0.97,0.292,0.632,0.4479999999999999,0.684,0.892,0.8190000000000001,0.461,0.607,0.081,-1.0,0.34,,0.065,0.019,0.0,0.1989999999999999,0.154,0.083,0.019,0.001,0.107,0.0,0.012,,91.6,,88.4,84.5,85.9,90.7,83.4,76.9,79.8,68.2,83.0,78.1,76.1,-1.5,,2.1,-4.2,-6.8,-0.9,2.2,3.8,5.0,5.8,-0.6,11.3,0.4,9.3,,5.9,2.8,1.8,5.8,1.2,-5.1,-4.4,-7.2,4.4,5.5,1.0,-5.7,,-9.2,0.0,-0.6,7.0,-41.8,1.7,-0.5,0.1,8.2,0.0,-2.4,-0.07,,-0.61,0.0,-7.93,0.15,-1.15,0.09,-0.12,0.2,0.33,-3.72,-0.85,0.2739999999999999,0.614,0.449,0.654,0.888,0.818,0.514,22.8,-60.7,1.4,-4.3,24 - 37,-34.1,21.3,1.9,0.3929999999999999,0.352,0.255,0.193,0.5489999999999999,0.259,0.282,0.092,0.001,0.093,0.351,0.068,0.03,0.013,,0.192,0.15,0.001,83.9,72.0,78.3,92.8,88.6,84.8,76.0,,91.6,84.2,0.0,-1.2,7.8,3.1,-1.2,1.4,-3.8,0.2,,-2.7,2.0,0.0,2.9,-10.7,-6.9,8.1,4.1,1.8,-0.5,,4.3,-0.4,0.0,14.1,1.8,-7.4,-8.1,-4.8,-6.3,-3.2,,1.0,-29.5,0.0,0.64,5.13,-0.33,-0.1,-0.3,-0.88,-0.99,,0.02,-0.83,0.04,0.27,0.61,0.449,0.65,0.8859999999999999,0.8190000000000001,0.526,22.8,-14.5,98,100,92,98,96,92,97,0.96,102,100,80,97,102,103,104,104,90,87.3,10.8,197,0.043,114.2,1360,0.3,4537,0.191,0.271,0.242,0.373,0.301,11.3,0.800340570455513,0.3365994236311239,0.8186679630529898,3.026732111874008,0.3888888888888889,0.1604938271604938,0.0442834138058453,0.0859524867856137,-0.7344291918091971,1.3287406834909163,-0.0561399602034483,-0.2115092283118213,-0.6585236341758776,-1.2281113142448634,0.07475003400096723,1.6539051236036229,6,0.999999567516235
3,2016,BOS,28,2284,5670,6320,1598,1022,343,25,208,878,836,558,34,1160,43,40,8,137,83,24,0.282,2012,1578,945,176,24947,9221,15726,142,23,3,0.088,0.184,0.48,0.348,0.461,0.81,0.179,0.32,1.28,0.208,0.444,0.348,0.1119999999999999,0.132,0.071,0.13,0.346,148.6,893,99.3,4.2,190.7,-15.3,303.9,31.1,$248.7,4.6,113,9.03,-108.86,117.89,141.04,13.8,0.99,1.66,108,11.78,-2.63,0.5489999999999999,92.5,0.153,84.2,0.066,87.9,0.096,77.8,0.1009999999999999,83.3,0.019,84.8,0.016,75.1,0.005,,75.3,11.8,7.6,9.9,39.1,-3.6,1.4,0.55,0.31,0.46,0.42,1.55,-0.78,0.36,0.293,0.628,0.4429999999999999,0.6859999999999999,0.892,0.816,0.447,0.583,0.081,1.7,0.375,,0.061,0.021,,0.176,0.15,0.087,0.02,0.0,0.094,0.0,0.016,,92.6,,88.4,84.8,,91.9,84.4,77.6,80.1,65.2,83.2,78.8,75.1,-1.3,,2.1,-4.3,,-1.7,2.4,4.3,4.4,0.3,-2.2,8.5,0.1,9.3,,5.6,3.2,,6.0,1.3,-5.2,-6.3,1.7,4.7,4.1,1.9,39.4,,7.7,-5.4,,32.5,8.9,1.5,0.2,-0.5,36.4,0.0,0.5,0.42,,0.51,-1.04,,0.75,0.24,0.07,0.04,-4.36,1.56,2.5,0.14,0.271,0.603,0.4429999999999999,0.654,0.884,0.816,0.517,23.7,-11.1,3.2,5.9,21 - 41,100.9,23.4,1.5,0.414,0.3379999999999999,0.248,0.193,0.473,0.3339999999999999,0.305,0.089,0.0,0.095,0.37,0.077,0.026,0.01,,0.152,0.138,0.001,84.0,70.8,78.5,93.5,88.9,84.9,75.4,,92.4,84.8,0.0,-1.7,9.1,4.2,-0.9,2.2,-3.8,0.6,,-2.3,2.7,0.0,3.1,-10.3,-7.4,8.3,3.9,1.4,0.0,,4.3,-0.6,0.0,28.4,0.1,6.4,58.2,8.3,3.2,1.9,,-1.0,3.9,-2.8,1.28,1.78,0.27,0.63,0.43,0.5,0.73,,-0.03,0.11,-21.76,0.27,0.603,0.442,0.655,0.883,0.816,0.517,23.7,-2.1,109,110,89,108,109,108,107,1.02,101,98,101,101,99,99,103,95,106,89.1,11.3,287,0.063,114.9,1614,0.354,4559,0.1889999999999999,0.27,0.256,0.421,0.325,32.7,0.9439579684763572,0.3790432801822324,0.8164556962025317,3.5258202782199755,0.5740740740740741,0.1234567901234567,0.0916131157606023,2.9498922810925845,-0.5393805700358271,1.3832689741751591,1.860216893173262,2.4817630001984496,-1.3343286398679106,-0.3740906064099023,-2.8797685043450034,-0.6409680324394877,7,1.0
17,2016,CHC,29,2332,5503,6335,1409,887,293,30,199,808,767,656,45,1339,96,37,42,108,66,34,0.256,1764,1508,883,151,25160,9576,15584,132,88,27,0.104,0.211,0.49,0.343,0.429,0.772,0.173,0.302,1.17,0.213,0.425,0.363,0.1,0.132,0.075,0.307,0.333,75.6,822,44.0,51.7,191.1,40.5,341.1,34.9,$279.1,4.1,106,3.79,-107.84,111.63,90.85,9.28,0.99,1.23,234,7.46,-3.62,0.573,92.5,0.158,84.4,0.05,88.0,0.094,77.9,0.114,83.9,0.01,84.8,,,0.0069999999999999,,73.7,13.5,0.8,-1.5,-7.8,2.1,,0.51,0.34,0.07,-0.06,-0.27,0.82,,0.29,0.667,0.4539999999999999,0.634,0.847,0.77,0.435,0.594,0.104,3.6,0.353,,0.042,0.009,0.0,0.2239999999999999,0.153,0.087,0.017,,0.115,,,,92.8,,87.9,84.5,79.2,92.0,84.7,77.8,80.7,,83.8,,,-1.6,,1.2,-2.1,-4.4,-3.4,1.4,3.3,2.4,,-1.7,,,8.8,,4.9,2.8,-0.3,5.8,1.3,-5.3,-6.4,,4.2,,,18.7,,-3.2,1.5,0.0,37.1,2.6,4.7,-4.2,,-2.4,,,0.21,,-0.31,0.62,-0.16,0.67,0.07,0.22,-0.99,,-0.08,,,0.263,0.6409999999999999,0.4539999999999999,0.591,0.841,0.769,0.504,22.9,92.2,-4.3,11.8,22 - 41,47.6,10.1,9.8,0.428,0.35,0.222,0.195,0.497,0.308,0.346,0.104,0.001,0.092,0.353,0.055,0.0139999999999999,,,0.1939999999999999,0.151,0.0,84.5,72.1,78.6,93.6,89.3,84.9,,,92.6,85.0,37.7,-1.7,8.0,3.6,-1.7,1.1,-2.5,,,-3.0,1.9,3.6,2.9,-9.1,-7.6,7.7,4.0,0.5,,,4.3,-0.3,-5.2,-6.3,1.3,-7.4,20.2,-3.8,1.1,,,36.7,14.3,1.4,-0.24,6.41,-0.32,0.23,-0.28,0.33,,,0.76,0.38,70.69,0.263,0.6409999999999999,0.4539999999999999,0.59,0.8420000000000001,0.769,0.504,22.9,15.2,98,120,103,104,101,105,99,1.0,95,106,103,110,99,86,107,100,96,88.2,13.3,284,0.067,114.7,1392,0.3279999999999999,4244,0.1639999999999999,0.268,0.243,0.409,0.324,35.9,0.8855060034305318,0.3940594059405941,0.7886345698500394,3.060442168193511,0.5185185185185185,0.1172839506172839,0.1250584384174356,1.61514767839849,-0.2975768522722947,-0.0057485478866084,-0.1378299931783683,1.5024754142481702,-1.526166929213409,1.3405483273195895,-0.7892456131490999,-1.41757873668298,1,0.9999999955230434
6,2016,DET,29,2295,5526,6127,1476,983,252,30,211,750,719,493,32,1303,53,38,17,135,58,29,0.267,1776,1548,914,128,23720,8595,15125,96,40,11,0.08,0.213,0.38,0.331,0.438,0.769,0.171,0.312,1.15,0.216,0.419,0.365,0.083,0.136,0.054,0.275,0.33,59.9,782,44.0,-24.9,184.9,-15.8,195.4,20.0,$159.9,4.0,106,1.93,-106.86,108.79,23.03,2.27,0.97,1.36,89,3.48,-1.5,0.562,92.5,0.144,83.7,0.066,87.8,0.105,78.4,0.102,84.2,0.012,84.5,0.009,74.4,0.004,,16.5,-2.2,-3.2,19.5,3.7,1.6,1.8,0.12,-0.06,-0.21,0.79,0.15,0.53,0.86,0.311,0.669,0.472,0.643,0.8640000000000001,0.784,0.449,0.603,0.102,-15.5,0.359,,0.053,0.012,0.0,0.209,0.1369999999999999,0.087,0.031,0.001,0.102,0.0,0.009,,92.5,,88.1,84.7,87.8,92.2,84.0,78.3,79.7,65.9,84.2,80.3,75.0,-1.7,,1.7,-4.3,-5.0,-3.0,1.6,2.6,4.1,-0.7,-1.3,6.2,-0.9,9.2,,5.0,2.5,5.6,6.0,0.9,-4.6,-6.3,0.3,4.3,5.9,1.4,-8.3,,2.0,1.5,0.7,9.5,-2.0,14.7,1.8,0.0,-2.0,0.2,2.1,-0.1,,0.16,0.51,7.72,0.19,-0.06,0.72,0.25,-0.12,-0.08,8.02,1.03,0.29,0.644,0.472,0.607,0.857,0.782,0.514,23.5,-40.6,-3.6,-10.5,23 - 37,28.5,22.7,-2.8,0.3979999999999999,0.3429999999999999,0.258,0.173,0.495,0.332,0.3279999999999999,0.092,0.002,0.1009999999999999,0.374,0.079,0.017,0.01,,0.174,0.13,0.0,85.0,73.1,79.1,93.4,88.3,84.8,74.5,,92.8,84.2,0.0,-1.0,7.9,3.2,-1.2,1.9,-4.0,-0.5,,-3.7,1.9,0.0,2.9,-9.2,-7.1,8.0,3.6,1.5,-0.4,,4.5,-0.8,0.0,2.8,1.0,22.9,-16.1,4.6,-0.9,2.8,,11.5,-10.0,0.0,0.13,1.99,0.96,-0.18,0.25,-0.21,1.23,,0.28,-0.33,-0.93,0.289,0.645,0.472,0.604,0.858,0.782,0.514,23.5,-12.6,104,100,103,103,103,103,105,1.06,95,103,105,97,101,103,92,99,106,89.0,13.1,344,0.08,114.7,1564,0.366,4278,0.165,0.267,0.263,0.456,0.338,20.0,0.8579520697167756,0.4501333333333334,0.7873347478374408,3.14266127283492,0.4347826086956521,0.186335403726708,0.1189151598451334,0.9859564394282712,0.6053780331192654,-0.0706443945962548,0.2151681872002585,0.0264477484680394,0.6198005186825073,1.025601309798039,0.9795707939485301,-0.613935263088997,2,0.9999907763000381
14,2016,TOR,29,2349,5479,6233,1358,843,276,18,221,759,728,632,16,1362,55,40,26,153,54,24,0.248,1775,1528,823,181,25139,9649,15490,102,57,21,0.1009999999999999,0.2189999999999999,0.46,0.33,0.426,0.755,0.178,0.289,1.16,0.1989999999999999,0.43,0.37,0.118,0.145,0.057,0.368,0.327,43.4,778,30.9,11.3,188.1,-13.6,230.9,23.6,$188.9,3.7,104,-0.99,-111.53,110.54,19.64,1.83,1.01,1.52,89,2.95,-3.94,0.546,92.3,0.1669999999999999,84.2,0.06,87.8,0.102,77.8,0.088,83.9,0.025,84.2,0.012,73.0,0.002,,40.3,-18.9,-2.8,-11.4,13.8,1.2,-1.0,0.29,-0.45,-0.18,-0.44,0.63,0.2,-0.34,0.272,0.643,0.4379999999999999,0.635,0.852,0.777,0.447,0.59,0.0969999999999999,-8.8,0.372,,0.052,0.0279999999999999,0.001,0.177,0.158,0.094,0.024,,0.084,,0.01,,92.5,,88.2,84.3,87.8,91.6,84.4,77.1,81.0,,83.7,,74.1,-1.8,,1.8,-6.7,-7.0,-3.0,1.9,4.0,4.4,,-1.4,,0.4,9.6,,5.8,3.6,4.3,6.1,1.5,-4.9,-5.9,,4.8,,-0.2,15.6,,-10.2,4.3,0.0,5.5,-4.3,-10.5,-0.6,,8.2,,-2.2,0.17,,-0.78,0.6,-0.14,0.12,-0.11,-0.45,-0.1,,0.39,,-0.88,0.245,0.615,0.4379999999999999,0.5820000000000001,0.8490000000000001,0.777,0.521,23.0,-2.3,-2.4,1.6,21 - 41,22.0,23.1,-8.2,0.426,0.322,0.252,0.191,0.477,0.331,0.355,0.076,0.0,0.1009999999999999,0.357,0.071,0.031,0.009,,0.163,0.153,0.0,84.2,73.3,78.6,93.5,88.6,84.9,73.4,,92.1,84.7,0.0,-1.3,6.1,4.3,-1.4,1.8,-6.2,1.3,,-3.5,2.6,0.0,3.3,-9.2,-7.6,8.4,4.1,2.2,-1.9,,4.8,-0.3,0.0,16.7,0.9,-7.4,34.0,-0.2,-1.5,-0.5,,-8.2,-28.3,0.2,0.87,7.83,-0.29,0.38,-0.01,-0.2,-0.19,,-0.2,-0.74,3.42,0.244,0.615,0.4379999999999999,0.581,0.8490000000000001,0.777,0.522,23.0,17.0,96,126,106,102,100,107,97,0.98,98,104,111,104,94,101,102,96,105,89.2,12.5,310,0.074,115.3,1583,0.3779999999999999,4184,0.177,0.2739999999999999,0.244,0.419,0.326,23.5,0.8471690080885483,0.4658761528326746,0.7814856409433659,3.1983540452917056,0.4567901234567901,0.1111111111111111,0.1091414667127575,0.7397263375401559,0.8588836539616584,-0.3626711034126125,0.454278639974332,0.4143780965256378,-1.7180052185589074,0.5245340920275384,0.5799713866785874,-1.4425707871493676,2,0.9996835243903518
13,2016,TEX,28,2324,5525,6089,1446,951,257,23,215,765,746,436,23,1220,70,40,18,114,99,36,0.262,1933,1510,867,160,23305,8317,14988,129,52,21,0.072,0.2,0.36,0.322,0.433,0.755,0.172,0.298,1.28,0.201,0.4479999999999999,0.35,0.106,0.142,0.067,0.4039999999999999,0.324,29.1,746,-39.0,11.0,183.7,-16.6,160.5,16.4,$131.3,4.4,95,9.34,-104.8,114.14,22.7,1.99,0.98,1.43,82,1.35,8.2,0.5429999999999999,91.7,0.152,83.1,0.053,87.6,0.1009999999999999,77.2,0.119,83.1,0.016,83.2,0.016,73.5,0.004,,25.3,-19.3,14.9,21.3,-2.4,-0.3,-0.4,0.2,-0.55,1.21,0.91,-0.09,-0.07,-0.12,0.324,0.648,0.466,0.657,0.867,0.785,0.437,0.604,0.1,-1.1,0.352,,0.051,0.023,,0.1889999999999999,0.154,0.083,0.023,0.0,0.111,0.0,0.015,,92.0,,87.6,83.8,,91.0,83.4,76.4,80.1,65.5,82.9,78.9,74.1,-1.3,,2.2,-4.2,,-2.5,2.2,4.0,4.8,-3.7,-2.1,8.8,0.4,9.4,,5.5,3.1,,6.1,1.6,-5.1,-5.7,2.1,4.7,4.6,2.1,6.9,,15.6,1.4,,9.1,-24.3,14.5,5.3,0.0,-4.6,0.4,-1.4,0.08,,1.32,0.27,,0.21,-0.68,0.75,1.0,1.16,-0.18,6.42,-0.42,0.3,0.622,0.465,0.603,0.867,0.784,0.513,23.1,-5.7,1.8,-3.1,21 - 39,-40.1,22.6,3.3,0.415,0.345,0.24,0.19,0.496,0.314,0.307,0.105,0.0,0.1,0.345,0.063,0.027,0.016,,0.182,0.144,0.0,83.6,72.6,77.7,92.8,88.6,84.1,74.2,,91.7,83.8,0.0,-1.8,9.2,4.3,-0.9,2.1,-4.4,0.4,,-3.0,2.7,0.0,3.3,-8.9,-7.1,8.4,4.2,1.5,0.6,,4.9,0.0,0.0,-4.9,-0.2,19.6,10.3,15.8,1.7,-1.2,,10.9,-28.7,0.1,-0.2,-2.11,0.85,0.13,1.08,0.28,-0.32,,0.26,-0.86,1.74,0.299,0.623,0.465,0.602,0.867,0.784,0.514,23.1,-11.3,102,89,97,100,102,103,100,0.98,102,99,109,101,101,96,102,99,100,88.8,11.4,283,0.065,117.8,1578,0.362,4363,0.177,0.2769999999999999,0.253,0.417,0.318,17.4,0.8098106712564543,0.4496732026143791,0.7996386927245853,2.970350377726442,0.5185185185185185,0.1543209876543209,0.0741341990619905,-0.1133474370228196,0.5979685774253826,0.5436511886303751,-0.524628636153505,1.5024754142481702,-0.375137193140419,-1.2701809625521585,0.29232704389999115,0.1848709465203255,4,0.9999999750142828
24,2016,WSN,28,2302,5490,6201,1403,903,268,29,203,763,735,536,49,1252,64,63,48,102,121,39,0.256,1870,1552,825,149,24077,8945,15132,122,102,24,0.086,0.2019999999999999,0.43,0.326,0.426,0.751,0.17,0.293,1.2,0.1939999999999999,0.44,0.365,0.096,0.131,0.065,0.235,0.322,13.7,744,-32.4,3.7,187.1,38.8,212.3,21.7,$173.7,4.9,96,4.5,-105.7,110.2,41.67,4.15,0.99,1.29,219,4.77,-0.21,0.5870000000000001,92.3,0.151,84.3,0.051,87.7,0.099,77.9,0.1009999999999999,83.4,0.011,85.0,,,0.008,,41.4,-14.6,13.3,-6.2,-6.8,0.1,,0.3,-0.4,1.09,-0.26,-0.28,0.04,,0.285,0.642,0.445,0.6579999999999999,0.87,0.795,0.4479999999999999,0.583,0.091,5.2,0.371,,0.046,0.012,0.001,0.212,0.153,0.087,0.019,0.0,0.1,,,,92.5,,87.9,84.1,79.6,91.9,84.4,78.0,79.3,55.9,83.5,,,-2.1,,1.2,-2.4,-4.0,-4.9,1.6,3.5,3.7,5.7,-3.2,,,9.1,,5.2,2.3,-0.9,5.9,1.4,-5.0,-6.5,-5.1,4.6,,,16.3,,5.8,-0.4,1.2,11.8,-12.2,-13.2,4.8,-0.1,-7.0,,,0.18,,0.52,-0.14,7.3,0.23,-0.33,-0.64,1.09,-5.71,-0.29,,,0.2689999999999999,0.613,0.445,0.624,0.865,0.794,0.512,24.3,42.5,5.0,5.8,21 - 37,-27.2,9.9,5.2,0.405,0.346,0.249,0.182,0.49,0.3279999999999999,0.321,0.089,0.0,0.0969999999999999,0.361,0.052,0.017,,,0.1889999999999999,0.144,0.0,84.1,62.1,78.7,93.2,88.9,84.8,,,92.6,85.0,0.0,-3.3,6.3,4.0,-1.9,1.2,-2.7,,,-4.9,2.0,0.0,3.2,-9.2,-7.0,8.0,4.2,0.6,,,4.5,-0.3,0.0,-10.0,-0.1,-7.2,4.1,13.0,1.9,,,10.8,-14.5,0.0,-0.47,-2.86,-0.31,0.05,1.05,0.46,,,0.24,-0.42,-0.97,0.268,0.612,0.445,0.624,0.865,0.794,0.514,24.3,5.9,98,100,98,99,100,103,96,0.92,99,107,102,104,98,97,100,99,102,89.6,12.1,273,0.063,114.7,1576,0.362,4349,0.182,0.273,0.248,0.417,0.321,23.0,0.8423110338835795,0.4256880733944954,0.798097081115949,3.041497871351208,0.4567901234567901,0.1481481481481481,0.1109467454636567,0.6287949968225981,0.2117375675274364,0.4666835810116478,-0.2191651322929502,0.4143780965256378,-0.5669754824859173,0.6170851869679801,0.29682983199354374,-0.36652349853588956,2,0.997161014515788
30,2016,SFG,29,2404,5565,6271,1437,973,280,54,130,715,675,572,43,1107,42,46,42,120,79,36,0.258,2027,1470,962,143,24003,8885,15118,120,87,20,0.091,0.177,0.52,0.329,0.398,0.728,0.14,0.299,1.38,0.216,0.455,0.33,0.0969999999999999,0.088,0.059,0.23,0.315,-22.1,717,-32.0,24.6,189.2,38.9,230.2,23.5,$188.4,4.7,96,-2.51,-115.47,112.96,10.8,1.47,1.05,1.27,260,-0.65,-1.75,0.588,92.4,0.141,84.6,0.0559999999999999,87.7,0.103,77.7,0.105,84.0,0.0069999999999999,85.7,0.0,58.5,0.0069999999999999,,18.8,-33.8,3.2,9.8,-9.5,-0.6,0.1,0.13,-1.0,0.24,0.4,-0.38,-0.39,2.8,0.29,0.687,0.467,0.655,0.885,0.805,0.445,0.6,0.09,-0.4,0.3779999999999999,,0.051,0.012,0.0,0.204,0.141,0.087,0.025,,0.102,,,,92.8,,88.0,84.1,85.6,91.8,85.0,77.4,79.9,,84.2,,,-1.1,,1.6,-0.6,-7.8,-2.1,1.4,2.8,1.4,,-2.6,,,9.0,,4.7,2.6,2.4,5.6,1.6,-5.4,-6.9,,4.2,,,-12.6,,0.5,-4.3,0.4,14.4,-32.4,6.8,0.6,,-7.4,,,-0.14,,0.04,-1.48,6.29,0.3,-0.96,0.33,0.1,,-0.31,,,0.2689999999999999,0.659,0.467,0.623,0.877,0.805,0.508,24.3,63.4,-2.4,-4.3,24 - 41,-32.4,10.0,3.9,0.366,0.356,0.278,0.2019999999999999,0.507,0.29,0.288,0.094,0.0,0.1,0.381,0.0579999999999999,0.012,,,0.168,0.135,0.0,84.6,64.2,78.4,93.5,89.3,84.8,,,92.4,85.4,0.0,-2.7,4.0,2.7,-0.7,1.3,-0.8,,,-2.7,1.6,0.0,2.8,-9.4,-7.7,7.9,3.9,1.0,,,4.0,-0.1,0.0,-12.3,0.8,4.0,-13.4,-1.1,-3.8,,,5.2,-31.8,0.7,-0.55,16.72,0.17,-0.15,-0.08,-1.27,,,0.13,-0.99,16.65,0.2689999999999999,0.659,0.467,0.623,0.877,0.805,0.508,24.3,25.5,99,106,86,100,94,85,98,1.02,102,97,69,94,101,108,111,102,90,87.5,11.3,219,0.048,116.8,1418,0.312,4550,0.161,0.252,0.254,0.394,0.317,24.0,0.8356905158069884,0.2909090909090909,0.8234731302822517,3.221906888261365,0.4444444444444444,0.191358024691358,0.0817610062121751,0.4776161482955918,-1.958599812819097,1.733626424594175,0.5554000368478995,0.1967586329811313,0.775892542932571,-0.8791779929012963,-0.4643701899794891,2.6650991759030056,6,0.999999999921608
7,2016,KCR,29,2244,5552,6052,1450,1006,264,33,147,675,640,382,23,1224,45,34,38,134,121,35,0.261,2028,1416,868,147,22931,7992,14939,133,88,24,0.063,0.2019999999999999,0.31,0.312,0.4,0.712,0.139,0.309,1.43,0.201,0.47,0.3279999999999999,0.104,0.104,0.066,0.273,0.307,-55.8,657,-79.6,12.7,182.6,-15.9,131.5,13.5,$107.6,4.9,89,-4.62,-110.02,105.4,-58.12,-6.14,1.01,1.98,50,-6.87,2.28,0.535,92.6,0.1669999999999999,84.5,0.06,88.2,0.106,78.0,0.104,84.2,0.017,84.4,0.012,74.0,0.004,,13.9,-41.7,-11.1,-25.2,2.4,1.2,-2.6,0.11,-1.09,-0.8,-1.04,0.1,0.31,-0.96,0.3339999999999999,0.6890000000000001,0.492,0.626,0.8759999999999999,0.782,0.446,0.613,0.107,9.3,0.3379999999999999,,0.059,0.017,0.0,0.195,0.16,0.096,0.018,0.0,0.106,0.0,0.009,,92.7,,88.2,84.9,86.5,92.3,84.6,77.6,80.1,65.4,84.2,80.1,75.5,-1.6,,1.8,-6.4,-6.4,-3.1,0.8,3.0,3.5,-1.2,-1.8,5.5,-0.6,9.4,,4.6,3.0,4.3,6.3,1.6,-4.3,-5.7,-0.1,4.5,4.3,0.8,-25.5,,-4.2,1.2,0.0,23.1,-40.6,-13.3,-15.2,-0.5,-7.6,0.0,0.6,-0.33,,-0.31,0.3,-0.26,0.52,-1.11,-0.61,-3.64,-15.0,-0.31,-0.75,0.3,0.317,0.662,0.492,0.5870000000000001,0.872,0.782,0.508,23.2,-3.1,6.7,-5.6,20 - 37,-70.3,22.4,-5.4,0.39,0.35,0.26,0.195,0.502,0.303,0.29,0.095,0.001,0.1,0.351,0.072,0.022,0.011,,0.1689999999999999,0.159,0.0,84.9,74.2,78.6,93.5,88.6,84.6,74.8,,92.8,85.0,22.6,-1.7,8.8,3.1,-1.3,2.0,-4.6,0.5,,-3.5,1.2,-2.1,3.1,-9.2,-6.8,8.2,3.8,1.4,-0.9,,4.8,-0.2,1.6,-0.7,-0.4,-21.0,-10.7,-16.1,4.8,-2.5,,15.9,-46.0,0.1,-0.03,-2.11,-0.92,-0.13,-0.99,0.95,-0.96,,0.41,-1.26,3.36,0.317,0.662,0.492,0.586,0.872,0.782,0.509,23.2,-19.1,101,79,98,97,94,83,104,0.99,107,92,80,95,103,104,104,101,96,88.4,10.6,224,0.051,115.6,1486,0.3379999999999999,4401,0.157,0.263,0.25,0.39,0.302,11.6,0.8163992869875223,0.3484444444444444,0.797752808988764,2.8069346247423788,0.3580246913580246,0.1358024691358024,0.0797101448408948,0.0371029247293283,-1.032111675228702,0.449495203698713,-1.2262351994962604,-1.326577611830414,-0.950652061176914,-0.984319354249793,0.980960906305924,1.662664548311416,6,0.9999994683968089
21,2017,HOU,28,2313,5611,6271,1581,977,346,20,238,896,854,509,27,1087,70,61,11,139,98,42,0.282,1992,1675,888,185,23749,8854,14895,157,40,20,0.081,0.173,0.47,0.346,0.478,0.823,0.196,0.309,1.19,0.195,0.437,0.368,0.11,0.142,0.079,0.5,0.349,146.8,911,163.0,13.1,193.8,-14.3,368.9,36.7,$293.7,4.5,121,14.36,-97.91,112.27,172.26,17.26,0.91,1.37,73,16.26,-0.43,0.531,92.6,0.168,84.4,0.06,88.2,0.113,78.5,0.11,83.9,0.019,83.4,,,0.004,,115.3,13.4,1.0,21.3,4.9,1.7,,0.91,0.34,0.07,0.79,0.19,0.39,,0.292,0.6579999999999999,0.4529999999999999,0.684,0.885,0.812,0.439,0.601,0.085,-0.4,0.298,,0.055,0.02,0.0,0.236,0.1669999999999999,0.088,0.032,0.0,0.102,0.0,,,93.1,,88.0,84.5,87.7,92.1,84.5,78.6,79.3,70.7,83.8,80.2,,-2.6,,0.2,-3.9,-7.6,-4.7,0.6,2.5,0.9,5.7,-3.3,9.7,,9.7,,4.5,4.3,5.7,6.1,1.5,-4.8,-6.6,-6.6,4.4,9.1,,44.1,,4.1,7.1,0.7,55.4,10.7,18.2,-2.7,-0.6,-5.1,0.1,,0.63,,0.31,1.5,11.23,0.99,0.27,0.87,-0.36,-11.59,-0.21,2.29,,0.262,0.653,0.4529999999999999,0.654,0.878,0.812,0.489,23.1,-1.1,-2.0,3.2,21 - 40,162.6,13.6,-1.6,0.4039999999999999,0.348,0.247,0.178,0.499,0.3229999999999999,0.292,0.102,0.002,0.11,0.3379999999999999,0.061,0.025,,,0.187,0.165,,83.9,73.4,78.7,93.1,88.6,84.1,,,92.1,84.6,,-1.5,9.8,3.5,-1.4,1.3,-2.5,,,-4.1,2.2,,3.2,-9.5,-7.0,8.2,3.6,1.9,,,4.7,-0.1,,-3.5,-0.5,20.8,56.6,11.4,9.1,,,49.4,1.5,,-0.14,-0.89,0.79,0.7,0.79,1.55,,,1.11,0.04,,0.26,0.644,0.4529999999999999,0.654,0.875,0.812,0.504,23.1,11.9,110,96,81,106,111,113,104,0.96,101,101,103,100,101,100,96,101,100,88.0,12.3,273,0.059,114.6,1622,0.352,4605,0.173,0.257,0.267,0.443,0.335,37.2,0.9035884133160398,0.425,0.8266624142879924,3.7848551413588423,0.5555555555555556,0.1234567901234567,0.1032818532004374,1.9855112860894384,-0.1529428165236902,2.0731029773817475,1.7838438025748544,2.09318978884097,-1.2037430098439903,-0.0479704989012631,-2.4434106397271718,-0.3421379144493813,7,0.9999999999999964
19,2017,COL,28,2374,5534,6201,1510,987,293,38,192,824,793,519,46,1408,44,41,62,143,59,34,0.273,1901,1362,871,105,23940,8541,15399,118,95,16,0.084,0.2269999999999999,0.37,0.338,0.444,0.781,0.171,0.332,1.4,0.211,0.46,0.3289999999999999,0.077,0.141,0.062,0.168,0.332,53.7,809,-99.4,4.1,191.7,39.0,149.2,14.8,$118.8,4.4,88,-5.97,-101.86,95.89,-18.2,-2.15,0.89,0.95,259,-4.51,-2.22,0.584,92.9,0.1639999999999999,84.4,0.057,88.6,0.104,78.6,0.0819999999999999,84.1,0.009,84.7,,,0.0069999999999999,,53.4,-28.5,-5.8,4.9,21.3,-3.9,,0.38,-0.73,-0.42,0.2,1.09,-1.8,,0.306,0.664,0.472,0.612,0.853,0.769,0.4629999999999999,0.602,0.109,-7.6,0.3989999999999999,,0.067,0.011,0.0,0.175,0.1669999999999999,0.068,0.036,0.0,0.076,,,,93.2,,88.6,85.3,87.0,92.3,84.3,77.4,80.8,67.6,84.0,,,-1.4,,1.4,-2.6,-6.1,-3.3,1.3,2.3,2.5,7.0,-1.4,,,9.2,,5.6,4.7,6.8,6.1,2.6,-3.0,-3.4,-7.2,5.4,,,32.8,,-19.2,-5.0,0.2,4.3,-22.6,5.3,-4.5,0.1,22.4,,,0.34,,-1.2,-1.9,1.61,0.1,-0.57,0.33,-0.52,4.05,1.23,,,0.281,0.647,0.472,0.5760000000000001,0.845,0.768,0.522,23.2,43.1,-6.4,5.8,22 - 38,-107.0,21.4,-5.8,0.362,0.362,0.276,0.192,0.492,0.317,0.342,0.076,0.0,0.098,0.392,0.0579999999999999,0.013,,,0.177,0.171,0.0,84.1,67.7,78.4,93.4,89.5,85.6,,,92.4,84.7,0.0,-1.5,8.0,2.3,-1.4,0.8,-3.2,,,-3.5,1.5,0.0,3.3,-8.5,-5.8,7.7,4.0,2.2,,,4.3,0.5,0.0,25.4,0.1,8.0,34.8,-11.6,-4.7,,,6.6,-32.9,0.2,1.38,4.05,0.34,0.37,-0.83,-1.47,,,0.15,-0.8,5.44,0.278,0.645,0.472,0.5720000000000001,0.843,0.768,0.529,23.2,-9.6,104,93,108,101,101,97,109,1.03,104,94,102,91,103,109,103,100,99,86.8,10.0,216,0.051,117.1,1356,0.321,4230,0.1669999999999999,0.276,0.244,0.391,0.305,14.2,0.854675652906487,0.3728155339805826,0.7729398484115465,3.615692268498104,0.4814814814814814,0.1172839506172839,0.116509926745184,0.8128733403111748,-1.152718085219338,-0.5052094307253667,1.2685292158315824,0.6098269463552437,-1.4161682468752832,0.2153497078692189,0.16997858216019196,-0.04091739564522392,4,0.9999725307046448
8,2017,MIN,28,2324,5557,6261,1444,921,286,31,206,815,781,593,26,1342,46,39,26,105,95,28,0.26,1745,1566,890,166,24888,9280,15608,100,79,31,0.095,0.214,0.44,0.334,0.434,0.768,0.174,0.306,1.11,0.212,0.415,0.373,0.106,0.132,0.057,0.392,0.329,41.9,805,25.3,58.1,193.5,-15.2,283.7,28.2,$225.9,4.7,103,4.23,-101.02,105.25,48.53,4.68,0.92,1.31,104,2.29,2.29,0.5529999999999999,92.8,0.153,84.3,0.0559999999999999,88.6,0.115,78.5,0.109,84.1,0.0139999999999999,84.2,,,0.004,,52.9,3.7,7.5,-9.3,-5.2,-0.8,,0.38,0.1,0.54,-0.33,-0.19,-0.21,,0.271,0.648,0.446,0.625,0.8540000000000001,0.779,0.4629999999999999,0.59,0.098,8.3,0.369,,0.053,0.018,,0.181,0.156,0.079,0.038,0.001,0.105,,,,93.2,,88.9,84.5,,92.2,84.4,78.0,79.9,69.2,84.1,,,-2.5,,0.7,-5.6,,-3.2,0.9,2.2,1.6,5.9,-2.2,,,11.1,,6.6,5.1,,7.2,3.4,-2.6,-4.2,-6.1,6.6,,,7.9,,6.8,5.0,,23.2,-8.1,7.4,-14.3,-0.5,-5.1,,,0.09,,0.51,1.15,,0.51,-0.21,0.38,-1.53,-3.08,-0.2,,,0.254,0.626,0.446,0.6,0.847,0.779,0.517,22.9,42.9,3.3,4.6,22 - 44,33.6,13.6,6.5,0.41,0.346,0.243,0.171,0.507,0.322,0.342,0.103,0.001,0.1159999999999999,0.37,0.061,0.019,0.0,,0.174,0.144,0.0,84.2,70.7,78.8,93.2,88.8,84.4,79.4,,92.3,84.4,0.0,-1.5,8.0,2.7,-1.8,1.4,-4.9,3.5,,-2.8,1.7,0.0,3.3,-11.2,-6.7,8.3,4.0,1.8,-11.3,,4.8,0.1,0.0,-4.6,0.0,-7.0,17.3,10.8,0.8,-0.2,,24.5,-8.3,0.1,-0.18,0.07,-0.24,0.19,0.7,0.17,-17.43,,0.57,-0.23,1.94,0.253,0.627,0.446,0.594,0.848,0.779,0.517,22.9,6.4,101,112,101,103,101,100,103,1.04,96,102,96,101,100,98,93,103,100,87.6,13.5,260,0.061,116.2,1432,0.335,4280,0.177,0.275,0.251,0.421,0.323,28.7,0.8765060240963856,0.4044171779141104,0.7856572432518767,3.4468868653015696,0.4629629629629629,0.1234567901234567,0.0728511529711048,1.336236189051564,-0.5472784886330481,0.1051377554278717,0.754303575670785,0.2389862357338129,-1.2037430098439903,-0.6537290206884921,-0.1850369205639143,0.17401133627748808,4,0.9991168717136895
18,2017,CIN,27,2321,5484,6213,1390,884,249,38,219,753,715,565,41,1329,72,42,50,116,120,39,0.253,1768,1516,863,142,23922,8707,15215,109,99,17,0.091,0.214,0.43,0.329,0.433,0.761,0.179,0.294,1.17,0.208,0.426,0.366,0.094,0.144,0.062,0.172,0.325,16.7,774,-42.1,7.6,192.0,37.9,219.2,21.8,$174.5,5.0,95,-6.26,-104.06,97.81,0.68,0.02,0.93,0.93,240,-0.8,-5.9,0.5720000000000001,92.8,0.144,84.3,0.06,88.0,0.102,78.0,0.105,84.5,0.01,84.5,0.006,77.1,0.006,,44.9,-25.0,10.7,-5.1,-6.1,-3.4,6.4,0.33,-0.72,0.74,-0.21,-0.24,-1.39,4.38,0.288,0.6709999999999999,0.462,0.6509999999999999,0.863,0.7909999999999999,0.456,0.613,0.0969999999999999,2.3,0.3829999999999999,,0.064,0.015,0.001,0.188,0.1369999999999999,0.081,0.025,0.0,0.1,,0.006,,93.1,,87.8,85.4,88.0,92.2,84.4,77.4,80.8,63.7,84.4,,77.4,-2.8,,0.2,-5.5,-6.8,-5.6,0.5,1.3,3.6,0.9,-3.6,,-1.2,10.5,,6.6,5.2,7.9,6.9,3.0,-3.5,-3.3,2.1,6.1,,2.7,27.3,,10.9,-4.3,1.3,4.6,-35.4,-1.8,-7.7,1.5,-5.7,,3.3,0.3,,0.71,-1.19,8.23,0.1,-1.08,-0.09,-1.29,38.71,-0.24,,2.25,0.255,0.65,0.4629999999999999,0.617,0.852,0.7909999999999999,0.526,22.1,45.6,3.8,-14.0,22 - 40,-39.8,21.4,4.9,0.402,0.349,0.249,0.2019999999999999,0.505,0.294,0.34,0.098,0.0,0.102,0.362,0.057,0.016,0.006,,0.2019999999999999,0.148,0.0,84.7,66.5,78.6,93.5,88.8,85.3,77.9,,92.4,84.7,0.0,-2.5,8.6,3.0,-1.9,0.5,-4.6,0.8,,-4.5,1.7,0.0,3.1,-9.8,-7.2,8.1,4.3,2.2,0.0,,4.5,0.0,0.0,-8.4,0.0,-7.3,24.8,8.2,-5.1,5.9,,16.7,-32.5,-0.1,-0.36,3.02,-0.3,0.29,0.6,-1.35,4.24,,0.34,-0.91,-2.09,0.253,0.65,0.4629999999999999,0.607,0.855,0.7909999999999999,0.529,22.1,-17.1,97,101,102,99,99,102,96,1.01,96,104,105,102,99,98,109,102,91,85.5,12.9,231,0.054,113.0,1165,0.2739999999999999,4247,0.168,0.265,0.246,0.399,0.314,21.5,0.8423093494183541,0.4653386454183267,0.7860936745533559,3.0349357585723533,0.4567901234567901,0.1296296296296296,0.1835075491871492,0.5164027138780256,0.6198844851281041,0.1260834459683804,-0.5006078048976894,0.1153726655266685,-0.991317772812698,1.549015395081497,0.7050301949975857,-1.1660357105768675,2,0.9999999898437082
2,2017,BAL,28,2351,5650,6140,1469,956,269,12,232,743,713,392,12,1412,50,37,10,138,32,13,0.26,1858,1526,866,164,23674,8358,15316,149,35,14,0.064,0.23,0.28,0.312,0.435,0.747,0.175,0.306,1.22,0.204,0.437,0.359,0.107,0.152,0.08,0.4,0.318,-13.8,734,-36.4,-21.2,189.8,-14.6,115.9,11.5,$92.3,3.2,95,-3.56,-102.73,99.16,-26.46,-2.68,0.91,1.13,94,-3.14,-0.76,0.527,92.9,0.179,84.7,0.0559999999999999,88.6,0.1119999999999999,79.5,0.11,83.9,0.012,84.7,0.003,72.4,0.002,,23.4,-28.0,-5.8,-8.3,-10.4,-0.5,10.2,0.19,-0.66,-0.43,-0.32,-0.4,-0.18,12.73,0.3329999999999999,0.675,0.483,0.617,0.8420000000000001,0.755,0.439,0.61,0.118,-15.0,0.33,,0.062,0.021,,0.195,0.165,0.0819999999999999,0.042,,0.1009999999999999,,0.003,,93.2,,88.7,84.2,,92.3,84.7,78.9,81.2,,83.9,,73.6,-2.4,,0.8,-5.1,,-3.6,1.2,2.7,1.6,,-0.7,,-1.7,10.0,,5.9,3.9,,6.5,2.0,-3.7,-5.8,,5.9,,0.9,2.9,,-11.1,-4.7,,4.4,-25.1,-3.7,-7.2,,-7.4,,7.0,0.04,,-0.76,-0.94,,0.1,-0.65,-0.19,-0.73,,-0.31,,9.56,0.287,0.674,0.482,0.57,0.831,0.754,0.504,22.8,-35.8,-2.6,-6.8,21 - 34,-51.3,13.3,-5.5,0.411,0.349,0.241,0.1939999999999999,0.47,0.336,0.332,0.096,0.0,0.115,0.3389999999999999,0.06,0.023,0.003,,0.177,0.166,0.005,84.0,69.1,79.6,93.3,88.8,84.3,73.2,,92.3,84.9,2.1,0.3,-5.2,3.4,-1.6,2.0,-4.2,-1.2,,-2.7,2.4,0.0,4.0,-8.4,-6.8,8.2,4.1,2.0,-3.4,,5.0,-0.1,0.0,-11.0,-0.1,-6.2,-6.9,4.4,-1.0,9.7,,10.8,-39.6,-0.5,-0.48,-3.07,-0.23,-0.09,0.31,-0.19,11.84,,0.26,-1.01,-0.41,0.286,0.67,0.482,0.573,0.828,0.754,0.511,22.8,-0.4,101,76,108,96,101,101,103,1.0,101,99,111,101,101,97,105,96,104,88.2,11.8,311,0.073,118.5,1586,0.37,4286,0.163,0.281,0.254,0.431,0.319,10.3,0.7915780518928116,0.4995962314939435,0.7700325732899023,3.34672373718291,0.4320987654320987,0.1604938271604938,0.0770901193600639,-0.6998329681588358,1.2762079073294537,-0.6447385726720835,0.4491803527052346,-0.3790816153019066,0.0708084123437648,-0.5693474588338452,2.439521475636643,-0.13715488452862032,5,0.9999999934574406
3,2017,BOS,28,2334,5669,6338,1461,972,302,19,168,785,735,571,48,1224,53,36,9,141,106,31,0.258,2019,1534,903,175,25018,9223,15795,153,32,12,0.09,0.193,0.47,0.329,0.407,0.736,0.149,0.3,1.32,0.203,0.4529999999999999,0.344,0.114,0.11,0.076,0.375,0.316,-24.2,748,-68.9,32.6,195.9,-15.7,164.7,16.4,$131.1,4.5,91,-2.89,-117.19,114.3,-10.94,-1.15,1.04,1.75,94,-4.96,2.18,0.544,92.9,0.1639999999999999,84.4,0.067,88.7,0.098,79.2,0.109,84.2,0.018,84.9,,,0.008,,0.3,-12.3,0.1,8.2,-15.6,-3.2,,0.0,-0.3,0.01,0.33,-0.57,-0.72,,0.295,0.623,0.439,0.6729999999999999,0.871,0.7959999999999999,0.44,0.585,0.089,7.1,0.3279999999999999,,0.061,0.023,,0.22,0.159,0.08,0.027,0.0,0.1009999999999999,,,,93.4,,89.0,84.6,,92.2,84.5,79.3,80.2,68.7,84.1,,,-3.3,,0.3,-6.6,,-3.8,0.8,2.5,3.0,6.7,-3.6,,,9.9,,5.4,3.6,,6.0,1.8,-4.1,-6.3,-6.9,5.1,,,-2.1,,-13.1,-1.6,,-6.3,-2.2,7.8,-6.8,0.1,-21.2,,,-0.03,,-0.87,-0.28,,-0.12,-0.06,0.39,-1.0,1.14,-0.84,,,0.249,0.618,0.439,0.626,0.861,0.797,0.516,23.4,16.9,4.2,1.5,20 - 36,-61.8,13.7,-0.8,0.384,0.355,0.262,0.19,0.488,0.322,0.31,0.1009999999999999,0.001,0.099,0.336,0.065,0.023,,,0.1989999999999999,0.165,0.0,84.3,73.0,79.3,93.6,89.4,84.8,,,92.3,84.7,0.0,-2.7,9.0,3.7,-2.4,1.1,-5.6,,,-3.0,2.1,0.0,3.2,-9.3,-7.2,8.2,4.2,1.2,,,4.4,-0.3,0.0,-20.0,0.1,4.4,-0.2,-9.9,-3.5,,,-1.3,-4.5,-0.3,-0.79,0.51,0.18,0.0,-0.61,-0.61,,,-0.03,-0.11,-4.32,0.251,0.618,0.439,0.628,0.862,0.7959999999999999,0.513,23.4,12.3,101,107,91,102,95,86,101,1.0,105,95,80,95,103,105,103,99,100,87.3,10.9,221,0.049,114.3,1468,0.327,4490,0.19,0.28,0.25,0.397,0.313,15.4,0.8706083976006855,0.3424203821656051,0.8068791416850741,3.2715050341169336,0.4814814814814814,0.1358024691358024,0.0351629502211016,1.1948460781484291,-1.7350431215923627,1.123642422158466,0.2200444067951752,0.6098269463552437,-0.7788925357814054,-1.4039565808368837,-1.0507343619514573,1.7032968814821725,4,0.9999998027221703
7,2017,KCR,28,2342,5536,6027,1436,959,260,24,193,702,660,390,19,1166,45,37,17,160,91,31,0.259,1805,1603,977,173,22862,7961,14901,111,39,15,0.065,0.193,0.33,0.311,0.42,0.731,0.16,0.295,1.13,0.223,0.412,0.366,0.108,0.12,0.061,0.385,0.312,-44.9,690,-68.1,0.6,186.3,-13.9,125.8,12.5,$100.2,4.3,91,-2.78,-106.08,103.3,-59.97,-5.52,0.95,1.14,48,-6.57,3.64,0.527,92.7,0.178,84.4,0.061,88.3,0.118,78.8,0.103,84.0,0.012,83.2,,,0.003,,-16.7,-25.7,-14.9,-14.2,-0.2,2.6,,-0.14,-0.63,-1.06,-0.53,-0.01,0.95,,0.3379999999999999,0.711,0.506,0.644,0.871,0.7879999999999999,0.452,0.612,0.107,7.9,0.309,,0.057,0.016,,0.222,0.168,0.089,0.035,0.001,0.104,0.001,,,93.1,,88.4,83.2,,92.1,84.4,78.4,80.3,68.5,84.2,79.1,,-3.5,,-0.5,-6.1,,-5.8,-0.7,0.5,0.6,5.2,-5.0,8.7,,9.3,,5.0,3.2,,6.4,1.8,-4.1,-5.6,-6.6,4.5,6.0,,-20.9,,-12.4,1.8,,-13.3,-24.3,-9.5,-9.0,0.5,-3.3,-0.3,,-0.3,,-0.96,0.49,,-0.26,-0.63,-0.47,-1.11,4.11,-0.14,-2.47,,0.302,0.7040000000000001,0.506,0.608,0.862,0.787,0.507,22.7,-13.3,1.6,9.2,21 - 38,-60.2,13.0,-8.3,0.391,0.345,0.264,0.198,0.498,0.304,0.29,0.1,0.001,0.115,0.361,0.063,0.0139999999999999,,,0.161,0.178,,84.3,70.4,78.9,93.2,88.7,82.9,,,92.2,84.6,,-2.5,10.4,3.1,-2.1,1.4,-3.8,,,-3.6,1.8,,3.1,-8.5,-6.5,8.0,4.0,1.4,,,4.6,0.2,,-6.0,0.2,-18.5,-21.1,-10.6,5.3,,,-4.7,-29.9,,-0.26,1.03,-0.7,-0.25,-0.74,1.71,,,-0.13,-0.73,,0.3,0.7,0.506,0.603,0.862,0.787,0.515,22.7,-12.7,101,77,91,96,98,92,99,1.1,95,100,88,96,100,106,107,101,94,87.4,13.5,258,0.0579999999999999,118.0,1437,0.325,4426,0.144,0.251,0.262,0.428,0.32,11.6,0.7796754910333049,0.4398860398860399,0.8065372490459599,3.3044295511305863,0.4259259259259259,0.2037037037037037,0.1514382401169831,-0.9851857963150396,0.1322511437123303,1.1072339349745886,0.3203411420757334,-0.5026951855090498,1.5577850715628128,0.9106384563097664,1.770887993006548,1.1991299908977526,0,0.9999999999999982
3,2018,BOS,29,2345,5623,6302,1509,915,355,31,208,876,829,569,38,1253,55,48,7,130,125,31,0.268,1915,1590,902,152,24653,9201,15452,144,17,4,0.09,0.1989999999999999,0.45,0.339,0.453,0.792,0.185,0.309,1.2,0.205,0.435,0.361,0.096,0.131,0.075,0.235,0.34,128.8,865,79.2,38.6,188.6,-15.2,318.1,32.7,$262.0,5.2,111,13.08,-102.76,115.84,116.17,11.2,0.95,1.56,96,7.49,6.23,0.55,93.1,0.181,84.2,0.049,88.7,0.0819999999999999,79.1,0.125,84.4,0.015,85.1,,,0.005,,89.5,6.0,7.2,4.6,28.6,3.2,,0.66,0.13,0.6,0.23,0.93,0.89,,0.299,0.6779999999999999,0.4589999999999999,0.664,0.872,0.7929999999999999,0.422,0.5870000000000001,0.095,0.0,0.356,,0.052,0.02,0.0,0.1939999999999999,0.173,0.072,0.016,0.0,0.1169999999999999,,,,93.5,,88.2,84.7,87.1,92.3,84.3,78.8,81.4,67.7,84.3,,,-2.5,,0.3,-4.6,-8.4,-3.8,1.2,2.2,4.3,10.3,-3.3,,,9.4,,4.9,2.6,6.6,5.4,1.0,-4.8,-5.9,-8.8,4.2,,,49.0,,3.9,7.1,0.1,21.1,-1.6,5.3,-0.9,0.0,22.1,,,0.56,,0.31,1.46,4.31,0.44,-0.04,0.3,-0.21,2.13,0.77,,,0.257,0.6559999999999999,0.4589999999999999,0.605,0.8640000000000001,0.7929999999999999,0.506,23.0,23.4,8.7,-8.7,21 - 37,79.2,26.9,-5.1,0.406,0.3379999999999999,0.255,0.165,0.492,0.344,0.322,0.1159999999999999,0.0,0.081,0.369,0.051,0.022,,,0.176,0.178,0.0,84.5,70.4,79.1,93.6,88.4,84.6,,,92.3,84.3,13.4,-3.0,9.6,2.9,-2.2,0.4,-4.4,,,-3.9,1.6,-0.9,2.8,-6.7,-7.0,8.2,4.0,1.2,,,4.1,-0.4,0.8,21.1,1.0,0.7,59.4,3.3,11.9,,,20.2,2.3,0.0,0.74,16.24,0.03,0.65,0.26,2.19,,,0.46,0.05,0.7,0.257,0.655,0.4589999999999999,0.607,0.8640000000000001,0.7929999999999999,0.507,23.0,22.8,107,109,91,106,109,111,105,0.96,103,99,103,99,99,103,93,105,97,89.8,12.4,372,0.084,117.5,1766,0.3989999999999999,4425,0.1669999999999999,0.262,0.262,0.449,0.34,32.3,0.886140724946695,0.3799086757990867,0.8011742304030467,3.562321030580166,0.5679012345679012,0.1296296296296296,0.167950363584805,2.250822171500543,-0.6794380686905946,1.395886090576949,1.252733560922368,2.2032660019439354,-1.1653593145458967,1.4944174151765162,-2.2938177569824365,-0.9999694248607459,7,1.0
5,2018,CLE,30,2413,5595,6300,1447,915,297,19,216,818,786,554,32,1189,80,44,25,98,135,36,0.259,1780,1653,983,173,24592,9231,15361,107,59,15,0.088,0.1889999999999999,0.47,0.332,0.434,0.766,0.176,0.291,1.08,0.223,0.4029999999999999,0.374,0.105,0.131,0.06,0.254,0.33,79.8,816,41.3,3.3,188.5,-15.9,250.9,25.8,$206.6,4.9,106,-2.71,-106.53,103.82,53.95,4.99,0.94,1.23,97,2.87,-5.74,0.539,92.7,0.173,84.2,0.052,88.3,0.111,79.0,0.11,84.1,0.0139999999999999,85.7,0.001,75.4,0.005,,83.8,2.8,5.5,4.6,-1.1,-3.4,0.5,0.63,0.07,0.43,0.17,-0.04,-1.02,3.63,0.3,0.6729999999999999,0.457,0.674,0.8859999999999999,0.8059999999999999,0.422,0.5770000000000001,0.089,6.8,0.3389999999999999,,0.051,0.017,,0.198,0.174,0.086,0.026,0.001,0.106,0.0,0.001,,93.0,,88.5,85.0,,92.2,84.2,78.4,80.8,69.4,84.2,78.3,77.1,-1.9,,0.3,-4.6,,-3.9,1.0,1.9,3.0,7.4,-2.8,9.8,-2.6,9.0,,4.9,3.2,,5.5,0.9,-5.2,-5.7,-7.2,4.3,2.9,1.3,63.9,,4.2,-5.1,,9.0,-3.2,-0.2,0.2,1.0,1.1,-0.7,0.8,0.78,,0.34,-1.24,,0.19,-0.08,-0.01,0.03,6.28,0.04,-35.97,4.53,0.261,0.653,0.4579999999999999,0.623,0.879,0.8059999999999999,0.501,21.8,-12.6,8.6,-1.5,22 - 38,48.1,26.9,6.6,0.406,0.356,0.238,0.165,0.451,0.384,0.311,0.102,0.001,0.105,0.3339999999999999,0.054,0.02,0.001,,0.1939999999999999,0.1689999999999999,0.0,84.4,69.7,79.1,93.1,88.3,84.6,75.3,,92.3,84.2,0.0,-2.4,8.4,2.3,-1.5,0.5,-4.8,-0.1,,-4.0,1.4,0.0,2.9,-9.0,-7.2,7.9,4.0,2.0,-0.7,,4.4,-0.5,0.0,-5.3,1.0,-1.3,59.7,2.2,-2.4,0.5,,15.6,8.6,0.1,-0.21,6.03,-0.05,0.73,0.17,-0.48,3.63,,0.33,0.21,4.89,0.261,0.6509999999999999,0.4579999999999999,0.622,0.879,0.8059999999999999,0.503,21.8,8.1,104,106,87,104,104,105,99,1.05,95,103,103,99,104,96,94,96,108,88.8,13.8,299,0.067,114.5,1630,0.364,4477,0.165,0.254,0.259,0.428,0.333,26.8,0.8292581848321592,0.4224938875305624,0.8112698412698413,3.587075608045649,0.4382716049382716,0.1296296296296296,0.0919134931051037,0.883816685541257,0.2263600278679099,1.9871064939700724,1.3286160631105597,0.200410342461814,-1.1653593145458967,-0.5385507612505455,-0.8629885373832678,0.4644989952690526,3,0.9999999997409645
10,2018,OAK,29,2403,5579,6255,1407,838,322,20,227,813,778,550,18,1381,76,44,6,136,35,21,0.252,1681,1649,904,163,24930,9281,15649,117,14,0,0.088,0.221,0.4,0.325,0.439,0.764,0.187,0.294,1.02,0.214,0.397,0.389,0.099,0.138,0.07,0.0,0.329,75.3,806,89.0,7.1,187.2,-14.9,287.0,29.5,$236.3,3.5,112,4.55,-107.9,112.45,93.36,9.81,0.96,1.32,135,8.42,-3.69,0.5379999999999999,92.3,0.171,84.1,0.0579999999999999,87.8,0.109,79.5,0.108,83.4,0.015,84.9,0.002,75.1,0.003,,49.7,-2.0,11.2,-10.8,21.8,-2.9,-0.5,0.37,-0.05,0.77,-0.4,0.81,-0.76,-1.07,0.286,0.687,0.4589999999999999,0.64,0.852,0.777,0.432,0.605,0.103,-8.1,0.3379999999999999,,0.063,0.018,0.0,0.1969999999999999,0.1639999999999999,0.087,0.0289999999999999,0.0,0.103,0.0,0.002,,93.0,,87.7,84.6,86.3,91.3,84.1,78.4,81.9,68.8,83.5,78.7,75.1,-2.0,,0.2,-5.7,-6.8,-3.7,1.4,2.0,2.5,5.5,-1.0,7.6,-0.1,9.2,,5.0,2.8,4.4,5.4,1.2,-4.6,-5.2,-6.7,4.1,3.9,-0.1,13.4,,-5.4,-8.3,1.1,28.9,-3.2,-9.7,0.1,0.4,21.2,0.1,-0.5,0.16,,-0.34,-1.9,28.66,0.59,-0.08,-0.45,0.01,4.31,0.83,10.1,-1.19,0.242,0.6579999999999999,0.4589999999999999,0.574,0.845,0.777,0.522,22.2,-7.7,-5.1,1.8,22 - 41,80.9,26.7,-2.5,0.4029999999999999,0.349,0.248,0.155,0.447,0.3979999999999999,0.345,0.102,0.001,0.104,0.346,0.067,0.02,0.002,,0.187,0.1639999999999999,0.0,83.6,70.4,79.5,93.0,87.6,84.0,75.2,,91.3,84.1,0.0,-0.8,6.0,2.5,-1.8,0.3,-4.4,0.5,,-3.7,2.0,0.0,2.6,-6.3,-7.0,8.0,3.7,1.4,-1.5,,4.0,-0.3,0.0,22.4,-0.1,-12.5,20.9,4.0,-6.1,-0.7,,23.9,-2.0,0.1,0.88,-0.63,-0.48,0.24,0.24,-1.22,-1.56,,0.51,-0.05,5.21,0.241,0.6579999999999999,0.4589999999999999,0.575,0.8440000000000001,0.777,0.523,22.2,-2.8,101,106,101,102,105,112,100,1.01,94,107,108,98,102,100,88,95,112,89.5,15.0,352,0.083,115.3,1667,0.392,4248,0.1669999999999999,0.27,0.248,0.439,0.331,30.4,0.8143986683312526,0.4467404674046741,0.7792166266986411,3.425284541333161,0.4691358024691358,0.1296296296296296,0.059154295948503,0.5267116664169272,0.7420908415717478,0.1100022058916399,0.8326629008738393,0.6772807375766046,-1.1653593145458967,-1.4144206502203738,0.36243386571245395,-0.2090770806849303,4,0.9999836565725299
16,2018,ATL,27,2377,5582,6251,1433,915,314,29,175,759,717,511,53,1290,66,43,49,99,90,36,0.257,1839,1469,987,130,23760,8408,15352,119,88,17,0.0819999999999999,0.206,0.4,0.324,0.417,0.742,0.161,0.302,1.25,0.23,0.428,0.342,0.088,0.119,0.065,0.193,0.319,16.9,747,-31.1,30.2,187.0,38.5,241.2,24.8,$198.6,4.5,96,2.26,-107.49,109.76,52.75,5.68,0.98,1.15,247,3.22,-0.92,0.555,93.0,0.165,84.6,0.042,89.3,0.11,79.1,0.11,85.0,0.0139999999999999,86.1,0.003,76.0,0.009,,27.6,-9.1,-2.8,11.2,10.9,-0.3,-0.9,0.21,-0.23,-0.27,0.43,0.42,-0.09,-1.2,0.324,0.716,0.493,0.657,0.853,0.779,0.43,0.615,0.109,12.3,0.367,,0.0409999999999999,0.011,0.0,0.187,0.166,0.072,0.04,0.0,0.114,,0.003,,93.2,,89.4,86.6,86.8,92.4,84.8,78.6,79.9,66.3,84.9,,76.3,-2.1,,0.7,-5.7,-8.4,-3.1,0.8,2.1,2.8,4.6,-3.0,,-0.1,8.9,,4.6,2.4,7.3,5.5,1.4,-4.9,-5.7,-8.1,3.9,,0.9,28.3,,-5.9,-0.6,0.0,-13.5,-10.2,3.6,2.0,-0.4,7.8,,-0.8,0.33,,-0.61,-0.25,0.8,-0.31,-0.26,0.21,0.22,-5.77,0.29,,-0.99,0.285,0.6920000000000001,0.493,0.607,0.847,0.779,0.511,22.5,68.7,-0.2,11.0,20 - 39,-18.8,4.3,1.8,0.409,0.3379999999999999,0.253,0.1669999999999999,0.469,0.364,0.316,0.108,0.0,0.105,0.386,0.043,0.0139999999999999,0.003,,0.163,0.1669999999999999,0.0,85.1,67.3,79.0,93.3,89.3,86.1,76.1,,92.5,84.7,45.6,-2.9,-10.4,2.5,-1.7,0.8,-4.8,0.1,,-3.4,1.2,-2.1,2.6,-9.0,-6.9,7.7,3.6,0.9,-0.2,,4.0,0.0,4.9,13.8,0.0,11.9,24.4,-4.9,-3.3,-0.2,,-9.3,-12.3,-0.1,0.53,2.64,0.47,0.26,-0.48,-1.0,-0.24,,-0.24,-0.31,-3.92,0.285,0.6920000000000001,0.493,0.606,0.847,0.779,0.512,22.5,1.5,101,91,96,99,100,98,101,1.05,99,98,93,102,97,101,93,102,101,88.0,12.5,223,0.051,113.9,1471,0.336,4384,0.148,0.257,0.246,0.393,0.31,25.0,0.8178376104333193,0.3689064558629776,0.7936330187170053,3.2119192270001045,0.4506172839506173,0.1604938271604938,0.0983175603696258,0.6093565818858152,-0.9134580364410376,0.9542567257052482,0.1786144141106116,0.3911585005077304,-0.3515018022349548,-0.3673277102972933,-0.19626629118407707,1.0385085218733088,4,0.9737468201298238
18,2018,CIN,27,2402,5532,6240,1404,956,251,25,172,696,665,559,35,1376,65,35,49,128,77,33,0.254,1687,1425,1015,126,23713,8646,15067,107,113,28,0.09,0.221,0.41,0.328,0.401,0.729,0.148,0.307,1.18,0.246,0.409,0.345,0.088,0.121,0.063,0.248,0.317,7.3,736,-42.9,-11.1,186.7,36.7,166.1,17.1,$136.8,4.1,94,-6.77,-112.97,106.2,-17.75,-1.99,1.03,1.26,242,-2.97,-3.64,0.57,92.8,0.144,84.1,0.066,88.7,0.115,78.3,0.096,84.3,0.009,86.8,0.0,59.0,0.005,,-0.1,-10.8,13.6,-7.3,-11.3,0.1,-0.1,0.0,-0.32,0.87,-0.27,-0.5,0.03,-2.32,0.295,0.691,0.4679999999999999,0.65,0.862,0.7859999999999999,0.436,0.609,0.1,-7.6,0.392,,0.067,0.013,0.0,0.178,0.142,0.086,0.03,0.0,0.092,,0.0,,93.0,,88.8,86.2,86.3,92.3,84.0,77.6,79.8,69.1,84.2,,58.9,-1.8,,0.0,-3.6,-6.7,-4.0,1.4,0.9,3.0,7.5,-3.2,,-1.4,9.0,,4.7,2.8,7.3,5.8,1.1,-5.4,-6.1,-8.6,4.5,,-0.2,-9.7,,7.1,-3.6,0.1,6.2,-12.6,-2.0,-8.2,-0.1,-12.0,,-0.1,-0.1,,0.45,-1.18,5.56,0.15,-0.38,-0.1,-1.16,-6.02,-0.55,,-2.32,0.261,0.664,0.4679999999999999,0.603,0.853,0.785,0.514,22.4,25.6,-1.8,1.2,23 - 34,-50.5,4.3,-1.3,0.392,0.345,0.263,0.165,0.477,0.358,0.3379999999999999,0.091,0.0,0.115,0.402,0.067,0.012,,,0.1639999999999999,0.141,0.0,84.3,69.8,78.3,93.1,88.7,86.4,,,92.5,84.4,0.0,-3.0,2.7,1.6,-1.4,0.3,-3.5,,,-4.4,1.7,0.0,3.1,-8.1,-7.1,7.9,3.4,1.3,,,4.4,-0.2,0.0,-8.2,-0.3,-6.3,-6.5,14.4,-5.9,,,3.3,-16.5,-0.5,-0.38,-9.95,-0.23,-0.07,0.9,-2.01,,,0.08,-0.49,-10.7,0.261,0.6629999999999999,0.4679999999999999,0.599,0.8540000000000001,0.785,0.516,22.4,-21.7,100,100,102,100,96,90,102,1.13,95,99,94,98,99,105,92,103,100,87.3,13.4,236,0.0559999999999999,116.5,1344,0.317,4240,0.162,0.262,0.244,0.388,0.312,17.4,0.8172356369691923,0.3954022988505747,0.7794871794871795,3.007008147414925,0.4382716049382716,0.191358024691358,0.1272066457793499,0.5948899102813741,-0.3498848341704559,0.1258463515198067,-0.4495185227851302,0.200410342461814,0.4623557100759871,0.4050685089780791,0.747300827672444,0.35782342227287345,2,0.9944124154335874
11,2018,SEA,29,2373,5513,6087,1402,938,256,32,176,677,644,430,17,1221,70,41,29,128,79,37,0.254,1928,1456,903,138,23088,8306,14782,123,75,16,0.071,0.201,0.35,0.314,0.408,0.722,0.154,0.295,1.32,0.211,0.45,0.34,0.095,0.121,0.064,0.213,0.313,-11.0,700,-1.3,-6.2,182.1,-15.9,189.2,19.5,$155.8,4.2,100,2.76,-107.83,110.59,-24.1,-2.64,1.01,1.9,102,-1.79,4.53,0.562,92.7,0.171,83.9,0.052,88.3,0.095,79.7,0.099,83.7,0.0139999999999999,85.4,0.006,74.5,0.003,,-17.9,-9.3,-1.2,-6.6,8.5,3.2,3.5,-0.14,-0.23,-0.1,-0.3,0.37,0.95,2.36,0.311,0.67,0.466,0.633,0.882,0.787,0.431,0.603,0.099,4.5,0.34,,0.05,0.017,0.0,0.2189999999999999,0.1689999999999999,0.078,0.0289999999999999,0.001,0.091,0.0,0.006,,93.2,,88.5,85.3,87.3,91.9,84.2,78.7,81.8,68.3,83.8,77.9,74.9,-2.2,,0.4,-5.7,-7.8,-2.7,1.0,2.0,2.1,7.1,-2.1,9.3,-1.5,9.4,,4.9,2.8,4.7,5.7,1.2,-4.5,-5.2,-7.9,4.0,4.0,-0.7,-15.3,,-3.0,3.6,-0.2,-17.1,-19.2,6.3,-8.2,0.5,7.6,0.0,2.4,-0.2,,-0.26,0.92,-7.19,-0.34,-0.49,0.35,-1.25,4.09,0.36,1.32,1.75,0.278,0.644,0.466,0.5770000000000001,0.873,0.787,0.513,22.8,-22.2,-2.7,-1.7,24 - 44,3.2,26.0,-2.6,0.406,0.349,0.245,0.172,0.507,0.32,0.3,0.093,0.0,0.0969999999999999,0.36,0.051,0.02,0.006,,0.1969999999999999,0.17,0.001,83.8,68.8,79.5,93.2,88.5,84.3,74.5,,92.0,84.2,6.6,-1.9,8.0,2.1,-1.7,0.7,-4.4,-1.2,,-3.2,1.4,-0.4,2.4,-9.9,-6.7,8.0,3.8,1.2,-1.9,,4.4,-0.3,-0.8,3.5,0.7,-0.2,-5.4,0.3,6.0,3.3,,-21.8,-21.9,0.2,0.16,5.93,-0.01,-0.07,0.03,1.29,2.26,,-0.48,-0.56,1.26,0.2789999999999999,0.643,0.466,0.578,0.8740000000000001,0.787,0.513,22.8,6.9,102,85,92,99,98,92,100,0.99,106,93,95,99,102,99,98,108,90,88.7,11.3,271,0.062,117.0,1561,0.358,4366,0.171,0.27,0.259,0.419,0.323,19.3,0.7720185419300464,0.4159527326440178,0.799408575653031,2.7794818789433764,0.3888888888888889,0.1666666666666666,0.1277955270340618,-0.4917707214905775,0.0872280286451092,1.2924856002717309,-1.1469758956381872,-0.5625822897218515,-0.1887302997727664,0.4208131976136171,0.9298236392575651,0.825848948915482,0,0.9999999999174864
21,2019,HOU,28,2309,5613,6394,1538,899,323,28,288,920,891,645,17,1166,66,57,10,146,67,27,0.274,1842,1666,963,159,24710,9349,15361,120,41,13,0.1009999999999999,0.182,0.55,0.352,0.495,0.848,0.221,0.296,1.11,0.215,0.412,0.373,0.095,0.173,0.065,0.317,0.355,191.8,996,197.3,34.8,201.1,-15.1,445.2,43.2,$345.9,4.3,124,9.49,-104.18,113.67,150.88,15.12,0.93,1.58,81,14.74,-4.5,0.53,93.0,0.178,84.7,0.061,88.2,0.1,78.9,0.114,83.9,0.016,85.7,,,0.003,,99.2,39.1,2.1,24.5,6.0,0.7,,0.76,0.89,0.14,0.99,0.21,0.17,,0.293,0.6629999999999999,0.4479999999999999,0.682,0.884,0.807,0.419,0.604,0.086,-3.1,0.353,,0.068,0.013,0.0,0.178,0.172,0.081,0.021,,0.113,,,,93.2,,88.2,85.4,82.5,92.7,84.6,78.2,80.5,,84.0,,,-2.0,,0.3,-5.8,-6.5,-4.7,1.1,1.8,1.8,,-1.3,,,9.3,,4.7,2.7,0.7,5.8,1.3,-5.0,-5.0,,4.5,,,65.7,,-0.8,0.6,0.3,10.1,38.1,22.4,-1.4,,3.5,,,0.77,,-0.05,0.2,6.54,0.23,0.91,1.14,-0.29,,0.13,,,0.261,0.636,0.4479999999999999,0.632,0.88,0.807,0.498,23.3,19.7,-1.8,-3.7,22 - 36,194.3,30.1,-4.0,0.426,0.342,0.2319999999999999,0.1639999999999999,0.437,0.3989999999999999,0.3279999999999999,0.109,,0.092,0.357,0.063,0.019,0.0,,0.162,0.175,0.0,84.0,,78.7,93.3,88.4,84.9,90.7,,92.6,84.5,0.0,-1.1,,1.8,-1.9,0.5,-4.1,2.1,,-4.4,1.6,0.0,3.0,,-7.0,8.2,3.6,1.0,0.8,,4.2,-0.2,0.0,6.5,,24.9,57.7,-3.9,0.9,-0.1,,13.6,36.7,0.5,0.24,,1.09,0.65,-0.25,0.2,-6.53,,0.34,0.85,8.32,0.261,0.635,0.4479999999999999,0.631,0.88,0.807,0.499,23.3,-0.2,108,119,80,109,113,119,99,1.01,98,102,113,103,101,94,98,96,105,88.3,13.4,307,0.068,117.9,1604,0.355,4517,0.172,0.258,0.259,0.443,0.338,42.0,0.9454309224772628,0.5008695652173913,0.8176415389427588,4.001015897372411,0.5123456790123457,0.1049382716049382,0.092547092478876,2.595742809507268,0.8097303333563822,2.383030488928997,2.552649185158502,0.5167335562294324,-0.9456836148612509,-0.4800859630052688,-2.0486663413549433,-0.3234091562295842,3,0.9999999999999076
3,2019,BOS,29,2455,5770,6475,1554,937,345,27,245,901,857,590,36,1382,49,44,20,127,68,30,0.269,1889,1606,923,136,25427,9214,16213,132,33,5,0.091,0.213,0.43,0.34,0.466,0.806,0.197,0.313,1.18,0.209,0.428,0.364,0.085,0.153,0.07,0.152,0.338,100.1,915,48.7,28.8,203.6,-15.0,286.1,27.8,$222.3,4.3,106,-0.21,-118.33,118.12,61.34,5.5,1.0,1.72,123,3.35,-3.56,0.529,93.2,0.183,84.3,0.067,88.0,0.0969999999999999,79.9,0.109,84.3,0.015,85.4,0.001,74.6,0.005,,60.7,25.6,7.0,8.0,7.2,-3.3,1.2,0.45,0.55,0.41,0.33,0.26,-0.87,4.41,0.321,0.696,0.478,0.649,0.847,0.769,0.418,0.601,0.11,-10.5,0.376,,0.073,0.016,,0.149,0.176,0.0819999999999999,0.02,,0.108,,0.001,,93.4,,88.3,85.3,,92.6,84.4,79.3,80.6,,84.2,,74.9,-2.3,,0.6,-6.9,,-2.5,1.0,2.2,2.5,,-2.8,,-0.5,10.8,,4.4,2.9,,6.2,1.3,-4.4,-4.8,,4.9,,2.7,25.3,,1.3,-5.4,,20.1,9.9,27.2,-0.2,,3.8,,1.2,0.27,,0.07,-1.36,,0.53,0.22,1.31,-0.04,,0.14,,4.49,0.295,0.6659999999999999,0.478,0.606,0.845,0.77,0.494,23.9,13.8,-2.8,-4.5,22 - 36,38.2,30.5,0.3,0.4,0.342,0.258,0.153,0.478,0.369,0.342,0.105,,0.093,0.377,0.067,0.016,0.001,,0.14,0.18,0.0,84.3,,79.6,93.4,88.2,84.9,74.9,,92.6,84.4,0.0,-2.3,,2.5,-1.8,0.6,-4.7,-1.6,,-2.7,1.2,0.0,3.3,,-6.6,8.0,3.3,0.7,1.0,,4.0,-0.3,0.0,5.2,,12.6,39.5,1.0,-7.0,1.2,,3.5,19.0,-0.2,0.19,,0.53,0.41,0.06,-1.67,4.49,,0.1,0.41,-10.21,0.295,0.665,0.478,0.604,0.8440000000000001,0.769,0.495,23.9,14.1,106,107,93,105,106,105,105,0.98,101,100,100,97,101,104,92,105,97,89.9,12.8,362,0.081,115.0,1841,0.413,4454,0.158,0.268,0.26,0.456,0.336,28.1,0.8733197556008147,0.4350721420643729,0.7865637065637066,3.5855842460329788,0.5679012345679012,0.1172839506172839,0.0910330718639512,1.2264025615324992,-0.4867840830802835,0.8226033223054652,1.091323430082565,1.278016267857351,-0.6707309069738262,-0.5212241691562303,-0.8477899202281506,0.24468070873217115,4,0.9999828641566556
23,2019,MIL,28,2514,5542,6309,1366,820,279,17,250,769,744,629,42,1563,72,38,20,120,101,25,0.246,1743,1407,841,132,25312,9400,15912,102,46,10,0.1,0.248,0.4,0.329,0.438,0.767,0.192,0.296,1.24,0.211,0.437,0.353,0.094,0.178,0.059,0.217,0.324,20.3,814,-26.3,20.6,198.4,35.3,237.3,23.1,$184.4,4.4,97,1.79,-111.7,113.49,1.37,0.38,0.98,1.15,314,1.99,-0.16,0.556,93.2,0.17,84.8,0.0579999999999999,88.3,0.103,78.9,0.103,85.0,0.01,85.5,,,0.006,,39.0,-21.5,-7.6,-11.5,15.1,0.9,,0.28,-0.5,-0.52,-0.44,0.58,0.34,,0.306,0.6659999999999999,0.4539999999999999,0.605,0.841,0.748,0.412,0.589,0.115,6.2,0.367,,0.064,0.011,0.0,0.184,0.162,0.089,0.023,0.0,0.1,,,,93.4,,88.5,85.3,81.8,92.5,84.9,78.5,80.3,63.4,85.1,,,-2.2,,0.5,-6.1,-4.9,-3.1,1.2,2.5,3.4,7.5,-2.9,,,8.8,,4.9,2.8,-0.9,5.5,1.2,-5.3,-6.2,-6.2,4.1,,,19.3,,-14.3,0.6,0.0,4.0,-17.5,-19.9,5.1,0.0,15.7,,,0.21,,-0.9,0.23,2.1,0.09,-0.43,-0.9,0.91,4.19,0.63,,,0.28,0.638,0.455,0.552,0.8390000000000001,0.7490000000000001,0.488,22.5,55.9,6.1,0.4,22 - 36,-20.1,3.1,-0.6,0.382,0.35,0.268,0.171,0.421,0.408,0.387,0.099,0.0,0.103,0.37,0.061,0.01,,,0.171,0.162,0.0,85.0,68.6,78.9,93.5,88.5,84.9,,,92.4,84.8,0.0,-2.8,9.0,3.0,-1.9,0.7,-5.3,,,-2.9,1.6,0.0,2.6,-8.2,-7.3,7.7,3.5,1.0,,,4.3,-0.1,0.0,18.6,0.1,-10.3,20.2,-15.2,-4.0,,,-0.8,-16.2,0.1,0.74,1.4,-0.39,0.22,-0.99,-1.57,,,-0.02,-0.39,4.64,0.2789999999999999,0.638,0.455,0.55,0.8390000000000001,0.7490000000000001,0.489,22.5,23.3,96,113,113,99,98,102,99,0.97,102,99,115,94,102,107,101,95,105,89.7,12.0,329,0.081,117.9,1589,0.3929999999999999,4045,0.171,0.286,0.243,0.429,0.324,23.4,0.7935560859188544,0.5201560468140443,0.7522586780789349,2.9241163200794187,0.4876543209876543,0.1172839506172839,0.1701544592395227,-0.2882533226083213,1.1897634749924746,-0.8998623164343069,-1.2354615253632464,0.1783856843948006,-0.6707309069738262,1.6286223472784085,1.9743015511504458,-1.620602588931352,2,0.9999999947081832
27,2019,PIT,27,2441,5657,6228,1497,981,315,38,163,758,722,425,41,1213,63,34,47,119,64,29,0.265,2071,1405,967,118,23525,8368,15157,128,82,16,0.068,0.195,0.35,0.321,0.42,0.741,0.156,0.309,1.47,0.218,0.466,0.316,0.084,0.1159999999999999,0.062,0.195,0.313,-39.6,744,-68.1,-25.8,195.9,37.0,138.7,13.5,$107.8,4.5,92,0.63,-110.06,110.69,4.91,0.36,1.01,1.35,282,-3.04,3.66,0.53,93.0,0.1669999999999999,84.8,0.057,88.5,0.113,78.2,0.119,84.0,0.015,86.2,,,0.006,,1.7,-13.2,-11.4,6.2,-13.2,2.7,,0.01,-0.34,-0.85,0.23,-0.47,0.76,,0.336,0.723,0.495,0.659,0.8690000000000001,0.785,0.411,0.617,0.106,-3.3,0.3389999999999999,,0.06,0.017,,0.187,0.1639999999999999,0.0969999999999999,0.022,0.0,0.113,,,,93.3,,88.5,85.6,,92.6,84.8,77.8,80.1,63.8,84.2,,,-2.7,,0.2,-5.8,,-4.0,1.5,2.0,2.2,6.8,-3.2,,,8.9,,5.3,2.8,,5.9,1.2,-4.8,-4.6,-6.8,4.3,,,1.0,,-4.4,7.0,,-19.9,-13.0,1.2,-0.4,-0.3,-20.7,,,0.01,,-0.31,1.74,,-0.46,-0.34,0.05,-0.08,-6.72,-0.79,,,0.304,0.6990000000000001,0.495,0.608,0.866,0.784,0.484,22.6,11.3,-2.9,-1.1,22 - 35,-71.5,3.0,-0.6,0.3929999999999999,0.3379999999999999,0.2689999999999999,0.193,0.4679999999999999,0.3389999999999999,0.289,0.114,0.0,0.109,0.355,0.061,0.016,,,0.165,0.161,0.0,84.1,65.4,78.1,93.3,88.5,85.2,,,92.5,84.8,0.0,-3.0,7.3,2.5,-2.3,0.6,-4.8,,,-4.5,1.9,0.0,2.9,-8.9,-6.8,7.9,3.9,1.2,,,4.4,-0.1,0.0,-15.1,-0.6,-3.8,14.3,-2.2,3.8,,,-28.0,-18.2,-0.1,-0.56,-8.01,-0.15,0.17,-0.15,0.97,,,-0.72,-0.48,-1.28,0.304,0.698,0.495,0.61,0.865,0.784,0.486,22.6,-7.1,103,77,89,97,94,83,103,1.0,109,89,75,97,98,108,114,106,87,88.4,10.2,242,0.053,116.2,1534,0.3389999999999999,4527,0.146,0.252,0.259,0.412,0.313,12.9,0.7873822204014748,0.3440633245382586,0.8052344251766217,3.3467409213857136,0.4876543209876543,0.191358024691358,0.0777126099023056,-0.4054906785509369,-2.28007990366362,1.7600656326953663,0.251166209009788,0.1783856843948006,0.9789853403507216,-0.8831610574669814,0.022326420544459803,3.215890325639577,6,0.9999999999999991
4,2019,CHW,28,2311,5529,6042,1443,981,260,20,182,708,676,378,13,1549,66,32,36,114,63,28,0.261,1859,1283,843,122,23538,8086,15452,145,62,16,0.063,0.256,0.24,0.314,0.414,0.728,0.153,0.329,1.45,0.212,0.466,0.322,0.095,0.142,0.078,0.258,0.309,-57.4,703,-65.0,-36.4,190.0,-15.7,99.0,9.6,$76.9,3.9,92,-4.23,-104.01,99.78,-66.49,-6.37,0.94,1.61,87,-6.67,2.17,0.529,92.9,0.183,84.1,0.0559999999999999,87.8,0.104,79.4,0.1159999999999999,84.4,0.01,84.5,0.003,74.5,0.002,,-29.2,-11.7,-4.3,0.4,-2.2,-1.4,0.8,-0.23,-0.27,-0.33,0.02,-0.08,-0.61,1.31,0.348,0.687,0.491,0.597,0.8440000000000001,0.743,0.422,0.618,0.126,-2.5,0.384,,0.0579999999999999,0.012,,0.142,0.176,0.085,0.0279999999999999,,0.113,,0.003,,93.2,,88.1,84.1,,92.2,84.2,78.8,80.5,,84.4,,74.5,-1.9,,0.8,-5.3,,-3.8,1.2,2.4,3.1,,-1.6,,-1.4,9.0,,4.5,2.6,,5.3,0.8,-4.5,-6.4,,4.2,,2.0,-27.3,,-5.4,1.1,,-12.5,-24.1,3.8,-7.9,,-4.5,,1.2,-0.3,,-0.39,0.38,,-0.37,-0.58,0.19,-1.2,,-0.17,,2.02,0.322,0.6609999999999999,0.491,0.5429999999999999,0.841,0.743,0.499,23.2,-52.1,-2.7,6.0,22 - 36,-67.4,28.5,2.0,0.38,0.3329999999999999,0.287,0.176,0.496,0.3279999999999999,0.349,0.1119999999999999,,0.102,0.384,0.055,0.0139999999999999,0.003,,0.142,0.186,0.001,84.5,,79.2,93.2,88.1,83.7,74.6,,92.4,84.1,0.0,-1.5,,2.7,-1.7,0.7,-4.4,-2.0,,-3.7,1.7,0.0,2.9,,-6.9,7.9,3.5,0.8,0.6,,4.1,-0.7,0.0,2.9,,1.2,-35.0,-4.1,-5.1,0.5,,-11.6,-25.0,0.0,0.11,,0.05,-0.39,-0.31,-1.56,0.79,,-0.35,-0.57,0.38,0.32,0.662,0.491,0.541,0.841,0.743,0.501,23.2,-18.4,103,74,112,97,94,82,110,0.99,110,88,93,92,98,116,105,109,87,89.1,10.8,288,0.071,117.9,1519,0.375,4049,0.162,0.288,0.245,0.408,0.305,11.3,0.7879705755084379,0.4112994350282485,0.7436279377689508,2.864174189678391,0.4596273291925465,0.1490683229813664,0.1196319017304001,-0.3943182296367981,-0.9552166737971238,-1.3332143431621994,-1.4463144507162349,-0.2056706732311549,0.0371442322767175,0.2558488423500721,2.1350208195973948,0.5586618765468436,5,0.9999999829090466
14,2021,TOR,28,2383,5476,6070,1455,895,285,13,262,846,816,496,14,1218,51,35,10,112,81,20,0.266,1730,1662,889,171,23254,8419,14835,128,22,7,0.0819999999999999,0.201,0.41,0.33,0.466,0.797,0.2,0.296,1.04,0.208,0.4039999999999999,0.3879999999999999,0.103,0.158,0.074,0.318,0.34,129.4,864,92.2,8.7,189.7,-15.6,294.2,29.5,$236.0,4.2,112,1.96,-100.71,102.67,96.67,9.07,0.91,1.26,100,7.46,-5.31,0.502,93.7,0.212,84.9,0.073,87.6,0.088,79.6,0.1119999999999999,85.0,0.013,86.7,,,0.002,,75.7,8.2,-1.6,34.4,9.1,3.5,,0.65,0.17,-0.1,1.69,0.35,1.17,,0.319,0.725,0.488,0.633,0.867,0.778,0.418,0.621,0.108,1.0,0.355,,0.087,0.01,,0.145,0.198,0.069,0.02,0.0,0.1159999999999999,,,,93.8,,87.7,86.5,,93.5,84.7,79.0,80.7,45.9,85.1,,,-1.8,,0.5,-5.1,,-5.1,1.7,2.2,2.4,1.1,-1.6,,,9.5,,4.3,2.4,,5.3,1.2,-4.7,-6.5,5.5,4.5,,,41.3,,-1.0,1.4,,20.3,2.7,26.3,4.2,-0.4,6.0,,,0.5,,-0.05,0.63,,0.6,0.06,1.64,0.9,-5.72,0.22,,,0.272,0.698,0.489,0.55,0.862,0.7759999999999999,0.508,22.8,-7.0,2.9,0.6,22 - 37,93.2,18.2,-0.7,0.41,0.336,0.254,0.149,0.516,0.336,0.326,0.115,0.0,0.08,0.361,0.074,0.01,,,0.141,0.2189999999999999,0.0,84.8,72.5,79.4,93.7,87.5,86.2,,,93.4,84.7,79.3,-1.5,6.8,2.3,-1.5,0.4,-5.1,,,-5.1,2.2,-3.3,3.0,-10.3,-7.7,8.3,3.4,0.8,,,3.8,-0.3,8.5,3.5,0.0,30.1,41.6,-2.9,2.6,,,19.6,6.4,0.0,0.13,-0.26,1.62,0.5,-0.17,1.11,,,0.6,0.13,4.97,0.276,0.691,0.489,0.551,0.862,0.7759999999999999,0.512,22.8,5.0,108,96,88,104,112,118,102,1.01,95,105,116,102,97,102,91,100,104,90.3,13.6,418,0.0969999999999999,117.4,1822,0.423,4305,0.149,0.257,0.261,0.456,0.338,29.7,0.8187159043222828,0.4955082742316785,0.799341021416804,3.6321545374406816,0.5185185185185185,0.1419753086419753,0.1096904440567776,1.1197012128838786,1.474844839286383,1.9373226343275207,1.6428470435060512,1.2750641262542808,-0.5913092793205182,1.114577286440597,-0.9636245352665622,-1.2597983905170465,2,0.9999999999967351
21,2021,HOU,28,2319,5593,6291,1496,962,299,14,221,863,834,569,25,1222,64,54,9,136,53,16,0.267,1785,1658,958,170,24555,8982,15573,115,33,8,0.09,0.1939999999999999,0.47,0.339,0.444,0.783,0.177,0.303,1.08,0.218,0.406,0.377,0.103,0.133,0.064,0.242,0.336,114.9,876,112.9,32.7,196.6,-14.6,340.2,34.1,$272.9,3.8,115,6.67,-103.23,109.9,144.3,14.79,0.95,1.54,94,7.9,-0.85,0.509,93.2,0.211,84.1,0.061,88.8,0.085,79.2,0.114,84.5,0.016,85.8,0.003,77.2,0.003,,36.4,7.8,23.5,6.5,24.0,1.1,5.3,0.29,0.15,1.56,0.31,0.86,0.27,8.57,0.295,0.667,0.4529999999999999,0.682,0.88,0.8059999999999999,0.423,0.607,0.088,-6.3,0.3379999999999999,,0.073,0.018,,0.17,0.195,0.071,0.02,,0.1119999999999999,,0.002,,93.4,,88.9,85.6,,92.6,84.1,78.5,80.5,,84.5,,77.9,-1.5,,0.6,-6.3,,-2.5,1.7,1.6,2.6,,-0.9,,-1.7,9.7,,5.0,2.6,,5.4,1.3,-4.8,-7.0,,4.5,,1.9,28.2,,16.3,-0.8,,-4.9,1.5,12.7,-0.9,,25.8,,5.1,0.34,,0.91,-0.18,,-0.12,0.03,0.72,-0.18,,0.94,,8.99,0.25,0.6459999999999999,0.4529999999999999,0.626,0.871,0.805,0.512,24.6,18.1,-1.5,-0.1,24 - 37,106.6,18.9,-4.6,0.41,0.352,0.238,0.148,0.52,0.331,0.32,0.111,0.0,0.089,0.345,0.066,0.019,0.003,0.0,0.165,0.2019999999999999,0.0,84.6,69.0,79.3,93.6,88.7,85.7,76.9,74.8,92.7,84.2,87.6,-1.0,5.9,2.1,-1.5,0.6,-6.1,-1.6,10.0,-2.4,1.9,-3.8,2.9,-10.7,-7.3,8.5,3.7,1.4,0.2,-1.3,4.0,-0.1,5.3,25.3,0.0,5.5,25.8,17.7,-2.3,5.3,0.0,-2.8,7.4,0.4,0.93,-4.11,0.25,0.3,1.1,-0.5,8.57,-1.54,-0.07,0.15,4.72,0.256,0.635,0.4529999999999999,0.624,0.872,0.805,0.519,24.6,0.8,109,107,85,107,107,104,104,1.06,96,102,98,102,101,95,91,101,103,89.5,14.0,342,0.077,116.4,1811,0.408,4436,0.18,0.268,0.261,0.436,0.335,34.0,0.8904700301854247,0.4097334878331402,0.8057542521061835,3.45481974417841,0.5246913580246914,0.1111111111111111,0.0317460317221625,2.8475143517646964,-0.486281908203208,2.335025230472548,1.0358318911708495,1.3749256451174128,-1.5220346326145635,-1.2781917782914414,-2.9853268580542367,0.33968066113146667,7,1.0
3,2021,BOS,29,2353,5495,6122,1434,862,330,23,219,829,783,512,22,1386,61,42,10,100,40,21,0.261,1671,1603,862,190,23976,8485,15491,113,23,5,0.084,0.226,0.37,0.328,0.449,0.777,0.188,0.309,1.04,0.208,0.4039999999999999,0.3879999999999999,0.119,0.1369999999999999,0.068,0.217,0.333,93.0,834,39.7,-12.6,191.3,-14.3,217.0,21.8,$174.0,4.0,105,5.44,-106.81,112.25,67.35,5.99,0.98,1.73,92,4.03,1.51,0.52,93.5,0.19,84.6,0.063,87.3,0.094,79.7,0.12,84.3,0.013,85.6,0.001,53.0,0.003,,38.6,18.5,6.7,14.3,23.1,0.5,-0.1,0.31,0.41,0.44,0.64,0.81,0.15,-0.4,0.337,0.6990000000000001,0.487,0.642,0.836,0.757,0.413,0.611,0.118,-5.6,0.382,,0.08,0.013,,0.135,0.174,0.077,0.017,0.001,0.12,,,,93.5,,87.6,85.2,,93.3,84.3,78.9,80.9,45.9,84.3,,,-1.4,,0.5,-5.7,,-1.8,1.5,0.4,2.8,0.1,-0.4,,,9.7,,4.3,2.3,,5.6,1.0,-4.5,-5.3,5.9,4.4,,,13.2,,7.5,0.2,,7.8,15.5,5.7,9.7,0.8,22.0,,,0.14,,0.39,0.05,,0.24,0.37,0.31,2.39,4.01,0.77,,,0.3,0.6729999999999999,0.487,0.591,0.831,0.757,0.5,24.7,-26.8,-5.6,-2.8,22 - 35,34.1,18.4,4.0,0.397,0.3379999999999999,0.265,0.1669999999999999,0.502,0.331,0.346,0.119,,0.09,0.389,0.069,0.013,,,0.129,0.1889999999999999,0.0,84.4,,79.6,93.6,87.8,85.5,,,93.5,84.7,88.8,-0.4,,1.1,-1.2,0.4,-5.6,,,-1.9,1.7,3.8,2.8,,-6.6,8.5,3.3,0.9,,,4.0,-0.3,0.2,18.9,,7.9,19.5,8.0,1.8,,,7.6,17.5,0.1,0.66,,0.36,0.21,0.48,0.58,,,0.25,0.39,0.76,0.303,0.6679999999999999,0.487,0.588,0.8320000000000001,0.7559999999999999,0.504,24.7,0.4,106,99,99,104,108,111,106,1.02,95,105,100,99,97,106,102,98,103,89.9,13.7,411,0.099,118.6,1767,0.424,4163,0.158,0.2769999999999999,0.255,0.45,0.335,21.4,0.8270293242668934,0.4226779252110977,0.7736033975824894,3.579419784463036,0.5,0.1481481481481481,0.0484171321754418,1.3198853282437222,-0.1903245128077105,0.3412596961172937,1.4623365327190223,0.9754795696648868,-0.4051642086617091,-0.766415600309637,-0.3567044602960478,0.12311054575860492,4,0.9997354351393156
29,2021,SDP,28,2497,5384,6119,1305,831,273,21,180,729,695,586,42,1324,61,46,36,121,110,39,0.242,1843,1407,824,171,23760,8797,14963,127,68,11,0.096,0.216,0.44,0.321,0.401,0.722,0.159,0.287,1.31,0.2019999999999999,0.452,0.345,0.122,0.128,0.069,0.162,0.312,-13.7,727,-11.0,6.9,191.2,25.2,228.9,23.0,$183.6,4.5,99,-3.95,-107.21,103.26,24.18,2.65,1.0,1.26,305,-0.34,-3.61,0.525,93.6,0.1989999999999999,85.0,0.068,89.2,0.088,79.1,0.105,85.2,0.015,85.3,0.001,57.2,0.006,,3.7,-16.1,-8.5,9.6,-8.1,4.5,0.3,0.03,-0.34,-0.53,0.46,-0.33,1.26,1.33,0.282,0.672,0.449,0.623,0.862,0.7759999999999999,0.427,0.604,0.1009999999999999,2.5,0.352,,0.07,0.017,,0.171,0.193,0.071,0.023,,0.102,,,,93.8,,89.4,85.1,,93.1,85.1,78.5,80.8,,85.1,,,-2.6,,0.6,-6.9,,-3.7,1.7,2.0,3.3,,-3.0,,,9.5,,5.3,2.2,,5.2,1.4,-4.8,-6.9,,3.9,,,-1.7,,-6.4,1.2,,-7.1,-11.2,5.7,-4.5,,-7.7,,,-0.02,,-0.38,0.3,,-0.18,-0.24,0.33,-0.81,,-0.32,,,0.243,0.643,0.449,0.5479999999999999,0.857,0.7759999999999999,0.515,23.6,32.1,0.7,3.0,21 - 37,-8.5,14.1,-3.0,0.3929999999999999,0.358,0.249,0.178,0.503,0.319,0.342,0.104,,0.088,0.357,0.07,0.016,,,0.168,0.198,,85.2,,79.2,93.8,89.1,85.2,,,93.0,85.1,,-2.7,,2.8,-2.2,0.9,-6.5,,,-3.6,2.2,,2.3,,-7.4,8.3,3.8,0.5,,,3.8,-0.1,,-8.6,,3.9,-0.8,-10.2,2.5,,,-4.7,-14.0,,-0.35,,0.19,-0.01,-0.62,0.68,,,-0.12,-0.3,,0.248,0.635,0.449,0.552,0.856,0.7759999999999999,0.52,23.6,-2.7,97,104,97,98,95,93,97,0.97,106,95,94,98,102,101,109,99,97,89.4,10.5,314,0.076,119.6,1684,0.406,4148,0.176,0.2769999999999999,0.245,0.401,0.318,21.8,0.7573087705246295,0.3950617283950617,0.78362477529008,3.4375529357866483,0.4259259259259259,0.1790123456790123,0.0811001409750915,-0.3589601368336897,-0.8217322319505485,0.9627137064741704,0.9767277856907328,-0.2228586566926909,0.5255611446323365,0.2369006099972936,0.8849418240987601,1.462175425616059,0,0.9999999999809788
7,2021,KCR,28,2368,5427,5993,1349,906,251,29,163,686,647,421,8,1258,55,52,31,100,124,33,0.249,1806,1502,869,135,22754,8035,14719,124,74,18,0.07,0.21,0.33,0.306,0.396,0.702,0.147,0.292,1.2,0.208,0.432,0.36,0.09,0.109,0.069,0.243,0.304,-53.9,672,-91.8,11.1,187.3,-14.9,116.5,11.7,$93.5,5.0,88,-4.26,-104.23,99.97,-68.19,-6.79,0.95,1.3,80,-7.15,2.67,0.495,93.6,0.221,84.9,0.054,88.6,0.0969999999999999,79.6,0.1119999999999999,84.4,0.019,85.7,0.0,43.7,0.001,,-8.6,-17.5,-3.4,-16.3,1.5,5.2,-0.2,-0.08,-0.35,-0.27,-0.74,0.06,1.17,-2.74,0.345,0.721,0.5,0.624,0.86,0.764,0.412,0.613,0.118,6.8,0.352,,0.069,0.02,,0.14,0.212,0.068,0.026,0.0,0.1119999999999999,,,,93.6,,89.2,85.3,,93.0,84.6,79.0,80.6,43.6,84.5,,,-1.8,,0.9,-5.7,,-2.6,1.3,2.1,2.2,-2.4,-1.8,,,9.7,,4.4,2.7,,5.2,1.1,-5.6,-6.2,3.9,4.4,,,-19.0,,-2.6,3.9,,-8.2,-22.1,-6.0,-11.9,-0.2,-2.4,,,-0.24,,-0.17,0.86,,-0.26,-0.46,-0.39,-2.0,-2.74,-0.09,,,0.298,0.701,0.5,0.5539999999999999,0.852,0.763,0.501,23.8,-3.8,6.3,5.4,21 - 38,-85.0,18.0,1.5,0.412,0.351,0.237,0.146,0.529,0.325,0.307,0.11,0.0,0.093,0.36,0.065,0.021,,,0.134,0.216,0.0,84.5,73.0,79.5,93.7,88.5,85.2,,,93.1,84.8,92.7,-1.6,6.9,2.5,-1.5,0.8,-5.6,,,-2.7,1.6,10.4,3.0,-9.5,-7.6,8.5,3.3,1.4,,,3.8,-0.3,15.8,-3.3,0.0,-19.3,-24.7,-2.1,4.2,,,-5.7,-20.9,-0.2,-0.13,0.68,-0.9,-0.3,-0.14,0.87,,,-0.19,-0.42,-4.16,0.302,0.695,0.5,0.556,0.852,0.764,0.505,23.8,-17.3,101,83,92,97,95,87,100,1.01,102,97,80,102,101,95,89,103,101,89.2,12.7,295,0.069,115.1,1665,0.391,4259,0.144,0.261,0.247,0.407,0.311,12.4,0.7474662162162162,0.3801749271137026,0.7900884365092609,2.9267309681549247,0.4135802469135802,0.1851851851851851,0.0959617888688205,-0.5959652490785322,-1.162099202283605,1.363543642582219,-0.771810494891049,-0.4225816944189539,0.7117062152911455,0.6931294821631866,0.8524588558807968,1.8200906034686801,0,0.9999999999999272
22,2022,LAD,29,2326,5526,6247,1418,850,325,31,212,847,812,607,22,1374,56,53,3,85,98,18,0.257,1551,1730,913,122,25138,9413,15725,120,14,5,0.0969999999999999,0.22,0.44,0.333,0.442,0.775,0.185,0.302,0.9,0.218,0.37,0.412,0.071,0.123,0.077,0.357,0.337,133.4,848,138.8,11.9,186.3,-19.2,355.3,37.3,$298.4,5.0,119,14.09,-98.94,113.03,151.44,16.2,0.94,1.37,83,13.08,1.83,0.492,93.6,0.2189999999999999,84.8,0.063,89.2,0.099,80.0,0.113,85.9,0.013,87.3,0.001,62.8,0.003,,84.7,6.9,21.8,3.0,29.3,4.2,-1.1,0.69,0.12,1.37,0.12,1.03,1.31,-6.1,0.294,0.7020000000000001,0.4639999999999999,0.64,0.843,0.768,0.417,0.611,0.108,9.0,0.312,,0.071,0.02,,0.177,0.209,0.077,0.026,0.001,0.107,,,,94.0,,89.5,87.9,,93.1,84.7,79.2,81.7,48.6,85.7,,,-2.1,,0.3,-6.2,,-4.1,1.3,2.2,1.9,-3.6,-2.8,,,9.2,,5.1,2.8,,4.6,1.1,-4.9,-4.5,7.2,3.5,,,36.6,,22.9,5.0,,42.6,-5.9,5.7,1.7,-1.3,24.0,,,0.47,,1.28,1.01,,0.96,-0.11,0.3,0.26,-4.43,0.89,,,0.254,0.6659999999999999,0.4639999999999999,0.574,0.838,0.767,0.51,23.1,-7.3,6.3,3.2,22 - 37,147.9,28.4,10.4,0.43,0.3339999999999999,0.236,0.135,0.522,0.342,0.351,0.107,0.0,0.094,0.309,0.07,0.02,,,0.179,0.221,0.0,85.4,71.2,79.7,94.1,89.5,87.7,,,93.1,84.6,81.7,-2.5,7.0,2.4,-1.9,0.6,-5.7,,,-3.5,1.8,-1.0,2.5,-10.2,-6.2,8.4,4.4,1.9,,,3.9,0.2,1.2,21.6,0.0,6.9,32.6,29.2,8.8,,,44.3,-14.5,0.0,0.8,-0.01,0.29,0.42,1.66,1.76,,,0.98,-0.26,0.79,0.258,0.664,0.4639999999999999,0.579,0.838,0.767,0.507,23.1,3.8,106,116,97,106,111,119,104,1.08,86,112,104,106,96,96,80,99,113,89.5,15.8,388,0.092,112.5,1763,0.419,4210,0.161,0.268,0.245,0.422,0.329,38.9,0.8705932932072227,0.4004722550177096,0.7800544261245398,3.1687031094363918,0.5308641975308642,0.1234567901234567,0.09973666878066,2.060861430400604,0.0261407647190363,0.2377859968621659,0.3601209585156153,1.8088611526582592,-1.4744195615489712,0.0844857799461274,-1.2806826543724645,-1.2082044151181466,1,0.9999999994376787
14,2022,TOR,28,2445,5555,6158,1464,945,307,12,200,775,756,500,13,1242,55,33,8,136,67,35,0.264,1977,1510,848,166,23696,8541,15155,124,19,4,0.081,0.2019999999999999,0.4,0.329,0.431,0.76,0.168,0.305,1.31,0.196,0.456,0.348,0.11,0.132,0.063,0.211,0.331,105.5,810,124.2,22.1,183.6,-18.8,319.4,33.5,$268.3,3.7,118,7.74,-100.91,108.66,94.98,9.78,0.95,1.43,104,6.53,1.62,0.489,94.3,0.237,85.0,0.075,88.3,0.079,80.2,0.1009999999999999,85.1,0.019,87.9,,,0.002,,42.8,19.4,8.0,10.8,17.6,-2.8,,0.37,0.35,0.45,0.57,0.73,-0.61,,0.312,0.7090000000000001,0.477,0.6509999999999999,0.855,0.777,0.417,0.608,0.106,-3.0,0.314,,0.086,0.015,,0.172,0.2269999999999999,0.061,0.019,0.0,0.105,,,,94.4,,88.6,88.1,,94.1,84.9,79.4,81.2,42.4,85.1,,,-2.3,,0.8,-5.9,,-6.2,2.5,2.4,3.4,-0.3,-2.4,,,10.0,,4.5,2.9,,5.5,1.2,-5.1,-7.2,6.8,4.3,,,28.8,,8.2,-1.4,,7.7,7.8,5.6,5.6,-0.4,14.4,,,0.39,,0.4,-0.4,,0.19,0.15,0.39,1.22,-3.24,0.58,,,0.273,0.6729999999999999,0.477,0.586,0.851,0.777,0.51,23.2,3.3,-6.7,0.4,22 - 39,121.2,11.3,-4.2,0.401,0.3429999999999999,0.256,0.155,0.504,0.34,0.315,0.104,0.0,0.075,0.312,0.081,0.016,,,0.168,0.243,0.0,85.0,76.4,79.7,94.4,89.1,87.4,,,94.1,84.9,87.1,-2.2,5.1,3.4,-2.2,1.0,-5.4,,,-5.8,2.9,-0.4,2.9,-10.4,-7.5,8.8,3.8,1.7,,,4.1,0.0,-0.4,10.1,0.0,4.1,25.0,6.2,4.2,,,7.7,15.8,0.0,0.41,3.65,0.23,0.34,0.32,1.14,,,0.19,0.28,-0.37,0.2739999999999999,0.6709999999999999,0.477,0.588,0.85,0.777,0.512,23.2,6.6,109,102,91,106,110,112,105,0.99,107,93,120,100,98,103,96,94,113,90.2,11.2,368,0.084,118.4,1929,0.442,4361,0.161,0.267,0.257,0.417,0.326,31.6,0.8032719836400818,0.4129032258064516,0.7983111399805132,3.4257322485185586,0.4753086419753086,0.1172839506172839,0.0183744055196394,0.6884389897314814,0.2494321157233806,1.227986350207643,1.3829627956699968,1.0311660711013642,-1.6218615177038682,-1.411789493291275,-0.7825979430661374,0.22386096241964396,4,0.9999945300207552
9,2022,NYY,29,2342,5422,6172,1308,821,225,8,254,807,764,620,36,1391,70,41,14,121,102,33,0.241,1669,1616,770,163,24434,8948,15486,119,31,7,0.1,0.225,0.45,0.325,0.426,0.751,0.185,0.276,1.03,0.19,0.412,0.3989999999999999,0.1009999999999999,0.157,0.071,0.226,0.327,87.6,793,97.0,59.3,184.0,-18.8,326.6,34.3,$274.4,4.0,114,6.3,-114.63,120.93,119.44,12.63,1.07,2.15,93,10.95,-5.07,0.487,93.8,0.226,84.2,0.06,88.2,0.086,79.8,0.118,85.3,0.024,87.6,,,0.005,,48.8,22.6,-6.5,12.6,15.0,-4.4,,0.41,0.41,-0.45,0.6,0.52,-0.76,,0.311,0.662,0.456,0.628,0.845,0.758,0.413,0.609,0.11,-6.2,0.3389999999999999,,0.069,0.02,,0.144,0.211,0.073,0.02,0.002,0.123,,0.0,,94.0,,87.8,87.6,,93.5,84.3,79.0,80.3,49.7,85.4,,51.1,-2.1,,1.1,-7.2,,-5.7,2.4,2.2,3.2,-2.5,-1.1,,-2.7,9.7,,4.5,2.6,,5.0,1.0,-4.8,-6.9,8.6,4.2,,4.0,39.7,,-1.2,-2.0,,-5.3,10.0,7.3,6.4,3.2,8.0,,1.6,0.48,,-0.07,-0.41,,-0.15,0.19,0.41,1.33,8.49,0.27,,32.4,0.278,0.631,0.456,0.573,0.8370000000000001,0.757,0.503,23.7,40.5,1.2,-8.7,22 - 36,90.8,11.3,1.8,0.414,0.341,0.245,0.159,0.527,0.314,0.367,0.121,,0.075,0.34,0.057,0.02,0.0,,0.145,0.24,0.001,85.2,,79.3,93.9,88.1,86.9,51.3,,93.5,84.2,83.7,-1.0,,2.5,-1.8,1.3,-6.7,-3.3,,-5.4,2.8,-2.1,2.9,,-7.6,8.7,3.6,1.6,4.8,,4.0,0.0,3.5,3.3,,14.5,31.1,3.9,3.9,1.6,,-2.7,7.9,1.5,0.11,,0.79,0.37,0.28,0.77,32.4,,-0.08,0.14,5.15,0.2769999999999999,0.631,0.456,0.5710000000000001,0.8370000000000001,0.757,0.505,23.7,24.5,99,126,101,105,109,124,95,0.96,96,106,143,103,97,99,98,98,104,89.7,13.3,411,0.1,119.8,1710,0.418,4091,0.177,0.287,0.243,0.427,0.33,34.7,0.8232280102476516,0.5035935563816605,0.7746273493195075,3.8017194903761458,0.4876543209876543,0.1666666666666666,0.1599642536693764,1.095265578799898,1.8784574574536133,-0.0565656270045652,2.879195800929691,1.2039872003362295,-0.4423258684646913,1.192088278007001,0.4155091578582327,-2.2047806124732467,2,0.9999999992031485
25,2022,NYM,29,2340,5489,6176,1422,952,272,27,171,772,735,510,25,1217,112,44,20,122,62,22,0.259,1881,1522,887,132,23987,8557,15430,131,46,13,0.083,0.1969999999999999,0.42,0.332,0.412,0.744,0.153,0.302,1.24,0.207,0.4379999999999999,0.355,0.087,0.1119999999999999,0.07,0.283,0.326,78.1,784,96.6,16.7,184.2,-21.5,295.9,31.1,$248.6,4.3,113,10.19,-91.13,101.32,112.71,12.96,0.88,1.36,98,9.17,2.46,0.514,93.7,0.192,84.1,0.08,89.5,0.096,79.7,0.109,86.0,0.009,87.6,,,0.004,,45.7,2.3,-13.6,15.7,29.3,-3.1,,0.37,0.05,-0.71,0.68,1.12,-1.38,,0.33,0.696,0.48,0.6729999999999999,0.862,0.785,0.41,0.608,0.103,-8.1,0.321,,0.077,0.0139999999999999,,0.191,0.186,0.081,0.025,0.001,0.104,,,,94.0,,90.0,87.6,,93.2,84.2,79.1,81.4,42.6,85.9,,,-2.1,,0.4,-6.6,,-3.2,1.1,1.8,4.0,1.4,-3.2,,,9.3,,5.6,2.9,,5.4,1.3,-5.1,-5.2,7.3,3.5,,,29.9,,-16.1,-3.9,,4.2,-5.7,11.2,5.0,1.3,26.1,,,0.39,,-0.87,-1.16,,0.09,-0.13,0.58,0.83,7.37,1.05,,,0.291,0.6659999999999999,0.48,0.613,0.857,0.784,0.503,24.8,-4.8,-2.7,-10.0,20 - 39,88.5,28.1,2.0,0.384,0.363,0.253,0.168,0.5479999999999999,0.284,0.307,0.105,0.0,0.094,0.322,0.068,0.016,,,0.193,0.2019999999999999,,85.6,65.6,79.6,94.1,89.7,87.3,,,93.3,84.2,,-2.9,4.7,2.8,-1.8,0.8,-6.4,,,-3.0,1.4,,2.4,-7.2,-6.6,8.4,4.7,1.9,,,4.4,0.2,,27.8,0.0,10.3,29.7,-12.9,-4.7,,,1.6,-0.2,,1.11,0.35,0.46,0.39,-0.78,-1.25,,,0.03,0.0,,0.292,0.664,0.48,0.612,0.858,0.784,0.504,24.8,9.2,107,99,87,106,104,99,104,1.03,102,96,95,94,105,103,99,104,94,88.2,11.9,309,0.071,116.5,1610,0.371,4337,0.162,0.265,0.251,0.403,0.321,29.4,0.8256410256410256,0.3544041450777202,0.8029468911917098,3.125815590219045,0.5,0.1419753086419753,0.0476190475820106,1.144457677064768,-0.8013578016868046,1.4794183726165786,0.1894510138396504,1.3768083295710951,-1.03209369308428,-0.8739721681730804,-1.4105826646766677,0.7200312597795383,4,0.9999999036556162
21,2022,HOU,29,2279,5409,6054,1341,830,284,13,214,737,715,528,18,1179,60,42,9,118,83,22,0.248,1729,1671,845,161,22950,8348,14602,111,36,16,0.087,0.195,0.45,0.319,0.424,0.743,0.176,0.278,1.03,0.1989999999999999,0.407,0.3939999999999999,0.096,0.128,0.064,0.444,0.324,69.0,761,88.7,34.8,180.5,-18.6,291.0,30.6,$244.4,4.1,113,5.78,-93.87,99.65,64.16,6.9,0.9,1.55,81,5.53,0.92,0.469,93.5,0.235,84.8,0.072,88.3,0.096,79.8,0.111,84.5,0.018,86.9,0.0,65.0,0.003,,61.1,-1.3,-15.2,4.9,14.9,-3.4,0.0,0.57,-0.02,-0.93,0.22,0.59,-0.82,3.61,0.325,0.7090000000000001,0.479,0.655,0.877,0.787,0.4,0.612,0.102,-5.6,0.32,,0.081,0.0139999999999999,,0.147,0.2239999999999999,0.078,0.023,,0.113,,,,93.5,,88.7,87.0,,93.4,84.8,79.0,81.5,,84.6,,,-1.6,,1.0,-6.1,,-3.0,2.2,1.6,2.8,,-0.9,,,9.8,,5.1,2.5,,5.6,1.4,-4.7,-6.2,,4.5,,,59.2,,-20.8,-2.6,,-9.6,-5.9,0.3,6.3,,11.9,,,0.81,,-1.12,-0.81,,-0.28,-0.12,0.02,1.21,,0.46,,,0.29,0.6729999999999999,0.479,0.593,0.871,0.7859999999999999,0.493,24.1,16.2,2.1,-7.6,22 - 39,83.1,11.1,-3.4,0.422,0.351,0.2269999999999999,0.153,0.537,0.31,0.317,0.1119999999999999,,0.09,0.318,0.08,0.015,,,0.147,0.238,0.0,84.6,,79.8,93.6,88.7,86.7,,,93.5,84.7,92.7,-0.8,,1.9,-1.4,1.2,-5.6,,,-2.9,2.6,0.5,3.1,,-6.9,8.6,4.0,1.2,,,4.4,0.1,6.1,13.0,,5.1,58.2,-19.2,-3.3,,,-8.9,-10.1,0.2,0.51,,0.25,0.8,-1.05,-0.96,,,-0.26,-0.19,3.6,0.288,0.674,0.479,0.591,0.87,0.7859999999999999,0.495,24.1,-2.9,102,110,88,103,108,118,96,1.01,95,105,116,105,100,91,95,100,103,88.7,14.2,346,0.081,117.4,1672,0.39,4287,0.156,0.258,0.249,0.412,0.324,30.4,0.8200965335673541,0.4645861601085482,0.8052527254707631,3.304528173414769,0.4259259259259259,0.1543209876543209,0.1438356163308825,1.0314268196298009,1.177786981992983,1.6044812911618913,0.9006338298085579,0.3398815541619024,-0.7372097807744856,0.8954780280784741,-0.41867284306653996,-0.8496048738133412,2,0.9999999951971263
11,2022,SEA,28,2383,5375,6117,1236,791,229,19,197,690,663,596,17,1397,89,45,9,120,83,27,0.23,1618,1595,795,189,24110,9020,15090,95,24,7,0.0969999999999999,0.228,0.43,0.315,0.39,0.704,0.16,0.272,1.01,0.198,0.4039999999999999,0.3979999999999999,0.118,0.124,0.059,0.292,0.31,3.2,703,56.2,-0.3,182.4,-20.0,231.5,24.3,$194.5,4.1,108,3.24,-111.1,114.35,35.05,3.92,1.06,1.75,127,3.05,0.02,0.49,93.7,0.21,83.9,0.07,88.2,0.094,79.7,0.118,85.5,0.018,87.5,,,0.003,,38.9,-13.8,-7.3,1.0,-6.2,-12.1,,0.33,-0.27,-0.43,0.04,-0.22,-2.74,,0.296,0.6940000000000001,0.461,0.625,0.857,0.77,0.413,0.596,0.106,1.9,0.347,,0.069,0.016,,0.14,0.207,0.083,0.018,0.001,0.12,,0.0,,93.9,,88.6,87.3,,93.3,84.1,79.0,81.5,53.7,85.5,,59.8,-2.1,,0.4,-6.4,,-2.7,1.5,1.3,2.4,-1.8,-3.0,,1.1,9.7,,4.9,2.5,,5.0,1.2,-5.3,-5.8,9.1,4.0,,4.1,25.3,,-2.8,-10.6,,1.1,-17.9,-3.7,2.2,-0.1,-12.2,,0.2,0.3,,-0.17,-2.68,,0.03,-0.36,-0.19,0.53,-0.49,-0.42,,3.48,0.26,0.6559999999999999,0.461,0.5579999999999999,0.851,0.769,0.506,23.3,-20.2,-0.2,-7.5,21 - 39,58.2,11.2,-2.3,0.406,0.351,0.242,0.18,0.528,0.292,0.358,0.118,,0.091,0.346,0.068,0.017,0.0,,0.141,0.2189999999999999,0.0,85.6,,79.6,93.8,88.7,86.8,60.2,,93.4,84.0,71.9,-2.8,,1.8,-1.8,0.7,-5.7,1.9,,-2.5,1.8,6.4,2.8,,-6.9,8.6,4.1,1.2,3.9,,4.0,0.0,-2.1,-8.0,,0.4,20.4,-6.3,-13.4,0.2,,6.0,-20.0,0.0,-0.28,,0.02,0.24,-0.38,-3.35,3.49,,0.18,-0.38,-0.62,0.263,0.654,0.461,0.561,0.851,0.769,0.505,23.3,2.5,95,122,103,102,99,107,94,1.0,95,106,112,101,100,98,111,98,97,88.2,15.0,327,0.081,117.2,1481,0.367,4035,0.1639999999999999,0.27,0.236,0.393,0.317,23.9,0.7687788501888376,0.4568115942028986,0.7716200752002615,2.8818462757773653,0.4382716049382716,0.1790123456790123,0.1013257574894004,-0.014743267147672,1.0381363180145111,-0.219672959407091,-0.7814195368065501,0.5127026833967678,-0.1474419561548971,0.1137095754327514,1.315405712129764,-0.643097817400589,2,0.8942819713768638
16,2023,ATL,29,2278,5597,6249,1543,920,293,23,307,947,916,538,20,1289,67,43,2,128,132,27,0.276,1884,1604,858,117,24503,8886,15617,113,7,4,0.086,0.206,0.42,0.344,0.501,0.845,0.225,0.306,1.17,0.1969999999999999,0.434,0.369,0.073,0.191,0.06,0.5710000000000001,0.359,213.0,974,199.3,11.7,194.0,-18.5,414.5,41.3,$330.7,5.1,126,19.3,-100.56,119.86,189.43,18.57,0.92,1.25,71,18.43,2.57,0.489,93.9,0.221,84.7,0.07,89.5,0.087,80.3,0.113,85.9,0.02,86.2,,,0.005,,109.7,33.7,22.1,21.5,19.5,-1.4,,0.92,0.62,1.3,1.01,0.71,-0.29,,0.3339999999999999,0.727,0.497,0.654,0.84,0.767,0.414,0.606,0.1159999999999999,9.5,0.315,,0.074,0.021,0.002,0.171,0.2189999999999999,0.064,0.024,0.001,0.11,0.0,,,94.1,,89.7,86.7,82.8,93.6,84.6,79.3,82.2,46.4,85.8,81.3,,-2.4,,0.5,-5.8,-4.5,-4.8,1.8,2.4,3.2,-2.2,-3.3,-6.9,,8.9,,4.8,2.2,-0.1,4.7,1.0,-5.3,-5.2,5.4,3.2,-2.5,,77.9,,19.1,2.1,-0.4,24.6,24.0,22.9,1.1,0.1,15.9,0.3,,1.01,,1.05,0.41,-1.02,0.59,0.45,1.47,0.19,0.47,0.59,5.36,,0.303,0.6940000000000001,0.497,0.599,0.8390000000000001,0.7659999999999999,0.497,18.9,-6.7,3.4,12.3,20 - 39,208.8,18.4,-4.3,0.43,0.336,0.2339999999999999,0.134,0.482,0.3829999999999999,0.341,0.111,,0.084,0.306,0.077,0.023,,0.0,0.173,0.228,,85.7,,80.2,94.3,89.8,86.3,,81.9,93.8,84.8,,-3.2,,3.0,-2.1,0.8,-5.3,,-6.5,-4.7,2.3,,1.9,,-7.0,8.1,4.0,0.9,,-4.1,3.7,-0.2,,16.1,,21.6,71.1,28.2,-1.5,,0.3,25.1,22.3,,0.6,,1.06,0.95,1.51,-0.27,,5.36,0.6,0.4,,0.3,0.6970000000000001,0.497,0.601,0.8370000000000001,0.7659999999999999,0.497,18.9,10.1,110,98,92,106,120,135,103,0.98,101,100,149,105,97,96,86,93,117,91.0,12.0,517,0.119,121.2,2004,0.46,4355,0.14,0.256,0.277,0.504,0.363,40.7,0.9135206321334504,0.5186906019007392,0.7937269963194111,3.3130102797483554,0.6419753086419753,0.074074074074074,0.105105464924176,2.226106618232366,1.905152287961724,1.0491368768129958,0.5072919156425696,2.402533773875866,-2.2770143898890107,1.2946372475842547,-1.88102028915418,-3.115276802816372,1,0.999999986475773
13,2023,TEX,29,2302,5595,6306,1470,893,326,18,233,881,845,599,17,1416,53,47,10,103,79,19,0.263,1664,1682,871,138,24762,9215,15547,112,19,6,0.095,0.225,0.42,0.337,0.452,0.79,0.19,0.31,0.99,0.207,0.395,0.3989999999999999,0.0819999999999999,0.139,0.067,0.316,0.34,111.8,880,134.9,31.1,195.8,-19.9,352.9,35.2,$281.5,4.5,118,5.6,-100.74,106.34,127.43,12.28,0.91,1.13,71,9.72,-3.56,0.49,93.8,0.21,84.7,0.073,88.8,0.095,79.6,0.107,85.6,0.025,86.8,0.0,75.0,0.004,,42.3,31.9,11.1,7.3,31.0,1.2,0.0,0.35,0.62,0.61,0.31,1.17,0.2,-0.26,0.294,0.7120000000000001,0.469,0.626,0.866,0.779,0.42,0.6,0.104,-8.4,0.356,,0.067,0.026,0.001,0.129,0.216,0.079,0.018,0.003,0.106,,0.0,,94.2,,89.1,86.9,81.5,93.6,84.8,78.9,81.8,48.4,85.4,,75.1,-2.4,,0.5,-6.6,-6.3,-3.3,1.8,1.5,3.9,1.7,-3.5,,-3.8,9.3,,4.5,2.2,-1.7,4.6,1.1,-6.0,-5.7,8.7,3.4,,1.7,14.6,,11.0,1.1,1.1,14.8,24.5,-3.1,10.7,3.4,26.9,,0.0,0.17,,0.66,0.17,5.32,0.47,0.46,-0.16,2.42,4.71,1.02,,-0.26,0.262,0.6709999999999999,0.469,0.5579999999999999,0.861,0.778,0.506,18.8,11.2,-4.0,-11.5,20 - 38,126.6,19.4,5.9,0.3979999999999999,0.358,0.245,0.138,0.495,0.367,0.356,0.107,,0.091,0.347,0.077,0.026,0.0,,0.131,0.22,0.0,84.8,,79.2,94.1,89.4,86.5,74.9,,93.6,84.7,85.0,-3.4,,2.6,-2.3,0.9,-6.3,-3.2,,-3.0,1.9,0.0,2.1,,-7.8,8.4,3.5,0.8,0.4,,3.5,-0.2,0.0,28.7,,1.7,27.0,7.7,0.9,0.0,,8.4,29.7,0.3,1.09,,0.07,0.31,0.4,0.14,-0.26,,0.26,0.54,4.9,0.261,0.6709999999999999,0.469,0.562,0.86,0.778,0.508,18.8,10.2,106,113,97,106,110,115,105,1.04,94,105,110,97,104,101,89,95,113,89.8,14.2,385,0.091,115.2,1762,0.416,4238,0.157,0.261,0.256,0.44,0.335,36.0,0.8987836663770634,0.423155505107832,0.7754519505233112,3.875294191236286,0.5493827160493827,0.1111111111111111,0.0901137357120714,1.944326129909963,0.1090449952487829,0.1393237118982112,2.620413317355884,1.219667036190812,-1.2964818774966136,0.5437932376551047,-0.8242319980219314,-1.2354299811191691,1,0.9999989007840009
26,2023,PHI,28,2323,5541,6207,1417,877,291,29,220,796,771,539,22,1481,69,42,13,110,141,26,0.256,1698,1518,855,140,24285,8630,15655,116,44,15,0.087,0.239,0.36,0.327,0.438,0.765,0.182,0.308,1.12,0.21,0.417,0.373,0.092,0.145,0.068,0.341,0.329,57.3,814,35.0,-20.0,192.7,-18.1,218.3,21.8,$174.1,5.3,105,2.41,-114.35,116.76,32.18,3.12,1.03,1.61,93,3.57,-1.23,0.492,93.7,0.2239999999999999,84.3,0.067,89.3,0.086,80.2,0.11,85.9,0.02,86.2,0.001,76.4,0.005,,18.7,17.6,-2.9,8.1,15.6,-3.8,0.8,0.16,0.33,-0.18,0.39,0.58,-0.77,4.3,0.341,0.688,0.484,0.606,0.848,0.748,0.413,0.615,0.122,10.4,0.3289999999999999,,0.07,0.02,0.002,0.16,0.216,0.072,0.021,0.002,0.109,0.0,0.001,,94.1,,89.5,86.8,84.3,93.1,84.3,79.7,81.9,46.3,85.7,79.5,76.5,-1.6,,0.0,-6.1,-4.9,-3.7,1.3,1.4,2.4,-1.9,-2.9,-4.5,-4.1,9.1,,4.9,2.1,2.2,4.6,1.2,-4.6,-5.0,7.3,3.5,-3.3,-1.4,14.6,,-3.5,-6.0,-1.2,-0.4,12.4,2.3,4.9,1.5,16.8,0.5,0.8,0.18,,-0.21,-1.24,-2.4,-0.01,0.24,0.13,0.99,3.74,0.64,25.75,4.3,0.315,0.657,0.484,0.547,0.8440000000000001,0.747,0.495,18.9,-38.1,6.0,-4.2,22 - 35,45.4,18.3,0.9,0.409,0.34,0.251,0.14,0.531,0.3279999999999999,0.361,0.107,0.001,0.081,0.3229999999999999,0.074,0.023,0.001,0.0,0.162,0.228,0.0,85.8,78.5,79.7,94.3,89.6,86.5,76.7,79.7,93.3,84.4,94.4,-2.8,5.1,2.1,-1.4,0.3,-5.3,-3.0,-4.2,-3.5,1.4,0.0,2.2,-9.3,-6.4,8.2,4.0,0.9,-2.7,-4.2,3.5,0.0,0.0,16.5,0.3,7.2,11.4,-1.6,-5.2,0.8,0.5,1.7,10.1,-0.2,0.64,1.6,0.36,0.15,-0.09,-0.92,4.3,25.75,0.04,0.18,-19.99,0.315,0.654,0.484,0.547,0.843,0.747,0.499,18.9,-15.7,102,99,107,101,105,109,104,1.05,97,101,113,100,98,103,90,103,100,89.5,13.2,357,0.087,115.7,1676,0.407,4118,0.158,0.28,0.251,0.426,0.326,20.1,0.8420146362462333,0.4422110552763819,0.7613984211374255,3.314554880936177,0.4814814814814814,0.1358024691358024,0.0590500641317906,0.8588648961467144,0.4672988074428671,-0.5603235662237523,0.5130966875032135,0.352231428555105,-0.6427935359016824,-1.0119960513902138,0.7990709608694515,-0.28777000202684355,4,0.9985782488786894
14,2023,TOR,29,2403,5562,6220,1423,924,292,19,188,746,705,550,14,1303,69,32,4,129,99,34,0.256,1780,1604,875,169,24193,8802,15391,117,35,20,0.088,0.209,0.42,0.329,0.417,0.745,0.161,0.301,1.11,0.205,0.418,0.377,0.105,0.1169999999999999,0.066,0.5710000000000001,0.324,28.8,787,45.5,23.0,193.1,-20.5,249.8,24.9,$199.3,4.3,106,-4.15,-114.53,110.38,-3.24,-0.45,1.02,1.76,114,1.23,-5.3,0.5,94.0,0.215,84.4,0.086,89.0,0.084,79.9,0.093,85.4,0.021,85.8,,,0.004,,19.8,-9.6,-14.4,6.7,13.9,7.8,,0.16,-0.18,-0.69,0.33,0.62,1.51,,0.299,0.71,0.475,0.649,0.861,0.785,0.427,0.615,0.102,-10.4,0.331,,0.091,0.018,0.001,0.163,0.217,0.065,0.018,0.002,0.095,,,,94.5,,89.2,86.5,83.2,93.4,84.4,79.1,81.5,49.4,85.3,,,-2.4,,0.8,-5.3,-6.6,-4.9,2.6,1.4,3.8,0.0,-2.7,,,9.5,,4.5,2.5,1.3,4.5,1.2,-5.3,-6.0,6.4,3.4,,,11.0,,-15.4,4.5,1.3,-2.3,-15.6,4.0,0.5,7.2,11.4,,,0.14,,-0.7,1.04,10.0,-0.06,-0.3,0.26,0.11,14.67,0.5,,,0.259,0.675,0.475,0.586,0.855,0.784,0.518,19.0,2.5,-6.3,-4.4,24 - 36,35.1,19.1,-1.7,0.3989999999999999,0.3389999999999999,0.262,0.158,0.52,0.322,0.3279999999999999,0.096,0.0,0.075,0.327,0.086,0.018,,,0.161,0.236,0.0,85.0,77.1,79.9,94.3,89.6,86.1,,,93.7,84.5,59.3,-2.6,6.0,2.6,-2.0,1.1,-5.0,,,-4.9,2.9,0.0,2.1,-9.0,-7.4,8.5,4.0,1.1,,,3.5,-0.1,0.0,17.9,0.0,1.8,22.0,-10.4,2.6,,,-9.4,-19.1,0.2,0.77,-0.76,0.1,0.28,-0.5,0.61,,,-0.24,-0.33,8.25,0.262,0.6709999999999999,0.475,0.591,0.853,0.784,0.521,19.0,11.9,104,106,91,104,101,97,102,1.03,99,99,93,97,98,108,102,100,99,88.7,13.0,350,0.081,116.7,1670,0.389,4298,0.16,0.262,0.253,0.415,0.324,25.0,0.821057012068248,0.4032171581769437,0.7905144694533762,3.073343667817474,0.4506172839506173,0.1234567901234567,0.0744568096799034,0.4581413230196818,-0.265805834753913,0.8892029829135485,-0.3934001308488501,-0.0420574840065793,-0.969637706699148,-0.2403664118978753,0.10415685111087304,0.5145084975432669,2,0.9733414407259668
29,2023,SDP,29,2329,5401,6180,1316,824,273,14,205,752,719,653,16,1311,57,44,22,134,137,32,0.244,1742,1592,769,179,24622,9229,15393,137,53,14,0.106,0.212,0.5,0.329,0.413,0.742,0.17,0.283,1.09,0.187,0.425,0.3879999999999999,0.1119999999999999,0.129,0.079,0.264,0.323,24.9,778,43.1,16.2,191.9,-21.1,253.9,25.3,$202.5,4.5,106,-3.27,-105.42,102.15,25.46,2.75,0.94,1.52,114,5.49,-8.95,0.496,93.9,0.228,84.5,0.07,89.3,0.081,80.0,0.102,85.8,0.023,86.6,,,0.004,,2.4,15.6,-20.4,7.6,12.5,-5.5,,0.02,0.28,-1.19,0.38,0.5,-0.97,,0.288,0.6509999999999999,0.442,0.647,0.867,0.785,0.425,0.599,0.095,5.6,0.319,,0.075,0.024,0.0,0.172,0.226,0.06,0.022,0.001,0.1009999999999999,,,,94.1,,89.4,87.3,81.8,93.4,84.5,79.1,81.7,47.6,85.6,,,-2.1,,0.3,-6.5,-3.7,-4.7,1.5,1.9,1.7,-4.3,-2.8,,,9.2,,4.6,1.9,-0.6,4.7,1.2,-5.0,-4.5,7.8,3.2,,,6.6,,-20.9,-2.0,-0.3,-10.6,11.2,8.8,1.1,0.6,7.9,,,0.08,,-1.13,-0.34,-5.66,-0.25,0.2,0.59,0.19,3.46,0.32,,,0.258,0.616,0.442,0.581,0.863,0.7829999999999999,0.515,19.1,-4.9,2.2,6.1,23 - 43,48.7,18.2,-2.8,0.414,0.354,0.2319999999999999,0.165,0.513,0.322,0.351,0.1,0.0,0.072,0.318,0.075,0.025,,,0.17,0.239,0.0,85.7,78.7,79.7,94.3,89.8,87.1,,,93.6,84.6,82.5,-2.5,5.7,2.1,-1.6,0.8,-5.6,,,-4.5,2.1,0.0,1.8,-10.5,-6.9,8.2,3.7,0.7,,,3.5,-0.1,0.0,7.6,-0.2,8.0,10.2,-23.0,-2.1,,,-12.7,11.1,-0.1,0.31,-5.33,0.45,0.13,-1.25,-0.35,,,-0.31,0.19,-2.03,0.258,0.614,0.4429999999999999,0.5820000000000001,0.861,0.7829999999999999,0.519,19.1,-9.4,97,120,95,102,99,102,95,0.93,99,105,100,101,102,95,106,99,98,89.3,13.2,351,0.084,115.3,1638,0.3939999999999999,4159,0.181,0.276,0.246,0.418,0.328,25.2,0.845427221983684,0.4361702127659574,0.7878640776699029,3.2772835364473045,0.4629629629629629,0.1790123456790123,0.0922127427025154,0.924115782349268,0.3537279664500177,0.7572546768085836,0.373027099700759,0.1156580810180945,0.5011610618894474,0.6489196579150016,0.380265973352553,-0.034080705053182093,2,0.999965387060639
11,2023,SEA,28,2391,5500,6201,1332,827,283,12,210,758,728,548,14,1603,111,37,4,95,118,30,0.242,1563,1559,802,149,24439,8868,15571,113,14,3,0.088,0.259,0.34,0.321,0.413,0.734,0.17,0.301,1.0,0.204,0.3979999999999999,0.397,0.096,0.135,0.072,0.214,0.319,4.9,760,66.3,20.0,192.5,-22.4,270.3,27.0,$215.6,4.5,109,-0.79,-114.27,113.48,31.9,3.31,1.04,1.67,148,2.8,-3.57,0.457,93.8,0.238,84.4,0.069,88.9,0.091,79.9,0.114,85.8,0.031,86.0,,,0.004,,60.7,-36.3,-16.9,2.1,-0.3,-0.5,,0.54,-0.62,-1.01,0.1,-0.01,-0.07,,0.325,0.693,0.479,0.579,0.8390000000000001,0.737,0.42,0.605,0.126,-5.1,0.311,,0.076,0.031,0.002,0.141,0.235,0.077,0.015,0.001,0.1119999999999999,0.0,,,94.0,,89.1,86.5,83.0,93.5,84.3,79.4,81.8,43.3,85.7,79.3,,-1.8,,0.7,-6.4,-3.0,-4.5,1.9,1.8,3.3,0.4,-3.3,-5.2,,9.2,,4.5,2.2,0.1,5.0,0.9,-5.3,-5.3,6.6,3.7,-1.8,,54.3,,-19.9,2.5,-1.5,-6.7,-36.9,-1.9,1.2,1.2,-0.2,-0.3,,0.72,,-1.08,0.33,-4.07,-0.2,-0.64,-0.1,0.33,8.35,-0.01,-2.85,,0.289,0.6659999999999999,0.48,0.511,0.831,0.736,0.506,19.1,-2.4,-0.4,-8.3,22 - 36,61.2,19.0,7.1,0.451,0.331,0.218,0.166,0.501,0.3329999999999999,0.381,0.111,,0.086,0.309,0.075,0.032,,0.0,0.141,0.245,0.0,85.5,,79.8,94.1,89.4,86.1,,79.5,93.7,84.4,91.1,-3.1,,2.4,-1.7,1.0,-5.7,,-4.9,-4.3,2.2,0.0,2.4,,-7.1,8.3,3.5,0.8,,-3.0,3.8,-0.3,0.0,0.8,,8.2,55.5,-27.3,-2.4,,-0.3,-1.6,-41.8,-0.1,0.03,,0.39,0.74,-1.49,-0.3,,-2.85,-0.05,-0.7,-1.23,0.29,0.665,0.48,0.514,0.83,0.735,0.506,19.1,3.3,98,106,112,101,100,103,102,1.03,95,105,107,110,96,90,107,96,103,89.3,15.0,382,0.0969999999999999,116.7,1628,0.413,3939,0.157,0.283,0.244,0.42,0.325,27.7,0.7862818904224174,0.4432717678100263,0.7414933075310434,2.941783633095069,0.4814814814814814,0.1296296296296296,0.0545977011023583,-0.2067818993598161,0.4872407301613901,-1.5512887659977352,-0.8878164200263301,0.352231428555105,-0.8062156213004152,-1.234987679866272,1.9743567564979467,-0.3011535132000217,5,0.9999999940748383
26,2024,PHI,29,2317,5534,6166,1423,916,285,24,198,784,750,515,21,1370,62,40,13,107,148,30,0.257,1789,1545,847,134,23781,8468,15313,140,36,11,0.084,0.222,0.38,0.325,0.425,0.75,0.168,0.306,1.16,0.203,0.428,0.37,0.087,0.128,0.078,0.306,0.325,75.3,797,50.1,4.4,186.4,-18.3,252.5,26.1,$208.6,5.3,107,3.79,-102.02,105.81,63.22,6.63,0.95,1.45,104,4.77,-0.77,0.476,93.7,0.244,84.5,0.066,89.3,0.084,80.2,0.0969999999999999,85.6,0.031,85.9,0.002,76.4,0.004,,48.7,14.2,-1.9,5.2,13.9,4.3,-0.5,0.43,0.25,-0.12,0.26,0.61,0.6,-1.19,0.335,0.701,0.487,0.609,0.8690000000000001,0.764,0.415,0.633,0.115,10.0,0.309,,0.072,0.0279999999999999,0.001,0.162,0.237,0.083,0.009,0.0,0.096,0.001,0.002,,94.3,,89.5,86.3,80.8,93.0,84.5,79.8,82.0,50.6,85.6,80.2,76.2,-1.8,,0.7,-5.3,-0.6,-1.9,1.5,2.5,1.2,-3.1,-1.2,-4.2,-2.1,9.2,,4.6,1.9,0.4,4.8,1.0,-4.8,-4.8,9.3,3.3,-2.1,-3.2,9.5,,0.5,1.7,-1.1,21.6,8.3,0.1,-0.5,-1.1,13.4,1.7,-0.6,0.13,,0.03,0.26,-4.55,0.57,0.15,0.0,-0.22,-11.75,0.59,9.35,-1.28,0.304,0.6679999999999999,0.487,0.545,0.861,0.763,0.505,18.8,-13.8,5.8,-0.5,23 - 35,60.2,19.7,1.2,0.401,0.346,0.254,0.155,0.504,0.341,0.3379999999999999,0.0969999999999999,0.0,0.083,0.305,0.075,0.0279999999999999,0.002,0.001,0.1639999999999999,0.246,,85.6,80.3,80.1,94.2,89.8,85.8,76.1,80.2,93.1,84.6,,-1.1,4.3,2.6,-1.7,0.9,-4.6,-2.0,-4.1,-1.8,2.0,,1.8,-9.4,-6.7,8.1,3.8,0.8,-4.7,-3.5,3.5,-0.4,,11.5,-0.1,-0.1,19.0,-11.3,3.6,-0.6,1.7,19.7,16.0,,0.5,-1.44,-0.01,0.26,-0.64,0.54,-1.28,9.35,0.51,0.27,,0.304,0.667,0.487,0.547,0.86,0.763,0.505,18.8,-10.2,104,101,98,103,105,107,103,1.02,100,99,107,99,98,104,97,96,108,89.0,12.8,325,0.077,115.6,1679,0.3979999999999999,4219,0.155,0.2689999999999999,0.252,0.41,0.321,24.0,0.8364264134656884,0.4040816326530612,0.7778138177100227,3.060291830859237,0.4876543209876543,0.1049382716049382,0.0910165483858961,1.4889244219813005,-0.1155642782243688,0.1627917616033848,0.0416721941280848,1.0151224563873902,-1.5426239150863523,0.1107587725298479,-0.6103856234107561,-0.7814721087946488,1,0.999985784725458
21,2024,HOU,29,2336,5530,6107,1448,978,264,16,190,740,701,448,28,1176,67,46,12,132,93,24,0.262,1847,1639,882,138,22379,7792,14587,136,44,20,0.073,0.193,0.38,0.322,0.418,0.741,0.157,0.299,1.13,0.2019999999999999,0.423,0.375,0.084,0.1159999999999999,0.074,0.455,0.321,54.3,769,73.6,2.1,184.7,-18.5,246.9,25.5,$204.0,4.2,111,-0.66,-104.84,104.18,43.37,4.4,0.98,1.52,109,5.47,-6.14,0.476,93.7,0.233,84.6,0.076,89.5,0.0819999999999999,79.9,0.099,85.0,0.035,86.9,,,0.005,,24.6,2.3,-6.3,9.9,7.1,8.4,,0.23,0.04,-0.37,0.54,0.32,1.09,,0.347,0.716,0.498,0.647,0.877,0.782,0.408,0.63,0.108,-12.8,0.311,,0.076,0.033,,0.163,0.233,0.068,0.016,0.001,0.098,0.0,,,94.1,,89.7,86.6,,93.3,84.6,79.4,81.4,49.5,85.0,80.2,,-1.4,,0.1,-6.6,,-6.3,1.8,2.5,2.3,-1.8,-0.8,-4.9,,9.6,,5.2,1.9,,4.8,1.1,-5.2,-5.8,3.0,3.8,-2.2,,11.7,,-8.7,7.3,,4.7,-8.3,14.8,-3.4,-0.6,4.1,-0.7,,0.17,,-0.51,0.99,,0.13,-0.16,0.97,-0.93,-2.33,0.19,-10.11,,0.318,0.679,0.498,0.5920000000000001,0.871,0.7809999999999999,0.498,18.8,-16.3,-2.7,-13.6,23 - 41,60.8,17.8,-2.7,0.417,0.352,0.23,0.153,0.5479999999999999,0.299,0.297,0.1009999999999999,,0.078,0.31,0.076,0.03,0.001,0.0,0.162,0.243,,85.2,,79.8,94.2,90.1,86.4,48.9,79.9,93.5,84.7,,-0.9,,2.7,-1.3,0.3,-5.8,0.0,-4.8,-5.9,2.3,,2.2,,-7.3,8.5,4.2,0.8,-3.0,-4.2,3.5,-0.3,,7.4,,9.7,11.6,-9.8,4.6,0.0,-0.7,5.0,-6.5,,0.33,,0.55,0.17,-0.58,0.68,-0.01,-10.11,0.14,-0.12,,0.317,0.677,0.498,0.5920000000000001,0.868,0.7809999999999999,0.503,18.8,-0.7,109,90,85,104,106,101,105,1.04,102,96,102,102,100,96,94,104,97,88.9,13.5,333,0.075,117.0,1718,0.389,4416,0.152,0.26,0.258,0.416,0.322,24.8,0.8116438356164384,0.4108108108108108,0.8074340920255445,2.9482598299411684,0.4658385093167702,0.1366459627329192,0.1160337551763428,0.9457936846237062,0.0654514681390023,1.472595402008664,-0.3478109409747364,0.6735197214874816,-0.8163216220169451,1.471310596618099,-0.6768098896644649,-0.5148798155583181,2,0.9999999921540983
23,2024,MIL,28,2381,5472,6170,1359,900,249,33,177,777,742,597,19,1459,46,34,15,97,217,42,0.248,1816,1438,742,136,24909,9100,15809,147,66,24,0.0969999999999999,0.236,0.41,0.326,0.403,0.729,0.155,0.305,1.26,0.186,0.4539999999999999,0.36,0.095,0.123,0.081,0.364,0.319,41.8,764,33.7,29.1,186.6,-21.1,267.8,27.7,$221.3,6.0,105,0.33,-110.84,111.17,49.1,5.2,1.01,1.37,160,1.5,-1.17,0.504,93.7,0.21,84.8,0.081,89.3,0.087,80.2,0.089,85.5,0.0289999999999999,86.4,,,0.004,,15.9,15.7,-7.2,4.6,16.5,-5.7,,0.13,0.3,-0.36,0.21,0.75,-0.78,,0.289,0.6559999999999999,0.447,0.636,0.8590000000000001,0.777,0.431,0.613,0.1,19.8,0.324,,0.0819999999999999,0.025,0.0,0.176,0.207,0.072,0.018,0.002,0.092,0.0,0.0,,94.2,,89.5,85.9,84.5,93.2,84.8,79.5,81.4,60.1,85.5,80.8,56.2,-1.9,,0.6,-4.0,4.7,-3.8,1.9,2.9,2.3,-4.8,-2.3,-4.8,-3.0,9.0,,4.8,1.8,2.4,4.7,1.2,-5.0,-5.2,8.7,3.2,-2.2,6.5,-5.1,,-8.7,-5.1,0.7,7.0,12.0,12.3,-4.1,1.3,14.7,0.3,0.4,-0.06,,-0.43,-0.81,14.13,0.16,0.23,0.68,-0.89,2.71,0.65,2.43,7.86,0.26,0.623,0.447,0.5660000000000001,0.858,0.7759999999999999,0.517,18.4,8.0,14.4,-4.3,20 - 37,53.5,19.7,-1.4,0.3879999999999999,0.366,0.246,0.166,0.518,0.315,0.362,0.094,0.0,0.0819999999999999,0.317,0.093,0.023,0.0,0.001,0.174,0.217,0.0,85.6,63.1,80.0,94.2,89.7,85.6,55.8,81.0,93.2,84.8,89.2,-2.4,2.4,3.3,-1.8,0.7,-3.2,-2.4,-5.2,-3.7,2.2,0.0,1.6,-4.1,-7.0,8.0,4.0,0.8,3.3,-3.4,3.4,-0.3,0.0,14.9,0.0,7.2,-0.8,-8.4,-3.0,-0.1,0.3,0.4,11.9,-0.1,0.64,-0.3,0.36,-0.01,-0.36,-0.53,-4.58,2.41,0.01,0.22,-2.73,0.258,0.623,0.447,0.5670000000000001,0.856,0.7759999999999999,0.519,18.4,2.2,101,117,105,103,100,98,103,0.94,106,97,103,96,104,101,104,99,100,88.6,11.5,293,0.072,118.1,1566,0.385,4068,0.184,0.284,0.24,0.386,0.312,26.7,0.8215035699286014,0.3644787644787645,0.7635332252836304,3.263079536378409,0.4753086419753086,0.1358024691358024,0.0821761460143307,1.1618779354102782,-1.1808864576415854,-0.4686936779973821,0.746670682583866,0.821807727674261,-0.8356428438398318,-0.3700233416788552,-0.021874232125625698,0.2579719035920608,4,0.9999995088894795
17,2024,CHC,28,2364,5441,6116,1318,866,253,29,170,736,696,546,19,1362,70,41,17,89,143,30,0.242,1674,1627,795,162,23991,8639,15352,129,41,14,0.089,0.223,0.4,0.317,0.393,0.71,0.151,0.291,1.03,0.1939999999999999,0.409,0.397,0.1,0.104,0.077,0.341,0.311,2.3,718,1.7,12.9,184.9,-18.5,211.2,21.8,$174.5,5.3,100,0.64,-104.84,105.48,35.66,3.61,0.99,1.57,132,-0.45,1.1,0.488,94.0,0.22,84.5,0.079,89.2,0.076,79.8,0.103,85.9,0.035,87.7,,,0.004,,8.8,-17.7,16.1,4.5,1.3,-5.8,,0.08,-0.34,0.86,0.25,0.05,-0.7,,0.311,0.7040000000000001,0.479,0.64,0.846,0.769,0.426,0.624,0.11,10.5,0.327,,0.077,0.033,,0.162,0.218,0.069,0.013,0.001,0.1009999999999999,,,,94.4,,89.4,86.6,,93.4,84.6,79.4,81.3,50.3,85.8,,,-2.4,,0.7,-5.1,,-4.2,2.3,2.6,3.2,1.5,-2.1,,,9.0,,4.6,1.8,,4.2,1.0,-5.0,-5.7,7.1,3.3,,,-12.7,,12.3,-6.3,,7.7,-22.4,6.9,-2.1,1.4,-0.6,,,-0.16,,0.67,-0.8,,0.2,-0.43,0.42,-0.69,4.76,-0.02,,,0.278,0.665,0.479,0.579,0.8420000000000001,0.768,0.518,18.4,-5.5,4.9,1.6,21 - 36,12.3,19.5,4.3,0.3979999999999999,0.35,0.252,0.1669999999999999,0.537,0.296,0.34,0.1,0.0,0.072,0.319,0.081,0.033,,,0.166,0.2269999999999999,0.001,86.1,78.9,79.8,94.6,89.7,86.5,,,93.7,84.7,87.4,-2.3,5.4,3.3,-2.4,0.8,-4.5,,,-3.8,2.5,-0.1,1.9,-9.1,-7.3,8.1,3.6,0.7,,,3.1,-0.2,0.4,2.2,0.0,0.8,-11.8,13.0,-6.1,,,7.2,-21.4,0.3,0.09,0.16,0.04,-0.15,0.67,-0.78,,,0.18,-0.39,2.24,0.278,0.664,0.479,0.578,0.841,0.768,0.52,18.4,-11.7,98,108,99,101,97,96,98,0.98,95,107,88,99,99,103,105,102,94,88.7,14.5,321,0.078,115.5,1583,0.3829999999999999,4138,0.16,0.27,0.241,0.398,0.315,21.6,0.7884940778341794,0.3695652173913043,0.7773054283845651,3.4009475578259023,0.4506172839506173,0.1851851851851851,0.0651537334713144,0.4384475525784245,-1.0440602288330652,0.1403108695584853,1.225973638737106,0.4351782702480027,0.2955268701546014,-1.2957811462882638,0.4850419986063347,1.4633112903952565,6,0.9999999420037126
13,2024,TEX,29,2291,5472,6053,1302,891,220,15,176,683,652,490,20,1284,55,30,6,96,97,25,0.238,1773,1640,793,185,23211,8408,14803,131,18,8,0.081,0.212,0.38,0.305,0.38,0.686,0.142,0.279,1.08,0.1889999999999999,0.422,0.39,0.113,0.107,0.074,0.444,0.3,-47.7,660,-22.7,19.2,183.0,-19.9,174.1,18.0,$143.9,4.2,97,-6.14,-105.11,98.97,-24.38,-2.32,0.98,1.42,99,-6.82,0.56,0.493,94.0,0.209,84.5,0.077,89.6,0.076,80.0,0.114,85.1,0.031,87.0,,,0.003,,-50.8,-8.4,11.9,6.3,-1.5,-2.7,,-0.44,-0.17,0.67,0.36,-0.06,-0.38,,0.314,0.713,0.483,0.623,0.866,0.775,0.423,0.627,0.109,-3.1,0.331,,0.08,0.03,,0.158,0.21,0.06,0.016,,0.114,,,,94.2,,89.9,86.5,,93.3,84.5,79.0,81.6,,85.1,,,-2.3,,0.7,-6.6,,-4.3,2.0,2.6,2.1,,-3.3,,,9.2,,4.8,1.8,,4.5,0.8,-5.5,-5.7,,3.4,,,-31.5,,16.0,1.1,,-27.5,-12.9,4.0,0.9,,-13.9,,,-0.41,,0.86,0.16,,-0.75,-0.26,0.28,0.25,,-0.52,,,0.2789999999999999,0.679,0.483,0.5479999999999999,0.865,0.775,0.508,18.3,-0.7,-1.9,-3.6,21 - 39,-25.8,17.6,0.9,0.4039999999999999,0.344,0.252,0.162,0.521,0.317,0.322,0.119,0.0,0.07,0.326,0.081,0.025,,,0.162,0.216,0.0,85.4,77.9,79.9,94.5,90.1,86.2,,,93.5,84.6,92.6,-3.3,5.0,3.1,-2.3,1.0,-5.7,,,-3.6,2.4,0.0,1.8,-8.7,-7.7,8.2,3.7,0.9,,,3.3,-0.5,0.0,-16.4,-0.5,8.7,-32.8,12.0,5.2,,,-27.8,-12.3,-0.1,-0.6,-17.05,0.54,-0.43,0.64,0.9,,,-0.74,-0.25,-0.84,0.278,0.677,0.483,0.5479999999999999,0.862,0.774,0.512,18.3,1.6,99,100,94,99,96,92,98,0.97,102,100,95,99,98,105,100,99,102,88.6,13.8,311,0.074,116.1,1642,0.389,4224,0.154,0.262,0.24,0.386,0.306,18.8,0.7821911828895679,0.412298682284041,0.7878737815959028,3.0680058787558395,0.3641975308641975,0.1604938271604938,0.0905196497590713,0.3003143850129741,0.1054753995769545,0.607641703900056,0.0684903490702553,-0.9180248307439014,-0.2700579868426151,0.0837351188191719,1.0093319549238406,0.5485376776108086,2,0.9999989366607225
9,2025,NYY,30,2401,5471,6235,1371,822,255,20,274,849,820,639,47,1463,55,54,7,104,134,38,0.251,1577,1721,744,160,24762,9284,15478,97,27,6,0.102,0.235,0.44,0.332,0.455,0.787,0.204,0.29,0.92,0.184,0.39,0.426,0.093,0.159,0.062,0.222,0.338,127.5,864,137.2,6.4,189.9,-18.8,334.8,34.3,$274.0,4.8,119,5.89,-99.07,104.96,135.25,14.17,0.91,1.45,107,14.06,-7.59,0.457,94.4,0.223,85.1,0.088,89.3,0.079,80.4,0.111,86.1,0.0409999999999999,86.7,,,0.0069999999999999,,51.2,2.0,40.1,20.4,19.8,-2.3,,0.45,0.04,1.83,1.04,0.72,-0.23,,0.288,0.674,0.457,0.603,0.847,0.76,0.4379999999999999,0.608,0.11,-4.7,0.307,,0.086,0.042,,0.147,0.225,0.067,0.015,0.0,0.111,,,,94.6,,89.6,86.8,,93.9,85.2,79.9,81.2,43.0,86.0,,,-2.4,,0.3,-6.8,,-3.2,1.7,2.5,3.0,-1.9,-4.1,,,9.3,,4.7,2.0,,4.5,1.0,-5.5,-5.8,7.1,2.9,,,29.8,,40.0,-1.8,,10.3,-1.5,14.6,0.7,-1.2,17.6,,,0.39,,1.88,-0.18,,0.28,-0.03,0.88,0.19,-10.97,0.64,,,0.256,0.642,0.4579999999999999,0.5379999999999999,0.84,0.76,0.522,19.0,-12.4,1.5,,22 - 39,132.6,24.7,,0.422,0.337,0.24,0.15,0.5,0.35,0.381,0.113,0.0,0.074,0.306,0.083,0.04,,,0.146,0.238,,85.7,60.3,80.0,94.6,89.7,86.5,,,93.8,85.0,,-4.0,-4.1,2.9,-2.3,0.4,-6.5,,,-3.2,1.8,,1.5,-5.2,-7.7,8.3,3.9,0.5,,,3.2,-0.4,,16.8,0.0,12.4,25.3,40.7,-1.5,,,10.6,1.7,,0.6,-4.04,0.67,0.33,1.99,-0.15,,,0.29,0.03,,0.26,0.638,0.457,0.542,0.8390000000000001,0.759,0.522,19.0,13.4,103,124,104,106,112,126,100,0.94,95,108,131,102,97,100,95,96,108,90.8,15.3,482,0.118,118.1,1879,0.461,4078,0.166,0.276,0.249,0.451,0.339,34.5,0.8371511870054145,0.5163722025912839,0.7653568564554931,3.621546211692328,0.5061728395061729,0.1543209876543209,0.135105204767914,1.5177542678965084,1.8449723979914607,-0.6312925203621097,1.4792406120639323,1.4129763044125316,-0.8913505298614065,1.7201732419782136,0.3226712761964459,-2.941865492283122,1,0.999972512032173
14,2025,TOR,29,2481,5507,6180,1461,963,294,13,191,798,771,520,25,1099,65,45,35,133,77,25,0.265,1846,1680,901,181,23381,8301,15080,106,61,12,0.084,0.178,0.47,0.333,0.427,0.761,0.162,0.298,1.1,0.204,0.417,0.379,0.108,0.114,0.057,0.1969999999999999,0.33,85.0,815,90.8,38.7,188.2,-17.9,318.7,32.6,$260.9,4.0,112,7.15,-104.23,111.38,81.24,8.07,0.98,1.32,156,5.63,1.64,0.492,93.8,0.205,85.2,0.085,89.1,0.078,80.4,0.109,85.2,0.031,86.5,,,0.004,,26.1,11.3,-4.4,14.7,15.5,11.6,,0.23,0.24,-0.22,0.81,0.61,1.57,,0.327,0.6940000000000001,0.486,0.688,0.878,0.8059999999999999,0.434,0.609,0.094,-5.6,0.325,,0.095,0.0289999999999999,,0.153,0.201,0.065,0.016,0.005,0.111,,0.0,,94.4,,89.6,86.6,,93.8,85.2,80.0,82.0,48.7,85.2,,62.0,-2.4,,0.4,-6.4,,-4.1,1.9,2.2,3.8,-0.5,-2.8,,-4.6,9.4,,4.7,2.0,,4.5,1.1,-5.8,-6.0,7.3,3.0,,-2.2,3.4,,-12.4,11.5,,2.3,7.9,7.6,5.7,8.9,14.4,,-0.2,0.05,,-0.56,1.71,,0.06,0.17,0.5,1.53,7.99,0.55,,-6.41,0.289,0.6659999999999999,0.487,0.636,0.871,0.805,0.525,18.9,20.8,-4.9,,21 - 40,85.3,24.5,,0.387,0.355,0.257,0.16,0.512,0.3279999999999999,0.293,0.1169999999999999,,0.076,0.326,0.0969999999999999,0.022,0.0,,0.156,0.207,0.0,85.0,,80.3,93.9,89.8,85.8,61.9,,93.8,85.0,83.5,-2.8,,2.9,-2.2,0.6,-5.7,-4.1,,-4.0,2.2,0.0,1.6,,-7.7,8.4,3.8,0.9,-3.8,,3.3,-0.3,0.0,13.0,,15.9,13.4,-12.6,11.4,-0.2,,3.6,3.9,-0.2,0.48,,0.9,0.18,-0.56,2.25,-6.41,,0.1,0.08,-5.07,0.291,0.6629999999999999,0.486,0.636,0.872,0.805,0.525,18.9,14.7,109,102,79,106,105,100,103,1.04,101,97,93,94,103,107,101,99,101,89.3,13.2,366,0.081,120.4,1847,0.411,4496,0.157,0.251,0.263,0.422,0.33,31.5,0.7984683595324465,0.3829573934837093,0.822168284789644,3.5043106649831977,0.4629629629629629,0.1604938271604938,0.0985048372131448,0.555914659566666,-0.629303427968262,2.274779141516728,1.046628517832611,0.7213095819728301,-0.7017014809547241,0.4639933050229658,-1.1080506462412651,0.7932125240988668,3,0.9999999999886544
26,2025,PHI,30,2300,5517,6166,1426,922,268,24,212,778,753,528,19,1337,60,42,16,95,124,30,0.258,1798,1568,841,122,23976,8676,15300,121,31,9,0.086,0.217,0.39,0.328,0.431,0.759,0.173,0.303,1.15,0.2,0.427,0.373,0.078,0.135,0.067,0.29,0.329,78.3,807,66.8,1.3,187.8,-18.4,262.8,26.9,$215.1,5.0,109,2.16,-106.28,108.45,41.23,3.99,0.98,1.32,95,4.58,-2.38,0.4629999999999999,94.4,0.236,85.3,0.061,89.3,0.105,81.1,0.098,86.5,0.033,86.2,0.003,79.5,0.004,,25.2,36.0,1.7,-2.3,11.9,6.1,1.4,0.23,0.64,0.12,-0.09,0.5,0.76,1.74,0.335,0.696,0.487,0.602,0.873,0.765,0.423,0.619,0.114,7.9,0.309,,0.065,0.031,0.001,0.15,0.2319999999999999,0.085,0.023,0.001,0.099,,0.004,,94.6,,89.4,86.2,82.6,94.1,85.3,80.2,83.6,56.5,86.5,,78.2,-1.6,,0.5,-5.6,-7.4,-3.4,1.2,2.0,1.8,-1.5,-1.6,,-1.2,9.3,,4.8,2.2,0.8,4.6,1.2,-5.1,-4.6,8.4,2.7,,-0.6,21.6,,7.1,2.2,0.4,-10.2,27.7,-2.9,-1.3,2.8,11.1,,1.1,0.29,,0.46,0.3,1.38,-0.28,0.5,-0.14,-0.23,8.46,0.47,,1.3,0.303,0.6679999999999999,0.487,0.544,0.863,0.765,0.505,19.1,-17.0,2.7,,23 - 40,74.7,17.4,,0.409,0.353,0.238,0.136,0.521,0.342,0.337,0.103,,0.102,0.308,0.061,0.0279999999999999,0.004,,0.151,0.243,0.001,86.2,,80.9,94.4,89.5,85.6,77.6,,93.9,85.1,90.5,-1.6,,2.1,-1.5,0.6,-5.2,-1.4,,-3.4,1.5,-0.5,1.3,,-6.8,8.3,4.1,0.6,-2.0,,3.4,-0.3,0.4,11.2,,4.4,24.3,6.3,2.4,1.2,,-9.1,18.2,0.0,0.46,,0.18,0.33,0.43,0.36,1.33,,-0.25,0.31,0.23,0.307,0.665,0.487,0.547,0.8640000000000001,0.765,0.505,19.1,-7.2,105,100,99,103,107,111,103,1.0,101,99,117,100,101,98,87,100,106,89.9,12.6,383,0.09,117.2,1803,0.425,4241,0.15,0.264,0.255,0.424,0.327,26.4,0.8495652173913043,0.4359897172236504,0.7831657476483944,3.4620202090127834,0.4444444444444444,0.1666666666666666,0.1021688473739689,1.826426278299654,0.354220046688919,0.2796846464285273,0.8905720721817828,0.4248809866415293,-0.5120524320480416,0.5897476719959186,-0.2465006735898952,-0.8563561589864748,2,0.9985148029989771
17,2025,CHC,29,2330,5495,6162,1371,852,267,29,223,793,771,554,16,1277,46,55,10,72,161,35,0.249,1633,1739,883,166,23911,8735,15176,114,28,10,0.09,0.207,0.43,0.32,0.43,0.751,0.181,0.283,0.94,0.208,0.384,0.409,0.095,0.128,0.07,0.357,0.325,58.6,787,71.9,34.5,187.7,-18.9,303.6,31.1,$248.5,5.4,110,2.28,-101.05,103.33,80.37,8.15,0.93,1.03,111,5.26,-2.81,0.473,94.1,0.231,85.2,0.07,89.7,0.095,80.6,0.105,86.2,0.026,86.7,,,0.003,,11.4,3.4,8.5,35.2,14.4,7.9,,0.1,0.06,0.5,1.55,0.58,1.26,,0.303,0.695,0.477,0.628,0.87,0.784,0.442,0.614,0.103,11.0,0.315,,0.072,0.027,,0.152,0.228,0.086,0.0139999999999999,0.001,0.105,0.0,0.0,,94.4,,90.0,86.6,,94.1,85.2,80.0,81.8,47.0,86.2,85.6,86.5,-2.1,,0.5,-6.2,,-4.3,2.0,1.8,2.9,-1.1,-2.1,-5.8,5.1,9.1,,4.9,1.5,,4.5,1.3,-5.3,-4.8,6.0,2.9,-1.6,-1.9,-11.1,,9.6,7.5,,5.4,-5.2,27.9,8.3,3.0,12.9,0.5,0.1,-0.15,,0.56,1.16,,0.15,-0.1,1.36,2.43,8.68,0.51,46.64,3.64,0.265,0.662,0.477,0.5579999999999999,0.863,0.784,0.5329999999999999,19.0,15.6,8.4,,21 - 40,82.9,17.3,,0.4379999999999999,0.336,0.226,0.157,0.521,0.322,0.3329999999999999,0.106,0.0,0.089,0.317,0.073,0.026,,,0.151,0.239,,85.6,66.9,80.3,94.3,90.0,86.2,,,94.0,85.0,,-2.1,-2.3,2.6,-1.9,0.6,-5.7,,,-4.2,2.1,,1.6,-4.6,-7.3,8.1,3.9,0.0,,,3.2,-0.2,,21.2,0.0,30.2,-13.1,13.4,3.6,,,4.9,-1.4,,0.84,-0.27,1.43,-0.17,0.77,0.57,,,0.14,-0.02,,0.2689999999999999,0.659,0.476,0.561,0.8640000000000001,0.7829999999999999,0.532,19.0,-2.2,101,105,95,101,107,117,97,1.04,91,108,111,107,96,93,100,100,100,89.0,15.3,427,0.1,116.2,1712,0.4,4285,0.156,0.259,0.256,0.436,0.332,29.9,0.8261802575107297,0.449936948297604,0.7927620902304446,3.590200646119342,0.4444444444444444,0.1728395061728395,0.0655906592854749,1.2449646292498495,0.612881711883315,0.7705657957520223,1.3635720188083469,0.4248809866415293,-0.3224033831413592,-0.6656710321518821,-0.13851782619365502,-0.08025462449858917,4,0.9156957832854176
23,2025,MIL,28,2413,5510,6227,1423,974,265,18,166,806,750,564,15,1266,73,50,26,97,164,53,0.258,1892,1496,856,157,24520,8995,15525,164,76,25,0.091,0.203,0.45,0.332,0.403,0.736,0.145,0.305,1.26,0.2019999999999999,0.446,0.352,0.105,0.111,0.087,0.3289999999999999,0.322,44.5,780,50.4,21.8,189.6,-18.4,276.0,28.2,$225.9,5.0,107,4.74,-104.32,109.06,88.84,8.93,0.98,1.31,136,4.48,0.36,0.501,94.0,0.2239999999999999,84.9,0.073,89.3,0.085,80.2,0.079,85.9,0.038,86.6,0.0,61.3,0.003,,-6.2,22.4,4.7,12.5,24.6,3.3,-0.3,-0.05,0.41,0.27,0.6,1.27,0.35,-8.46,0.29,0.648,0.45,0.654,0.8740000000000001,0.7959999999999999,0.447,0.612,0.092,15.0,0.332,,0.072,0.037,0.001,0.163,0.2239999999999999,0.074,0.016,0.002,0.079,,0.0,,94.4,,89.9,86.5,82.1,93.7,84.9,79.8,82.0,47.7,86.0,,62.2,-1.9,,0.6,-4.6,-4.7,-3.3,1.5,2.3,1.9,-1.9,-1.7,,0.1,9.1,,4.8,2.3,0.7,4.5,1.1,-5.5,-5.1,5.5,2.9,,3.1,1.6,,4.4,3.8,0.4,-21.8,19.0,4.0,4.4,1.7,20.7,,-0.2,0.02,,0.25,0.42,1.72,-0.55,0.35,0.22,1.14,4.05,1.07,,-5.44,0.253,0.62,0.45,0.586,0.8690000000000001,0.795,0.536,18.5,3.4,0.6,,21 - 36,65.4,17.5,,0.374,0.373,0.252,0.174,0.511,0.315,0.321,0.085,,0.083,0.3289999999999999,0.075,0.031,0.0,,0.1639999999999999,0.233,0.0,85.4,,80.0,94.2,90.1,85.7,62.0,,93.6,84.8,83.4,-1.9,,2.4,-1.8,0.7,-4.1,0.6,,-3.4,1.8,1.2,1.4,,-7.4,8.1,4.0,1.0,1.4,,3.2,-0.3,1.9,25.4,,8.1,0.2,3.7,2.9,-0.2,,-21.5,20.9,0.0,1.23,,0.4,0.0,0.2,0.37,-5.44,,-0.54,0.37,-0.75,0.255,0.62,0.45,0.591,0.868,0.795,0.5329999999999999,18.5,-4.2,105,106,93,105,100,93,104,1.01,105,93,96,92,106,104,111,98,98,88.6,10.9,290,0.067,114.1,1696,0.392,4324,0.18,0.272,0.248,0.381,0.313,26.7,0.8234562784915044,0.3295285359801489,0.7966918259193834,3.602881209495882,0.4814814814814814,0.1543209876543209,0.0779564805332097,1.17723351743334,-1.6201809131139542,0.9715833349895252,1.4103646958789675,1.01773817730413,-0.8913505298614065,-0.2412573556461864,-1.0921134417300513,0.9338901309699024,4,0.9999999771032855
29,2025,SDP,29,2476,5424,6087,1369,945,254,18,152,702,663,510,18,1161,58,45,48,103,106,30,0.252,1862,1555,857,137,23505,8265,15240,145,82,14,0.084,0.191,0.44,0.321,0.39,0.711,0.138,0.293,1.2,0.201,0.436,0.364,0.088,0.098,0.078,0.171,0.311,-10.5,709,16.8,-0.5,185.4,-20.0,197.6,20.2,$161.7,4.5,102,-0.75,-106.17,105.42,3.84,0.35,1.02,1.48,149,0.24,-0.97,0.504,94.1,0.213,84.9,0.065,89.8,0.091,80.6,0.096,86.3,0.032,85.8,,,0.003,,-32.8,17.1,-7.4,20.3,-2.5,-2.5,,-0.28,0.34,-0.49,0.95,-0.11,-0.33,,0.3289999999999999,0.664,0.475,0.6559999999999999,0.875,0.789,0.435,0.62,0.1,-1.2,0.332,,0.063,0.031,,0.165,0.213,0.076,0.021,0.001,0.0969999999999999,,,,94.4,,90.2,85.8,,93.9,85.0,79.9,81.0,50.4,86.3,,,-1.6,,0.2,-5.1,,-3.8,1.6,1.5,2.6,0.9,-2.4,,,9.3,,5.0,2.0,,4.5,1.1,-5.3,-4.1,6.3,2.7,,,-23.3,,-8.9,-6.4,,-20.5,8.4,20.2,2.0,-1.0,-3.8,,,-0.3,,-0.61,-0.9,,-0.53,0.17,1.14,0.4,-2.92,-0.16,,,0.291,0.64,0.475,0.596,0.867,0.789,0.527,18.6,-20.5,-1.0,,21 - 41,15.6,17.1,,0.372,0.353,0.275,0.151,0.5589999999999999,0.29,0.299,0.105,,0.092,0.335,0.066,0.026,,,0.161,0.217,0.0,85.4,,80.6,94.5,90.3,86.1,,,93.9,85.0,97.2,-2.0,,2.4,-1.5,0.8,-5.3,,,-3.3,2.0,0.0,1.1,,-6.9,8.1,3.9,0.3,,,3.0,-0.4,0.0,-4.9,,24.9,-17.2,-5.5,-2.8,,,-30.0,3.0,0.8,-0.2,,1.16,-0.22,-0.36,-0.46,,,-0.79,0.06,77.08,0.292,0.638,0.475,0.595,0.867,0.7879999999999999,0.527,18.6,-0.2,102,98,87,101,97,89,100,1.01,103,96,85,91,101,114,96,107,90,89.0,12.2,325,0.075,114.8,1646,0.3779999999999999,4358,0.17,0.27,0.254,0.399,0.317,19.9,0.7588852988691438,0.3464387464387464,0.8092656481025136,3.156379717216332,0.4259259259259259,0.1790123456790123,0.0478260869149338,-0.4283090399933809,-1.306568614528252,1.6147713237332042,-0.237275043727618,0.1284523913102293,-0.1327543342346767,-1.2753780075550674,0.0626755077624647,2.370270755411813,6,0.9999999999650822
1,2025,LAA,28,2380,5374,6000,1209,754,212,17,226,673,649,484,22,1627,87,35,13,99,88,27,0.225,1519,1487,760,136,23777,8652,15125,98,29,6,0.081,0.271,0.3,0.298,0.397,0.695,0.172,0.276,1.02,0.2019999999999999,0.4029999999999999,0.395,0.091,0.152,0.065,0.207,0.302,-52.6,656,-59.5,-61.5,182.7,-17.7,67.8,6.9,$55.5,4.3,92,-3.68,-112.18,108.5,-54.63,-5.76,1.04,1.73,102,-5.39,1.85,0.477,94.4,0.251,84.9,0.0819999999999999,89.4,0.08,80.8,0.079,85.7,0.031,86.3,,,0.004,,-4.2,-30.4,-14.5,-4.9,-1.6,-5.6,,-0.04,-0.51,-0.75,-0.26,-0.08,-0.76,,0.305,0.6890000000000001,0.471,0.56,0.838,0.736,0.432,0.62,0.124,0.0,0.319,,0.0819999999999999,0.0289999999999999,0.001,0.155,0.252,0.062,0.019,0.001,0.08,,,,94.7,,89.6,86.4,80.6,93.9,84.9,79.8,83.2,38.8,85.7,,,-3.2,,0.4,-6.3,-7.5,-6.5,2.8,3.3,3.0,-2.0,-3.5,,,9.3,,4.7,2.3,0.8,4.6,1.0,-5.3,-5.4,6.5,2.7,,,3.3,,-19.4,-4.7,0.6,-17.7,-30.6,-1.0,-5.1,-0.1,-5.3,,,0.04,,-0.99,-0.67,2.7,-0.48,-0.51,-0.07,-1.14,-0.44,-0.28,,,0.273,0.649,0.471,0.488,0.8290000000000001,0.736,0.528,18.4,-79.2,-2.1,,21 - 38,-59.5,23.8,,0.414,0.342,0.245,0.146,0.528,0.326,0.39,0.081,0.0,0.075,0.317,0.0819999999999999,0.0279999999999999,,,0.156,0.259,,85.8,65.9,80.6,94.6,89.9,86.2,,,94.0,84.9,,-3.5,-1.4,3.8,-2.8,0.6,-5.9,,,-6.1,3.3,,1.3,-3.3,-7.3,8.3,3.8,0.8,,,3.4,-0.4,,-4.7,-0.1,-8.7,8.4,-23.1,-5.2,,,-24.3,-24.5,,-0.24,-4.04,-0.49,0.11,-1.18,-0.77,,,-0.66,-0.4,,0.273,0.648,0.471,0.489,0.828,0.735,0.529,18.4,-12.0,92,98,120,95,98,106,96,1.04,98,100,125,100,99,102,92,102,101,89.2,14.6,409,0.108,115.7,1526,0.401,3802,0.163,0.287,0.232,0.405,0.31,7.0,0.7113445378151261,0.537295690936107,0.7288333333333333,2.706263697549593,0.3641975308641975,0.1543209876543209,0.0677485831417066,-1.6103991295519424,2.233013888682365,-2.4995781567132287,-1.898252787945618,-0.859642926460772,-0.8913505298614065,-0.5916078236439621,4.260107600283996,-1.317864461517049,5,0.9999999999999991
