teamIDfg,Season,Team,Age,G,AB,PA,H,1B,2B,3B,HR,R,RBI,BB,IBB,SO,HBP,SF,SH,GDP,SB,CS,AVG,GB,FB,LD,IFFB,Pitches,Balls,Strikes,IFH,BU,BUH,BB%,K%,BB/K,OBP,SLG,OPS,ISO,BABIP,GB/FB,LD%,GB%,FB%,IFFB%,HR/FB,IFH%,BUH%,wOBA,wRAA,wRC,Bat,Fld,Rep,Pos,RAR,WAR,Dol,Spd,wRC+,WPA,-WPA,+WPA,RE24,REW,pLI,phLI,PH,WPA/LI,Clutch,FB% (Pitch),FBv,SL%,SLv,CT%,CTv,CB%,CBv,CH%,CHv,SF%,SFv,KN%,KNv,XX%,PO%,wFB,wSL,wCT,wCB,wCH,wSF,wKN,wFB/C,wSL/C,wCT/C,wCB/C,wCH/C,wSF/C,wKN/C,O-Swing%,Z-Swing%,Swing%,O-Contact%,Z-Contact%,Contact%,Zone%,F-Strike%,SwStr%,BsR,FA% (sc),FT% (sc),FC% (sc),FS% (sc),FO% (sc),SI% (sc),SL% (sc),CU% (sc),KC% (sc),EP% (sc),CH% (sc),SC% (sc),KN% (sc),UN% (sc),vFA (sc),vFT (sc),vFC (sc),vFS (sc),vFO (sc),vSI (sc),vSL (sc),vCU (sc),vKC (sc),vEP (sc),vCH (sc),vSC (sc),vKN (sc),FA-X (sc),FT-X (sc),FC-X (sc),FS-X (sc),FO-X (sc),SI-X (sc),SL-X (sc),CU-X (sc),KC-X (sc),EP-X (sc),CH-X (sc),SC-X (sc),KN-X (sc),FA-Z (sc),FT-Z (sc),FC-Z (sc),FS-Z (sc),FO-Z (sc),SI-Z (sc),SL-Z (sc),CU-Z (sc),KC-Z (sc),EP-Z (sc),CH-Z (sc),SC-Z (sc),KN-Z (sc),wFA (sc),wFT (sc),wFC (sc),wFS (sc),wFO (sc),wSI (sc),wSL (sc),wCU (sc),wKC (sc),wEP (sc),wCH (sc),wSC (sc),wKN (sc),wFA/C (sc),wFT/C (sc),wFC/C (sc),wFS/C (sc),wFO/C (sc),wSI/C (sc),wSL/C (sc),wCU/C (sc),wKC/C (sc),wEP/C (sc),wCH/C (sc),wSC/C (sc),wKN/C (sc),O-Swing% (sc),Z-Swing% (sc),Swing% (sc),O-Contact% (sc),Z-Contact% (sc),Contact% (sc),Zone% (sc),Pace,Def,wSB,UBR,Age Rng,Off,Lg,wGDP,Pull%,Cent%,Oppo%,Soft%,Med%,Hard%,TTO%,CH% (pi),CS% (pi),CU% (pi),FA% (pi),FC% (pi),FS% (pi),KN% (pi),SB% (pi),SI% (pi),SL% (pi),XX% (pi),vCH (pi),vCS (pi),vCU (pi),vFA (pi),vFC (pi),vFS (pi),vKN (pi),vSB (pi),vSI (pi),vSL (pi),vXX (pi),CH-X (pi),CS-X (pi),CU-X (pi),FA-X (pi),FC-X (pi),FS-X (pi),KN-X (pi),SB-X (pi),SI-X (pi),SL-X (pi),XX-X (pi),CH-Z (pi),CS-Z (pi),CU-Z (pi),FA-Z (pi),FC-Z (pi),FS-Z (pi),KN-Z (pi),SB-Z (pi),SI-Z (pi),SL-Z (pi),XX-Z (pi),wCH (pi),wCS (pi),wCU (pi),wFA (pi),wFC (pi),wFS (pi),wKN (pi),wSB (pi),wSI (pi),wSL (pi),wXX (pi),wCH/C (pi),wCS/C (pi),wCU/C (pi),wFA/C (pi),wFC/C (pi),wFS/C (pi),wKN/C (pi),wSB/C (pi),wSI/C (pi),wSL/C (pi),wXX/C (pi),O-Swing% (pi),Z-Swing% (pi),Swing% (pi),O-Contact% (pi),Z-Contact% (pi),Contact% (pi),Zone% (pi),Pace (pi),FRM,AVG+,BB%+,K%+,OBP+,SLG+,ISO+,BABIP+,LD+%,GB%+,FB%+,HR/FB%+,Pull%+,Cent%+,Oppo%+,Soft%+,Med%+,Hard%+,EV,LA,Barrels,Barrel%,maxEV,HardHit,HardHit%,Events,CStr%,CSW%,xBA,xSLG,xwOBA,L-WAR,Traffic_Per_Game,HR_Run_Share,Contact_Ability,Run_StdDev,Blowout_Pct,Dud_Pct
14,2015,TOR,29,2337,5509,6231,1480,923,308,17,232,891,852,570,12,1151,54,62,36,140,88,23,0.269,1959,1549,863,219,24051,8993,15058,117,85,22,0.091,0.185,0.5,0.34,0.457,0.797,0.188,0.298,1.26,0.1969999999999999,0.4479999999999999,0.354,0.141,0.15,0.06,0.259,0.344,153.1,854,124.9,21.7,182.1,-15.1,346.0,36.7,$293.8,4.6,117,13.05,-96.44,109.49,197.6,20.53,0.91,1.61,96,15.83,-1.51,0.563,92.5,0.1639999999999999,84.2,0.0579999999999999,88.2,0.085,78.1,0.106,83.9,0.023,84.7,0.002,74.5,0.002,,124.0,-10.1,1.7,9.3,25.6,-7.2,1.6,0.92,-0.26,0.12,0.46,1.01,-1.31,4.27,0.285,0.643,0.445,0.667,0.8640000000000001,0.794,0.447,0.599,0.091,11.0,0.36,,0.051,0.0289999999999999,0.001,0.203,0.159,0.076,0.02,0.0,0.099,,0.001,,92.8,,88.4,85.4,86.9,91.9,84.5,77.9,80.0,46.5,83.6,,75.3,-2.2,,1.5,-6.8,-6.6,-3.9,1.8,3.1,3.6,-4.3,-1.7,,1.0,9.5,,5.3,3.6,4.9,6.0,1.5,-5.0,-5.4,4.7,4.5,,1.9,82.8,,-1.8,-5.9,-0.3,26.3,-11.1,5.4,5.9,0.3,23.5,,1.5,0.96,,-0.15,-0.84,-2.01,0.54,-0.29,0.3,1.21,29.05,0.99,,4.64,0.262,0.619,0.445,0.628,0.861,0.794,0.511,23.4,6.6,5.6,5.1,20 - 42,135.9,21.5,0.3,0.433,0.3229999999999999,0.244,0.187,0.516,0.296,0.313,0.096,0.0,0.088,0.362,0.064,0.03,0.002,,0.19,0.156,0.0,84.2,72.4,78.6,93.4,88.9,85.6,74.9,,92.5,84.8,0.0,-2.0,4.1,3.4,-1.7,1.4,-5.5,-1.0,,-4.4,2.3,0.0,3.0,-8.8,-7.0,8.3,4.0,2.1,-0.3,,4.7,-0.1,0.0,27.9,0.0,4.5,86.8,2.5,-6.7,1.6,,27.0,-11.9,0.0,1.21,0.45,0.21,1.0,0.16,-0.93,4.27,,0.59,-0.32,-0.69,0.261,0.616,0.445,0.622,0.862,0.794,0.517,23.4,6.9,105,119,93,107,111,120,101,0.96,101,101,128,107,93,99,101,98,104,88.8,11.4,304,0.068,116.3,1633,0.366,4456,0.179,0.27,0.256,0.428,0.334,36.7,0.8771929824561403,0.4166105499438833,0.815278446477291,3.4788625256036907,0.5555555555555556,0.09259259259259259
21,2015,HOU,27,2333,5459,6073,1363,829,278,26,230,729,691,486,22,1392,56,43,28,102,121,48,0.25,1690,1566,821,156,23543,8633,14910,137,61,20,0.08,0.2289999999999999,0.35,0.315,0.437,0.752,0.187,0.292,1.08,0.201,0.415,0.384,0.1,0.147,0.081,0.3279999999999999,0.325,55.8,739,58.6,-4.3,177.5,-15.3,245.6,26.1,$208.5,4.7,108,3.09,-108.65,111.74,60.89,6.72,1.01,1.39,119,10.6,-7.54,0.5529999999999999,91.9,0.152,83.7,0.046,87.6,0.096,77.5,0.124,83.2,0.021,83.8,0.008,75.4,0.004,,53.8,-7.7,-5.0,-1.9,19.2,-3.5,2.8,0.41,-0.22,-0.47,-0.08,0.66,-0.72,1.57,0.297,0.7020000000000001,0.478,0.632,0.825,0.759,0.446,0.614,0.115,8.1,0.332,,0.0559999999999999,0.026,0.001,0.203,0.149,0.083,0.023,0.001,0.12,,0.008,,92.3,,88.4,85.0,87.2,91.2,83.9,77.4,79.8,68.6,82.9,,75.5,-0.6,,2.4,-4.7,-3.7,1.7,3.0,3.4,3.3,1.0,1.3,,0.7,9.4,,6.1,3.0,6.2,6.3,1.3,-4.7,-5.3,-1.0,5.0,,1.4,32.8,,-9.5,-9.7,0.5,13.0,-12.5,-1.6,-5.4,0.4,26.5,,3.1,0.42,,-0.72,-1.61,4.3,0.27,-0.36,-0.08,-1.02,2.81,0.95,,1.75,0.285,0.67,0.478,0.594,0.828,0.758,0.5,23.7,-19.6,2.7,1.1,20 - 36,66.7,20.9,4.3,0.429,0.332,0.239,0.185,0.51,0.305,0.347,0.115,0.0,0.1009999999999999,0.36,0.052,0.031,0.008,0.0,0.184,0.146,0.0,83.7,70.1,78.4,93.2,88.2,85.4,76.1,90.2,92.0,84.6,0.0,-0.2,6.9,1.4,-0.6,1.2,-5.2,0.1,-4.4,-1.6,2.0,0.0,3.4,-13.3,-6.9,8.1,4.1,1.4,-0.3,2.5,4.5,-0.3,0.0,19.8,0.2,-4.1,32.4,-7.4,-5.7,2.9,0.3,15.4,-5.6,0.2,0.74,5.0,-0.17,0.38,-0.61,-0.77,1.64,25.08,0.36,-0.16,3.74,0.282,0.667,0.478,0.586,0.828,0.758,0.509,23.7,11.2,98,104,116,99,106,119,99,0.98,93,110,126,106,96,97,100,97,107,88.7,13.3,279,0.067,115.1,1482,0.358,4139,0.154,0.2689999999999999,0.237,0.401,0.311,26.1,0.7925417916845263,0.50480109739369,0.770788737032768,3.3939112452114406,0.41358024691358025,0.17901234567901234
6,2015,DET,28,2340,5605,6159,1515,1026,289,49,151,689,660,455,36,1259,41,35,23,152,83,51,0.27,1854,1496,980,130,23702,8399,15303,112,74,22,0.074,0.204,0.36,0.328,0.42,0.748,0.15,0.322,1.24,0.226,0.428,0.345,0.087,0.1009999999999999,0.06,0.297,0.324,51.8,744,19.0,-16.6,180.0,-15.0,161.1,17.1,$136.8,4.6,103,-2.01,-107.77,105.76,-21.8,-2.28,0.98,1.28,83,-0.12,-1.93,0.5710000000000001,92.4,0.156,84.1,0.061,88.8,0.086,78.7,0.095,83.9,0.021,84.3,0.01,75.6,0.006,,24.1,-18.6,1.1,-5.7,8.3,1.7,5.1,0.18,-0.51,0.08,-0.28,0.37,0.34,2.14,0.324,0.6890000000000001,0.488,0.6459999999999999,0.868,0.7859999999999999,0.4479999999999999,0.62,0.104,-27.6,0.367,,0.0579999999999999,0.019,0.0,0.205,0.147,0.069,0.027,0.0,0.098,,0.01,,92.6,,88.6,84.3,86.4,91.9,84.2,78.2,81.0,63.7,83.9,,75.9,-2.4,,0.8,-6.2,-6.3,-4.0,1.7,2.8,5.1,-2.1,-1.2,,-0.6,9.6,,5.8,3.1,4.8,6.0,1.7,-4.5,-5.4,1.0,4.7,,1.5,-6.9,,-6.0,4.2,1.7,19.9,-12.1,-10.0,-1.7,0.5,4.4,,3.1,-0.08,,-0.44,0.95,27.74,0.41,-0.35,-0.61,-0.27,4.92,0.19,,1.32,0.303,0.662,0.488,0.611,0.862,0.7859999999999999,0.515,23.8,-31.6,-6.3,-13.9,22 - 40,-8.6,21.2,-7.4,0.386,0.346,0.268,0.173,0.532,0.295,0.303,0.089,0.001,0.086,0.367,0.07,0.027,0.01,,0.192,0.149,0.0,84.5,74.3,79.4,93.4,89.7,85.2,75.9,,92.6,84.8,0.0,-0.7,10.1,3.8,-1.9,0.9,-5.6,-0.4,,-4.4,2.1,0.0,3.0,-10.7,-6.8,8.3,4.3,1.6,0.0,,4.5,-0.2,0.0,7.4,-0.3,-5.7,6.9,-0.6,4.0,4.1,,11.1,-19.1,-0.2,0.35,-1.04,-0.28,0.08,-0.04,0.64,1.68,,0.24,-0.55,-2.27,0.3,0.6609999999999999,0.488,0.611,0.8590000000000001,0.7859999999999999,0.52,23.8,-24.1,106,96,103,103,102,95,109,1.1,96,99,87,95,100,108,93,101,103,88.4,12.4,265,0.06,115.6,1531,0.348,4404,0.157,0.26,0.259,0.419,0.323,17.1,0.8418803418803419,0.35065312046444125,0.7955836986523787,3.0335852965678733,0.4472049689440994,0.19254658385093168
9,2015,NYY,28,2401,5567,6268,1397,894,272,19,212,764,737,554,23,1227,63,54,24,105,63,25,0.251,1820,1656,892,168,24523,9194,15329,121,50,15,0.088,0.196,0.45,0.323,0.421,0.744,0.17,0.283,1.1,0.204,0.417,0.379,0.1009999999999999,0.128,0.066,0.3,0.323,49.0,754,22.3,-20.1,183.2,-15.2,194.8,20.7,$165.4,3.9,103,-1.08,-106.45,105.36,63.29,6.59,0.97,1.36,117,3.61,-4.73,0.5589999999999999,92.0,0.136,83.9,0.049,87.9,0.08,77.8,0.13,83.4,0.024,84.2,0.023,76.0,0.004,,78.6,-9.4,8.0,-2.8,-10.5,7.9,-5.2,0.58,-0.28,0.68,-0.14,-0.33,1.37,-0.94,0.282,0.644,0.4429999999999999,0.6659999999999999,0.878,0.8029999999999999,0.445,0.59,0.087,3.0,0.376,,0.043,0.0279999999999999,0.001,0.184,0.131,0.074,0.016,0.0,0.123,,0.022,,92.1,,88.1,84.4,86.3,91.7,84.0,77.6,79.6,67.9,83.3,,76.0,-1.3,,1.7,-6.0,-5.4,-1.0,1.2,2.0,4.0,-4.0,-1.2,,-1.0,10.0,,6.0,4.1,4.6,6.1,1.8,-4.4,-6.0,0.8,5.4,,1.2,33.8,,1.2,2.9,0.4,29.9,-2.3,0.6,-7.6,-0.7,-10.9,,-5.3,0.37,,0.11,0.43,1.32,0.67,-0.07,0.03,-1.92,-6.67,-0.36,,-0.99,0.259,0.628,0.4429999999999999,0.616,0.88,0.8029999999999999,0.499,22.9,-35.3,-0.1,-5.4,21 - 39,25.3,21.6,8.5,0.444,0.3329999999999999,0.223,0.178,0.5379999999999999,0.285,0.318,0.119,0.0,0.085,0.351,0.054,0.034,0.023,,0.201,0.126,0.0,83.9,72.1,78.6,93.0,88.6,85.2,76.5,,92.3,84.4,0.0,-1.5,4.2,2.2,-1.2,1.0,-6.0,-0.6,,-1.9,1.0,0.0,3.7,-10.7,-7.1,8.6,4.2,1.8,-0.7,,5.0,-0.2,0.0,-12.1,0.5,-8.1,32.1,3.3,5.0,-7.1,,26.2,-4.3,0.0,-0.42,6.74,-0.4,0.38,0.25,0.61,-1.25,,0.54,-0.14,0.72,0.254,0.622,0.4429999999999999,0.609,0.877,0.8029999999999999,0.514,22.9,-0.4,98,115,99,101,102,108,96,0.99,94,108,110,109,96,90,96,102,99,88.2,13.4,235,0.053,116.5,1514,0.342,4424,0.182,0.268,0.245,0.396,0.318,20.7,0.8125780924614744,0.4439790575916231,0.8042437779195916,3.707419346219999,0.42592592592592593,0.16666666666666666
22,2015,LAD,28,2379,5385,6090,1346,870,263,26,187,667,638,563,31,1258,60,30,49,135,59,34,0.25,1775,1458,885,144,23602,8783,14819,101,88,5,0.092,0.207,0.45,0.326,0.413,0.739,0.163,0.292,1.22,0.215,0.431,0.354,0.099,0.128,0.057,0.057,0.322,37.5,722,43.5,22.8,178.0,34.5,273.6,29.0,$232.3,3.8,106,3.76,-103.71,107.47,21.15,2.28,0.98,1.19,273,5.95,-2.13,0.585,92.2,0.142,84.2,0.062,87.8,0.09,77.9,0.115,83.5,0.0069999999999999,84.6,,,0.004,,25.1,-19.9,-13.4,4.3,17.0,2.7,,0.18,-0.6,-0.92,0.2,0.63,1.57,,0.291,0.679,0.466,0.629,0.8590000000000001,0.78,0.45,0.599,0.102,-15.3,0.346,,0.06,0.012,,0.239,0.138,0.069,0.025,0.001,0.109,,,,92.6,,87.3,83.9,,91.6,84.4,77.5,80.1,67.6,83.4,,,-1.5,,0.7,-0.2,,-3.9,1.3,2.2,3.9,8.2,-3.4,,,8.5,,4.4,1.5,,5.2,0.9,-5.3,-5.9,-11.6,3.9,,,-16.2,,-15.5,1.5,,38.1,-22.8,-0.7,1.8,-0.2,12.2,,,-0.2,,-1.1,0.52,,0.68,-0.7,-0.04,0.31,-1.74,0.48,,,0.276,0.65,0.466,0.589,0.857,0.779,0.508,23.2,57.3,-4.4,-10.2,21 - 39,28.2,10.1,-0.7,0.391,0.363,0.246,0.182,0.509,0.31,0.33,0.098,0.001,0.086,0.369,0.078,0.023,,,0.2019999999999999,0.138,0.001,84.1,67.5,78.5,93.2,88.4,83.8,,,92.0,84.6,0.0,-3.2,4.5,3.1,-1.6,0.5,-1.6,,,-3.5,1.7,0.0,3.4,-11.2,-6.7,7.8,4.0,1.6,,,4.5,-0.1,0.0,17.4,0.8,-2.2,-12.8,-9.8,-0.6,,,35.5,-17.7,-0.3,0.76,3.1,-0.11,-0.15,-0.54,-0.12,,,0.75,-0.55,-1.49,0.275,0.649,0.466,0.5870000000000001,0.857,0.779,0.511,23.2,19.3,96,116,104,101,101,109,96,1.01,95,107,115,102,102,94,100,98,104,88.6,11.7,263,0.062,115.1,1487,0.353,4209,0.16,0.262,0.247,0.41,0.325,29.0,0.8024379991593107,0.448575712143928,0.7934318555008211,2.7894784625059015,0.4074074074074074,0.16666666666666666
3,2015,BOS,28,2268,5640,6237,1495,1007,294,33,161,748,706,478,28,1148,46,42,30,127,71,27,0.265,2121,1481,913,148,24709,8752,15957,174,48,8,0.077,0.184,0.42,0.325,0.415,0.74,0.149,0.305,1.43,0.2019999999999999,0.47,0.3279999999999999,0.1,0.109,0.0819999999999999,0.1669999999999999,0.321,38.7,740,-7.3,-13.0,182.3,-16.0,169.0,17.9,$143.5,4.3,99,-2.64,-105.16,102.52,30.77,2.79,0.96,1.31,72,2.9,-5.64,0.574,92.3,0.153,84.0,0.054,87.6,0.083,78.3,0.09,83.6,0.025,84.6,0.02,76.1,0.004,,10.5,10.8,1.1,19.8,15.5,-5.9,2.7,0.07,0.29,0.08,0.97,0.7,-0.97,0.55,0.306,0.64,0.4579999999999999,0.6890000000000001,0.884,0.813,0.455,0.605,0.085,1.4,0.395,,0.06,0.025,,0.176,0.142,0.072,0.022,0.001,0.088,0.0,0.02,,92.4,,88.5,84.9,,91.8,84.1,78.2,80.7,64.4,83.5,80.8,76.3,-1.1,,2.0,-5.2,,-0.5,2.3,3.4,4.1,0.7,-0.7,1.7,0.2,9.8,,5.9,3.5,,6.1,1.5,-4.8,-5.1,1.6,4.7,1.8,1.6,19.3,,-3.3,-13.3,,-19.8,6.6,7.0,3.4,-0.5,28.0,0.0,2.3,0.2,,-0.22,-2.15,,-0.46,0.19,0.4,0.63,-3.16,1.29,2.4,0.48,0.288,0.615,0.4579999999999999,0.66,0.877,0.812,0.521,23.4,-28.9,0.7,0.7,22 - 40,-5.9,21.5,0.0,0.381,0.363,0.256,0.1939999999999999,0.522,0.285,0.287,0.081,0.001,0.086,0.391,0.066,0.033,0.021,,0.177,0.141,,84.1,74.5,79.1,93.4,88.3,85.4,76.5,,92.5,84.7,,-1.6,9.3,2.1,-1.0,0.9,-4.8,-0.5,,-2.8,1.7,,3.1,-10.0,-7.1,8.4,4.1,1.4,0.0,,4.6,-0.6,,15.3,-0.4,18.9,21.1,-0.6,-7.6,2.0,,-9.6,10.7,,0.77,-2.55,0.89,0.22,-0.04,-0.94,0.4,,-0.22,0.31,,0.281,0.615,0.4579999999999999,0.652,0.877,0.812,0.532,23.4,-8.1,104,100,93,102,100,95,103,0.98,106,94,93,94,105,103,104,99,99,88.5,10.5,220,0.048,116.6,1529,0.335,4565,0.188,0.273,0.246,0.384,0.308,17.9,0.8699294532627866,0.34438502673796795,0.8159371492704826,3.33275817444141,0.4506172839506173,0.17901234567901234
19,2015,COL,28,2436,5572,6071,1479,970,274,49,186,737,702,388,47,1283,33,34,44,114,97,43,0.265,1909,1454,913,144,22661,7783,14878,121,91,24,0.064,0.211,0.3,0.315,0.432,0.748,0.167,0.313,1.31,0.214,0.446,0.34,0.099,0.128,0.063,0.264,0.321,34.6,717,-96.6,-36.4,177.5,32.2,91.5,9.7,$77.7,5.1,87,-1.84,-106.2,104.36,-28.46,-3.58,0.95,1.07,262,-3.14,1.21,0.612,92.2,0.144,84.0,0.047,87.5,0.086,77.8,0.1009999999999999,83.6,0.011,83.5,,,0.008,,36.8,2.7,-8.4,5.2,0.4,1.7,,0.27,0.08,-0.79,0.27,0.02,0.68,,0.33,0.69,0.495,0.644,0.856,0.779,0.4579999999999999,0.613,0.108,4.7,0.375,,0.062,0.012,,0.221,0.1369999999999999,0.069,0.022,0.001,0.1009999999999999,,,,92.9,,87.2,84.0,,91.3,84.2,77.5,79.7,67.1,83.4,,,-2.2,,1.2,-5.0,,-3.0,1.1,2.8,3.0,3.6,-3.1,,,8.3,,5.3,1.5,,5.0,1.2,-4.8,-4.6,-6.7,4.4,,,-0.1,,-10.1,-0.2,,35.7,-9.8,6.4,2.3,0.9,-8.2,,,0.0,,-0.73,-0.08,,0.73,-0.33,0.42,0.48,7.41,-0.37,,,0.314,0.6629999999999999,0.496,0.602,0.857,0.78,0.521,23.8,-4.2,-0.1,5.8,20 - 42,-91.9,10.1,-1.0,0.372,0.363,0.265,0.181,0.518,0.302,0.306,0.096,0.001,0.0819999999999999,0.384,0.071,0.016,,,0.198,0.136,0.0,84.1,68.3,78.2,93.6,87.7,84.4,,,91.7,84.5,0.0,-3.3,4.3,3.0,-2.1,1.0,-4.3,,,-3.0,1.4,0.0,3.5,-9.1,-5.9,7.6,4.2,1.2,,,4.1,-0.1,0.0,-5.6,1.0,8.1,5.2,-9.3,1.7,,,20.4,2.6,0.2,-0.26,6.11,0.44,0.06,-0.58,0.48,,,0.46,0.08,5.4,0.312,0.662,0.495,0.601,0.855,0.779,0.523,23.8,-18.5,102,80,106,97,105,112,102,1.0,98,103,115,98,102,101,100,99,101,88.4,10.8,225,0.052,117.1,1449,0.332,4367,0.16,0.268,0.24,0.38,0.296,9.7,0.7664203612479474,0.40379918588873814,0.7886674353483776,2.915055093895267,0.48148148148148145,0.14814814814814814
13,2015,TEX,28,2358,5511,6187,1419,936,279,32,172,751,707,503,32,1233,76,54,43,99,101,39,0.257,1956,1495,812,139,23739,8730,15009,128,112,43,0.081,0.1989999999999999,0.41,0.325,0.413,0.739,0.156,0.3,1.31,0.19,0.4589999999999999,0.351,0.093,0.115,0.065,0.384,0.321,35.7,731,-16.8,13.4,180.9,-16.4,203.9,21.6,$173.2,4.7,98,3.12,-99.6,102.73,40.61,3.85,0.94,1.49,93,3.32,0.01,0.565,91.7,0.154,83.3,0.055,87.1,0.094,77.4,0.109,82.8,0.02,83.8,0.003,70.9,0.005,,66.5,-17.9,7.5,4.3,9.1,-6.2,1.1,0.5,-0.49,0.58,0.2,0.36,-1.33,1.43,0.297,0.644,0.451,0.639,0.866,0.7829999999999999,0.444,0.603,0.0969999999999999,21.6,0.34,,0.071,0.016,0.0,0.211,0.147,0.078,0.022,0.0,0.111,0.0,0.002,,92.0,,87.8,84.3,86.4,91.0,83.2,76.6,80.6,68.3,82.7,78.6,73.3,-1.1,,2.0,-5.9,-6.4,0.6,1.4,3.4,4.1,1.0,-0.4,4.9,1.0,9.6,,5.9,3.3,4.0,6.4,1.2,-5.7,-5.2,-5.8,4.6,-1.3,0.7,30.2,,4.7,-1.7,-0.4,15.5,-15.7,-1.0,1.9,-0.1,-3.0,0.0,0.6,0.38,,0.28,-0.45,-4.21,0.31,-0.45,-0.06,0.36,-0.59,-0.11,0.72,1.09,0.2789999999999999,0.618,0.451,0.608,0.8590000000000001,0.782,0.506,23.2,-3.0,2.0,10.9,21 - 36,4.8,21.3,8.7,0.417,0.349,0.2339999999999999,0.184,0.522,0.294,0.308,0.102,0.0,0.1009999999999999,0.362,0.073,0.026,0.003,0.0,0.19,0.1369999999999999,0.0,83.6,69.6,78.4,93.0,88.4,84.7,72.2,73.4,92.2,84.3,0.0,-0.9,6.6,2.9,-0.5,0.9,-4.2,0.3,7.6,-1.6,0.8,0.0,2.9,-12.4,-7.2,8.2,3.9,1.5,-1.9,-11.7,4.8,-0.5,0.0,8.4,0.0,-0.6,19.1,7.5,-6.5,1.0,0.0,36.2,-17.7,0.0,0.35,-0.47,-0.03,0.22,0.44,-1.06,1.32,-3.72,0.8,-0.55,-0.91,0.2739999999999999,0.618,0.451,0.597,0.8590000000000001,0.782,0.515,23.2,-5.1,101,106,101,102,100,99,101,0.93,103,100,99,103,101,94,99,99,103,88.6,11.0,243,0.0559999999999999,116.0,1559,0.356,4375,0.179,0.276,0.245,0.397,0.316,21.6,0.81509754028838,0.36644474034620506,0.8007111685792792,3.2888975155166387,0.4382716049382716,0.13580246913580246
15,2015,ARI,27,2393,5649,6276,1494,1003,289,48,154,720,680,490,40,1312,33,57,46,134,132,44,0.264,2057,1346,926,110,23333,8283,15050,122,111,36,0.078,0.209,0.37,0.324,0.414,0.738,0.15,0.316,1.53,0.214,0.475,0.311,0.0819999999999999,0.114,0.059,0.324,0.319,26.0,732,-35.8,-0.4,183.5,33.1,203.2,21.6,$172.5,5.3,95,-4.26,-113.48,109.21,1.08,-0.1,1.01,1.19,269,0.73,-4.95,0.575,92.1,0.1669999999999999,84.3,0.061,87.6,0.0969999999999999,77.7,0.092,83.7,0.0069999999999999,83.3,,,0.0069999999999999,,20.1,-24.8,20.1,13.7,6.0,1.2,,0.15,-0.64,1.43,0.61,0.28,0.73,,0.308,0.6459999999999999,0.462,0.628,0.8759999999999999,0.7859999999999999,0.455,0.622,0.098,12.5,0.346,,0.074,0.009,,0.215,0.159,0.078,0.027,0.001,0.092,0.0,,,92.6,,87.6,82.7,,91.2,84.5,77.6,79.8,68.4,83.8,79.5,,-2.4,,1.4,-1.5,,-3.5,2.0,3.3,3.3,7.2,-2.4,10.8,,8.7,,4.8,1.7,,5.3,1.2,-5.1,-5.5,-11.5,4.1,3.1,,-2.1,,13.0,-2.0,,6.5,-14.5,-0.9,1.6,1.9,6.3,0.0,,-0.03,,0.77,-0.99,,0.13,-0.39,-0.05,0.25,11.67,0.3,3.49,,0.29,0.623,0.462,0.594,0.8690000000000001,0.7859999999999999,0.517,23.7,32.6,6.2,11.2,21 - 35,-23.3,10.4,-4.9,0.373,0.36,0.267,0.1669999999999999,0.523,0.31,0.312,0.0819999999999999,0.001,0.093,0.345,0.084,0.016,,,0.214,0.157,0.0,84.6,69.0,78.5,93.4,88.2,83.4,,,92.1,84.9,30.4,-2.6,5.8,3.3,-2.1,1.2,-3.3,,,-3.7,2.2,-1.5,2.8,-12.7,-6.9,7.7,3.7,1.7,,,4.3,-0.5,2.9,8.3,2.8,7.1,-5.3,21.3,-1.5,,,11.5,-24.2,-0.1,0.43,12.06,0.33,-0.07,1.1,-0.41,,,0.23,-0.67,-4.57,0.288,0.617,0.462,0.593,0.866,0.7859999999999999,0.528,23.7,-14.5,102,98,105,100,101,100,103,1.0,104,94,102,98,101,102,92,100,104,88.5,9.9,238,0.054,116.5,1450,0.327,4441,0.181,0.2789999999999999,0.248,0.391,0.31,21.6,0.8290848307563727,0.3422222222222222,0.7909496494582536,3.02576924154926,0.4074074074074074,0.17901234567901234
30,2015,SFG,29,2342,5565,6153,1486,1023,288,39,136,696,663,457,30,1159,49,37,45,142,93,36,0.267,2111,1352,948,84,23191,8466,14725,144,77,17,0.074,0.188,0.39,0.326,0.406,0.732,0.139,0.313,1.56,0.215,0.479,0.307,0.062,0.1009999999999999,0.068,0.221,0.318,20.9,713,25.9,26.6,179.9,35.4,277.6,29.5,$235.8,4.7,104,0.87,-106.02,106.89,39.94,4.56,0.99,1.26,226,3.52,-2.64,0.5770000000000001,92.0,0.141,84.1,0.065,87.5,0.0969999999999999,77.5,0.115,83.3,0.006,82.8,,,0.005,,8.1,-17.9,-3.9,19.0,0.5,4.5,,0.06,-0.55,-0.26,0.85,0.02,3.54,,0.297,0.698,0.474,0.655,0.873,0.797,0.441,0.614,0.096,-0.4,0.351,,0.068,0.011,,0.208,0.152,0.078,0.021,0.001,0.109,,,,92.6,,87.2,83.6,,91.5,84.5,77.3,79.3,69.0,83.1,,,-2.1,,1.4,-2.2,,-3.6,1.2,3.1,2.7,6.5,-3.1,,,8.8,,6.1,2.1,,5.2,0.9,-5.9,-6.3,-11.3,4.2,,,14.4,,-7.0,-0.5,,-15.4,-17.5,1.4,9.1,0.1,2.9,,,0.18,,-0.45,-0.19,,-0.33,-0.5,0.08,1.89,0.4,0.12,,,0.276,0.6659999999999999,0.473,0.606,0.872,0.7959999999999999,0.506,23.5,62.0,1.5,5.0,23 - 39,25.5,10.2,-6.9,0.352,0.371,0.276,0.19,0.5329999999999999,0.2769999999999999,0.285,0.102,0.002,0.093,0.36,0.08,0.017,,,0.193,0.145,0.0,84.1,70.0,78.5,93.5,88.2,83.8,,,92.1,85.0,0.0,-2.9,6.0,3.5,-1.9,1.3,-3.1,,,-3.7,1.3,0.0,3.2,-12.4,-7.3,7.9,4.8,1.6,,,4.3,-0.3,0.0,3.4,0.0,15.6,16.6,-6.8,-0.7,,,-21.3,-11.9,-0.1,0.15,-0.06,0.73,0.2,-0.37,-0.17,,,-0.48,-0.36,-1.35,0.2769999999999999,0.6609999999999999,0.474,0.613,0.868,0.7959999999999999,0.515,23.5,9.8,103,93,95,101,99,93,103,1.01,105,93,90,92,104,105,105,102,93,87.6,9.1,207,0.046,114.4,1405,0.313,4488,0.16,0.256,0.254,0.397,0.315,29.5,0.8296327924850555,0.3126436781609196,0.8116366000325045,3.0703731314486187,0.41975308641975306,0.18518518518518517
7,2015,KCR,29,2263,5575,6116,1497,1016,300,42,139,724,689,383,28,973,77,47,34,133,104,34,0.269,2048,1564,999,150,22705,8075,14630,129,72,21,0.063,0.159,0.39,0.322,0.412,0.734,0.144,0.301,1.31,0.217,0.444,0.3389999999999999,0.096,0.089,0.063,0.292,0.318,22.7,710,-8.0,29.0,178.8,-15.2,205.4,21.8,$174.4,5.1,99,5.14,-100.74,105.88,21.04,2.06,0.96,1.26,40,0.57,4.8,0.546,92.1,0.144,84.2,0.071,88.1,0.096,78.2,0.122,83.3,0.015,84.3,0.005,77.2,0.005,,75.8,-14.5,-17.1,-11.7,-18.3,9.7,-2.8,0.61,-0.45,-1.07,-0.54,-0.66,2.83,-2.41,0.325,0.665,0.476,0.688,0.899,0.8190000000000001,0.446,0.608,0.086,-0.3,0.367,,0.052,0.017,0.001,0.186,0.147,0.083,0.02,0.0,0.121,,0.005,,92.2,,87.8,84.5,87.7,91.7,84.5,77.8,81.0,64.5,83.3,,77.2,-1.2,,0.7,-6.9,-6.0,-2.9,0.9,1.5,4.3,0.8,-0.1,,-1.7,9.7,,6.0,3.7,4.5,6.3,1.8,-4.1,-5.0,-2.0,5.3,,2.0,56.6,,-10.9,0.0,0.9,0.8,-21.7,-11.3,-3.0,0.0,-11.8,,-3.5,0.69,,-0.93,0.0,4.5,0.02,-0.66,-0.61,-0.66,-1.07,-0.43,,-3.21,0.303,0.647,0.477,0.639,0.9,0.818,0.505,23.3,13.8,4.6,-3.3,22 - 37,-8.3,21.1,-1.6,0.39,0.358,0.252,0.186,0.534,0.28,0.244,0.1169999999999999,0.0,0.094,0.35,0.07,0.02,0.005,0.0,0.1889999999999999,0.146,0.0,83.7,72.0,78.4,92.8,88.6,84.1,77.4,85.4,92.0,84.6,0.0,0.3,4.9,2.2,-1.0,0.9,-4.9,-0.6,-4.3,-2.3,1.8,0.0,3.4,-8.5,-6.8,8.3,4.1,1.3,0.5,7.2,4.8,-0.3,0.0,-18.2,-0.1,-11.7,66.5,-14.5,8.3,-2.8,0.0,-2.7,-22.5,-0.8,-0.69,-0.53,-0.55,0.84,-0.92,1.85,-2.41,-0.66,-0.06,-0.68,-76.88,0.304,0.642,0.477,0.637,0.9,0.818,0.51,23.3,-10.7,105,81,80,101,100,91,102,1.05,100,97,76,96,104,102,100,101,98,88.0,11.3,209,0.045,113.9,1523,0.325,4683,0.1669999999999999,0.253,0.264,0.4,0.317,21.8,0.830755634114008,0.30718232044198895,0.8409090909090909,3.0628465619727807,0.4506172839506173,0.16049382716049382
5,2015,CLE,28,2285,5439,6109,1395,922,303,29,141,669,640,533,34,1157,39,50,47,134,86,28,0.256,1919,1446,921,160,23795,8834,14961,119,93,24,0.087,0.1889999999999999,0.46,0.325,0.401,0.725,0.144,0.299,1.33,0.215,0.4479999999999999,0.337,0.111,0.098,0.062,0.258,0.315,12.3,699,-23.7,13.0,178.6,-17.5,179.5,19.1,$152.4,4.4,97,-5.49,-103.24,97.75,-33.48,-3.62,0.95,1.21,137,-3.61,-2.14,0.579,91.8,0.128,83.3,0.052,87.6,0.093,77.6,0.121,83.4,0.024,84.1,0.003,76.8,0.006,,43.3,-10.5,-9.7,-3.2,-11.6,-4.3,-4.3,0.32,-0.35,-0.79,-0.15,-0.41,-0.76,-6.11,0.285,0.657,0.451,0.685,0.8859999999999999,0.816,0.4479999999999999,0.591,0.083,8.1,0.361,,0.051,0.022,0.0,0.21,0.128,0.075,0.0279999999999999,0.0,0.122,0.0,0.003,,92.0,,88.1,84.8,89.0,91.4,83.6,77.3,79.7,65.2,83.3,78.6,76.6,-0.9,,0.8,-6.2,-6.2,-1.0,1.3,2.5,4.2,-2.7,-0.6,8.7,-0.7,9.5,,5.7,2.6,5.5,5.8,1.4,-4.8,-5.6,4.0,4.9,2.9,1.1,4.1,,0.3,-9.6,-0.2,8.9,-13.9,-6.5,-1.2,0.2,-4.9,0.0,-5.4,0.05,,0.02,-1.87,-3.86,0.18,-0.46,-0.36,-0.19,2.98,-0.17,1.63,-7.65,0.261,0.629,0.452,0.643,0.882,0.816,0.519,23.0,-4.5,3.4,3.6,21 - 39,-15.6,21.0,1.1,0.407,0.344,0.249,0.19,0.527,0.282,0.3,0.114,0.001,0.094,0.355,0.062,0.0279999999999999,0.003,,0.211,0.1169999999999999,0.0,84.0,69.0,78.6,92.9,88.4,85.4,76.7,,92.3,83.9,11.2,-1.1,-5.6,2.7,-0.6,0.5,-5.2,0.4,,-2.4,0.8,-0.7,3.4,-8.6,-6.8,8.4,3.9,1.3,0.1,,4.8,-0.3,0.4,-10.6,-0.1,-5.7,0.5,-4.5,-8.0,-4.8,,21.4,-11.1,0.1,-0.39,-0.88,-0.25,0.01,-0.3,-1.21,-6.53,,0.43,-0.4,1.26,0.255,0.627,0.452,0.639,0.88,0.816,0.529,23.0,0.1,100,113,96,102,97,92,101,1.04,101,96,84,100,99,101,103,100,99,88.3,11.2,200,0.046,112.1,1519,0.347,4380,0.175,0.258,0.253,0.393,0.317,19.1,0.8437636761487965,0.33721973094170404,0.8106073007038795,3.1534881603772917,0.38509316770186336,0.22981366459627328
2,2015,BAL,28,2249,5485,6007,1370,887,246,20,217,713,686,418,23,1331,51,32,20,127,44,25,0.25,1789,1517,843,151,22912,8137,14775,130,57,18,0.07,0.222,0.31,0.307,0.421,0.728,0.171,0.291,1.18,0.203,0.431,0.366,0.1,0.143,0.073,0.316,0.315,8.3,684,-19.0,8.9,175.6,-14.8,166.5,17.7,$141.4,3.6,97,-2.93,-102.67,99.74,17.35,1.76,0.95,1.34,88,-0.94,-2.14,0.562,92.0,0.147,83.9,0.054,87.3,0.094,77.6,0.118,83.2,0.02,83.2,0.004,74.6,0.003,,27.1,-3.4,-1.5,-8.9,-4.8,1.4,-3.0,0.21,-0.1,-0.12,-0.41,-0.18,0.3,-3.17,0.3339999999999999,0.6940000000000001,0.492,0.627,0.8540000000000001,0.768,0.439,0.619,0.114,-4.9,0.381,,0.055,0.023,0.0,0.171,0.139,0.084,0.022,0.0,0.12,,0.004,,92.2,,87.8,84.5,87.3,91.3,84.1,77.4,80.5,66.3,83.2,,75.0,-1.5,,1.4,-5.7,-6.3,-1.6,1.9,3.4,4.4,-4.2,-1.3,,-0.3,9.8,,5.9,3.9,6.5,6.3,1.6,-5.1,-4.3,5.0,5.1,,1.7,11.8,,2.9,-0.5,-0.5,-2.2,-5.5,-7.4,-10.0,0.1,-2.5,,-3.1,0.14,,0.23,-0.09,-5.92,-0.06,-0.17,-0.39,-1.98,0.53,-0.09,,-3.41,0.317,0.6629999999999999,0.492,0.589,0.851,0.768,0.504,22.6,-5.9,-3.6,-2.2,22 - 32,-23.9,20.7,0.9,0.418,0.3379999999999999,0.244,0.185,0.514,0.301,0.327,0.108,0.001,0.095,0.3779999999999999,0.062,0.027,0.002,,0.177,0.1369999999999999,0.0,83.7,72.9,78.4,93.2,88.2,84.8,73.3,,92.0,84.7,0.0,-1.7,2.5,2.9,-1.5,0.9,-5.4,-0.2,,-2.4,2.0,0.0,3.4,-10.4,-7.4,8.3,4.2,1.6,-0.7,,4.9,-0.6,0.0,-10.8,0.2,-5.4,-2.9,-10.7,-0.6,-0.5,,22.0,-10.4,0.1,-0.44,1.09,-0.25,-0.03,-0.75,-0.1,-1.13,,0.54,-0.33,3.86,0.317,0.662,0.492,0.5870000000000001,0.851,0.768,0.508,22.6,-2.3,98,90,112,96,102,109,98,0.99,97,104,123,103,98,98,100,97,105,88.8,12.3,267,0.063,114.9,1476,0.351,4207,0.152,0.266,0.241,0.408,0.311,17.7,0.7950200088928413,0.4869565217391305,0.77842517063426,3.3556476479485644,0.41975308641975306,0.1728395061728395
24,2015,WSN,28,2245,5428,6117,1363,908,265,13,177,703,665,539,38,1344,44,51,55,129,57,23,0.251,1934,1319,832,115,23247,8545,14702,127,105,28,0.088,0.22,0.4,0.321,0.403,0.724,0.151,0.3,1.47,0.204,0.473,0.3229999999999999,0.087,0.134,0.066,0.267,0.315,2.7,690,-27.4,-23.6,178.8,33.0,168.7,17.9,$143.2,3.5,96,0.01,-104.97,104.98,28.67,2.69,1.0,1.11,221,3.34,-3.34,0.584,92.5,0.161,84.4,0.054,87.6,0.089,78.5,0.1,83.6,0.01,85.1,0.004,75.2,0.0069999999999999,,25.3,-17.8,-13.9,18.9,-2.5,-2.3,-0.8,0.19,-0.48,-1.12,0.92,-0.11,-1.04,-0.89,0.296,0.6779999999999999,0.4639999999999999,0.624,0.857,0.774,0.441,0.615,0.104,-2.3,0.368,,0.054,0.012,0.001,0.214,0.156,0.072,0.023,0.0,0.095,,0.004,,92.8,,87.3,83.6,86.9,91.9,84.6,78.3,80.1,66.2,83.5,,75.7,-2.5,,1.1,-1.4,-6.5,-3.9,1.7,3.4,3.1,5.6,-2.2,,0.4,9.1,,5.0,1.0,4.7,5.3,1.3,-4.8,-6.0,-8.7,4.3,,-0.3,-12.4,,-13.0,-3.5,-0.2,16.8,-18.8,8.9,5.2,1.1,-1.9,,-0.6,-0.15,,-1.05,-1.22,-2.05,0.34,-0.52,0.53,0.96,12.67,-0.09,,-0.66,0.276,0.6409999999999999,0.4639999999999999,0.5710000000000001,0.856,0.773,0.514,23.6,9.4,-0.5,-0.8,21 - 38,-29.7,10.1,-1.0,0.3879999999999999,0.344,0.268,0.183,0.524,0.294,0.337,0.092,0.001,0.087,0.374,0.066,0.016,0.004,,0.191,0.16,0.0,84.2,74.2,79.2,93.6,88.7,84.4,75.4,,92.1,84.8,0.0,-2.2,5.6,3.8,-2.4,0.7,-1.6,0.8,,-3.7,2.1,0.0,3.2,-13.2,-6.8,8.1,4.3,0.5,-1.9,,4.3,-0.1,0.0,1.3,0.4,15.6,-19.6,-14.0,-1.7,-1.0,,27.3,-21.7,-0.1,0.06,2.27,0.77,-0.23,-0.92,-0.45,-1.06,,0.62,-0.59,-1.66,0.275,0.639,0.4639999999999999,0.573,0.853,0.773,0.519,23.6,-4.5,96,111,110,99,98,101,98,0.95,104,98,120,102,97,102,101,100,99,89.4,9.4,261,0.062,116.0,1570,0.375,4190,0.165,0.27,0.247,0.401,0.318,17.9,0.8472160356347439,0.40284495021337124,0.7802844531633153,3.308493831283152,0.41358024691358025,0.19753086419753085
17,2015,CHC,28,2406,5491,6200,1341,868,272,30,171,689,657,567,47,1518,74,35,32,102,95,37,0.244,1703,1433,828,129,24646,9152,15494,115,76,17,0.091,0.245,0.37,0.321,0.398,0.719,0.154,0.305,1.19,0.209,0.43,0.362,0.09,0.119,0.068,0.2239999999999999,0.313,-2.6,694,-30.9,25.6,181.2,38.0,239.4,25.4,$203.3,4.4,96,3.33,-109.28,112.61,11.84,1.15,1.01,1.22,287,2.46,0.84,0.583,92.7,0.156,84.4,0.055,87.8,0.091,78.6,0.107,84.3,0.009,84.1,,,0.0069999999999999,,35.7,-27.0,-13.4,-8.8,12.8,-0.8,,0.25,-0.71,-1.0,-0.4,0.49,-0.38,,0.298,0.6940000000000001,0.47,0.589,0.8370000000000001,0.747,0.433,0.6,0.118,15.1,0.3429999999999999,,0.053,0.011,,0.235,0.155,0.068,0.031,0.0,0.105,,,,93.1,,87.5,84.1,,92.0,84.5,78.3,80.4,67.9,84.1,,,-2.6,,0.9,-5.6,,-4.6,0.8,2.5,3.9,7.0,-3.4,,,9.0,,5.0,1.9,,5.3,1.3,-4.9,-5.8,-9.5,4.3,,,-1.7,,-19.6,3.7,,26.3,-30.1,-1.1,-4.4,-0.1,7.0,,,-0.02,,-1.51,1.44,,0.46,-0.79,-0.06,-0.58,-0.76,0.27,,,0.272,0.662,0.469,0.524,0.836,0.747,0.506,22.8,63.6,1.6,6.0,21 - 38,-15.8,10.3,7.5,0.405,0.349,0.245,0.181,0.517,0.302,0.364,0.104,0.0,0.088,0.35,0.066,0.01,,,0.216,0.154,0.0,84.6,68.8,78.9,93.7,88.7,84.0,,,92.4,84.6,0.0,-3.2,7.0,3.5,-2.1,1.0,-3.7,,,-4.4,1.4,0.0,2.9,-11.7,-7.1,8.0,4.0,1.1,,,4.2,-0.3,0.0,7.5,-0.1,-10.1,-6.8,-9.8,3.9,,,20.0,-28.8,-0.1,0.29,-0.84,-0.47,-0.08,-0.61,1.52,,,0.38,-0.77,-1.21,0.273,0.6579999999999999,0.469,0.528,0.8340000000000001,0.747,0.51,22.8,11.0,94,115,123,99,97,103,100,0.98,94,109,107,106,98,94,100,99,101,88.1,12.7,255,0.063,116.2,1354,0.335,4041,0.158,0.276,0.231,0.385,0.307,25.4,0.7930174563591023,0.3970972423802613,0.7551612903225806,2.947389050683286,0.4074074074074074,0.17901234567901234
12,2015,TBR,28,2479,5485,6071,1383,906,278,32,167,644,612,436,22,1310,84,47,19,121,87,45,0.252,1798,1508,886,151,23210,8294,14916,106,48,14,0.072,0.216,0.33,0.314,0.406,0.72,0.154,0.3,1.19,0.211,0.429,0.36,0.1,0.111,0.059,0.292,0.313,-1.0,682,-2.8,20.5,177.5,-18.0,184.6,19.6,$156.8,4.2,100,-5.19,-115.84,110.65,-36.37,-3.84,1.07,1.46,217,-0.84,-4.0,0.568,91.8,0.144,83.7,0.046,87.0,0.088,77.3,0.1169999999999999,83.0,0.019,83.5,0.018,75.4,0.003,,12.3,-5.3,2.1,-15.4,-5.5,-1.5,1.7,0.09,-0.16,0.2,-0.76,-0.2,-0.34,0.4,0.305,0.688,0.48,0.644,0.8440000000000001,0.775,0.457,0.621,0.107,-13.4,0.363,,0.0559999999999999,0.016,0.001,0.19,0.14,0.078,0.019,0.001,0.118,,0.018,,92.2,,88.0,83.9,86.2,91.0,83.8,77.1,79.9,63.1,82.8,,75.7,-0.9,,2.0,-5.2,-4.5,0.8,2.7,4.3,6.8,0.1,1.5,,0.0,10.1,,7.2,3.4,5.1,6.4,1.8,-5.1,-5.3,1.9,5.5,,2.4,2.8,,0.1,-0.7,0.8,1.2,-7.0,-15.2,-0.5,1.9,-13.0,,0.6,0.03,,0.01,-0.19,2.7,0.03,-0.22,-0.84,-0.12,13.3,-0.48,,0.15,0.284,0.662,0.48,0.6,0.8440000000000001,0.775,0.518,23.0,2.5,-3.0,-9.8,23 - 37,-16.2,20.9,-0.6,0.419,0.34,0.241,0.185,0.535,0.28,0.315,0.1119999999999999,0.0,0.093,0.355,0.061,0.024,0.019,,0.201,0.132,0.0,83.8,66.4,78.2,93.1,88.5,84.4,76.1,,91.9,84.6,0.0,0.0,0.4,2.9,-0.8,1.2,-4.6,-0.6,,-2.3,2.0,0.0,3.4,-4.7,-7.8,8.4,3.9,1.2,0.6,,4.7,-0.5,0.0,-8.4,0.0,-14.5,17.6,-8.8,-4.0,1.4,,-5.9,-1.8,-0.2,-0.33,-0.75,-0.68,0.22,-0.63,-0.74,0.32,,-0.13,-0.06,-17.06,0.2789999999999999,0.662,0.481,0.591,0.845,0.775,0.526,23.0,3.5,99,93,109,99,98,98,101,1.03,97,103,95,103,98,97,100,101,98,87.9,12.9,222,0.052,113.2,1367,0.322,4241,0.161,0.268,0.24,0.386,0.306,19.6,0.7337636143606293,0.41490683229813663,0.7842200625926536,2.627968578245912,0.35802469135802467,0.16666666666666666
11,2015,SEA,28,2407,5544,6131,1379,897,262,22,198,656,624,478,31,1336,36,35,38,123,69,45,0.249,1867,1475,866,125,23814,8769,15045,103,73,17,0.078,0.218,0.36,0.311,0.411,0.722,0.162,0.292,1.27,0.206,0.444,0.351,0.085,0.134,0.055,0.233,0.313,-3.3,686,2.3,0.3,179.2,-16.1,163.8,17.4,$139.1,3.6,100,-2.88,-111.66,108.78,-19.14,-2.09,1.03,1.46,131,0.99,-3.8,0.563,92.3,0.157,84.0,0.06,88.0,0.089,77.9,0.1119999999999999,83.2,0.015,84.6,0.003,74.6,0.005,,18.8,-28.1,0.4,8.8,-1.1,0.1,0.5,0.14,-0.76,0.03,0.42,-0.04,0.03,0.65,0.3,0.672,0.466,0.627,0.85,0.77,0.444,0.595,0.107,-23.1,0.311,,0.063,0.013,0.0,0.251,0.15,0.073,0.023,0.0,0.1119999999999999,,0.003,,92.4,,87.9,85.1,87.5,91.9,84.0,77.4,80.2,55.7,83.1,,76.3,-1.2,,1.4,-5.9,-7.4,-1.1,1.1,3.1,3.0,-3.7,-1.6,,-1.3,8.5,,4.6,2.8,2.1,5.3,0.3,-6.2,-5.9,2.7,3.9,,-2.0,-8.6,,3.0,1.3,0.2,25.3,-45.0,9.0,-0.4,0.1,-2.1,,-1.1,-0.12,,0.2,0.42,4.86,0.42,-1.26,0.52,-0.07,8.44,-0.08,,-1.76,0.281,0.645,0.466,0.583,0.848,0.769,0.509,23.6,-15.8,-6.6,-18.6,21 - 38,-20.7,21.1,2.1,0.389,0.352,0.26,0.1689999999999999,0.52,0.311,0.3279999999999999,0.104,0.0,0.094,0.361,0.083,0.023,0.003,,0.188,0.139,0.0,83.6,71.7,78.2,93.1,88.7,84.8,74.6,,92.4,84.5,0.0,-1.4,-2.8,2.9,-1.0,1.1,-4.3,0.5,,-1.4,1.3,0.0,3.6,-10.1,-6.5,8.0,3.9,2.1,0.1,,4.6,-0.5,0.0,-1.6,0.0,3.7,-2.9,-5.1,-1.1,0.5,,17.7,-26.1,-0.2,-0.07,3.49,0.17,-0.03,-0.26,-0.2,0.58,,0.4,-0.79,-7.01,0.272,0.645,0.466,0.573,0.846,0.769,0.52,23.6,14.3,97,101,110,98,99,103,99,1.0,100,100,115,96,102,105,91,98,109,89.9,11.0,300,0.07,119.0,1663,0.3879999999999999,4281,0.166,0.273,0.252,0.42,0.323,17.4,0.7714997922725384,0.4829268292682927,0.7820910128853368,2.6347002826368566,0.35802469135802467,0.11728395061728394
27,2015,PIT,29,2431,5631,6285,1462,1003,292,27,140,697,661,461,46,1322,89,41,63,115,98,45,0.26,2047,1328,929,96,23889,8560,15329,140,109,18,0.073,0.21,0.35,0.323,0.396,0.719,0.136,0.314,1.54,0.216,0.476,0.309,0.072,0.105,0.068,0.165,0.313,-8.4,698,-21.0,15.5,183.7,34.1,226.3,24.0,$192.1,4.4,97,1.84,-109.82,111.66,17.86,1.79,1.03,1.37,267,1.39,0.39,0.573,92.4,0.146,84.4,0.063,88.3,0.093,78.0,0.115,83.7,0.01,83.6,,,0.008,,22.5,-27.2,-9.3,17.7,-9.0,1.7,,0.17,-0.79,-0.62,0.81,-0.33,0.73,,0.308,0.6709999999999999,0.472,0.64,0.857,0.78,0.4529999999999999,0.618,0.103,3.5,0.355,,0.0579999999999999,0.011,,0.214,0.144,0.084,0.02,0.001,0.1119999999999999,,,,93.0,,87.3,82.9,,91.5,84.9,78.2,80.4,66.5,83.6,,,-2.1,,1.2,-3.7,,-3.9,1.8,3.4,4.9,5.9,-2.3,,,8.8,,4.9,1.9,,5.2,1.3,-4.9,-5.7,-8.7,4.6,,,21.4,,0.4,-3.7,,-12.6,-33.8,18.0,-3.3,-0.1,-7.1,,,0.25,,0.03,-1.38,,-0.25,-0.99,0.91,-0.69,-0.39,-0.27,,,0.284,0.647,0.472,0.59,0.856,0.779,0.519,23.7,49.6,-1.0,3.2,23 - 38,-17.5,10.4,1.3,0.395,0.357,0.247,0.186,0.512,0.301,0.306,0.111,0.002,0.089,0.3389999999999999,0.067,0.013,,,0.2269999999999999,0.15,0.0,84.3,73.0,78.6,93.7,88.3,83.5,,,92.2,85.1,16.0,-2.8,7.5,3.4,-2.1,0.8,-4.2,,,-4.3,1.9,-1.4,3.5,-11.3,-6.9,8.1,4.1,1.5,,,4.6,-0.1,1.0,-11.4,-1.5,22.9,20.5,-1.7,0.7,,,-1.1,-38.0,0.0,-0.43,-3.79,1.09,0.25,-0.11,0.24,,,-0.02,-1.07,-0.47,0.278,0.645,0.473,0.581,0.855,0.779,0.53,23.7,26.9,100,92,106,100,97,91,103,1.01,104,93,94,104,100,94,103,98,101,88.5,9.3,251,0.057,115.6,1576,0.357,4413,0.1669999999999999,0.27,0.251,0.402,0.316,24.0,0.7910324969148499,0.321377331420373,0.7896579156722354,2.955339427643103,0.4382716049382716,0.2037037037037037
28,2015,STL,28,2406,5484,6139,1386,922,288,39,137,647,619,506,47,1267,66,42,39,128,69,38,0.253,1946,1373,907,128,23494,8621,14873,125,72,13,0.0819999999999999,0.206,0.4,0.321,0.394,0.716,0.142,0.303,1.42,0.215,0.46,0.325,0.093,0.1,0.064,0.181,0.311,-14.7,676,-22.1,18.4,179.5,35.4,222.2,23.6,$188.7,4.2,97,-0.45,-112.19,111.74,-15.04,-1.33,1.05,1.2,270,-0.41,-0.02,0.591,92.0,0.151,83.8,0.068,87.7,0.093,77.9,0.087,83.5,0.01,83.7,,,0.008,,-2.0,-12.9,-8.9,-7.1,14.6,-2.1,,-0.01,-0.36,-0.57,-0.33,0.72,-0.89,,0.306,0.693,0.473,0.643,0.868,0.785,0.431,0.599,0.1009999999999999,0.9,0.344,,0.055,0.01,,0.247,0.16,0.069,0.027,0.001,0.088,,,,92.1,,87.4,83.7,,91.8,84.2,77.2,79.7,66.4,83.6,,,-1.9,,0.5,-5.0,,-4.9,0.7,2.1,3.0,5.0,-2.9,,,9.1,,5.4,1.5,,5.6,1.2,-5.2,-5.8,-8.3,4.4,,,-30.1,,-12.0,-3.6,,14.2,-20.5,-2.5,-5.5,-0.5,15.7,,,-0.38,,-0.96,-1.63,,0.25,-0.56,-0.16,-0.89,-3.34,0.78,,,0.28,0.662,0.472,0.597,0.862,0.784,0.503,22.8,53.8,-3.9,4.2,22 - 39,-21.2,10.2,0.6,0.3779999999999999,0.357,0.265,0.1889999999999999,0.51,0.301,0.311,0.08,0.0,0.092,0.357,0.075,0.016,0.0,0.0,0.2189999999999999,0.154,0.001,84.3,70.0,78.6,93.2,88.4,83.6,77.7,87.7,92.3,84.7,0.0,-2.1,6.5,3.3,-1.5,0.7,-3.5,3.2,-7.6,-4.0,1.6,0.0,3.3,-12.5,-6.7,8.2,4.2,1.1,0.2,4.4,4.5,-0.1,0.0,12.0,-0.4,-10.7,-17.6,-6.6,-7.4,0.0,0.0,7.4,-6.8,-0.7,0.65,-3.63,-0.5,-0.21,-0.38,-2.04,3.49,-4.82,0.15,-0.19,-4.77,0.278,0.659,0.473,0.591,0.862,0.784,0.512,22.8,6.3,97,104,104,99,96,95,99,1.0,101,98,89,99,100,101,104,98,101,88.1,10.7,228,0.053,114.1,1417,0.33,4300,0.16,0.26,0.245,0.387,0.31,23.6,0.7863674147963424,0.3387944358578053,0.7936145952109463,2.7538722902594746,0.3271604938271605,0.17901234567901234
25,2015,NYM,28,2325,5527,6145,1351,862,295,17,177,683,654,488,42,1290,68,32,29,130,51,25,0.244,1781,1533,932,169,23931,8707,15224,127,52,5,0.079,0.21,0.38,0.312,0.4,0.712,0.156,0.287,1.16,0.22,0.419,0.361,0.11,0.115,0.071,0.096,0.309,-22.0,669,-13.1,13.3,179.6,35.4,231.7,24.6,$196.7,3.6,98,1.64,-105.77,107.41,35.29,3.63,1.0,1.16,249,2.71,-1.06,0.591,92.4,0.158,84.0,0.046,87.8,0.089,77.8,0.1009999999999999,83.7,0.009,85.1,0.004,75.4,0.0069999999999999,,0.9,-15.8,-1.6,-9.5,-2.8,1.4,-1.2,0.01,-0.42,-0.15,-0.45,-0.12,0.63,-1.2,0.293,0.667,0.4589999999999999,0.65,0.8759999999999999,0.7959999999999999,0.445,0.59,0.093,6.2,0.363,,0.045,0.012,0.0,0.225,0.16,0.074,0.02,0.0,0.0969999999999999,,0.004,,92.7,,87.3,84.4,89.1,91.7,84.3,77.6,80.0,63.8,83.7,,76.3,-2.1,,1.2,-3.7,-7.5,-4.2,1.8,3.1,4.3,-1.2,-3.4,,-0.3,8.7,,4.7,0.9,5.3,5.0,0.5,-6.4,-6.5,1.4,3.8,,1.3,-29.6,,-6.0,-1.1,0.1,18.3,-11.2,-8.4,-5.2,0.0,-3.9,,-1.3,-0.34,,-0.57,-0.4,6.18,0.34,-0.29,-0.48,-1.06,-0.34,-0.17,,-1.32,0.272,0.637,0.46,0.605,0.8740000000000001,0.7959999999999999,0.513,22.4,48.7,-2.3,8.9,21 - 42,-6.9,10.2,-0.4,0.395,0.3379999999999999,0.267,0.18,0.505,0.316,0.318,0.094,0.0,0.087,0.369,0.0579999999999999,0.016,0.004,,0.205,0.16,0.0,84.4,67.3,78.5,93.6,88.9,84.7,75.8,,92.1,84.6,0.0,-3.4,6.8,3.5,-2.1,0.7,-4.0,0.0,,-4.5,2.1,0.0,3.0,-9.4,-7.7,7.9,4.4,0.6,0.4,,4.3,-0.5,0.0,0.5,1.0,-10.5,-28.5,2.7,-2.0,-0.6,,18.6,-20.4,0.0,0.02,19.45,-0.51,-0.33,0.2,-0.54,-0.61,,0.38,-0.54,-1.62,0.268,0.635,0.46,0.596,0.8740000000000001,0.797,0.524,22.4,14.9,94,100,105,96,98,104,94,1.03,92,109,103,103,95,102,99,97,106,88.7,12.6,240,0.0559999999999999,115.0,1490,0.347,4299,0.176,0.2689999999999999,0.246,0.4,0.314,24.6,0.7909677419354839,0.4146412884333821,0.790073230268511,3.247013220590435,0.3888888888888889,0.19135802469135801
10,2015,OAK,28,2349,5600,6171,1405,936,277,46,146,694,661,475,21,1119,40,38,14,124,78,29,0.251,2037,1571,888,157,23809,8590,15219,162,37,11,0.077,0.181,0.42,0.312,0.395,0.707,0.144,0.288,1.3,0.198,0.4529999999999999,0.349,0.1,0.093,0.08,0.297,0.308,-26.1,668,-33.2,-45.3,180.4,-15.4,106.8,11.3,$90.7,4.9,95,-4.07,-113.66,109.59,13.08,1.5,1.05,1.65,159,-3.26,-0.61,0.56,91.3,0.162,83.4,0.045,87.7,0.096,77.2,0.103,83.0,0.02,83.8,0.013,75.1,0.004,,19.7,-25.0,-12.4,-4.0,9.7,-1.4,-3.1,0.15,-0.65,-1.15,-0.18,0.4,-0.29,-0.97,0.292,0.632,0.4479999999999999,0.684,0.892,0.8190000000000001,0.461,0.607,0.081,-1.0,0.34,,0.065,0.019,0.0,0.1989999999999999,0.154,0.083,0.019,0.001,0.107,0.0,0.012,,91.6,,88.4,84.5,85.9,90.7,83.4,76.9,79.8,68.2,83.0,78.1,76.1,-1.5,,2.1,-4.2,-6.8,-0.9,2.2,3.8,5.0,5.8,-0.6,11.3,0.4,9.3,,5.9,2.8,1.8,5.8,1.2,-5.1,-4.4,-7.2,4.4,5.5,1.0,-5.7,,-9.2,0.0,-0.6,7.0,-41.8,1.7,-0.5,0.1,8.2,0.0,-2.4,-0.07,,-0.61,0.0,-7.93,0.15,-1.15,0.09,-0.12,0.2,0.33,-3.72,-0.85,0.2739999999999999,0.614,0.449,0.654,0.888,0.818,0.514,22.8,-60.7,1.4,-4.3,24 - 37,-34.1,21.3,1.9,0.3929999999999999,0.352,0.255,0.193,0.5489999999999999,0.259,0.282,0.092,0.001,0.093,0.351,0.068,0.03,0.013,,0.192,0.15,0.001,83.9,72.0,78.3,92.8,88.6,84.8,76.0,,91.6,84.2,0.0,-1.2,7.8,3.1,-1.2,1.4,-3.8,0.2,,-2.7,2.0,0.0,2.9,-10.7,-6.9,8.1,4.1,1.8,-0.5,,4.3,-0.4,0.0,14.1,1.8,-7.4,-8.1,-4.8,-6.3,-3.2,,1.0,-29.5,0.0,0.64,5.13,-0.33,-0.1,-0.3,-0.88,-0.99,,0.02,-0.83,0.04,0.27,0.61,0.449,0.65,0.8859999999999999,0.8190000000000001,0.526,22.8,-14.5,98,100,92,98,96,92,97,0.96,102,100,80,97,102,103,104,104,90,87.3,10.8,197,0.043,114.2,1360,0.3,4537,0.191,0.271,0.242,0.373,0.301,11.3,0.800340570455513,0.33659942363112394,0.8186679630529898,3.026732111874008,0.3888888888888889,0.16049382716049382
18,2015,CIN,28,2337,5571,6196,1382,931,257,27,167,640,613,496,38,1255,42,40,47,112,134,38,0.248,1868,1503,922,132,23534,8437,15097,116,110,25,0.08,0.203,0.4,0.312,0.394,0.706,0.146,0.29,1.24,0.215,0.435,0.35,0.088,0.111,0.062,0.2269999999999999,0.307,-33.2,663,-63.0,-17.7,181.1,33.8,155.4,16.5,$131.9,4.7,91,-12.36,-114.31,101.95,-54.11,-5.86,1.04,1.3,262,-4.54,-7.39,0.597,92.2,0.133,84.3,0.069,87.3,0.094,78.2,0.102,83.8,0.006,83.4,,,0.006,,-5.0,-7.1,-18.3,14.9,-13.4,-0.4,,-0.04,-0.23,-1.13,0.68,-0.56,-0.29,,0.31,0.693,0.478,0.6509999999999999,0.87,0.79,0.4379999999999999,0.621,0.1,10.9,0.3429999999999999,,0.069,0.005,,0.242,0.133,0.074,0.0289999999999999,0.001,0.104,,,,92.7,,87.5,83.8,,91.5,84.7,77.7,80.6,65.6,83.8,,,-2.0,,1.3,-5.0,,-1.9,1.9,4.1,3.8,8.0,-1.7,,,8.8,,5.1,2.4,,5.1,0.9,-5.4,-5.7,-11.1,4.2,,,0.8,,-23.4,-1.0,,-19.4,-11.4,7.8,5.0,-0.1,-9.8,,,0.01,,-1.45,-0.8,,-0.34,-0.37,0.45,0.75,-0.55,-0.4,,,0.287,0.659,0.478,0.603,0.866,0.789,0.513,23.0,16.1,9.1,0.2,22 - 37,-52.1,10.3,1.6,0.377,0.347,0.276,0.186,0.544,0.27,0.31,0.093,0.001,0.09,0.344,0.072,0.0139999999999999,,0.0,0.241,0.134,0.0,84.6,68.2,78.9,93.5,88.5,83.8,,89.0,92.2,84.7,0.0,-2.2,5.8,3.5,-1.9,1.0,-4.9,,-6.3,-3.0,1.9,0.0,3.3,-11.5,-6.9,8.0,4.1,2.4,,5.8,4.5,-0.4,0.0,-11.5,1.4,14.9,-8.0,-20.8,-5.1,,0.0,-8.0,-11.6,0.5,-0.53,9.91,0.71,-0.1,-1.23,-1.58,,3.49,-0.14,-0.37,8.02,0.283,0.6579999999999999,0.478,0.604,0.8640000000000001,0.79,0.519,23.0,-5.9,95,101,102,96,96,97,95,1.0,96,106,99,99,97,105,103,104,91,86.9,11.7,202,0.046,111.7,1221,0.2769999999999999,4403,0.16,0.259,0.239,0.373,0.3,16.5,0.803594351732991,0.4175,0.7974499677211104,3.0641231287712385,0.35185185185185186,0.2345679012345679
8,2015,MIN,28,2311,5467,6017,1349,872,277,44,156,696,661,439,31,1264,40,41,30,133,70,38,0.247,1865,1466,855,167,23100,8133,14967,144,86,32,0.073,0.21,0.35,0.305,0.399,0.704,0.152,0.292,1.27,0.204,0.446,0.35,0.114,0.106,0.077,0.372,0.305,-39.7,637,-74.9,13.3,175.9,-15.4,114.1,12.1,$96.9,4.8,89,-2.29,-103.7,101.42,-14.69,-1.58,0.96,1.13,75,-5.93,3.54,0.565,92.4,0.146,84.3,0.065,88.5,0.087,78.6,0.114,83.8,0.02,84.6,0.004,73.9,0.005,,-23.2,0.5,-5.6,-2.0,-5.7,7.6,0.1,-0.18,0.01,-0.38,-0.1,-0.22,1.67,0.12,0.314,0.66,0.472,0.648,0.867,0.7879999999999999,0.457,0.618,0.1,-5.5,0.353,,0.067,0.022,0.0,0.205,0.141,0.076,0.024,0.0,0.108,,0.003,,92.6,,88.9,85.3,86.7,91.9,84.6,78.6,80.5,66.3,83.6,,75.7,-1.3,,1.6,-6.2,-4.5,-0.4,2.0,3.2,4.3,-3.3,0.7,,-0.2,9.5,,5.7,2.9,4.8,5.9,1.3,-4.5,-5.4,-0.2,4.5,,-1.0,-64.7,,-0.6,1.8,0.3,26.6,-9.4,0.7,-5.6,0.3,-9.1,,-0.8,-0.8,,-0.04,0.36,4.49,0.56,-0.29,0.04,-1.0,3.84,-0.37,,-1.16,0.29,0.64,0.472,0.602,0.863,0.7859999999999999,0.521,23.4,-2.1,-3.5,-0.3,21 - 39,-80.4,20.7,-1.7,0.414,0.3379999999999999,0.248,0.185,0.53,0.285,0.309,0.102,0.0,0.085,0.358,0.071,0.027,0.004,,0.198,0.138,0.0,84.3,66.4,79.1,93.4,89.1,85.3,74.6,,92.5,84.8,0.0,0.1,6.4,2.8,-0.9,1.1,-5.6,-1.3,,-2.3,1.6,0.0,3.4,-3.3,-6.8,8.4,4.0,1.7,-2.1,,4.9,-0.2,0.0,-12.4,0.5,1.4,-39.6,-5.6,2.2,-0.2,,11.0,-10.2,0.0,-0.53,51.06,0.07,-0.48,-0.34,0.35,-0.19,,0.24,-0.32,-0.66,0.293,0.633,0.472,0.601,0.863,0.7859999999999999,0.527,23.4,-13.7,96,95,106,96,97,97,99,0.99,100,100,91,102,98,100,100,100,100,88.1,11.7,210,0.049,113.9,1402,0.3279999999999999,4274,0.173,0.273,0.236,0.379,0.298,12.1,0.773691042838598,0.35862068965517246,0.7899285358151903,3.0296441971546177,0.3765432098765432,0.1728395061728395
1,2015,LAA,28,2459,5417,5990,1331,891,243,21,176,661,621,435,34,1150,58,40,37,116,52,34,0.246,1928,1506,833,139,22727,8257,14470,118,77,18,0.073,0.192,0.38,0.307,0.396,0.702,0.15,0.28,1.28,0.195,0.452,0.353,0.092,0.1169999999999999,0.061,0.2339999999999999,0.305,-40.1,633,-37.5,17.8,175.1,-15.4,161.0,17.1,$136.8,3.6,95,0.38,-100.5,100.88,-3.99,-0.63,0.97,1.45,112,-1.1,1.49,0.555,92.1,0.15,84.1,0.049,88.5,0.099,78.3,0.115,83.8,0.018,83.9,0.0139999999999999,74.4,0.006,,19.8,-20.2,-4.6,-15.9,-15.3,2.0,4.1,0.16,-0.6,-0.41,-0.71,-0.59,0.5,1.29,0.305,0.648,0.4589999999999999,0.659,0.8859999999999999,0.8029999999999999,0.449,0.605,0.09,0.5,0.347,,0.057,0.02,0.0,0.206,0.142,0.083,0.024,0.001,0.107,,0.013,,92.5,,88.4,84.9,85.9,91.4,84.1,77.3,81.7,67.3,83.4,,75.6,-1.6,,1.5,-5.8,-5.9,-2.7,1.7,3.9,3.7,3.1,-0.8,,-0.5,10.0,,6.1,2.6,3.5,6.0,1.8,-5.6,-5.2,-6.1,5.0,,1.3,1.0,,0.3,-4.0,0.1,-6.3,-26.4,-5.0,-6.0,0.1,-13.7,,0.6,0.01,,0.03,-0.89,1.19,-0.14,-0.82,-0.27,-1.08,0.9,-0.57,,0.2,0.282,0.628,0.4589999999999999,0.623,0.879,0.802,0.511,23.7,2.3,-5.6,4.7,22 - 35,-37.0,20.6,1.4,0.397,0.361,0.242,0.191,0.537,0.272,0.294,0.103,0.0,0.1,0.3389999999999999,0.07,0.0279999999999999,0.0139999999999999,,0.201,0.139,0.0,84.4,69.0,79.0,93.4,89.3,85.1,74.9,,92.3,84.8,19.0,-0.9,7.4,3.6,-1.4,1.1,-4.6,0.0,,-3.2,1.9,-1.8,3.2,-14.1,-7.7,8.5,4.3,1.4,-0.6,,4.7,-0.1,0.5,-11.2,0.0,-15.5,18.1,-8.4,-3.6,4.1,,-14.3,-24.8,1.8,-0.48,0.42,-0.69,0.24,-0.53,-0.57,1.29,,-0.31,-0.79,36.3,0.281,0.624,0.4589999999999999,0.624,0.8759999999999999,0.802,0.52,23.7,3.8,96,94,97,96,96,95,94,0.95,102,101,100,98,104,98,103,102,95,87.8,11.2,236,0.054,117.7,1341,0.308,4347,0.177,0.267,0.248,0.396,0.311,17.1,0.7181781211874746,0.42602118003025724,0.8080133555926544,3.0786348411656177,0.35185185185185186,0.1728395061728395
23,2015,MIL,27,2377,5480,6024,1378,925,274,34,145,655,624,412,35,1299,41,34,55,130,84,29,0.251,1996,1322,854,109,22558,7693,14865,113,98,22,0.068,0.216,0.32,0.307,0.393,0.7,0.142,0.303,1.51,0.205,0.478,0.317,0.0819999999999999,0.11,0.057,0.2239999999999999,0.304,-51.0,626,-89.4,-10.6,176.1,31.3,118.9,12.6,$101.0,4.7,87,-8.73,-103.0,94.26,-39.18,-4.15,0.94,1.12,292,-6.43,-2.9,0.604,92.2,0.153,84.0,0.061,87.5,0.076,78.0,0.099,83.4,0.008,83.6,,,0.006,,-16.7,-32.9,-4.8,10.3,-7.2,-3.5,,-0.12,-0.96,-0.35,0.61,-0.32,-1.96,,0.34,0.685,0.494,0.65,0.867,0.784,0.447,0.627,0.106,1.5,0.357,,0.053,0.009,,0.244,0.156,0.066,0.017,0.0,0.098,,,,92.7,,87.2,83.8,,91.4,84.4,78.1,79.8,69.6,83.3,,,-2.4,,0.7,-4.9,,-4.3,1.7,3.1,3.1,6.7,-1.5,,,8.9,,4.8,1.4,,5.2,1.1,-5.1,-6.2,-11.4,4.2,,,-5.1,,-3.1,-0.8,,-22.4,-37.6,0.3,0.5,0.1,-9.7,,,-0.06,,-0.26,-0.41,,-0.41,-1.07,0.02,0.12,1.69,-0.44,,,0.322,0.6579999999999999,0.495,0.608,0.865,0.784,0.514,23.4,20.7,2.8,2.3,22 - 37,-87.9,10.0,-3.6,0.35,0.357,0.293,0.195,0.505,0.3,0.308,0.093,0.0,0.075,0.364,0.06,0.0139999999999999,,,0.233,0.159,0.0,84.2,70.3,78.8,93.6,88.4,83.5,,,92.0,84.7,25.4,-1.3,7.4,3.5,-2.1,1.0,-4.4,,,-4.1,2.3,1.8,3.0,-12.4,-7.3,8.0,4.1,1.5,,,4.2,-0.3,-0.9,-8.0,0.6,4.7,-9.4,-5.8,-3.7,,,-16.8,-36.2,-0.2,-0.38,6.46,0.28,-0.12,-0.43,-1.18,,,-0.32,-1.02,-6.59,0.317,0.6559999999999999,0.494,0.605,0.862,0.784,0.524,23.4,9.9,97,86,108,95,96,95,99,0.96,105,96,98,92,100,112,108,97,101,88.0,9.8,202,0.047,114.9,1379,0.3229999999999999,4272,0.161,0.267,0.235,0.372,0.294,12.6,0.7530500631047539,0.35419847328244275,0.7843625498007968,2.9220701532514535,0.38271604938271603,0.19753086419753085
20,2015,MIA,28,2297,5463,5988,1420,1024,236,40,120,613,575,375,30,1150,39,40,71,133,112,45,0.26,2225,1185,879,100,22254,7821,14433,153,135,37,0.063,0.192,0.33,0.31,0.384,0.694,0.124,0.307,1.88,0.205,0.519,0.276,0.084,0.1009999999999999,0.069,0.2739999999999999,0.302,-61.7,612,-66.0,-5.0,175.0,31.8,144.6,15.3,$122.8,4.8,91,-3.63,-102.9,99.27,-39.64,-4.14,0.99,1.07,250,-3.74,0.07,0.612,92.1,0.145,84.1,0.047,87.6,0.086,78.3,0.095,83.3,0.011,84.8,0.004,72.3,0.006,,-27.1,-23.4,-1.6,-1.0,0.5,-5.8,0.4,-0.2,-0.73,-0.15,-0.05,0.02,-2.45,0.44,0.312,0.648,0.465,0.6759999999999999,0.8809999999999999,0.8059999999999999,0.457,0.612,0.09,-1.2,0.382,,0.043,0.011,0.0,0.23,0.144,0.072,0.019,0.0,0.096,,0.003,,92.6,,87.3,84.1,87.0,91.2,84.2,78.0,80.2,68.7,83.4,,72.9,-2.7,,1.2,-3.1,-5.5,-3.6,1.8,3.8,3.3,8.0,-3.2,,0.3,9.3,,4.7,2.7,6.0,5.4,1.2,-4.7,-5.6,-11.8,4.3,,-0.7,-27.9,,3.8,-5.1,-0.3,-16.9,-25.2,0.6,-6.1,-0.3,-9.0,,0.6,-0.33,,0.4,-2.14,-3.13,-0.33,-0.79,0.04,-1.47,-2.69,-0.43,,0.91,0.291,0.624,0.465,0.638,0.8759999999999999,0.805,0.523,22.3,26.9,2.0,1.2,22 - 41,-67.3,9.9,-4.4,0.331,0.38,0.289,0.204,0.525,0.271,0.275,0.086,0.001,0.08,0.386,0.052,0.019,0.004,,0.217,0.147,0.0,84.2,69.1,79.0,93.7,88.4,84.8,73.1,,91.7,84.7,0.0,-3.0,5.8,3.7,-2.5,0.8,-4.3,0.4,,-3.8,2.1,0.0,2.9,-11.7,-7.0,8.0,3.9,1.1,-3.5,,4.1,-0.4,0.0,-1.1,0.6,-6.1,-34.7,3.3,-6.4,0.3,,-15.6,-25.7,0.1,-0.06,3.4,-0.34,-0.41,0.29,-1.53,0.37,,-0.32,-0.79,1.86,0.29,0.619,0.465,0.637,0.8740000000000001,0.805,0.534,22.3,-17.3,100,79,96,96,94,83,100,0.96,114,84,91,87,107,110,113,101,91,88.3,6.2,190,0.043,120.3,1431,0.3229999999999999,4424,0.179,0.2689999999999999,0.251,0.376,0.301,15.3,0.7814540705267741,0.3132137030995106,0.8079492317969272,2.836582529162721,0.36419753086419754,0.2345679012345679
4,2015,CHW,28,2265,5533,6070,1381,958,260,27,136,622,595,404,22,1231,65,37,30,125,68,42,0.25,2085,1292,924,132,23140,8139,15001,121,68,17,0.067,0.203,0.33,0.306,0.38,0.686,0.13,0.296,1.61,0.215,0.485,0.3,0.102,0.105,0.0579999999999999,0.25,0.3,-65.9,617,-79.0,-6.0,177.4,-15.5,82.5,8.8,$70.1,4.0,89,-8.59,-113.74,105.15,-71.53,-7.56,1.06,1.9,116,-7.95,-0.16,0.58,92.3,0.125,84.2,0.062,88.1,0.09,78.8,0.114,83.9,0.017,83.9,0.012,74.9,0.004,,-18.0,8.1,-11.2,-19.6,-21.4,3.2,-1.2,-0.13,0.28,-0.78,-0.94,-0.82,0.82,-0.44,0.322,0.6629999999999999,0.475,0.659,0.873,0.7929999999999999,0.4479999999999999,0.613,0.098,-15.2,0.377,,0.053,0.016,0.0,0.205,0.124,0.072,0.0279999999999999,0.001,0.113,,0.011,,92.5,,87.9,84.7,88.0,91.7,84.7,78.2,80.9,62.4,83.8,,75.4,-2.4,,0.7,-6.3,-7.0,-3.2,1.7,3.1,4.4,-0.7,-2.3,,-0.7,10.2,,5.7,3.5,5.1,6.5,2.1,-4.6,-4.7,2.1,5.0,,1.3,-20.5,,-7.9,1.9,-0.2,-14.0,4.4,-21.6,-2.8,1.1,-19.2,,-1.3,-0.24,,-0.65,0.51,-8.59,-0.3,0.15,-1.3,-0.43,9.44,-0.74,,-0.5,0.301,0.64,0.475,0.615,0.872,0.7929999999999999,0.512,23.2,-21.6,-5.6,-9.8,22 - 35,-94.3,20.9,0.2,0.374,0.363,0.263,0.201,0.536,0.263,0.292,0.106,0.001,0.09,0.359,0.064,0.02,0.013,0.0,0.203,0.119,0.0,84.1,73.3,79.2,93.1,88.3,85.1,75.2,89.0,92.3,84.8,0.0,-2.2,6.4,3.8,-2.2,1.0,-5.7,-0.9,-11.8,-3.4,2.0,0.0,3.2,-9.0,-7.2,8.7,3.7,1.8,-0.1,-1.5,5.1,-0.2,0.0,-19.5,0.8,-16.6,-13.4,-7.1,0.2,-0.2,0.0,-23.1,1.6,0.1,-0.8,4.78,-0.8,-0.16,-0.48,0.05,-0.09,3.62,-0.5,0.06,1.06,0.299,0.636,0.475,0.604,0.8740000000000001,0.792,0.522,23.2,18.5,98,87,102,96,92,83,100,1.04,109,86,90,92,105,106,109,102,92,87.8,8.8,166,0.038,116.1,1381,0.316,4370,0.172,0.27,0.243,0.358,0.295,8.8,0.7880794701986755,0.34983922829582,0.7971993410214168,2.7001577599342412,0.3395061728395062,0.21604938271604937
26,2015,PHI,28,2321,5529,6053,1374,935,272,37,130,626,586,387,20,1274,54,29,53,119,88,32,0.249,1907,1371,935,120,22644,7801,14843,130,124,31,0.064,0.21,0.3,0.303,0.382,0.684,0.133,0.299,1.39,0.222,0.4529999999999999,0.325,0.088,0.095,0.068,0.25,0.298,-75.5,605,-98.4,-34.4,176.9,30.5,82.8,8.8,$70.3,4.7,86,-7.86,-110.0,102.14,-54.54,-5.74,1.02,1.32,255,-5.72,-1.97,0.597,92.2,0.115,84.2,0.05,87.2,0.118,78.2,0.107,83.7,0.0069999999999999,85.2,0.0069999999999999,77.1,0.003,,-12.7,-22.8,0.8,-13.0,-18.5,3.8,0.0,-0.09,-0.88,0.07,-0.49,-0.77,2.41,0.03,0.327,0.677,0.481,0.636,0.873,0.7829999999999999,0.44,0.615,0.104,-1.9,0.349,,0.045,0.008,0.001,0.249,0.114,0.087,0.035,0.0,0.105,,0.0069999999999999,,92.6,,86.7,84.0,87.0,91.6,84.4,77.8,79.4,66.9,83.7,,77.1,-2.1,,0.6,-3.6,-6.5,-4.8,0.8,2.4,2.5,3.4,-3.7,,-1.8,9.1,,5.1,3.2,5.7,5.7,1.0,-5.3,-6.0,-5.3,4.1,,2.5,-3.2,,3.0,8.8,-1.0,-28.7,-36.8,-6.7,-7.6,0.9,-17.6,,-0.3,-0.04,,0.3,4.92,-7.64,-0.51,-1.43,-0.34,-0.96,23.51,-0.74,,-0.2,0.312,0.647,0.481,0.596,0.872,0.7829999999999999,0.504,22.4,-3.9,2.4,-3.3,22 - 37,-100.3,10.0,-1.0,0.38,0.369,0.251,0.198,0.545,0.257,0.296,0.1,0.0,0.114,0.352,0.062,0.013,0.0069999999999999,,0.223,0.118,0.0,84.6,70.0,79.0,93.7,88.9,84.7,77.4,,92.1,84.7,28.3,-3.1,7.4,3.6,-2.1,0.6,-3.5,-0.3,,-3.7,1.4,-0.2,2.8,-12.5,-7.2,8.0,4.4,2.0,1.2,,4.3,-0.5,0.6,-20.6,1.3,-14.2,-7.1,-1.8,9.0,0.1,,-19.9,-21.3,0.1,-0.91,33.46,-0.55,-0.09,-0.13,3.02,0.07,,-0.39,-0.8,2.88,0.307,0.6459999999999999,0.481,0.591,0.8690000000000001,0.7829999999999999,0.514,22.4,-18.4,95,80,106,93,93,89,98,1.04,99,98,85,100,104,96,110,105,86,87.4,10.6,177,0.0409999999999999,113.3,1291,0.298,4338,0.17,0.2739999999999999,0.242,0.367,0.295,8.8,0.7587246876346403,0.33226837060702874,0.7895258549479597,2.74485667602506,0.36419753086419754,0.20987654320987653
29,2015,SDP,28,2396,5457,6019,1324,880,260,36,148,650,623,426,22,1327,40,42,52,108,82,29,0.243,1849,1437,831,126,23200,8359,14841,133,107,28,0.071,0.22,0.32,0.3,0.385,0.685,0.142,0.292,1.29,0.2019999999999999,0.449,0.349,0.088,0.103,0.072,0.262,0.298,-76.1,601,-68.3,-0.2,176.0,31.7,154.2,16.4,$130.9,4.7,90,-3.1,-104.32,101.22,-7.98,-0.79,0.98,1.21,308,-0.11,-3.06,0.589,91.9,0.148,83.5,0.048,87.2,0.096,77.2,0.113,83.3,0.0069999999999999,83.4,,,0.004,,7.5,-31.9,1.1,-10.7,-23.7,-3.1,,0.06,-0.93,0.1,-0.48,-0.91,-1.91,,0.301,0.669,0.47,0.612,0.858,0.772,0.4579999999999999,0.599,0.107,5.0,0.363,,0.069,0.012,,0.208,0.138,0.087,0.017,,0.107,,,,92.5,,87.4,83.4,,90.9,83.5,77.3,79.7,,83.3,,,-2.0,,1.6,0.9,,-3.1,2.8,4.2,3.4,,-2.1,,,8.9,,5.3,0.9,,4.9,1.4,-5.2,-4.9,,4.2,,,-10.2,,-4.3,-3.8,,9.4,-32.3,-7.8,-4.7,,-30.2,,,-0.12,,-0.27,-1.42,,0.2,-1.01,-0.39,-1.18,,-1.22,,,0.28,0.644,0.47,0.563,0.856,0.773,0.522,23.3,31.5,2.4,0.6,22 - 37,-63.2,10.0,2.0,0.3939999999999999,0.357,0.249,0.186,0.511,0.303,0.316,0.098,0.0,0.094,0.363,0.067,0.019,,,0.211,0.142,0.0,84.1,70.7,78.0,93.4,88.0,83.9,,,91.5,84.1,20.9,-3.2,-0.4,3.4,-2.2,0.8,-1.6,,,-3.9,2.5,1.9,3.0,-6.9,-7.2,7.9,4.0,0.5,,,4.0,-0.2,-2.1,-28.8,-0.2,-12.7,-4.4,-9.6,0.5,,,9.3,-29.5,-0.2,-1.27,-8.22,-0.58,-0.05,-0.62,0.11,,,0.19,-0.9,-5.69,0.2789999999999999,0.638,0.469,0.5670000000000001,0.853,0.773,0.53,23.3,21.5,93,89,111,93,94,95,96,0.94,99,106,92,103,100,95,103,98,102,87.9,11.3,194,0.046,115.2,1370,0.324,4226,0.1669999999999999,0.2739999999999999,0.231,0.364,0.291,16.4,0.7303839732888147,0.36430769230769233,0.7795314836351553,3.1087687129826373,0.36419753086419754,0.2222222222222222
16,2015,ATL,28,2340,5420,6034,1361,992,251,18,100,573,548,471,39,1107,44,31,67,148,69,33,0.251,2120,1244,929,117,22644,8183,14461,145,118,15,0.078,0.183,0.43,0.314,0.359,0.674,0.108,0.297,1.7,0.216,0.494,0.29,0.094,0.08,0.068,0.127,0.296,-91.8,587,-112.8,-10.7,176.4,33.1,93.3,9.9,$79.2,3.7,84,-7.98,-106.66,98.69,-97.55,-10.32,1.01,1.2,252,-9.41,1.51,0.591,92.0,0.144,84.3,0.054,87.4,0.089,77.6,0.107,83.3,0.011,84.4,0.004,75.0,0.006,,-58.6,-19.7,-2.9,-10.8,-5.6,-2.3,-0.5,-0.44,-0.61,-0.24,-0.54,-0.23,-0.88,-0.6,0.306,0.655,0.462,0.6859999999999999,0.882,0.81,0.447,0.605,0.087,-2.7,0.353,,0.053,0.019,0.0,0.236,0.1369999999999999,0.075,0.022,0.0,0.102,,0.004,,92.4,,86.7,84.2,87.8,91.2,84.5,77.6,79.5,61.8,83.3,,74.9,-2.0,,1.1,-3.2,-6.1,-4.2,1.2,2.5,3.5,5.3,-3.3,,-0.3,8.7,,4.9,2.0,6.7,5.2,0.9,-5.7,-6.3,-5.5,4.1,,1.6,-35.2,,-0.1,2.6,0.2,-36.6,-23.6,-12.2,-2.8,-0.2,-9.5,,-0.5,-0.44,,-0.01,0.62,4.25,-0.69,-0.77,-0.72,-0.58,-4.51,-0.41,,-0.52,0.281,0.635,0.462,0.647,0.877,0.809,0.511,22.0,22.4,-2.0,7.1,22 - 38,-115.5,10.0,-7.8,0.366,0.36,0.2739999999999999,0.1969999999999999,0.5539999999999999,0.249,0.278,0.092,0.001,0.091,0.359,0.0579999999999999,0.026,0.005,,0.22,0.14,,84.1,70.9,78.5,93.4,87.6,84.1,76.0,,91.6,85.1,,-2.8,6.2,3.1,-1.9,1.0,-3.8,-0.7,,-3.8,1.7,,3.3,-10.0,-7.0,8.0,4.3,1.7,1.4,,4.4,-0.1,,-8.2,-0.7,-11.9,-26.9,-15.1,6.0,-0.4,,-34.2,-13.6,,-0.4,-3.61,-0.59,-0.33,-1.17,1.03,-0.35,,-0.7,-0.44,,0.276,0.635,0.462,0.64,0.8759999999999999,0.809,0.52,22.0,-18.7,96,98,92,97,88,72,97,1.01,108,88,72,96,101,105,109,106,84,87.0,8.4,152,0.034,112.9,1298,0.294,4412,0.174,0.261,0.246,0.362,0.299,9.9,0.7829059829059829,0.2792321116928447,0.8165396088829964,2.6566192706013227,0.30864197530864196,0.22839506172839505
3,2016,BOS,28,2284,5670,6320,1598,1022,343,25,208,878,836,558,34,1160,43,40,8,137,83,24,0.282,2012,1578,945,176,24947,9221,15726,142,23,3,0.088,0.184,0.48,0.348,0.461,0.81,0.179,0.32,1.28,0.208,0.444,0.348,0.1119999999999999,0.132,0.071,0.13,0.346,148.6,893,99.3,4.2,190.7,-15.3,303.9,31.1,$248.7,4.6,113,9.03,-108.86,117.89,141.04,13.8,0.99,1.66,108,11.78,-2.63,0.5489999999999999,92.5,0.153,84.2,0.066,87.9,0.096,77.8,0.1009999999999999,83.3,0.019,84.8,0.016,75.1,0.005,,75.3,11.8,7.6,9.9,39.1,-3.6,1.4,0.55,0.31,0.46,0.42,1.55,-0.78,0.36,0.293,0.628,0.4429999999999999,0.6859999999999999,0.892,0.816,0.447,0.583,0.081,1.7,0.375,,0.061,0.021,,0.176,0.15,0.087,0.02,0.0,0.094,0.0,0.016,,92.6,,88.4,84.8,,91.9,84.4,77.6,80.1,65.2,83.2,78.8,75.1,-1.3,,2.1,-4.3,,-1.7,2.4,4.3,4.4,0.3,-2.2,8.5,0.1,9.3,,5.6,3.2,,6.0,1.3,-5.2,-6.3,1.7,4.7,4.1,1.9,39.4,,7.7,-5.4,,32.5,8.9,1.5,0.2,-0.5,36.4,0.0,0.5,0.42,,0.51,-1.04,,0.75,0.24,0.07,0.04,-4.36,1.56,2.5,0.14,0.271,0.603,0.4429999999999999,0.654,0.884,0.816,0.517,23.7,-11.1,3.2,5.9,21 - 41,100.9,23.4,1.5,0.414,0.3379999999999999,0.248,0.193,0.473,0.3339999999999999,0.305,0.089,0.0,0.095,0.37,0.077,0.026,0.01,,0.152,0.138,0.001,84.0,70.8,78.5,93.5,88.9,84.9,75.4,,92.4,84.8,0.0,-1.7,9.1,4.2,-0.9,2.2,-3.8,0.6,,-2.3,2.7,0.0,3.1,-10.3,-7.4,8.3,3.9,1.4,0.0,,4.3,-0.6,0.0,28.4,0.1,6.4,58.2,8.3,3.2,1.9,,-1.0,3.9,-2.8,1.28,1.78,0.27,0.63,0.43,0.5,0.73,,-0.03,0.11,-21.76,0.27,0.603,0.442,0.655,0.883,0.816,0.517,23.7,-2.1,109,110,89,108,109,108,107,1.02,101,98,101,101,99,99,103,95,106,89.1,11.3,287,0.063,114.9,1614,0.354,4559,0.1889999999999999,0.27,0.256,0.421,0.325,32.7,0.9439579684763573,0.3790432801822324,0.8164556962025317,3.5258202782199755,0.5740740740740741,0.12345679012345678
19,2016,COL,27,2369,5614,6236,1544,975,318,47,204,845,805,494,35,1330,40,34,54,113,66,39,0.275,1885,1442,936,126,24413,8796,15617,121,108,28,0.079,0.213,0.37,0.336,0.457,0.794,0.182,0.326,1.31,0.22,0.442,0.3379999999999999,0.087,0.141,0.064,0.259,0.339,101.5,836,-46.1,22.1,188.2,35.3,208.7,21.3,$170.8,4.7,94,0.79,-108.37,109.16,26.65,1.43,0.97,1.18,253,-2.76,3.57,0.586,92.1,0.151,84.0,0.063,88.0,0.094,77.6,0.096,83.4,0.0069999999999999,84.8,0.004,74.3,0.006,,81.4,-2.4,-1.0,12.9,14.2,-1.6,-0.1,0.57,-0.07,-0.07,0.57,0.61,-0.94,-0.1,0.311,0.679,0.477,0.6409999999999999,0.863,0.784,0.451,0.594,0.103,-0.7,0.3939999999999999,,0.064,0.005,0.0,0.176,0.157,0.083,0.019,0.0,0.098,,0.003,,92.5,,88.6,84.9,88.0,91.5,84.3,77.5,79.6,65.9,83.5,,74.8,-1.1,,1.0,-5.2,-5.8,-0.7,1.9,3.1,2.3,-0.2,-1.2,,1.6,8.2,,5.3,2.9,3.3,5.3,1.4,-4.3,-5.8,6.6,4.3,,-0.6,27.2,,-1.3,0.3,-0.3,35.1,-14.2,8.7,6.9,0.0,8.1,,0.2,0.28,,-0.08,0.23,-6.35,0.82,-0.37,0.44,1.47,0.88,0.34,,0.27,0.292,0.6509999999999999,0.477,0.598,0.861,0.7829999999999999,0.516,24.0,57.4,-6.1,5.3,21 - 37,-46.8,9.9,1.9,0.3779999999999999,0.348,0.2739999999999999,0.181,0.491,0.3279999999999999,0.325,0.091,0.0,0.09,0.408,0.071,0.009,0.004,,0.147,0.148,0.001,84.0,66.3,78.1,93.0,89.2,85.6,74.9,,92.2,84.6,0.0,-1.5,10.3,3.4,-0.6,1.5,-3.7,1.2,,-1.9,2.3,0.0,3.1,-12.2,-6.5,7.2,3.7,1.3,-1.8,,3.8,-0.3,0.0,8.4,-0.4,15.2,46.8,-1.7,-1.1,-1.1,,30.2,-4.8,-0.8,0.38,-17.77,0.7,0.47,-0.1,-0.53,-1.16,,0.85,-0.13,-2.63,0.292,0.6509999999999999,0.478,0.595,0.861,0.7829999999999999,0.517,24.0,2.8,106,92,104,102,108,111,107,1.04,99,99,111,97,99,106,99,99,102,88.5,10.9,271,0.062,118.0,1561,0.357,4372,0.16,0.263,0.254,0.413,0.317,20.7,0.8602785985647953,0.38627218934911245,0.786722257857601,3.432976970434526,0.5185185185185185,0.12962962962962962
17,2016,CHC,29,2332,5503,6335,1409,887,293,30,199,808,767,656,45,1339,96,37,42,108,66,34,0.256,1764,1508,883,151,25160,9576,15584,132,88,27,0.104,0.211,0.49,0.343,0.429,0.772,0.173,0.302,1.17,0.213,0.425,0.363,0.1,0.132,0.075,0.307,0.333,75.6,822,44.0,51.7,191.1,40.5,341.1,34.9,$279.1,4.1,106,3.79,-107.84,111.63,90.85,9.28,0.99,1.23,234,7.46,-3.62,0.573,92.5,0.158,84.4,0.05,88.0,0.094,77.9,0.114,83.9,0.01,84.8,,,0.0069999999999999,,73.7,13.5,0.8,-1.5,-7.8,2.1,,0.51,0.34,0.07,-0.06,-0.27,0.82,,0.29,0.667,0.4539999999999999,0.634,0.847,0.77,0.435,0.594,0.104,3.6,0.353,,0.042,0.009,0.0,0.2239999999999999,0.153,0.087,0.017,,0.115,,,,92.8,,87.9,84.5,79.2,92.0,84.7,77.8,80.7,,83.8,,,-1.6,,1.2,-2.1,-4.4,-3.4,1.4,3.3,2.4,,-1.7,,,8.8,,4.9,2.8,-0.3,5.8,1.3,-5.3,-6.4,,4.2,,,18.7,,-3.2,1.5,0.0,37.1,2.6,4.7,-4.2,,-2.4,,,0.21,,-0.31,0.62,-0.16,0.67,0.07,0.22,-0.99,,-0.08,,,0.263,0.6409999999999999,0.4539999999999999,0.591,0.841,0.769,0.504,22.9,92.2,-4.3,11.8,22 - 41,47.6,10.1,9.8,0.428,0.35,0.222,0.195,0.497,0.308,0.346,0.104,0.001,0.092,0.353,0.055,0.0139999999999999,,,0.1939999999999999,0.151,0.0,84.5,72.1,78.6,93.6,89.3,84.9,,,92.6,85.0,37.7,-1.7,8.0,3.6,-1.7,1.1,-2.5,,,-3.0,1.9,3.6,2.9,-9.1,-7.6,7.7,4.0,0.5,,,4.3,-0.3,-5.2,-6.3,1.3,-7.4,20.2,-3.8,1.1,,,36.7,14.3,1.4,-0.24,6.41,-0.32,0.23,-0.28,0.33,,,0.76,0.38,70.69,0.263,0.6409999999999999,0.4539999999999999,0.59,0.8420000000000001,0.769,0.504,22.9,15.2,98,120,103,104,101,105,99,1.0,95,106,103,110,99,86,107,100,96,88.2,13.3,284,0.067,114.7,1392,0.3279999999999999,4244,0.1639999999999999,0.268,0.243,0.409,0.324,35.9,0.8855060034305318,0.3940594059405941,0.7886345698500394,3.060442168193511,0.5185185185185185,0.11728395061728394
6,2016,DET,29,2295,5526,6127,1476,983,252,30,211,750,719,493,32,1303,53,38,17,135,58,29,0.267,1776,1548,914,128,23720,8595,15125,96,40,11,0.08,0.213,0.38,0.331,0.438,0.769,0.171,0.312,1.15,0.216,0.419,0.365,0.083,0.136,0.054,0.275,0.33,59.9,782,44.0,-24.9,184.9,-15.8,195.4,20.0,$159.9,4.0,106,1.93,-106.86,108.79,23.03,2.27,0.97,1.36,89,3.48,-1.5,0.562,92.5,0.144,83.7,0.066,87.8,0.105,78.4,0.102,84.2,0.012,84.5,0.009,74.4,0.004,,16.5,-2.2,-3.2,19.5,3.7,1.6,1.8,0.12,-0.06,-0.21,0.79,0.15,0.53,0.86,0.311,0.669,0.472,0.643,0.8640000000000001,0.784,0.449,0.603,0.102,-15.5,0.359,,0.053,0.012,0.0,0.209,0.1369999999999999,0.087,0.031,0.001,0.102,0.0,0.009,,92.5,,88.1,84.7,87.8,92.2,84.0,78.3,79.7,65.9,84.2,80.3,75.0,-1.7,,1.7,-4.3,-5.0,-3.0,1.6,2.6,4.1,-0.7,-1.3,6.2,-0.9,9.2,,5.0,2.5,5.6,6.0,0.9,-4.6,-6.3,0.3,4.3,5.9,1.4,-8.3,,2.0,1.5,0.7,9.5,-2.0,14.7,1.8,0.0,-2.0,0.2,2.1,-0.1,,0.16,0.51,7.72,0.19,-0.06,0.72,0.25,-0.12,-0.08,8.02,1.03,0.29,0.644,0.472,0.607,0.857,0.782,0.514,23.5,-40.6,-3.6,-10.5,23 - 37,28.5,22.7,-2.8,0.3979999999999999,0.3429999999999999,0.258,0.173,0.495,0.332,0.3279999999999999,0.092,0.002,0.1009999999999999,0.374,0.079,0.017,0.01,,0.174,0.13,0.0,85.0,73.1,79.1,93.4,88.3,84.8,74.5,,92.8,84.2,0.0,-1.0,7.9,3.2,-1.2,1.9,-4.0,-0.5,,-3.7,1.9,0.0,2.9,-9.2,-7.1,8.0,3.6,1.5,-0.4,,4.5,-0.8,0.0,2.8,1.0,22.9,-16.1,4.6,-0.9,2.8,,11.5,-10.0,0.0,0.13,1.99,0.96,-0.18,0.25,-0.21,1.23,,0.28,-0.33,-0.93,0.289,0.645,0.472,0.604,0.858,0.782,0.514,23.5,-12.6,104,100,103,103,103,103,105,1.06,95,103,105,97,101,103,92,99,106,89.0,13.1,344,0.08,114.7,1564,0.366,4278,0.165,0.267,0.263,0.456,0.338,20.0,0.8579520697167756,0.4501333333333334,0.7873347478374408,3.14266127283492,0.43478260869565216,0.18633540372670807
28,2016,STL,28,2400,5548,6223,1416,859,300,32,225,779,745,526,28,1318,70,41,37,117,35,26,0.255,1816,1575,844,120,23915,8692,15223,145,73,17,0.085,0.212,0.4,0.325,0.443,0.768,0.187,0.294,1.15,0.1989999999999999,0.429,0.372,0.076,0.143,0.08,0.233,0.329,52.8,786,36.0,-7.5,187.8,34.1,249.3,25.5,$204.0,3.6,105,7.07,-105.87,112.94,75.79,8.0,0.98,1.19,274,8.95,-1.73,0.5760000000000001,92.6,0.1639999999999999,84.5,0.052,88.4,0.096,77.9,0.1009999999999999,83.5,0.01,85.5,,,0.005,,70.7,-13.8,-7.8,-0.5,2.8,5.0,,0.52,-0.35,-0.63,-0.02,0.11,2.04,,0.31,0.6970000000000001,0.482,0.627,0.866,0.7809999999999999,0.445,0.617,0.105,-10.9,0.342,,0.049,0.01,0.0,0.239,0.159,0.085,0.0139999999999999,,0.102,0.0,,,92.9,,87.6,85.0,80.3,92.1,84.8,77.6,80.8,,83.6,78.7,,-1.9,,0.7,-2.4,-4.6,-4.4,1.0,2.9,2.8,,-3.0,10.4,,8.7,,3.8,2.3,-1.1,5.7,0.9,-6.0,-5.8,,4.0,7.4,,41.8,,-12.8,3.7,-0.3,16.1,-16.8,2.8,-2.7,,2.7,-0.1,,0.51,,-1.1,1.61,-5.68,0.28,-0.44,0.14,-0.8,,0.11,-5.31,,0.293,0.67,0.482,0.591,0.861,0.779,0.502,23.2,26.6,-6.9,-11.6,21 - 36,25.1,9.9,1.4,0.418,0.33,0.252,0.171,0.495,0.3339999999999999,0.332,0.095,0.0,0.094,0.35,0.054,0.013,,,0.203,0.16,0.001,84.3,70.3,78.6,93.7,89.3,85.4,,,92.8,85.3,5.8,-2.9,6.7,3.6,-1.7,0.9,-2.7,,,-4.2,1.4,0.4,2.7,-6.4,-7.9,7.6,3.4,0.5,,,4.1,-0.5,0.6,5.0,-0.1,-1.5,44.0,-12.1,3.5,,,5.6,-11.8,0.0,0.22,-3.17,-0.07,0.53,-0.94,1.15,,,0.12,-0.31,0.16,0.292,0.6709999999999999,0.482,0.59,0.861,0.779,0.502,23.2,8.0,98,98,103,99,104,114,97,0.94,96,109,112,107,94,98,94,100,104,88.8,13.0,319,0.074,115.5,1554,0.361,4309,0.153,0.258,0.249,0.433,0.326,24.5,0.8091666666666667,0.4621309370988447,0.7882050457978467,3.312940842559925,0.47530864197530864,0.1728395061728395
14,2016,TOR,29,2349,5479,6233,1358,843,276,18,221,759,728,632,16,1362,55,40,26,153,54,24,0.248,1775,1528,823,181,25139,9649,15490,102,57,21,0.1009999999999999,0.2189999999999999,0.46,0.33,0.426,0.755,0.178,0.289,1.16,0.1989999999999999,0.43,0.37,0.118,0.145,0.057,0.368,0.327,43.4,778,30.9,11.3,188.1,-13.6,230.9,23.6,$188.9,3.7,104,-0.99,-111.53,110.54,19.64,1.83,1.01,1.52,89,2.95,-3.94,0.546,92.3,0.1669999999999999,84.2,0.06,87.8,0.102,77.8,0.088,83.9,0.025,84.2,0.012,73.0,0.002,,40.3,-18.9,-2.8,-11.4,13.8,1.2,-1.0,0.29,-0.45,-0.18,-0.44,0.63,0.2,-0.34,0.272,0.643,0.4379999999999999,0.635,0.852,0.777,0.447,0.59,0.0969999999999999,-8.8,0.372,,0.052,0.0279999999999999,0.001,0.177,0.158,0.094,0.024,,0.084,,0.01,,92.5,,88.2,84.3,87.8,91.6,84.4,77.1,81.0,,83.7,,74.1,-1.8,,1.8,-6.7,-7.0,-3.0,1.9,4.0,4.4,,-1.4,,0.4,9.6,,5.8,3.6,4.3,6.1,1.5,-4.9,-5.9,,4.8,,-0.2,15.6,,-10.2,4.3,0.0,5.5,-4.3,-10.5,-0.6,,8.2,,-2.2,0.17,,-0.78,0.6,-0.14,0.12,-0.11,-0.45,-0.1,,0.39,,-0.88,0.245,0.615,0.4379999999999999,0.5820000000000001,0.8490000000000001,0.777,0.521,23.0,-2.3,-2.4,1.6,21 - 41,22.0,23.1,-8.2,0.426,0.322,0.252,0.191,0.477,0.331,0.355,0.076,0.0,0.1009999999999999,0.357,0.071,0.031,0.009,,0.163,0.153,0.0,84.2,73.3,78.6,93.5,88.6,84.9,73.4,,92.1,84.7,0.0,-1.3,6.1,4.3,-1.4,1.8,-6.2,1.3,,-3.5,2.6,0.0,3.3,-9.2,-7.6,8.4,4.1,2.2,-1.9,,4.8,-0.3,0.0,16.7,0.9,-7.4,34.0,-0.2,-1.5,-0.5,,-8.2,-28.3,0.2,0.87,7.83,-0.29,0.38,-0.01,-0.2,-0.19,,-0.2,-0.74,3.42,0.244,0.615,0.4379999999999999,0.581,0.8490000000000001,0.777,0.522,23.0,17.0,96,126,106,102,100,107,97,0.98,98,104,111,104,94,101,102,96,105,89.2,12.5,310,0.074,115.3,1583,0.3779999999999999,4184,0.177,0.2739999999999999,0.244,0.419,0.326,23.5,0.8471690080885483,0.4658761528326746,0.7814856409433659,3.1983540452917056,0.4567901234567901,0.1111111111111111
5,2016,CLE,29,2366,5484,6155,1435,913,308,29,185,777,733,531,16,1246,49,60,31,137,134,31,0.262,1821,1566,889,158,24186,8826,15360,99,53,12,0.086,0.2019999999999999,0.43,0.329,0.43,0.759,0.168,0.304,1.16,0.208,0.426,0.366,0.1009999999999999,0.118,0.054,0.226,0.326,41.7,767,-1.7,22.7,185.7,-14.2,230.6,23.6,$188.7,5.1,100,3.93,-106.43,110.36,43.46,4.13,0.98,1.57,112,5.09,-1.08,0.585,92.1,0.131,84.1,0.043,87.7,0.107,78.0,0.114,83.1,0.017,84.4,0.003,77.0,0.003,,1.4,13.0,4.7,12.3,6.6,-0.1,-0.4,0.01,0.41,0.45,0.48,0.24,-0.02,-0.52,0.301,0.6829999999999999,0.471,0.664,0.868,0.7959999999999999,0.444,0.588,0.096,15.2,0.387,,0.045,0.018,0.001,0.191,0.13,0.076,0.035,0.0,0.114,0.0,0.003,,92.3,,88.1,84.9,86.5,91.6,84.1,77.7,79.1,65.5,83.2,77.7,77.3,-1.4,,1.8,-5.7,-6.2,-0.9,1.9,3.3,4.5,0.0,-0.5,9.7,-1.0,9.6,,5.8,3.2,4.2,6.3,1.9,-4.5,-5.4,-2.5,4.8,4.4,2.1,-10.6,,16.0,0.0,0.6,-13.6,11.1,7.2,-2.3,-0.2,3.9,0.4,0.2,-0.11,,1.47,-0.01,3.45,-0.3,0.35,0.39,-0.27,-4.21,0.14,5.54,0.28,0.281,0.65,0.471,0.624,0.865,0.795,0.515,22.7,8.6,10.8,9.3,22 - 38,13.5,22.8,-4.3,0.415,0.3389999999999999,0.246,0.177,0.515,0.308,0.319,0.104,0.002,0.102,0.39,0.051,0.023,0.003,,0.171,0.123,0.0,83.8,73.6,78.7,93.1,88.6,84.7,77.7,,92.0,84.6,0.0,-0.5,7.1,3.8,-0.8,1.8,-4.2,-0.2,,-1.9,2.3,0.0,3.4,-8.3,-6.7,8.5,4.4,1.6,0.2,,4.9,0.3,0.0,7.7,0.6,10.4,-2.9,6.8,1.1,-0.3,,-7.7,9.1,-2.0,0.31,1.54,0.42,-0.03,0.55,0.2,-0.41,,-0.19,0.31,-18.6,0.28,0.649,0.47,0.624,0.865,0.795,0.516,22.7,7.5,102,108,98,102,101,101,102,1.02,97,103,91,101,100,98,94,103,98,88.5,13.2,260,0.06,114.2,1514,0.35,4329,0.162,0.258,0.253,0.414,0.322,24.1,0.830938292476754,0.38095238095238093,0.7975629569455727,3.159440649449093,0.5279503105590062,0.17391304347826086
2,2016,BAL,28,2257,5524,6089,1413,889,265,6,253,744,710,468,19,1324,44,36,17,119,19,13,0.256,1788,1617,811,197,23525,8503,15022,135,37,10,0.077,0.217,0.35,0.317,0.443,0.76,0.188,0.291,1.11,0.192,0.424,0.384,0.122,0.156,0.076,0.27,0.326,37.3,755,20.1,4.3,183.7,-13.8,210.3,21.5,$172.0,2.5,103,2.26,-103.41,105.67,22.68,2.36,0.95,1.22,73,3.53,-1.17,0.5329999999999999,92.1,0.149,83.6,0.066,87.7,0.103,78.1,0.119,83.3,0.015,83.5,0.015,74.2,0.003,,95.5,-20.8,-13.7,5.5,-26.4,-4.3,-2.7,0.76,-0.6,-0.88,0.23,-0.94,-1.25,-0.76,0.322,0.679,0.479,0.609,0.847,0.757,0.44,0.62,0.1159999999999999,-6.6,0.355,,0.0579999999999999,0.019,0.001,0.182,0.143,0.089,0.023,0.0,0.1159999999999999,,0.0139999999999999,,92.3,,88.0,83.4,85.5,91.5,83.7,77.6,81.0,65.2,83.3,,75.0,-1.6,,1.8,-4.4,-6.5,-2.4,1.7,4.2,3.5,-1.4,-1.5,,0.5,9.9,,5.4,4.2,4.2,6.5,1.8,-4.8,-5.4,2.3,5.1,,1.0,39.7,,-15.6,-4.1,0.7,39.1,-23.6,-0.2,-4.1,1.5,-17.1,,-3.0,0.48,,-1.14,-0.92,5.13,0.92,-0.71,-0.01,-0.75,25.04,-0.63,,-0.89,0.301,0.654,0.479,0.5539999999999999,0.8490000000000001,0.757,0.505,23.1,-9.5,-4.6,6.0,23 - 33,13.5,22.6,1.1,0.416,0.3379999999999999,0.246,0.203,0.47,0.327,0.336,0.102,0.0,0.1009999999999999,0.357,0.072,0.025,0.016,,0.157,0.141,0.0,84.0,69.2,78.8,93.2,88.4,83.9,74.5,,92.0,84.3,0.0,-1.5,8.0,4.3,-1.5,1.6,-4.0,0.9,,-2.4,2.3,0.0,3.6,-11.5,-6.9,8.8,4.0,2.5,-0.6,,4.8,0.1,0.0,-22.9,0.2,2.4,82.4,-18.7,-8.5,-5.8,,2.5,-15.8,0.3,-0.95,3.24,0.1,0.98,-1.11,-1.45,-1.56,,0.07,-0.48,5.95,0.301,0.653,0.479,0.5539999999999999,0.8490000000000001,0.757,0.505,23.1,-3.5,99,96,105,99,105,113,98,0.94,96,108,120,102,99,99,108,94,104,89.4,13.6,357,0.084,117.2,1594,0.375,4253,0.159,0.275,0.251,0.445,0.327,21.3,0.8334071776694727,0.5440860215053763,0.7825587124322548,3.0555022267759817,0.4382716049382716,0.12962962962962962
11,2016,SEA,29,2371,5583,6227,1446,955,251,17,223,768,735,506,29,1288,72,41,24,138,56,28,0.259,1987,1435,852,139,24307,8922,15385,114,86,33,0.081,0.207,0.39,0.326,0.43,0.756,0.171,0.297,1.38,0.1989999999999999,0.465,0.336,0.0969999999999999,0.155,0.057,0.384,0.325,36.0,770,58.2,-15.3,187.9,-16.1,228.2,23.3,$186.7,3.7,108,3.98,-108.45,112.43,66.91,7.3,0.98,1.39,166,7.57,-3.53,0.5579999999999999,92.3,0.134,83.5,0.057,87.9,0.115,77.8,0.1159999999999999,83.1,0.016,84.5,0.003,76.3,0.005,,54.4,-20.1,1.0,-23.4,12.3,-0.4,4.6,0.4,-0.62,0.07,-0.84,0.44,-0.1,6.28,0.297,0.665,0.461,0.634,0.868,0.784,0.446,0.603,0.099,-9.6,0.318,,0.05,0.012,0.0,0.247,0.124,0.0969999999999999,0.0289999999999999,0.0,0.12,0.0,0.003,,92.4,,88.1,84.4,86.6,91.9,83.7,77.2,80.8,63.2,83.2,75.5,76.7,-1.3,,1.6,-5.6,-6.8,-1.5,1.0,2.1,3.5,-1.8,-1.9,10.1,-1.1,8.8,,4.1,3.0,3.3,5.5,0.2,-6.2,-7.1,3.0,3.8,4.8,1.9,19.7,,8.2,4.2,-0.6,10.8,-24.4,-13.0,-10.5,0.2,6.7,0.0,3.6,0.26,,0.68,1.45,-4.67,0.18,-0.81,-0.56,-1.51,2.54,0.23,2.41,5.09,0.27,0.637,0.462,0.591,0.8590000000000001,0.784,0.522,23.4,-31.4,-3.6,-7.4,22 - 40,48.6,23.1,-2.5,0.3939999999999999,0.352,0.254,0.191,0.496,0.313,0.324,0.103,0.002,0.1119999999999999,0.35,0.065,0.025,0.003,,0.185,0.123,0.0,83.9,72.1,78.6,93.4,88.9,83.8,77.4,,92.4,84.1,0.0,-1.5,7.7,2.7,-0.9,1.4,-4.7,-0.9,,-2.2,1.0,0.0,2.4,-9.7,-8.5,7.4,2.9,1.0,0.3,,3.9,-1.6,0.0,4.8,1.2,-19.6,10.0,3.3,4.6,3.5,,14.8,-23.9,-0.1,0.19,3.05,-0.73,0.12,0.21,0.77,4.75,,0.33,-0.8,-3.31,0.27,0.637,0.462,0.589,0.86,0.784,0.523,23.4,-15.5,101,101,100,101,101,103,100,0.98,106,94,119,96,103,101,102,100,99,89.3,10.7,305,0.07,116.3,1601,0.367,4361,0.168,0.267,0.254,0.426,0.325,23.4,0.8232813159004639,0.46458333333333335,0.7931588244740646,3.396299695522782,0.4444444444444444,0.16666666666666666
13,2016,TEX,28,2324,5525,6089,1446,951,257,23,215,765,746,436,23,1220,70,40,18,114,99,36,0.262,1933,1510,867,160,23305,8317,14988,129,52,21,0.072,0.2,0.36,0.322,0.433,0.755,0.172,0.298,1.28,0.201,0.4479999999999999,0.35,0.106,0.142,0.067,0.4039999999999999,0.324,29.1,746,-39.0,11.0,183.7,-16.6,160.5,16.4,$131.3,4.4,95,9.34,-104.8,114.14,22.7,1.99,0.98,1.43,82,1.35,8.2,0.5429999999999999,91.7,0.152,83.1,0.053,87.6,0.1009999999999999,77.2,0.119,83.1,0.016,83.2,0.016,73.5,0.004,,25.3,-19.3,14.9,21.3,-2.4,-0.3,-0.4,0.2,-0.55,1.21,0.91,-0.09,-0.07,-0.12,0.324,0.648,0.466,0.657,0.867,0.785,0.437,0.604,0.1,-1.1,0.352,,0.051,0.023,,0.1889999999999999,0.154,0.083,0.023,0.0,0.111,0.0,0.015,,92.0,,87.6,83.8,,91.0,83.4,76.4,80.1,65.5,82.9,78.9,74.1,-1.3,,2.2,-4.2,,-2.5,2.2,4.0,4.8,-3.7,-2.1,8.8,0.4,9.4,,5.5,3.1,,6.1,1.6,-5.1,-5.7,2.1,4.7,4.6,2.1,6.9,,15.6,1.4,,9.1,-24.3,14.5,5.3,0.0,-4.6,0.4,-1.4,0.08,,1.32,0.27,,0.21,-0.68,0.75,1.0,1.16,-0.18,6.42,-0.42,0.3,0.622,0.465,0.603,0.867,0.784,0.513,23.1,-5.7,1.8,-3.1,21 - 39,-40.1,22.6,3.3,0.415,0.345,0.24,0.19,0.496,0.314,0.307,0.105,0.0,0.1,0.345,0.063,0.027,0.016,,0.182,0.144,0.0,83.6,72.6,77.7,92.8,88.6,84.1,74.2,,91.7,83.8,0.0,-1.8,9.2,4.3,-0.9,2.1,-4.4,0.4,,-3.0,2.7,0.0,3.3,-8.9,-7.1,8.4,4.2,1.5,0.6,,4.9,0.0,0.0,-4.9,-0.2,19.6,10.3,15.8,1.7,-1.2,,10.9,-28.7,0.1,-0.2,-2.11,0.85,0.13,1.08,0.28,-0.32,,0.26,-0.86,1.74,0.299,0.623,0.465,0.602,0.867,0.784,0.514,23.1,-11.3,102,89,97,100,102,103,100,0.98,102,99,109,101,101,96,102,99,100,88.8,11.4,283,0.065,117.8,1578,0.362,4363,0.177,0.2769999999999999,0.253,0.417,0.318,17.4,0.8098106712564543,0.4496732026143791,0.7996386927245853,2.970350377726442,0.5185185185185185,0.15432098765432098
24,2016,WSN,28,2302,5490,6201,1403,903,268,29,203,763,735,536,49,1252,64,63,48,102,121,39,0.256,1870,1552,825,149,24077,8945,15132,122,102,24,0.086,0.2019999999999999,0.43,0.326,0.426,0.751,0.17,0.293,1.2,0.1939999999999999,0.44,0.365,0.096,0.131,0.065,0.235,0.322,13.7,744,-32.4,3.7,187.1,38.8,212.3,21.7,$173.7,4.9,96,4.5,-105.7,110.2,41.67,4.15,0.99,1.29,219,4.77,-0.21,0.5870000000000001,92.3,0.151,84.3,0.051,87.7,0.099,77.9,0.1009999999999999,83.4,0.011,85.0,,,0.008,,41.4,-14.6,13.3,-6.2,-6.8,0.1,,0.3,-0.4,1.09,-0.26,-0.28,0.04,,0.285,0.642,0.445,0.6579999999999999,0.87,0.795,0.4479999999999999,0.583,0.091,5.2,0.371,,0.046,0.012,0.001,0.212,0.153,0.087,0.019,0.0,0.1,,,,92.5,,87.9,84.1,79.6,91.9,84.4,78.0,79.3,55.9,83.5,,,-2.1,,1.2,-2.4,-4.0,-4.9,1.6,3.5,3.7,5.7,-3.2,,,9.1,,5.2,2.3,-0.9,5.9,1.4,-5.0,-6.5,-5.1,4.6,,,16.3,,5.8,-0.4,1.2,11.8,-12.2,-13.2,4.8,-0.1,-7.0,,,0.18,,0.52,-0.14,7.3,0.23,-0.33,-0.64,1.09,-5.71,-0.29,,,0.2689999999999999,0.613,0.445,0.624,0.865,0.794,0.512,24.3,42.5,5.0,5.8,21 - 37,-27.2,9.9,5.2,0.405,0.346,0.249,0.182,0.49,0.3279999999999999,0.321,0.089,0.0,0.0969999999999999,0.361,0.052,0.017,,,0.1889999999999999,0.144,0.0,84.1,62.1,78.7,93.2,88.9,84.8,,,92.6,85.0,0.0,-3.3,6.3,4.0,-1.9,1.2,-2.7,,,-4.9,2.0,0.0,3.2,-9.2,-7.0,8.0,4.2,0.6,,,4.5,-0.3,0.0,-10.0,-0.1,-7.2,4.1,13.0,1.9,,,10.8,-14.5,0.0,-0.47,-2.86,-0.31,0.05,1.05,0.46,,,0.24,-0.42,-0.97,0.268,0.612,0.445,0.624,0.865,0.794,0.514,24.3,5.9,98,100,98,99,100,103,96,0.92,99,107,102,104,98,97,100,99,102,89.6,12.1,273,0.063,114.7,1576,0.362,4349,0.182,0.273,0.248,0.417,0.321,23.0,0.8423110338835795,0.42568807339449544,0.798097081115949,3.041497871351208,0.4567901234567901,0.14814814814814814
15,2016,ARI,27,2399,5665,6260,1479,948,285,56,190,752,709,463,43,1427,50,38,43,117,137,31,0.261,2056,1306,880,115,24094,8606,15488,132,77,19,0.074,0.228,0.32,0.32,0.432,0.752,0.171,0.315,1.57,0.207,0.485,0.308,0.088,0.145,0.064,0.247,0.321,13.8,751,-57.6,-21.4,188.9,31.3,166.9,17.1,$136.6,5.9,93,-2.08,-115.66,113.59,-16.78,-2.26,1.02,1.4,266,-0.51,-1.52,0.564,92.1,0.175,84.0,0.063,87.4,0.1009999999999999,77.6,0.09,83.5,0.006,85.8,,,0.0069999999999999,,37.0,-25.8,11.5,-9.3,10.1,1.0,,0.27,-0.62,0.76,-0.39,0.47,0.63,,0.302,0.6509999999999999,0.462,0.606,0.862,0.7709999999999999,0.457,0.619,0.105,15.8,0.357,,0.062,0.01,0.0,0.2,0.1689999999999999,0.093,0.02,0.0,0.089,,,,92.4,,87.5,84.4,83.3,91.6,84.2,77.5,80.6,67.9,83.6,,,-1.9,,1.5,-0.9,-6.1,-2.7,2.1,3.5,2.1,6.8,-1.6,,,9.0,,5.1,2.6,1.2,5.9,1.5,-5.2,-5.8,-7.2,4.6,,,39.5,,-6.4,1.5,-0.2,-11.9,-18.0,-9.2,-6.4,0.0,4.5,,,0.46,,-0.43,0.64,-4.3,-0.25,-0.45,-0.41,-1.35,2.68,0.21,,,0.284,0.625,0.462,0.556,0.858,0.77,0.524,23.5,10.0,11.5,8.4,22 - 36,-41.9,10.0,-2.2,0.379,0.355,0.266,0.17,0.497,0.3329999999999999,0.332,0.078,0.0,0.1009999999999999,0.35,0.07,0.015,,,0.186,0.171,0.0,84.1,69.1,78.2,93.1,88.9,84.5,,,92.2,84.8,0.0,-1.5,8.8,3.4,-1.7,1.2,-0.9,,,-2.6,2.7,0.0,3.3,-10.2,-7.5,7.9,4.4,1.0,,,4.6,-0.1,0.0,4.7,0.5,-9.8,21.3,-1.6,1.4,,,10.0,-31.3,-0.1,0.25,18.01,-0.41,0.25,-0.09,0.38,,,0.22,-0.76,-5.71,0.284,0.623,0.462,0.5539999999999999,0.8590000000000001,0.77,0.525,23.5,-11.8,100,86,111,97,102,104,104,0.98,108,90,114,97,101,103,93,100,104,89.0,9.7,280,0.065,114.3,1499,0.347,4320,0.18,0.285,0.248,0.41,0.312,16.8,0.8095039599833264,0.40425531914893614,0.7720447284345048,3.1219863161764123,0.3950617283950617,0.1111111111111111
27,2016,PIT,28,2458,5542,6261,1426,964,277,32,153,729,696,561,39,1334,81,36,41,133,110,45,0.257,1975,1334,898,118,24900,9296,15604,140,78,16,0.09,0.213,0.42,0.332,0.402,0.734,0.144,0.311,1.48,0.213,0.469,0.317,0.088,0.115,0.071,0.205,0.318,-2.2,735,-19.8,6.9,188.9,33.5,215.5,22.0,$176.3,4.6,97,0.48,-111.3,111.77,11.78,1.36,1.02,1.19,291,0.49,-0.02,0.569,92.6,0.1639999999999999,84.6,0.064,88.3,0.1,77.8,0.093,83.9,0.009,85.9,,,0.006,,53.1,-38.8,-8.1,0.2,-2.1,-0.3,,0.38,-0.96,-0.51,0.01,-0.09,-0.13,,0.2769999999999999,0.6629999999999999,0.4529999999999999,0.629,0.861,0.7829999999999999,0.455,0.596,0.0969999999999999,-4.0,0.366,,0.053,0.01,,0.2019999999999999,0.17,0.091,0.017,0.0,0.091,,,,92.9,,88.2,84.8,,91.9,84.8,77.8,80.3,59.8,84.0,,,-2.1,,1.8,-2.8,,-4.2,2.6,4.5,2.9,7.2,-3.1,,,8.7,,4.6,3.4,,5.3,1.3,-5.3,-6.8,-6.2,4.3,,,34.7,,-10.7,0.2,,11.7,-49.5,-4.8,2.9,0.0,-3.7,,,0.38,,-0.81,0.06,,0.23,-1.18,-0.21,0.69,2.68,-0.17,,,0.253,0.637,0.4529999999999999,0.581,0.856,0.7829999999999999,0.521,23.3,40.4,0.0,-8.3,22 - 38,-23.8,10.0,1.6,0.397,0.348,0.255,0.198,0.491,0.311,0.327,0.084,0.0,0.094,0.3429999999999999,0.0559999999999999,0.012,,,0.193,0.1639999999999999,0.0,84.6,65.7,78.4,93.6,89.3,85.3,,,92.7,85.2,0.0,-3.2,6.3,4.4,-1.3,1.8,-2.7,,,-5.2,3.2,0.0,2.9,-11.0,-7.6,7.7,3.7,1.3,,,4.1,-0.3,0.0,-2.7,0.1,-3.7,26.5,-20.1,-1.0,,,13.3,-35.9,0.1,-0.13,1.98,-0.16,0.31,-1.45,-0.33,,,0.28,-0.89,2.33,0.254,0.637,0.4529999999999999,0.581,0.857,0.782,0.519,23.3,8.5,99,104,104,101,94,88,102,1.01,105,93,90,102,99,99,109,99,97,88.0,10.4,218,0.051,113.7,1432,0.3339999999999999,4285,0.173,0.27,0.245,0.39,0.313,22.3,0.8083807973962571,0.3358024691358025,0.7869349944098387,2.9953379925212102,0.43209876543209874,0.16049382716049382
8,2016,MIN,27,2290,5618,6245,1409,886,288,35,200,722,690,513,24,1426,44,43,27,96,91,32,0.251,1778,1527,872,139,24633,8991,15642,103,84,20,0.0819999999999999,0.228,0.36,0.316,0.421,0.738,0.171,0.3,1.16,0.209,0.426,0.366,0.091,0.131,0.0579999999999999,0.238,0.317,-6.5,729,-36.3,-23.0,188.4,-14.4,146.2,15.0,$119.6,4.7,95,-9.73,-117.43,107.7,-32.44,-3.36,1.04,1.19,72,0.2,-9.54,0.565,92.2,0.14,84.2,0.062,88.5,0.098,77.9,0.109,83.8,0.015,84.8,0.01,73.9,0.004,,38.5,-18.5,-9.3,2.9,-0.4,-8.3,-1.4,0.28,-0.54,-0.61,0.12,-0.02,-2.18,-0.53,0.298,0.634,0.4479999999999999,0.645,0.855,0.778,0.446,0.591,0.099,8.4,0.366,,0.063,0.018,0.001,0.192,0.138,0.08,0.026,0.0,0.106,,0.009,,92.5,,88.7,84.8,87.0,91.6,84.5,77.3,79.4,75.2,83.9,,75.0,-1.2,,2.5,-4.4,-5.3,-1.7,2.0,4.1,5.5,-1.0,-1.0,,0.6,9.1,,5.3,2.8,4.2,5.7,1.7,-4.5,-5.9,-1.7,4.4,,0.5,9.5,,-6.6,-8.9,-1.1,19.3,-22.8,5.4,-4.0,0.9,-7.2,,-3.3,0.11,,-0.43,-2.02,-4.1,0.41,-0.68,0.27,-0.62,8.3,-0.28,,-1.48,0.278,0.609,0.4479999999999999,0.602,0.853,0.778,0.514,23.3,-37.4,1.9,-1.4,22 - 33,-27.9,23.1,7.3,0.415,0.335,0.25,0.185,0.504,0.311,0.3429999999999999,0.099,0.0,0.094,0.352,0.071,0.021,0.011,,0.19,0.131,0.0,84.3,68.7,78.3,93.4,89.0,85.2,75.2,,92.1,84.7,0.0,-1.0,7.5,4.6,-0.7,2.9,-4.1,0.8,,-2.3,2.4,0.0,3.0,-8.9,-7.1,8.0,3.7,0.9,-0.6,,4.5,0.0,0.0,-3.8,0.1,4.5,10.4,-10.3,-4.0,-1.0,,25.6,-27.4,0.0,-0.15,9.2,0.19,0.12,-0.59,-0.78,-0.38,,0.55,-0.85,0.0,0.2769999999999999,0.609,0.4479999999999999,0.602,0.853,0.777,0.514,23.3,-17.6,97,102,111,98,99,102,100,1.02,97,103,101,102,98,100,99,101,99,88.5,12.4,257,0.06,116.4,1490,0.35,4262,0.184,0.283,0.239,0.397,0.308,15.6,0.8393013100436681,0.44321329639889195,0.7716573258606886,3.084923799721506,0.4444444444444444,0.14814814814814814
21,2016,HOU,27,2334,5545,6204,1367,849,291,29,198,724,689,554,31,1452,47,31,27,134,102,44,0.247,1791,1408,863,125,23971,8941,15030,137,88,34,0.089,0.2339999999999999,0.38,0.319,0.417,0.735,0.17,0.298,1.27,0.212,0.441,0.347,0.089,0.141,0.076,0.386,0.317,-7.4,724,8.2,36.6,187.2,-17.5,246.2,25.2,$201.4,4.5,101,-1.91,-109.36,107.46,14.84,1.35,0.99,1.28,118,2.56,-4.49,0.539,92.2,0.146,83.5,0.062,87.8,0.1169999999999999,77.7,0.099,83.0,0.026,83.7,0.012,74.9,0.005,,31.7,-29.9,-8.9,-8.9,8.7,-0.9,-1.9,0.25,-0.86,-0.61,-0.32,0.37,-0.15,-0.68,0.302,0.688,0.47,0.618,0.8320000000000001,0.754,0.436,0.615,0.115,8.7,0.347,,0.052,0.02,0.0,0.188,0.151,0.0969999999999999,0.027,0.0,0.106,0.0,0.011,,92.5,,88.4,83.7,86.8,91.7,83.8,77.1,80.5,65.3,83.0,77.4,75.2,-0.3,,2.7,-5.0,-6.0,-1.0,2.9,4.4,4.0,0.7,0.6,11.1,2.6,9.5,,5.6,3.0,5.0,6.1,1.7,-4.8,-6.1,0.7,4.9,4.5,0.6,16.4,,-9.4,5.3,-0.5,-1.8,-34.7,-1.9,-4.3,-0.1,4.6,-0.3,-3.0,0.2,,-0.75,1.09,-4.87,-0.04,-0.96,-0.08,-0.68,-2.63,0.18,-14.55,-1.11,0.284,0.659,0.47,0.583,0.828,0.753,0.497,23.6,19.1,-0.8,-0.3,21 - 36,16.9,23.0,-4.3,0.4379999999999999,0.341,0.221,0.175,0.495,0.33,0.355,0.094,0.001,0.114,0.346,0.063,0.0279999999999999,0.011,,0.173,0.1369999999999999,0.0,83.7,71.0,78.4,93.2,88.6,84.1,75.3,,92.5,84.2,0.0,0.9,8.2,4.2,0.4,3.1,-4.8,2.8,,-2.2,3.3,0.0,3.4,-10.0,-7.0,8.4,3.6,1.6,-1.1,,4.7,-0.1,0.0,7.2,0.0,-12.5,13.9,-15.2,2.8,-1.2,,12.6,-21.5,0.2,0.32,-0.01,-0.46,0.17,-1.01,0.42,-0.44,,0.3,-0.65,4.11,0.283,0.659,0.47,0.584,0.8270000000000001,0.753,0.497,23.6,18.4,96,111,113,99,98,102,100,1.04,100,97,108,107,100,88,93,99,105,88.7,11.5,296,0.071,118.2,1492,0.359,4151,0.156,0.271,0.244,0.415,0.318,24.7,0.823050556983719,0.4375690607734807,0.7659574468085106,3.1977725933972994,0.4506172839506173,0.16049382716049382
23,2016,MIL,28,2342,5330,6061,1299,837,249,19,194,671,641,599,34,1543,37,39,53,132,181,56,0.244,1767,1244,769,101,24181,9028,15153,106,98,25,0.099,0.255,0.39,0.322,0.407,0.729,0.163,0.304,1.42,0.203,0.467,0.3289999999999999,0.081,0.156,0.06,0.255,0.315,-19.1,695,-60.4,-16.1,182.9,32.3,156.2,16.0,$127.8,4.8,92,-10.37,-112.87,102.5,-63.01,-6.37,1.02,1.28,282,-3.66,-6.56,0.598,92.1,0.15,84.3,0.046,87.4,0.088,77.2,0.109,83.4,0.008,85.0,,,0.005,,24.0,-26.6,-17.5,-4.8,-11.0,2.6,,0.17,-0.74,-1.57,-0.23,-0.42,1.41,,0.284,0.657,0.451,0.581,0.835,0.747,0.449,0.604,0.114,7.9,0.375,,0.045,0.006,0.0,0.216,0.152,0.083,0.012,,0.11,0.0,,,92.4,,87.5,85.4,80.3,91.5,84.5,77.5,78.7,,83.4,78.1,,-1.5,,0.8,-4.8,-4.9,-3.5,1.6,3.3,3.3,,-1.3,10.7,,8.7,,4.7,2.4,0.5,5.4,1.2,-5.7,-6.6,,4.0,8.0,,-12.9,,-21.8,-3.4,-1.1,25.0,-19.9,-5.3,-5.7,,-6.9,0.0,,-0.14,,-2.04,-2.18,-10.82,0.48,-0.54,-0.26,-1.97,,-0.26,-0.5,,0.256,0.638,0.452,0.534,0.828,0.747,0.512,22.9,16.2,10.0,-3.0,21 - 37,-52.5,9.7,-1.8,0.367,0.363,0.27,0.188,0.488,0.324,0.385,0.105,0.0,0.086,0.3879999999999999,0.053,0.009,,,0.184,0.149,0.0,84.0,74.6,77.9,93.2,88.6,85.6,,,92.2,84.9,0.0,-1.0,9.1,3.7,-1.2,0.9,-4.7,,,-3.9,2.2,0.0,2.7,-11.3,-7.7,7.6,3.7,0.3,,,3.9,-0.6,0.0,-8.3,-0.4,-8.8,-5.6,-23.0,-3.9,,,18.3,-18.6,0.0,-0.33,-4.65,-0.42,-0.06,-1.82,-1.7,,,0.41,-0.52,0.64,0.255,0.638,0.452,0.535,0.828,0.747,0.513,22.9,4.7,94,114,124,98,96,99,100,0.96,105,96,122,94,103,105,103,98,101,88.6,10.1,249,0.064,115.6,1325,0.341,3882,0.171,0.284,0.233,0.383,0.306,15.3,0.8104184457728437,0.4625931445603577,0.745421547599406,3.0213881141012857,0.3950617283950617,0.2222222222222222
25,2016,NYM,28,2430,5459,6115,1342,865,240,19,218,671,649,517,43,1302,62,41,35,124,42,18,0.246,1643,1604,915,154,23980,8890,15090,75,70,11,0.085,0.213,0.4,0.316,0.417,0.733,0.171,0.282,1.02,0.22,0.395,0.385,0.096,0.136,0.046,0.157,0.315,-21.1,699,-9.1,-2.3,184.5,33.7,201.4,20.6,$164.7,3.4,99,-4.41,-103.74,99.33,-15.29,-1.24,0.95,1.18,285,0.46,-5.08,0.574,92.6,0.156,84.4,0.047,88.0,0.109,78.1,0.098,84.1,0.015,85.5,,,0.006,,-1.6,-42.8,10.4,-3.8,12.6,-3.0,,-0.01,-1.15,0.94,-0.14,0.54,-0.83,,0.295,0.6659999999999999,0.457,0.647,0.8740000000000001,0.7909999999999999,0.436,0.583,0.095,-15.2,0.368,,0.045,0.016,,0.2019999999999999,0.15,0.1009999999999999,0.02,,0.099,,,,92.9,,88.3,85.3,,92.0,84.5,78.3,79.8,,84.0,,,-2.0,,1.3,-5.5,,-4.6,1.6,3.4,3.2,,-3.8,,,8.9,,5.2,2.3,,5.8,1.3,-5.4,-6.8,,4.2,,,-30.8,,4.2,-4.2,,10.8,-25.4,-11.1,-7.1,,9.6,,,-0.35,,0.39,-1.13,,0.22,-0.71,-0.46,-1.51,,0.41,,,0.282,0.637,0.457,0.607,0.8740000000000001,0.7909999999999999,0.493,23.1,31.4,-2.1,-7.8,22 - 43,-24.3,9.7,1.3,0.4029999999999999,0.351,0.246,0.191,0.473,0.336,0.3329999999999999,0.092,0.0,0.104,0.371,0.052,0.016,,,0.181,0.153,0.0,84.7,70.6,78.8,93.6,89.3,85.9,,,92.6,84.9,0.0,-3.5,7.3,4.0,-2.0,1.4,-5.1,,,-4.0,2.0,0.0,2.8,-7.5,-7.8,7.7,3.7,0.3,,,4.3,-0.4,0.0,11.1,-1.0,-3.8,-40.6,-2.4,-1.7,,,31.0,-39.2,-0.2,0.51,-14.96,-0.15,-0.46,-0.19,-0.44,,,0.72,-1.07,-3.27,0.282,0.636,0.457,0.606,0.875,0.7909999999999999,0.493,23.1,19.5,94,98,104,96,98,104,93,1.04,88,113,106,103,100,96,105,95,105,88.2,14.7,260,0.061,115.0,1437,0.3389999999999999,4234,0.171,0.266,0.244,0.406,0.313,21.4,0.7650205761316873,0.5198211624441132,0.7870809484873262,3.06222685981974,0.3888888888888889,0.19135802469135801
30,2016,SFG,29,2404,5565,6271,1437,973,280,54,130,715,675,572,43,1107,42,46,42,120,79,36,0.258,2027,1470,962,143,24003,8885,15118,120,87,20,0.091,0.177,0.52,0.329,0.398,0.728,0.14,0.299,1.38,0.216,0.455,0.33,0.0969999999999999,0.088,0.059,0.23,0.315,-22.1,717,-32.0,24.6,189.2,38.9,230.2,23.5,$188.4,4.7,96,-2.51,-115.47,112.96,10.8,1.47,1.05,1.27,260,-0.65,-1.75,0.588,92.4,0.141,84.6,0.0559999999999999,87.7,0.103,77.7,0.105,84.0,0.0069999999999999,85.7,0.0,58.5,0.0069999999999999,,18.8,-33.8,3.2,9.8,-9.5,-0.6,0.1,0.13,-1.0,0.24,0.4,-0.38,-0.39,2.8,0.29,0.687,0.467,0.655,0.885,0.805,0.445,0.6,0.09,-0.4,0.3779999999999999,,0.051,0.012,0.0,0.204,0.141,0.087,0.025,,0.102,,,,92.8,,88.0,84.1,85.6,91.8,85.0,77.4,79.9,,84.2,,,-1.1,,1.6,-0.6,-7.8,-2.1,1.4,2.8,1.4,,-2.6,,,9.0,,4.7,2.6,2.4,5.6,1.6,-5.4,-6.9,,4.2,,,-12.6,,0.5,-4.3,0.4,14.4,-32.4,6.8,0.6,,-7.4,,,-0.14,,0.04,-1.48,6.29,0.3,-0.96,0.33,0.1,,-0.31,,,0.2689999999999999,0.659,0.467,0.623,0.877,0.805,0.508,24.3,63.4,-2.4,-4.3,24 - 41,-32.4,10.0,3.9,0.366,0.356,0.278,0.2019999999999999,0.507,0.29,0.288,0.094,0.0,0.1,0.381,0.0579999999999999,0.012,,,0.168,0.135,0.0,84.6,64.2,78.4,93.5,89.3,84.8,,,92.4,85.4,0.0,-2.7,4.0,2.7,-0.7,1.3,-0.8,,,-2.7,1.6,0.0,2.8,-9.4,-7.7,7.9,3.9,1.0,,,4.0,-0.1,0.0,-12.3,0.8,4.0,-13.4,-1.1,-3.8,,,5.2,-31.8,0.7,-0.55,16.72,0.17,-0.15,-0.08,-1.27,,,0.13,-0.99,16.65,0.2689999999999999,0.659,0.467,0.623,0.877,0.805,0.508,24.3,25.5,99,106,86,100,94,85,98,1.02,102,97,69,94,101,108,111,102,90,87.5,11.3,219,0.048,116.8,1418,0.312,4550,0.161,0.252,0.254,0.394,0.317,24.0,0.8356905158069884,0.2909090909090909,0.8234731302822517,3.221906888261365,0.4444444444444444,0.19135802469135801
12,2016,TBR,28,2281,5481,6046,1333,797,288,32,216,672,647,449,20,1482,69,28,18,88,60,37,0.243,1657,1565,784,194,23480,8467,15013,127,38,12,0.074,0.245,0.3,0.307,0.426,0.733,0.182,0.293,1.06,0.196,0.414,0.391,0.124,0.138,0.077,0.316,0.315,-18.2,694,-12.7,-4.9,182.4,-14.3,170.9,17.5,$139.8,4.1,98,-8.43,-108.6,100.17,-39.05,-4.15,0.98,1.56,103,-0.85,-7.78,0.544,92.2,0.148,83.7,0.063,88.0,0.107,78.2,0.104,83.5,0.021,84.3,0.013,74.9,0.003,,20.3,-11.7,-2.3,-6.3,-6.9,-11.5,8.0,0.16,-0.34,-0.15,-0.25,-0.28,-2.29,2.55,0.312,0.682,0.475,0.618,0.8170000000000001,0.7440000000000001,0.44,0.619,0.121,-2.1,0.355,,0.061,0.023,0.001,0.181,0.145,0.089,0.0289999999999999,0.0,0.102,0.0,0.013,,92.5,,88.7,84.3,87.1,91.5,83.9,77.9,80.0,69.9,83.5,82.0,75.6,-1.2,,2.1,-5.0,-7.0,0.2,2.8,5.1,4.4,3.2,-0.6,3.2,1.1,9.7,,6.2,3.3,3.3,6.1,1.8,-4.6,-6.4,-2.2,5.0,1.2,1.4,-15.4,,-3.0,-3.5,-1.5,27.8,-13.5,-9.7,-3.8,0.7,-13.5,0.2,7.5,-0.19,,-0.21,-0.65,-7.74,0.66,-0.4,-0.46,-0.55,7.69,-0.56,18.15,2.51,0.283,0.6509999999999999,0.475,0.564,0.815,0.7440000000000001,0.522,23.3,-19.1,-6.1,-0.4,23 - 34,-14.7,22.4,6.1,0.435,0.32,0.245,0.19,0.484,0.326,0.355,0.094,0.001,0.104,0.349,0.067,0.0279999999999999,0.013,,0.179,0.141,0.0,84.2,72.6,79.0,93.5,88.7,84.5,75.5,,92.1,84.4,0.0,-1.0,9.6,4.9,-0.6,2.7,-4.2,1.4,,-1.2,3.1,0.0,3.4,-9.2,-7.2,8.6,4.0,1.6,-0.5,,4.8,-0.2,0.0,-11.5,1.8,-8.1,-2.6,3.7,-10.0,6.9,,19.0,-22.7,0.0,-0.52,9.06,-0.33,-0.03,0.24,-1.51,2.22,,0.45,-0.69,2.68,0.284,0.65,0.475,0.565,0.815,0.7440000000000001,0.522,23.3,10.7,94,93,119,95,100,110,98,0.96,94,110,106,106,94,98,101,97,104,89.1,14.5,312,0.077,113.7,1490,0.368,4046,0.163,0.284,0.236,0.412,0.309,17.1,0.7812362998684788,0.5142857142857143,0.7548792590142243,2.9994248355935555,0.37037037037037035,0.19135802469135801
22,2016,LAD,29,2491,5518,6164,1375,893,272,21,189,725,680,525,31,1321,58,32,30,120,45,26,0.249,1943,1364,880,115,23749,8839,14910,101,72,16,0.085,0.214,0.4,0.319,0.409,0.728,0.16,0.294,1.42,0.21,0.4639999999999999,0.326,0.084,0.139,0.052,0.222,0.314,-21.7,704,-22.2,17.5,186.0,33.2,222.4,22.7,$181.9,3.5,97,2.89,-104.57,107.45,28.17,3.44,0.97,1.14,324,2.89,0.08,0.569,92.6,0.156,84.5,0.06,88.3,0.09,78.2,0.106,84.1,0.01,84.5,0.008,72.8,0.005,,22.5,-9.0,-7.9,-1.4,-12.6,-1.0,-4.3,0.17,-0.25,-0.56,-0.06,-0.5,-0.43,-2.31,0.284,0.675,0.4589999999999999,0.626,0.865,0.7829999999999999,0.4479999999999999,0.597,0.099,-1.9,0.391,,0.0559999999999999,0.0069999999999999,0.001,0.185,0.146,0.081,0.019,0.0,0.108,,0.006,,92.8,,87.7,84.4,84.2,92.0,84.5,78.1,80.1,64.9,84.1,,74.2,-1.1,,0.6,-2.9,-5.4,-3.7,1.2,2.3,1.4,-2.5,-3.3,,-1.1,9.3,,5.3,3.7,3.0,5.8,1.6,-4.1,-6.1,0.4,4.8,,0.2,-9.6,,-12.9,-0.8,1.0,23.4,-12.8,-7.8,1.1,-0.3,-14.6,,-2.8,-0.1,,-0.97,-0.52,6.98,0.54,-0.37,-0.41,0.24,-29.39,-0.57,,-1.96,0.26,0.649,0.4589999999999999,0.573,0.863,0.7829999999999999,0.513,23.2,50.7,-4.9,5.8,19 - 37,-24.1,9.8,1.1,0.377,0.354,0.2689999999999999,0.1689999999999999,0.497,0.3339999999999999,0.33,0.103,0.0,0.089,0.396,0.072,0.01,0.008,,0.153,0.15,0.0,84.8,69.9,78.9,93.7,89.0,85.2,73.8,,92.5,85.0,30.5,-3.1,-3.4,2.2,-1.0,0.4,-3.2,0.0,,-3.8,1.6,-0.9,3.4,-9.9,-6.5,8.2,4.1,1.6,-1.0,,4.2,-0.1,2.0,-13.0,-0.1,-7.1,-6.2,-1.6,-1.0,-3.5,,17.2,-10.1,0.0,-0.54,-3.31,-0.34,-0.07,-0.1,-0.44,-1.96,,0.47,-0.28,-0.74,0.26,0.649,0.4589999999999999,0.5710000000000001,0.8640000000000001,0.7829999999999999,0.513,23.2,26.5,96,99,104,97,96,97,96,0.99,104,96,108,97,101,105,93,100,104,89.3,10.7,281,0.066,114.6,1582,0.371,4260,0.166,0.265,0.25,0.415,0.32,21.7,0.762745885186672,0.4171034482758621,0.7856911096690461,3.4965832786658098,0.4074074074074074,0.2037037037037037
1,2016,LAA,28,2419,5431,6041,1410,955,279,20,156,717,686,471,21,991,51,49,36,147,73,34,0.26,2039,1537,891,146,22543,8135,14408,103,58,12,0.078,0.1639999999999999,0.48,0.322,0.405,0.726,0.145,0.289,1.33,0.1989999999999999,0.456,0.344,0.095,0.1009999999999999,0.051,0.207,0.314,-20.4,691,-10.6,-0.4,182.3,-15.3,170.2,17.4,$139.2,4.0,99,1.29,-100.34,101.63,25.96,2.84,0.96,1.59,96,0.23,1.11,0.561,92.2,0.149,83.8,0.064,87.8,0.1009999999999999,77.8,0.095,83.7,0.018,84.5,0.013,75.1,0.003,,12.3,-19.9,-1.8,10.3,-21.0,-4.3,1.7,0.1,-0.59,-0.13,0.45,-0.99,-1.09,0.6,0.303,0.675,0.471,0.6729999999999999,0.892,0.815,0.452,0.62,0.087,-8.2,0.356,,0.054,0.024,0.0,0.209,0.151,0.0819999999999999,0.025,0.0,0.087,,0.012,,92.6,,88.1,84.9,86.7,91.4,83.9,77.2,80.4,64.7,83.5,,75.3,-2.0,,1.9,-4.3,-6.2,-2.4,2.1,5.0,4.3,-2.5,-0.4,,-1.0,9.8,,5.3,3.6,3.9,6.1,1.9,-5.1,-6.2,0.8,4.5,,1.1,28.0,,-10.9,-0.7,1.3,-20.5,-24.6,9.2,-5.1,0.7,-25.8,,1.1,0.35,,-0.9,-0.13,25.65,-0.44,-0.73,0.5,-0.92,17.81,-1.32,,0.4,0.2769999999999999,0.652,0.471,0.629,0.888,0.815,0.518,23.9,-15.7,-2.6,-10.4,23 - 36,-18.7,22.4,-3.8,0.387,0.357,0.256,0.1889999999999999,0.508,0.303,0.268,0.083,0.001,0.1009999999999999,0.35,0.073,0.024,0.011,,0.186,0.136,0.0,84.2,74.6,78.5,93.4,88.7,85.0,75.8,,92.0,84.5,23.6,-0.3,9.7,5.1,-1.2,2.0,-4.6,-0.5,,-3.3,2.7,-1.7,3.0,-8.8,-7.3,8.5,4.0,1.6,-0.4,,4.7,0.2,1.6,-21.5,-1.3,13.3,17.1,1.5,-2.7,1.0,,-14.8,-27.5,0.6,-1.16,-5.49,0.59,0.22,0.09,-0.51,0.41,,-0.35,-0.9,15.34,0.276,0.652,0.471,0.627,0.888,0.8140000000000001,0.519,23.9,-6.9,101,97,79,100,95,87,97,0.98,104,97,78,95,105,102,101,102,96,88.4,10.9,241,0.053,117.1,1530,0.3379999999999999,4528,0.166,0.254,0.261,0.412,0.321,16.7,0.7775940471269119,0.3481171548117155,0.8359543121999669,3.2414350697259304,0.4074074074074074,0.1728395061728395
4,2016,CHW,28,2217,5550,6131,1428,950,277,33,168,686,656,455,16,1285,53,44,29,122,77,36,0.257,1979,1420,876,166,23739,8367,15372,112,63,19,0.074,0.21,0.35,0.317,0.41,0.727,0.153,0.304,1.39,0.205,0.4629999999999999,0.332,0.1169999999999999,0.118,0.057,0.302,0.314,-21.4,701,-24.7,-13.3,185.0,-16.0,152.7,15.6,$124.9,4.4,97,-1.63,-111.01,109.38,-35.08,-3.7,1.02,1.45,53,-1.67,0.07,0.5660000000000001,92.6,0.1369999999999999,84.2,0.054,88.6,0.113,78.5,0.1009999999999999,83.7,0.0139999999999999,84.4,0.015,75.0,0.002,,15.0,-33.2,-5.6,1.9,-2.9,2.0,0.7,0.11,-1.02,-0.44,0.07,-0.12,0.61,0.2,0.3329999999999999,0.675,0.482,0.648,0.861,0.779,0.437,0.61,0.107,-1.0,0.347,,0.048,0.017,0.001,0.225,0.133,0.088,0.03,0.0,0.0969999999999999,0.0,0.0139999999999999,,92.8,,88.4,84.6,87.4,92.2,84.3,78.1,79.7,68.9,83.6,77.3,75.4,-2.2,,1.7,-4.6,-7.3,-3.9,1.9,3.0,4.1,-0.6,-2.5,7.1,-0.4,8.9,,4.1,3.3,3.5,5.8,1.2,-5.1,-6.6,-1.2,4.2,3.6,0.2,15.6,,-8.5,3.3,2.3,-9.7,-33.0,-7.5,4.1,-0.6,-3.8,0.0,-0.1,0.19,,-0.75,0.81,19.28,-0.18,-1.05,-0.36,0.58,-14.81,-0.17,1.89,-0.04,0.31,0.648,0.482,0.598,0.861,0.778,0.51,23.1,-29.3,-2.6,-1.3,21 - 37,-25.7,22.7,1.4,0.3879999999999999,0.3339999999999999,0.2769999999999999,0.1939999999999999,0.511,0.295,0.311,0.091,0.002,0.105,0.362,0.054,0.02,0.015,,0.188,0.131,0.001,84.3,72.6,79.1,93.7,89.2,84.8,75.4,,92.5,84.7,0.0,-2.1,6.8,3.7,-1.5,1.7,-4.3,0.1,,-4.7,2.4,0.0,2.8,-8.6,-7.3,7.8,3.1,1.7,-1.2,,4.3,-0.5,0.0,4.4,0.5,-3.9,15.2,-12.6,-3.8,-0.3,,-4.6,-28.6,-0.2,0.21,1.14,-0.16,0.18,-0.99,-0.79,-0.1,,-0.1,-0.92,-1.59,0.31,0.648,0.483,0.598,0.861,0.778,0.51,23.1,-21.3,100,93,101,99,97,92,102,1.0,105,93,91,95,98,111,104,103,94,88.5,10.6,214,0.049,117.1,1435,0.331,4338,0.1639999999999999,0.27,0.248,0.385,0.304,16.6,0.8493459630130807,0.3918367346938776,0.7904093948784864,2.8861270441954843,0.41358024691358025,0.19135802469135801
18,2016,CIN,27,2287,5487,6094,1403,929,277,33,164,716,678,452,37,1284,52,44,58,129,139,51,0.256,1861,1397,934,104,23319,8331,14988,101,113,23,0.074,0.211,0.35,0.316,0.408,0.724,0.152,0.303,1.33,0.223,0.444,0.3329999999999999,0.074,0.1169999999999999,0.054,0.204,0.311,-40.1,678,-85.5,-28.5,183.9,34.2,115.5,11.8,$94.5,5.2,89,-1.54,-104.63,103.09,-13.57,-1.76,0.96,1.08,228,-6.0,4.4,0.601,92.4,0.134,84.3,0.062,87.6,0.096,77.9,0.098,83.7,0.009,84.9,,,0.0069999999999999,,-12.9,-30.1,-2.9,5.9,1.3,-5.1,,-0.09,-0.97,-0.2,0.27,0.06,-2.44,,0.299,0.682,0.473,0.648,0.866,0.7909999999999999,0.455,0.61,0.098,1.7,0.353,,0.054,0.008,,0.244,0.136,0.086,0.019,,0.1009999999999999,,,,92.8,,87.7,84.2,,91.7,84.6,77.8,80.2,,83.8,,,-1.5,,1.5,-1.8,,-2.6,2.1,4.1,4.5,,-2.3,,,8.4,,4.5,1.8,,4.9,0.8,-5.9,-6.3,,4.1,,,-38.6,,-5.5,4.2,,8.7,-24.5,3.6,-5.4,,-9.3,,,-0.47,,-0.45,2.32,,0.15,-0.78,0.18,-1.24,,-0.4,,,0.285,0.6509999999999999,0.473,0.624,0.86,0.7909999999999999,0.514,23.2,5.7,3.8,-4.5,22 - 35,-83.8,9.7,-3.6,0.386,0.358,0.256,0.179,0.527,0.295,0.312,0.09,0.0,0.095,0.359,0.059,0.012,0.0,,0.2269999999999999,0.136,0.001,84.3,72.4,78.6,93.4,88.8,84.6,87.7,,92.4,84.9,0.0,-2.2,6.9,4.5,-0.7,1.6,-2.5,-7.1,,-3.6,2.4,0.0,2.8,-8.8,-7.7,7.4,3.7,0.4,1.6,,3.6,-0.8,0.0,-3.0,-0.1,7.8,-34.8,-4.6,-3.2,0.0,,13.3,-37.6,-2.2,-0.15,-0.73,0.36,-0.42,-0.34,-1.1,-4.21,,0.25,-1.19,-13.23,0.284,0.6509999999999999,0.473,0.624,0.86,0.7909999999999999,0.515,23.2,-19.8,98,86,103,96,96,92,100,1.05,99,98,92,99,102,99,98,106,92,86.8,11.6,199,0.046,114.9,1217,0.283,4306,0.1669999999999999,0.265,0.246,0.382,0.301,10.7,0.8111062527328378,0.36648044692737436,0.7893009517558254,3.0497498014916715,0.4012345679012346,0.16049382716049382
9,2016,NYY,28,2308,5458,6058,1377,929,245,20,183,680,647,475,19,1188,42,49,21,121,72,22,0.252,1945,1470,884,152,23232,8475,14757,107,42,14,0.078,0.196,0.4,0.314,0.405,0.72,0.153,0.289,1.32,0.206,0.452,0.342,0.103,0.124,0.055,0.3329999999999999,0.311,-37.5,676,-60.3,15.3,182.8,-15.9,146.0,14.9,$119.4,4.0,92,-2.36,-103.85,101.49,-47.95,-4.8,0.96,1.1,85,-2.08,-0.39,0.5489999999999999,92.1,0.126,83.9,0.062,87.6,0.111,77.8,0.1159999999999999,83.4,0.018,83.2,0.017,75.1,0.003,,-1.4,-8.5,-1.3,-13.2,5.8,-6.8,-5.6,-0.01,-0.29,-0.09,-0.52,0.22,-1.6,-1.46,0.305,0.6579999999999999,0.46,0.649,0.8859999999999999,0.7979999999999999,0.439,0.596,0.093,1.6,0.373,,0.0559999999999999,0.02,0.001,0.179,0.125,0.086,0.031,0.0,0.1119999999999999,,0.016,,92.3,,87.8,83.4,87.2,91.5,84.0,77.0,80.2,64.9,83.4,,75.0,-0.9,,1.9,-5.9,-6.2,-1.9,1.8,3.3,3.1,0.7,-1.6,,0.1,9.8,,5.5,3.3,4.2,6.1,1.7,-4.9,-6.6,-2.3,5.1,,1.5,-6.6,,-3.8,-3.2,-1.1,-15.6,-7.3,-6.7,-7.9,-0.1,6.7,,-5.7,-0.08,,-0.29,-0.7,-4.07,-0.38,-0.25,-0.34,-1.11,-4.22,0.26,,-1.51,0.289,0.632,0.461,0.615,0.882,0.7979999999999999,0.501,23.3,-0.5,2.2,8.6,22 - 40,-58.7,22.4,-0.2,0.417,0.341,0.242,0.178,0.525,0.297,0.305,0.103,0.001,0.109,0.353,0.073,0.0279999999999999,0.017,,0.178,0.111,0.0,83.9,72.7,78.5,93.1,88.3,84.2,75.4,,91.9,84.3,21.5,-1.5,8.7,3.2,-0.7,1.7,-5.4,0.1,,-2.2,2.1,-1.2,3.5,-9.0,-7.3,8.8,3.7,2.5,-0.1,,4.7,0.0,2.3,2.3,-0.4,-16.1,-26.8,-4.5,-6.1,-6.5,,18.7,-8.0,1.5,0.1,-1.64,-0.64,-0.33,-0.26,-0.93,-1.67,,0.45,-0.31,36.63,0.288,0.632,0.46,0.615,0.882,0.7979999999999999,0.501,23.3,0.0,98,98,95,98,96,92,97,1.01,103,96,96,102,100,97,95,105,94,88.1,11.3,215,0.049,115.2,1428,0.3279999999999999,4353,0.174,0.267,0.247,0.388,0.305,14.8,0.8024263431542461,0.43058823529411766,0.8038956751403104,3.1264042930160683,0.4444444444444444,0.21604938271604937
20,2016,MIA,28,2460,5547,6133,1460,1031,259,42,128,655,626,447,40,1213,54,38,46,140,71,28,0.263,2106,1286,933,109,23662,8437,15225,157,94,16,0.073,0.198,0.37,0.322,0.394,0.716,0.131,0.314,1.64,0.216,0.487,0.297,0.085,0.1,0.075,0.17,0.309,-48.1,674,-42.5,13.0,185.0,33.2,201.1,20.6,$164.5,4.4,95,-2.31,-109.06,106.76,-41.91,-4.4,1.01,1.25,277,-2.2,-0.07,0.5720000000000001,92.2,0.182,84.4,0.046,87.2,0.09,77.6,0.1009999999999999,83.1,0.008,85.3,,,0.0069999999999999,,-9.6,-32.5,-7.7,5.6,-0.4,1.7,,-0.07,-0.76,-0.71,0.26,-0.02,0.89,,0.309,0.638,0.4579999999999999,0.6459999999999999,0.8809999999999999,0.794,0.452,0.598,0.094,2.6,0.348,,0.046,0.011,,0.2189999999999999,0.181,0.083,0.0139999999999999,,0.1,,,,92.6,,86.9,83.9,,91.8,84.6,77.4,79.4,,83.2,,,-2.3,,1.5,-2.8,,-4.3,1.5,3.1,2.6,,-3.1,,,9.4,,5.2,2.3,,6.2,1.9,-4.9,-6.8,,4.8,,,-18.5,,-11.9,2.4,,-7.6,-29.1,-0.8,0.5,,-4.2,,,-0.23,,-1.11,0.92,,-0.15,-0.69,-0.04,0.16,,-0.18,,,0.288,0.615,0.4579999999999999,0.605,0.8759999999999999,0.794,0.518,23.1,46.2,-0.6,5.3,23 - 42,-39.9,9.8,-2.3,0.355,0.369,0.275,0.205,0.496,0.299,0.292,0.09,0.0,0.084,0.341,0.052,0.0139999999999999,0.0,,0.201,0.174,0.0,83.8,73.8,78.2,93.2,87.9,84.8,91.5,,92.6,84.9,0.0,-3.0,9.5,3.6,-1.6,1.7,-3.0,10.1,,-5.0,2.0,0.0,3.4,-8.0,-7.4,8.3,4.2,0.4,3.0,,4.7,0.1,0.0,-3.6,0.2,1.9,-15.9,-12.8,2.5,0.5,,-2.0,-26.5,-0.8,-0.17,2.27,0.1,-0.2,-1.04,0.77,49.84,,-0.04,-0.65,-38.12,0.286,0.616,0.457,0.604,0.8759999999999999,0.794,0.519,23.1,-8.1,101,84,96,98,93,79,103,1.02,109,87,78,91,105,107,113,100,93,88.4,8.3,211,0.048,120.1,1485,0.336,4419,0.184,0.2769999999999999,0.255,0.386,0.307,19.8,0.7752032520325203,0.31267175572519085,0.8022175118212946,2.603181283551159,0.40993788819875776,0.15527950310559005
7,2016,KCR,29,2244,5552,6052,1450,1006,264,33,147,675,640,382,23,1224,45,34,38,134,121,35,0.261,2028,1416,868,147,22931,7992,14939,133,88,24,0.063,0.2019999999999999,0.31,0.312,0.4,0.712,0.139,0.309,1.43,0.201,0.47,0.3279999999999999,0.104,0.104,0.066,0.273,0.307,-55.8,657,-79.6,12.7,182.6,-15.9,131.5,13.5,$107.6,4.9,89,-4.62,-110.02,105.4,-58.12,-6.14,1.01,1.98,50,-6.87,2.28,0.535,92.6,0.1669999999999999,84.5,0.06,88.2,0.106,78.0,0.104,84.2,0.017,84.4,0.012,74.0,0.004,,13.9,-41.7,-11.1,-25.2,2.4,1.2,-2.6,0.11,-1.09,-0.8,-1.04,0.1,0.31,-0.96,0.3339999999999999,0.6890000000000001,0.492,0.626,0.8759999999999999,0.782,0.446,0.613,0.107,9.3,0.3379999999999999,,0.059,0.017,0.0,0.195,0.16,0.096,0.018,0.0,0.106,0.0,0.009,,92.7,,88.2,84.9,86.5,92.3,84.6,77.6,80.1,65.4,84.2,80.1,75.5,-1.6,,1.8,-6.4,-6.4,-3.1,0.8,3.0,3.5,-1.2,-1.8,5.5,-0.6,9.4,,4.6,3.0,4.3,6.3,1.6,-4.3,-5.7,-0.1,4.5,4.3,0.8,-25.5,,-4.2,1.2,0.0,23.1,-40.6,-13.3,-15.2,-0.5,-7.6,0.0,0.6,-0.33,,-0.31,0.3,-0.26,0.52,-1.11,-0.61,-3.64,-15.0,-0.31,-0.75,0.3,0.317,0.662,0.492,0.5870000000000001,0.872,0.782,0.508,23.2,-3.1,6.7,-5.6,20 - 37,-70.3,22.4,-5.4,0.39,0.35,0.26,0.195,0.502,0.303,0.29,0.095,0.001,0.1,0.351,0.072,0.022,0.011,,0.1689999999999999,0.159,0.0,84.9,74.2,78.6,93.5,88.6,84.6,74.8,,92.8,85.0,22.6,-1.7,8.8,3.1,-1.3,2.0,-4.6,0.5,,-3.5,1.2,-2.1,3.1,-9.2,-6.8,8.2,3.8,1.4,-0.9,,4.8,-0.2,1.6,-0.7,-0.4,-21.0,-10.7,-16.1,4.8,-2.5,,15.9,-46.0,0.1,-0.03,-2.11,-0.92,-0.13,-0.99,0.95,-0.96,,0.41,-1.26,3.36,0.317,0.662,0.492,0.586,0.872,0.782,0.509,23.2,-19.1,101,79,98,97,94,83,104,0.99,107,92,80,95,103,104,104,101,96,88.4,10.6,224,0.051,115.6,1486,0.3379999999999999,4401,0.157,0.263,0.25,0.39,0.302,11.6,0.8163992869875223,0.34844444444444445,0.797752808988764,2.8069346247423788,0.35802469135802467,0.13580246913580246
16,2016,ATL,28,2390,5514,6192,1404,960,295,27,122,649,615,502,60,1240,59,52,64,145,75,34,0.255,2028,1336,905,102,23246,8269,14977,117,121,21,0.081,0.2,0.4,0.321,0.384,0.705,0.13,0.305,1.52,0.212,0.475,0.313,0.076,0.091,0.0579999999999999,0.174,0.304,-75.4,654,-104.7,-5.0,186.8,32.8,119.8,12.3,$98.0,4.1,86,-10.7,-119.31,108.61,-77.15,-7.76,1.08,1.33,270,-6.79,-3.11,0.595,92.5,0.163,84.8,0.047,88.0,0.099,77.9,0.085,84.1,0.0069999999999999,85.8,0.004,74.5,0.009,,-35.7,-56.0,-1.6,6.8,11.8,0.7,-0.4,-0.26,-1.49,-0.15,0.3,0.6,0.44,-0.39,0.327,0.669,0.478,0.672,0.866,0.7909999999999999,0.441,0.606,0.099,0.0,0.376,,0.04,0.008,,0.221,0.16,0.088,0.02,,0.085,,0.004,,92.8,,88.0,84.9,,91.9,84.9,77.8,79.7,,84.2,,74.9,-1.9,,1.0,-4.2,,-3.3,1.0,2.8,2.8,,-2.9,,1.3,8.9,,4.8,2.1,,5.8,1.6,-5.0,-6.3,,4.2,,-0.1,-25.5,,-2.7,0.0,,-23.9,-57.7,-4.2,5.6,,7.6,,-1.5,-0.3,,-0.3,0.03,,-0.47,-1.58,-0.21,1.25,,0.39,,-1.65,0.301,0.643,0.478,0.635,0.862,0.7929999999999999,0.517,23.0,27.8,-2.2,-2.3,22 - 39,-104.7,9.9,-1.6,0.345,0.365,0.29,0.188,0.518,0.294,0.301,0.078,0.0,0.096,0.38,0.057,0.01,0.004,,0.186,0.157,0.0,84.8,75.7,78.6,93.5,89.3,85.9,75.0,,92.4,85.3,0.0,-2.8,-6.2,3.2,-1.5,0.4,-4.6,1.4,,-3.5,1.4,0.0,2.9,-7.1,-7.2,7.7,4.0,0.6,-1.9,,4.3,-0.1,0.0,10.6,-0.1,5.2,-16.9,-4.5,3.7,-1.5,,-29.2,-57.4,0.0,0.59,-5.71,0.23,-0.19,-0.34,1.64,-1.5,,-0.68,-1.58,-0.21,0.299,0.644,0.478,0.633,0.862,0.7929999999999999,0.518,23.0,-0.7,98,94,98,97,90,79,100,1.0,106,92,71,88,104,113,103,104,92,88.3,9.4,218,0.05,118.5,1382,0.315,4391,0.163,0.262,0.251,0.389,0.309,12.3,0.797489539748954,0.3007704160246533,0.7997416020671835,2.7097563549340733,0.37888198757763975,0.14906832298136646
10,2016,OAK,28,2343,5500,6022,1352,892,270,21,169,653,634,442,19,1145,33,34,13,142,50,23,0.246,1855,1586,916,147,23061,8364,14697,107,45,12,0.073,0.19,0.39,0.304,0.395,0.699,0.149,0.28,1.17,0.21,0.426,0.364,0.093,0.107,0.0579999999999999,0.267,0.302,-81.7,628,-78.3,-46.5,181.7,-16.2,53.4,5.5,$43.7,3.6,89,-4.91,-103.96,99.04,-54.21,-5.65,0.96,1.76,133,-7.28,2.17,0.55,91.8,0.156,83.2,0.055,87.2,0.105,77.6,0.111,83.1,0.021,83.9,0.003,76.7,0.003,,-16.4,-44.3,-0.4,-1.5,-13.9,-7.7,1.2,-0.13,-1.24,-0.03,-0.06,-0.54,-1.6,1.71,0.296,0.6629999999999999,0.462,0.652,0.87,0.794,0.4529999999999999,0.608,0.095,-9.5,0.336,,0.0559999999999999,0.022,0.0,0.212,0.151,0.083,0.0289999999999999,0.0,0.108,,0.003,,92.1,,87.8,84.3,87.5,91.2,83.2,76.9,80.7,65.6,83.0,,76.4,-1.6,,2.2,-5.0,-5.0,-1.6,2.8,4.3,5.1,0.9,-0.9,,-0.8,9.3,,5.2,3.2,3.3,5.8,1.1,-5.4,-6.2,0.1,4.6,,1.6,1.6,,-9.4,-5.4,-0.4,-31.6,-48.3,-1.6,-1.7,1.4,-10.9,,-0.7,0.02,,-0.73,-1.09,-5.85,-0.65,-1.39,-0.09,-0.25,141.39,-0.44,,-0.92,0.273,0.636,0.462,0.614,0.8640000000000001,0.7929999999999999,0.52,23.1,-62.7,-2.4,-10.9,22 - 36,-87.8,22.3,-8.9,0.386,0.352,0.261,0.1889999999999999,0.52,0.292,0.292,0.096,0.002,0.1009999999999999,0.3329999999999999,0.066,0.031,0.004,,0.195,0.145,0.0,83.6,73.1,78.4,93.1,88.0,84.3,77.3,,91.5,83.8,0.0,-0.6,8.9,4.9,-0.9,2.4,-4.8,-0.9,,-2.7,3.1,0.0,3.2,-9.4,-7.5,8.2,3.9,1.6,0.6,,4.5,-0.4,0.0,-16.8,-1.3,-0.1,-9.9,-8.3,-4.4,0.9,,-18.3,-40.6,0.5,-0.76,-2.59,0.0,-0.13,-0.55,-0.61,1.17,,-0.41,-1.22,12.48,0.273,0.636,0.462,0.614,0.8640000000000001,0.7929999999999999,0.52,23.1,-19.4,95,92,92,94,93,89,94,1.03,97,102,82,94,103,105,101,104,93,87.8,12.7,258,0.059,115.9,1448,0.3289999999999999,4402,0.175,0.27,0.252,0.413,0.314,4.4,0.765685019206146,0.4140888208269526,0.8098638326137496,3.008110856591312,0.3765432098765432,0.2037037037037037
29,2016,SDP,27,2355,5419,6000,1275,815,257,26,177,686,654,449,30,1500,58,36,36,93,125,45,0.235,1765,1340,803,132,23518,8465,15053,97,82,18,0.075,0.25,0.3,0.299,0.39,0.689,0.155,0.291,1.32,0.205,0.452,0.3429999999999999,0.099,0.132,0.055,0.22,0.297,-106.8,600,-117.1,-35.2,181.0,32.3,79.6,8.1,$65.2,5.0,84,-7.58,-108.75,101.17,-10.8,-1.15,1.0,1.2,243,-5.43,-2.14,0.5820000000000001,92.3,0.151,84.5,0.054,87.8,0.108,77.8,0.09,83.3,0.012,84.3,0.003,77.5,0.005,,-43.1,-39.6,-8.9,-10.4,-0.2,6.8,2.3,-0.32,-1.12,-0.7,-0.42,-0.01,2.35,2.93,0.308,0.6659999999999999,0.467,0.619,0.843,0.7609999999999999,0.444,0.609,0.111,9.0,0.38,,0.06,0.012,0.0,0.1939999999999999,0.149,0.089,0.024,0.0,0.088,,0.003,,92.6,,87.9,84.1,80.4,91.6,84.7,77.2,80.0,63.1,83.3,,76.8,-1.5,,1.5,-3.3,-5.0,-2.2,2.5,3.9,3.0,-1.8,-1.7,,-1.6,9.0,,5.4,3.5,-2.3,5.6,1.7,-5.5,-5.9,1.6,4.2,,2.5,-29.6,,-13.7,3.5,0.7,-23.5,-43.7,-10.7,-0.8,0.0,4.1,,1.4,-0.33,,-0.97,1.25,7.45,-0.52,-1.26,-0.51,-0.14,2.41,0.2,,1.75,0.284,0.635,0.467,0.573,0.8370000000000001,0.76,0.521,23.0,-2.9,3.7,16.6,21 - 39,-108.0,9.6,4.5,0.396,0.348,0.256,0.1889999999999999,0.506,0.305,0.354,0.085,0.0,0.103,0.368,0.059,0.015,0.004,,0.195,0.149,,84.0,67.9,78.3,93.4,88.8,84.9,77.9,,92.3,85.0,,-2.0,10.0,3.9,-0.8,1.5,-3.2,-1.3,,-3.0,3.0,,2.9,-11.9,-7.5,8.0,4.2,1.3,1.0,,4.4,0.0,,-6.1,0.1,-16.7,-24.2,-0.4,7.2,2.3,,-23.7,-51.6,,-0.31,2.54,-0.69,-0.28,-0.03,2.11,2.7,,-0.52,-1.48,,0.283,0.636,0.467,0.574,0.8370000000000001,0.76,0.521,23.0,7.6,90,87,122,91,92,94,95,0.97,101,101,103,102,99,99,104,102,95,87.4,11.7,218,0.055,113.2,1288,0.3229999999999999,3993,0.171,0.282,0.232,0.375,0.293,9.9,0.7320594479830148,0.4128279883381924,0.75,3.2941567123728865,0.4012345679012346,0.2037037037037037
26,2016,PHI,27,2348,5434,5992,1306,879,231,35,161,610,575,424,33,1376,58,30,46,111,96,45,0.24,1886,1317,819,140,22887,8089,14798,134,111,28,0.071,0.23,0.31,0.301,0.385,0.685,0.144,0.292,1.43,0.204,0.469,0.327,0.106,0.122,0.071,0.252,0.296,-111.5,594,-138.4,-16.1,180.8,32.8,71.9,7.4,$58.8,4.6,81,-8.49,-105.22,96.73,-108.96,-11.2,0.96,1.15,259,-10.51,1.68,0.595,92.6,0.149,84.7,0.039,88.2,0.099,78.2,0.107,83.8,0.006,83.9,0.004,75.7,0.006,,-31.4,-24.7,-11.3,-20.5,-14.7,3.6,-0.7,-0.23,-0.73,-1.26,-0.91,-0.6,2.45,-0.73,0.325,0.6890000000000001,0.487,0.62,0.8540000000000001,0.767,0.446,0.607,0.113,3.1,0.355,,0.046,0.004,0.001,0.238,0.144,0.075,0.026,0.0,0.107,,0.004,,93.0,,87.6,83.1,81.2,92.2,84.8,77.8,79.6,65.1,83.8,,75.7,-2.4,,0.7,-4.5,-8.0,-5.5,1.1,2.4,2.8,-5.7,-3.2,,-1.5,9.3,,5.2,2.4,-0.4,6.0,1.5,-4.9,-6.6,1.0,4.7,,1.3,-13.3,,-8.5,2.1,0.1,-28.7,-29.1,-17.8,-6.7,0.0,-21.0,,0.6,-0.16,,-0.8,2.23,0.58,-0.53,-0.89,-1.04,-1.14,0.89,-0.86,,0.68,0.312,0.662,0.487,0.585,0.853,0.767,0.5,22.9,16.8,-2.2,3.0,22 - 37,-135.2,9.5,0.1,0.379,0.37,0.252,0.209,0.506,0.285,0.327,0.105,0.0,0.0969999999999999,0.363,0.052,0.0069999999999999,0.004,,0.205,0.145,0.0,84.6,71.5,78.8,93.8,89.2,84.4,76.1,,92.8,85.3,41.5,-3.3,10.8,2.8,-2.2,0.7,-4.3,-1.3,,-5.2,1.6,3.3,3.2,-12.2,-7.3,8.1,4.4,-0.2,-0.7,,4.4,0.0,-2.1,-16.6,0.5,-24.0,-8.5,-5.6,1.7,0.7,,-38.6,-37.3,1.3,-0.7,8.16,-1.09,-0.1,-0.48,1.15,0.77,,-0.83,-1.13,66.74,0.312,0.662,0.487,0.584,0.853,0.767,0.499,22.9,-11.3,92,82,112,91,90,88,96,0.96,105,96,96,97,105,98,115,102,89,88.3,10.1,208,0.05,113.6,1404,0.34,4134,0.155,0.268,0.234,0.369,0.291,7.1,0.7367972742759795,0.42229508196721316,0.7703604806408545,2.552658363150711,0.3148148148148148,0.20987654320987653
21,2017,HOU,28,2313,5611,6271,1581,977,346,20,238,896,854,509,27,1087,70,61,11,139,98,42,0.282,1992,1675,888,185,23749,8854,14895,157,40,20,0.081,0.173,0.47,0.346,0.478,0.823,0.196,0.309,1.19,0.195,0.437,0.368,0.11,0.142,0.079,0.5,0.349,146.8,911,163.0,13.1,193.8,-14.3,368.9,36.7,$293.7,4.5,121,14.36,-97.91,112.27,172.26,17.26,0.91,1.37,73,16.26,-0.43,0.531,92.6,0.168,84.4,0.06,88.2,0.113,78.5,0.11,83.9,0.019,83.4,,,0.004,,115.3,13.4,1.0,21.3,4.9,1.7,,0.91,0.34,0.07,0.79,0.19,0.39,,0.292,0.6579999999999999,0.4529999999999999,0.684,0.885,0.812,0.439,0.601,0.085,-0.4,0.298,,0.055,0.02,0.0,0.236,0.1669999999999999,0.088,0.032,0.0,0.102,0.0,,,93.1,,88.0,84.5,87.7,92.1,84.5,78.6,79.3,70.7,83.8,80.2,,-2.6,,0.2,-3.9,-7.6,-4.7,0.6,2.5,0.9,5.7,-3.3,9.7,,9.7,,4.5,4.3,5.7,6.1,1.5,-4.8,-6.6,-6.6,4.4,9.1,,44.1,,4.1,7.1,0.7,55.4,10.7,18.2,-2.7,-0.6,-5.1,0.1,,0.63,,0.31,1.5,11.23,0.99,0.27,0.87,-0.36,-11.59,-0.21,2.29,,0.262,0.653,0.4529999999999999,0.654,0.878,0.812,0.489,23.1,-1.1,-2.0,3.2,21 - 40,162.6,13.6,-1.6,0.4039999999999999,0.348,0.247,0.178,0.499,0.3229999999999999,0.292,0.102,0.002,0.11,0.3379999999999999,0.061,0.025,,,0.187,0.165,,83.9,73.4,78.7,93.1,88.6,84.1,,,92.1,84.6,,-1.5,9.8,3.5,-1.4,1.3,-2.5,,,-4.1,2.2,,3.2,-9.5,-7.0,8.2,3.6,1.9,,,4.7,-0.1,,-3.5,-0.5,20.8,56.6,11.4,9.1,,,49.4,1.5,,-0.14,-0.89,0.79,0.7,0.79,1.55,,,1.11,0.04,,0.26,0.644,0.4529999999999999,0.654,0.875,0.812,0.504,23.1,11.9,110,96,81,106,111,113,104,0.96,101,101,103,100,101,100,96,101,100,88.0,12.3,273,0.059,114.6,1622,0.352,4605,0.173,0.257,0.267,0.443,0.335,37.2,0.9035884133160398,0.425,0.8266624142879924,3.7848551413588427,0.5555555555555556,0.12345679012345678
5,2017,CLE,28,2367,5511,6234,1449,875,333,29,212,818,780,604,30,1153,50,45,23,125,88,23,0.263,1876,1607,885,151,24759,9457,15302,124,57,20,0.0969999999999999,0.185,0.52,0.339,0.449,0.788,0.186,0.295,1.17,0.203,0.429,0.368,0.094,0.132,0.066,0.351,0.336,79.0,839,37.8,46.6,192.7,-15.2,283.9,28.3,$226.1,4.7,105,-0.76,-102.82,102.06,53.34,5.27,0.92,1.25,93,6.69,-7.52,0.551,92.5,0.159,84.5,0.047,88.2,0.109,78.0,0.121,83.7,0.013,83.4,,,0.004,,64.8,10.7,-6.8,4.7,13.8,-4.4,,0.47,0.27,-0.58,0.18,0.46,-1.39,,0.268,0.6659999999999999,0.4479999999999999,0.664,0.868,0.8009999999999999,0.4539999999999999,0.581,0.089,8.6,0.3339999999999999,,0.046,0.017,,0.217,0.16,0.08,0.031,0.0,0.115,0.0,,,93.0,,88.5,83.5,,91.8,84.5,78.0,78.6,70.0,83.7,79.4,,-1.7,,0.3,-4.2,,-2.4,0.5,1.3,0.3,5.8,-1.0,8.3,,10.1,,5.9,4.1,,6.7,2.2,-3.4,-4.6,-6.0,5.8,5.3,,25.1,,-16.6,-2.3,,24.7,18.3,9.8,-5.5,-0.9,13.2,0.1,,0.3,,-1.45,-0.56,,0.46,0.46,0.49,-0.72,-8.94,0.47,3.97,,0.236,0.649,0.4479999999999999,0.617,0.8640000000000001,0.8009999999999999,0.515,22.3,31.4,4.1,3.4,21 - 36,46.4,13.5,3.6,0.423,0.346,0.231,0.173,0.502,0.325,0.316,0.115,0.001,0.106,0.346,0.052,0.018,,,0.195,0.158,0.0,83.9,72.5,78.4,93.1,88.6,83.7,,,91.7,84.6,29.5,-0.1,8.7,2.2,-0.7,1.2,-3.2,,,-2.2,1.4,1.0,3.7,-9.1,-6.4,8.3,4.2,1.5,,,4.7,-0.1,0.9,17.6,-0.8,10.2,31.8,-9.9,-7.5,,,23.2,5.6,-0.3,0.62,-2.59,0.39,0.37,-0.77,-1.65,,,0.48,0.14,-11.48,0.238,0.645,0.449,0.62,0.863,0.8009999999999999,0.517,22.3,13.1,103,115,87,104,105,107,99,1.0,99,101,96,104,100,93,93,102,101,88.1,12.6,281,0.063,114.6,1589,0.359,4427,0.1669999999999999,0.257,0.261,0.439,0.336,28.9,0.8673426277989016,0.4146699266503668,0.8150465190888675,3.4601591697417424,0.48148148148148145,0.16049382716049382
9,2017,NYY,27,2294,5594,6354,1463,933,266,23,241,858,821,616,22,1386,64,56,18,119,90,22,0.262,1815,1560,865,164,25306,9614,15692,148,41,15,0.0969999999999999,0.218,0.44,0.339,0.447,0.785,0.185,0.304,1.16,0.204,0.428,0.368,0.105,0.154,0.0819999999999999,0.366,0.336,78.6,853,71.3,19.1,196.4,-15.4,292.7,29.1,$233.1,4.5,109,3.68,-108.54,112.22,99.74,9.86,0.97,1.15,112,10.83,-7.05,0.55,93.0,0.172,84.2,0.059,88.4,0.1,79.4,0.107,83.8,0.012,84.2,,,0.003,,59.8,-12.1,14.1,8.8,37.9,-2.4,,0.43,-0.28,0.94,0.35,1.4,-0.75,,0.283,0.667,0.452,0.605,0.847,0.762,0.44,0.588,0.108,7.6,0.3429999999999999,,0.051,0.019,,0.211,0.166,0.075,0.034,0.0,0.1009999999999999,,,,93.2,,88.1,83.9,,92.4,84.2,79.1,80.6,68.9,83.7,,,-3.0,,0.1,-5.7,,-4.4,0.5,2.0,0.7,6.1,-3.5,,,10.5,,5.6,5.7,,6.7,2.2,-3.3,-5.7,-8.3,5.6,,,37.1,,3.5,-2.0,,6.8,-4.8,2.6,-3.4,0.3,34.3,,,0.43,,0.27,-0.42,,0.13,-0.11,0.14,-0.39,13.13,1.35,,,0.258,0.653,0.452,0.555,0.847,0.762,0.492,23.4,3.7,4.7,0.7,22 - 37,78.9,13.8,5.7,0.414,0.336,0.25,0.2,0.498,0.302,0.353,0.098,0.001,0.1,0.357,0.0559999999999999,0.02,,,0.187,0.172,0.0,83.8,71.3,79.5,93.4,88.6,83.7,,,92.1,84.3,0.0,-1.8,3.5,3.0,-1.9,1.2,-5.0,,,-3.6,2.0,0.0,3.4,-8.2,-7.1,8.5,3.9,2.6,,,4.7,-0.2,0.0,35.5,3.9,3.7,28.6,6.6,0.7,,,17.1,-7.8,0.1,1.42,19.26,0.14,0.32,0.47,0.14,,,0.36,-0.18,3.29,0.259,0.653,0.452,0.56,0.845,0.762,0.491,23.4,0.5,102,115,102,104,104,107,102,1.01,99,101,112,102,97,101,108,101,93,87.6,12.6,310,0.072,121.1,1445,0.337,4288,0.166,0.2739999999999999,0.254,0.433,0.333,28.8,0.9062772449869224,0.4494172494172494,0.7818696883852692,3.4978056810621516,0.5370370370370371,0.13580246913580246
19,2017,COL,28,2374,5534,6201,1510,987,293,38,192,824,793,519,46,1408,44,41,62,143,59,34,0.273,1901,1362,871,105,23940,8541,15399,118,95,16,0.084,0.2269999999999999,0.37,0.338,0.444,0.781,0.171,0.332,1.4,0.211,0.46,0.3289999999999999,0.077,0.141,0.062,0.168,0.332,53.7,809,-99.4,4.1,191.7,39.0,149.2,14.8,$118.8,4.4,88,-5.97,-101.86,95.89,-18.2,-2.15,0.89,0.95,259,-4.51,-2.22,0.584,92.9,0.1639999999999999,84.4,0.057,88.6,0.104,78.6,0.0819999999999999,84.1,0.009,84.7,,,0.0069999999999999,,53.4,-28.5,-5.8,4.9,21.3,-3.9,,0.38,-0.73,-0.42,0.2,1.09,-1.8,,0.306,0.664,0.472,0.612,0.853,0.769,0.4629999999999999,0.602,0.109,-7.6,0.3989999999999999,,0.067,0.011,0.0,0.175,0.1669999999999999,0.068,0.036,0.0,0.076,,,,93.2,,88.6,85.3,87.0,92.3,84.3,77.4,80.8,67.6,84.0,,,-1.4,,1.4,-2.6,-6.1,-3.3,1.3,2.3,2.5,7.0,-1.4,,,9.2,,5.6,4.7,6.8,6.1,2.6,-3.0,-3.4,-7.2,5.4,,,32.8,,-19.2,-5.0,0.2,4.3,-22.6,5.3,-4.5,0.1,22.4,,,0.34,,-1.2,-1.9,1.61,0.1,-0.57,0.33,-0.52,4.05,1.23,,,0.281,0.647,0.472,0.5760000000000001,0.845,0.768,0.522,23.2,43.1,-6.4,5.8,22 - 38,-107.0,21.4,-5.8,0.362,0.362,0.276,0.192,0.492,0.317,0.342,0.076,0.0,0.098,0.392,0.0579999999999999,0.013,,,0.177,0.171,0.0,84.1,67.7,78.4,93.4,89.5,85.6,,,92.4,84.7,0.0,-1.5,8.0,2.3,-1.4,0.8,-3.2,,,-3.5,1.5,0.0,3.3,-8.5,-5.8,7.7,4.0,2.2,,,4.3,0.5,0.0,25.4,0.1,8.0,34.8,-11.6,-4.7,,,6.6,-32.9,0.2,1.38,4.05,0.34,0.37,-0.83,-1.47,,,0.15,-0.8,5.44,0.278,0.645,0.472,0.5720000000000001,0.843,0.768,0.529,23.2,-9.6,104,93,108,101,101,97,109,1.03,104,94,102,91,103,109,103,100,99,86.8,10.0,216,0.051,117.1,1356,0.321,4230,0.1669999999999999,0.276,0.244,0.391,0.305,14.2,0.854675652906487,0.3728155339805826,0.7729398484115465,3.6156922684981034,0.48148148148148145,0.11728395061728394
17,2017,CHC,28,2420,5496,6283,1402,876,274,29,223,822,785,622,54,1401,82,32,48,134,62,31,0.255,1864,1429,803,130,24352,8863,15489,127,79,19,0.099,0.223,0.44,0.338,0.437,0.775,0.182,0.302,1.3,0.196,0.455,0.349,0.091,0.156,0.068,0.241,0.331,50.4,816,11.6,6.9,194.2,40.6,271.7,27.0,$216.3,4.2,101,2.15,-107.54,109.69,72.32,7.18,0.98,1.23,294,7.7,-5.5,0.564,93.3,0.153,84.8,0.055,88.8,0.1009999999999999,78.5,0.105,84.8,0.015,84.5,0.0069999999999999,75.8,0.008,,57.4,-14.9,-8.1,-0.2,7.2,8.0,5.3,0.42,-0.4,-0.6,-0.01,0.28,2.17,3.18,0.313,0.669,0.471,0.617,0.845,0.7609999999999999,0.445,0.605,0.113,-3.2,0.356,,0.049,0.019,0.0,0.213,0.152,0.074,0.0279999999999999,0.0,0.102,,0.0069999999999999,,93.6,,88.7,84.9,88.2,92.8,84.9,77.1,81.4,68.2,84.8,,76.2,-2.6,,0.2,-3.4,-6.8,-5.4,0.4,2.1,1.7,7.1,-3.5,,-1.1,10.0,,5.9,4.2,7.6,6.6,2.2,-3.6,-4.3,-9.2,5.6,,1.1,28.3,,-11.3,4.1,1.6,10.2,-27.9,6.7,-0.5,0.0,8.4,,4.0,0.33,,-0.95,0.9,17.71,0.2,-0.76,0.37,-0.08,1.21,0.34,,2.46,0.267,0.662,0.472,0.565,0.8340000000000001,0.76,0.518,22.5,47.5,-4.6,0.3,22 - 42,8.4,21.7,-2.5,0.419,0.3429999999999999,0.238,0.185,0.503,0.312,0.357,0.099,0.0,0.1,0.361,0.0579999999999999,0.017,0.0069999999999999,,0.191,0.153,,85.1,68.7,78.9,93.9,89.7,85.5,76.2,,93.0,85.3,,-2.7,11.4,3.3,-1.8,0.6,-2.6,0.2,,-4.6,1.5,,3.2,-11.9,-6.6,8.0,4.3,1.7,-0.8,,4.4,0.0,,0.2,0.0,2.2,29.6,-6.3,10.5,3.7,,16.6,-24.8,,0.01,1.21,0.09,0.33,-0.44,2.45,2.24,,0.36,-0.66,,0.267,0.659,0.472,0.563,0.833,0.76,0.522,22.5,-10.5,98,110,106,101,100,104,99,0.95,103,99,113,106,98,94,100,102,97,87.4,12.0,300,0.072,116.1,1419,0.34,4178,0.161,0.2739999999999999,0.247,0.424,0.327,26.6,0.8363636363636363,0.43406326034063264,0.7770173484004457,3.857002272314659,0.4876543209876543,0.1728395061728395
24,2017,WSN,29,2322,5553,6214,1477,920,311,31,215,819,796,542,56,1327,31,45,43,116,108,30,0.266,1861,1519,859,135,24299,8904,15395,137,75,12,0.087,0.214,0.41,0.332,0.449,0.782,0.183,0.311,1.23,0.203,0.439,0.358,0.089,0.142,0.074,0.16,0.331,47.8,805,-9.5,-23.7,192.1,42.1,232.6,23.2,$185.2,4.9,99,3.98,-102.89,106.87,79.17,7.45,0.94,1.17,241,4.75,-0.53,0.564,93.0,0.142,84.6,0.055,88.0,0.099,78.6,0.108,84.4,0.018,85.0,0.015,77.6,0.008,,45.3,10.3,2.1,-8.4,-1.4,4.0,1.4,0.33,0.3,0.16,-0.35,-0.05,0.93,0.38,0.288,0.6579999999999999,0.4579999999999999,0.634,0.86,0.784,0.461,0.5870000000000001,0.099,10.2,0.381,,0.055,0.019,0.001,0.185,0.14,0.074,0.0279999999999999,0.001,0.1009999999999999,,0.0139999999999999,,93.3,,87.8,85.2,87.6,92.2,84.8,77.9,80.4,66.2,84.4,,77.7,-2.4,,0.7,-4.4,-7.2,-6.3,1.4,2.2,4.8,-0.3,-2.6,,-1.3,10.2,,6.1,4.7,7.8,6.5,2.6,-3.7,-3.8,1.3,5.7,,2.4,19.7,,-13.9,4.6,0.7,19.1,14.0,-1.6,-11.1,-1.1,-6.3,,3.1,0.21,,-1.05,1.03,2.1,0.43,0.41,-0.09,-1.62,-7.85,-0.26,,0.9,0.264,0.638,0.4579999999999999,0.609,0.8490000000000001,0.7829999999999999,0.52,22.7,18.5,5.3,4.1,20 - 38,0.7,21.4,2.5,0.391,0.347,0.261,0.178,0.508,0.314,0.335,0.102,0.0,0.098,0.356,0.052,0.021,0.013,,0.195,0.14,0.0,84.7,73.4,79.0,93.8,88.2,85.5,77.9,,92.2,85.0,0.0,-2.3,7.2,3.4,-2.0,0.9,-4.5,0.0,,-5.6,2.1,0.0,3.0,-8.4,-6.9,8.1,4.0,1.7,-0.2,,4.4,-0.1,0.0,-2.8,-0.2,-6.5,14.3,-3.1,2.3,2.0,,26.6,0.7,0.1,-0.11,-1.99,-0.27,0.16,-0.24,0.43,0.62,,0.56,0.02,0.81,0.255,0.643,0.4579999999999999,0.596,0.85,0.7829999999999999,0.524,22.7,-8.8,102,97,102,100,103,104,102,0.99,99,102,103,99,99,103,96,103,98,88.1,11.6,281,0.065,118.3,1570,0.364,4314,0.172,0.271,0.256,0.433,0.325,22.9,0.8695090439276486,0.42002442002442003,0.7864499517219182,3.820913357037499,0.4382716049382716,0.12345679012345678
22,2017,LAD,29,2464,5408,6191,1347,794,312,20,221,770,730,649,41,1380,64,38,31,119,77,28,0.249,1732,1492,810,120,24348,9349,14999,104,63,11,0.105,0.223,0.47,0.334,0.437,0.771,0.188,0.293,1.16,0.201,0.429,0.37,0.08,0.148,0.06,0.175,0.33,42.2,797,34.8,15.1,191.4,37.6,299.1,29.8,$238.2,4.1,104,8.09,-102.62,110.71,59.87,6.9,0.97,1.2,342,7.95,0.4,0.579,93.0,0.155,84.4,0.059,88.3,0.098,79.0,0.1,84.7,0.009,85.1,,,0.006,,6.6,-6.7,4.1,15.4,19.6,-2.4,,0.05,-0.18,0.28,0.64,0.81,-1.02,,0.262,0.652,0.437,0.615,0.851,0.773,0.449,0.591,0.099,-1.1,0.408,,0.059,0.012,0.0,0.175,0.155,0.068,0.0289999999999999,0.0,0.094,,,,93.4,,88.3,85.8,87.8,92.3,84.4,77.9,81.1,59.1,84.5,,,-1.3,,1.2,-2.3,-6.6,-2.6,2.1,3.4,3.6,3.9,-1.2,,,10.4,,6.2,4.2,6.3,6.4,2.9,-3.0,-3.6,2.1,5.9,,,14.4,,-14.4,-3.5,-0.4,-11.1,1.8,19.5,-2.7,0.0,17.7,,,0.15,,-1.01,-1.22,-7.87,-0.26,0.05,1.2,-0.38,-0.58,0.78,,,0.221,0.644,0.437,0.561,0.843,0.773,0.511,22.6,52.7,-0.2,4.0,20 - 38,33.7,21.3,2.0,0.401,0.3429999999999999,0.256,0.163,0.483,0.355,0.363,0.092,0.0,0.099,0.367,0.0579999999999999,0.0139999999999999,,,0.2,0.152,0.0,84.6,73.1,79.1,93.5,88.4,85.8,,,92.5,84.6,0.0,-1.8,6.0,3.2,-0.9,0.7,-3.3,,,-3.5,2.2,0.0,2.8,-9.4,-6.6,8.0,3.6,1.3,,,4.3,-0.1,0.0,16.2,0.0,13.7,5.8,-0.4,-3.2,,,-2.2,-3.0,0.1,0.72,-0.23,0.57,0.06,-0.03,-0.91,,,-0.04,-0.08,1.64,0.221,0.637,0.437,0.5529999999999999,0.8440000000000001,0.773,0.52,22.6,25.9,95,117,106,100,100,107,96,0.98,97,105,107,101,98,101,88,98,110,88.3,12.2,304,0.074,116.0,1487,0.363,4098,0.175,0.2739999999999999,0.25,0.439,0.333,30.5,0.810064935064935,0.45922077922077925,0.7770957842028752,3.019731649455173,0.5308641975308642,0.1728395061728395
15,2017,ARI,28,2360,5525,6224,1405,832,314,39,220,812,776,578,44,1456,54,27,39,106,103,30,0.254,1844,1403,822,126,24412,8955,15457,119,66,13,0.093,0.2339999999999999,0.4,0.329,0.445,0.774,0.19,0.306,1.31,0.2019999999999999,0.4529999999999999,0.345,0.09,0.157,0.065,0.1969999999999999,0.329,40.1,799,-40.3,-3.2,192.4,40.3,219.0,21.8,$174.4,5.1,95,-0.72,-109.75,109.03,37.38,3.14,0.98,1.33,251,0.04,-0.77,0.5529999999999999,93.1,0.171,84.9,0.055,88.6,0.109,78.5,0.096,84.7,0.011,84.7,0.006,78.1,0.0069999999999999,,62.0,-20.0,3.9,-6.3,7.1,0.8,2.2,0.46,-0.48,0.29,-0.24,0.3,0.31,1.42,0.283,0.655,0.4529999999999999,0.588,0.851,0.762,0.456,0.616,0.108,8.3,0.316,,0.063,0.013,0.0,0.233,0.1639999999999999,0.079,0.03,,0.094,,0.0069999999999999,,93.3,,88.4,85.1,87.7,92.5,84.7,77.4,80.2,,84.5,,77.0,-2.2,,0.3,-4.8,-7.6,-5.3,1.1,1.4,2.3,,-2.8,,-1.3,9.3,,5.4,3.4,3.0,5.9,1.6,-4.7,-4.8,,4.4,,1.6,33.7,,-10.1,1.8,0.1,27.0,-19.0,-7.5,-3.0,,3.8,,0.9,0.44,,-0.66,0.57,4.36,0.48,-0.48,-0.39,-0.42,,0.17,,0.51,0.247,0.6509999999999999,0.4529999999999999,0.55,0.8390000000000001,0.7609999999999999,0.509,22.9,37.2,4.3,3.1,23 - 40,-32.0,21.5,5.0,0.382,0.366,0.252,0.174,0.481,0.345,0.362,0.092,,0.106,0.356,0.064,0.0139999999999999,0.006,,0.186,0.165,0.0,84.6,,78.3,93.5,88.8,85.0,77.5,,92.3,84.8,83.9,-1.7,,2.5,-1.9,0.5,-4.6,1.0,,-4.2,2.2,2.3,3.2,,-6.7,7.9,4.2,1.9,0.6,,4.4,0.1,-2.1,5.0,,-7.7,48.7,-4.6,2.7,2.2,,11.0,-22.8,-0.1,0.22,,-0.29,0.56,-0.29,0.82,1.45,,0.24,-0.56,-6.83,0.247,0.644,0.4529999999999999,0.552,0.836,0.7609999999999999,0.519,22.9,3.5,97,103,111,99,102,108,100,0.98,102,98,114,97,104,99,94,98,107,88.0,10.2,274,0.066,114.8,1478,0.357,4136,0.178,0.286,0.247,0.421,0.321,21.2,0.8402542372881356,0.43349753694581283,0.7660668380462725,3.429842823338598,0.4691358024691358,0.1111111111111111
8,2017,MIN,28,2324,5557,6261,1444,921,286,31,206,815,781,593,26,1342,46,39,26,105,95,28,0.26,1745,1566,890,166,24888,9280,15608,100,79,31,0.095,0.214,0.44,0.334,0.434,0.768,0.174,0.306,1.11,0.212,0.415,0.373,0.106,0.132,0.057,0.392,0.329,41.9,805,25.3,58.1,193.5,-15.2,283.7,28.2,$225.9,4.7,103,4.23,-101.02,105.25,48.53,4.68,0.92,1.31,104,2.29,2.29,0.5529999999999999,92.8,0.153,84.3,0.0559999999999999,88.6,0.115,78.5,0.109,84.1,0.0139999999999999,84.2,,,0.004,,52.9,3.7,7.5,-9.3,-5.2,-0.8,,0.38,0.1,0.54,-0.33,-0.19,-0.21,,0.271,0.648,0.446,0.625,0.8540000000000001,0.779,0.4629999999999999,0.59,0.098,8.3,0.369,,0.053,0.018,,0.181,0.156,0.079,0.038,0.001,0.105,,,,93.2,,88.9,84.5,,92.2,84.4,78.0,79.9,69.2,84.1,,,-2.5,,0.7,-5.6,,-3.2,0.9,2.2,1.6,5.9,-2.2,,,11.1,,6.6,5.1,,7.2,3.4,-2.6,-4.2,-6.1,6.6,,,7.9,,6.8,5.0,,23.2,-8.1,7.4,-14.3,-0.5,-5.1,,,0.09,,0.51,1.15,,0.51,-0.21,0.38,-1.53,-3.08,-0.2,,,0.254,0.626,0.446,0.6,0.847,0.779,0.517,22.9,42.9,3.3,4.6,22 - 44,33.6,13.6,6.5,0.41,0.346,0.243,0.171,0.507,0.322,0.342,0.103,0.001,0.1159999999999999,0.37,0.061,0.019,0.0,,0.174,0.144,0.0,84.2,70.7,78.8,93.2,88.8,84.4,79.4,,92.3,84.4,0.0,-1.5,8.0,2.7,-1.8,1.4,-4.9,3.5,,-2.8,1.7,0.0,3.3,-11.2,-6.7,8.3,4.0,1.8,-11.3,,4.8,0.1,0.0,-4.6,0.0,-7.0,17.3,10.8,0.8,-0.2,,24.5,-8.3,0.1,-0.18,0.07,-0.24,0.19,0.7,0.17,-17.43,,0.57,-0.23,1.94,0.253,0.627,0.446,0.594,0.848,0.779,0.517,22.9,6.4,101,112,101,103,101,100,103,1.04,96,102,96,101,100,98,93,103,100,87.6,13.5,260,0.061,116.2,1432,0.335,4280,0.177,0.275,0.251,0.421,0.323,28.7,0.8765060240963856,0.40441717791411047,0.7856572432518767,3.4468868653015696,0.46296296296296297,0.12345679012345678
28,2017,STL,28,2416,5470,6219,1402,894,284,28,196,761,728,593,36,1348,65,44,47,139,81,31,0.256,1786,1473,865,122,24475,9125,15350,120,89,21,0.095,0.217,0.44,0.334,0.426,0.76,0.17,0.304,1.21,0.21,0.433,0.357,0.083,0.133,0.067,0.236,0.326,20.8,779,6.3,-9.0,192.2,38.1,251.7,25.1,$200.4,4.4,101,-1.47,-107.84,106.37,27.19,2.95,0.97,1.04,291,3.53,-5.05,0.56,92.9,0.17,84.5,0.0579999999999999,89.1,0.103,78.3,0.09,84.0,0.012,84.3,0.0069999999999999,77.1,0.005,,44.8,-13.1,-8.7,-4.6,-0.9,-7.9,0.7,0.33,-0.32,-0.61,-0.18,-0.04,-2.59,0.44,0.28,0.657,0.4529999999999999,0.633,0.8540000000000001,0.78,0.4589999999999999,0.609,0.099,2.7,0.359,,0.062,0.016,0.001,0.2019999999999999,0.157,0.079,0.0289999999999999,0.0,0.088,,0.0069999999999999,,93.2,,88.2,85.2,87.0,92.5,84.7,77.4,80.6,64.7,84.0,,77.8,-2.9,,0.4,-5.4,-7.0,-5.7,0.9,1.6,3.1,2.3,-3.4,,-0.7,9.6,,5.4,4.2,5.5,6.3,2.1,-4.1,-4.8,-1.8,5.5,,2.1,21.2,,-6.4,-6.6,-0.9,7.5,-14.5,-3.4,-3.5,-0.4,-4.6,,2.4,0.24,,-0.43,-1.74,-4.26,0.15,-0.38,-0.18,-0.49,-7.95,-0.21,,1.47,0.238,0.653,0.452,0.5660000000000001,0.852,0.78,0.517,22.3,29.1,-0.8,2.5,21 - 35,9.0,21.4,0.3,0.414,0.3389999999999999,0.247,0.183,0.492,0.324,0.344,0.084,,0.107,0.359,0.0579999999999999,0.016,0.0069999999999999,,0.1889999999999999,0.1639999999999999,0.0,84.2,,78.7,93.5,89.4,85.2,77.9,,92.6,85.1,0.0,-2.4,,3.1,-2.2,0.7,-4.9,0.7,,-4.9,2.0,0.0,3.6,,-6.4,8.0,4.4,2.0,0.2,,4.6,0.2,0.0,-2.5,,-4.8,27.2,1.3,-7.6,0.9,,2.3,-17.3,0.9,-0.12,,-0.18,0.31,0.09,-1.94,0.57,,0.05,-0.43,17.06,0.238,0.645,0.4529999999999999,0.569,0.8490000000000001,0.78,0.527,22.3,2.4,98,106,103,100,97,96,100,1.02,98,101,97,104,97,97,99,100,101,87.3,12.6,286,0.068,113.3,1429,0.3389999999999999,4213,0.17,0.27,0.254,0.431,0.33,25.7,0.8257450331125827,0.4120893561103811,0.783244894677601,3.0280049110391993,0.4567901234567901,0.12962962962962962
18,2017,CIN,27,2321,5484,6213,1390,884,249,38,219,753,715,565,41,1329,72,42,50,116,120,39,0.253,1768,1516,863,142,23922,8707,15215,109,99,17,0.091,0.214,0.43,0.329,0.433,0.761,0.179,0.294,1.17,0.208,0.426,0.366,0.094,0.144,0.062,0.172,0.325,16.7,774,-42.1,7.6,192.0,37.9,219.2,21.8,$174.5,5.0,95,-6.26,-104.06,97.81,0.68,0.02,0.93,0.93,240,-0.8,-5.9,0.5720000000000001,92.8,0.144,84.3,0.06,88.0,0.102,78.0,0.105,84.5,0.01,84.5,0.006,77.1,0.006,,44.9,-25.0,10.7,-5.1,-6.1,-3.4,6.4,0.33,-0.72,0.74,-0.21,-0.24,-1.39,4.38,0.288,0.6709999999999999,0.462,0.6509999999999999,0.863,0.7909999999999999,0.456,0.613,0.0969999999999999,2.3,0.3829999999999999,,0.064,0.015,0.001,0.188,0.1369999999999999,0.081,0.025,0.0,0.1,,0.006,,93.1,,87.8,85.4,88.0,92.2,84.4,77.4,80.8,63.7,84.4,,77.4,-2.8,,0.2,-5.5,-6.8,-5.6,0.5,1.3,3.6,0.9,-3.6,,-1.2,10.5,,6.6,5.2,7.9,6.9,3.0,-3.5,-3.3,2.1,6.1,,2.7,27.3,,10.9,-4.3,1.3,4.6,-35.4,-1.8,-7.7,1.5,-5.7,,3.3,0.3,,0.71,-1.19,8.23,0.1,-1.08,-0.09,-1.29,38.71,-0.24,,2.25,0.255,0.65,0.4629999999999999,0.617,0.852,0.7909999999999999,0.526,22.1,45.6,3.8,-14.0,22 - 40,-39.8,21.4,4.9,0.402,0.349,0.249,0.2019999999999999,0.505,0.294,0.34,0.098,0.0,0.102,0.362,0.057,0.016,0.006,,0.2019999999999999,0.148,0.0,84.7,66.5,78.6,93.5,88.8,85.3,77.9,,92.4,84.7,0.0,-2.5,8.6,3.0,-1.9,0.5,-4.6,0.8,,-4.5,1.7,0.0,3.1,-9.8,-7.2,8.1,4.3,2.2,0.0,,4.5,0.0,0.0,-8.4,0.0,-7.3,24.8,8.2,-5.1,5.9,,16.7,-32.5,-0.1,-0.36,3.02,-0.3,0.29,0.6,-1.35,4.24,,0.34,-0.91,-2.09,0.253,0.65,0.4629999999999999,0.607,0.855,0.7909999999999999,0.529,22.1,-17.1,97,101,102,99,99,102,96,1.01,96,104,105,102,99,98,109,102,91,85.5,12.9,231,0.054,113.0,1165,0.2739999999999999,4247,0.168,0.265,0.246,0.399,0.314,21.5,0.8423093494183541,0.46533864541832676,0.7860936745533559,3.0349357585723533,0.4567901234567901,0.12962962962962962
20,2017,MIA,29,2399,5602,6248,1497,1001,271,31,194,778,743,486,48,1282,67,41,50,119,91,30,0.267,2134,1319,855,126,23905,8473,15432,139,103,22,0.078,0.205,0.38,0.331,0.431,0.761,0.163,0.313,1.62,0.198,0.495,0.306,0.096,0.147,0.065,0.214,0.325,13.4,775,7.6,-4.9,193.1,36.6,255.2,25.4,$203.2,4.6,101,3.07,-101.73,104.8,52.75,5.49,0.93,1.15,271,4.6,-1.31,0.5720000000000001,93.0,0.158,84.9,0.0409999999999999,88.4,0.106,78.6,0.102,84.9,0.0139999999999999,85.1,0.008,77.5,0.008,,1.1,-7.8,-0.8,18.5,3.6,-0.2,0.0,0.01,-0.21,-0.08,0.73,0.15,-0.06,-0.01,0.308,0.649,0.4639999999999999,0.645,0.871,0.79,0.457,0.594,0.098,1.2,0.3779999999999999,,0.045,0.021,,0.1939999999999999,0.156,0.08,0.024,0.0,0.094,,0.009,,93.3,,88.1,85.2,,92.6,85.0,77.8,80.4,66.4,85.0,,77.6,-2.7,,0.9,-2.2,,-4.4,1.1,1.8,4.5,0.1,-3.7,,-1.1,10.0,,5.4,5.1,,6.7,2.4,-4.4,-4.5,-0.2,5.2,,1.5,-2.0,,-7.7,-2.4,,-13.8,-4.8,8.8,9.7,-0.8,7.1,,-0.1,-0.02,,-0.72,-0.47,,-0.3,-0.13,0.46,1.73,-8.38,0.32,,-0.04,0.2689999999999999,0.643,0.4639999999999999,0.595,0.8640000000000001,0.79,0.522,22.1,31.7,1.7,-3.0,24 - 43,8.8,21.5,2.7,0.373,0.359,0.268,0.21,0.496,0.294,0.314,0.095,0.0,0.103,0.366,0.044,0.019,0.008,,0.198,0.155,0.0,85.2,67.6,78.8,93.8,89.0,85.4,77.6,,92.6,85.3,0.0,-3.1,5.8,2.9,-2.3,1.1,-2.5,0.5,,-3.8,1.7,0.0,3.0,-9.8,-7.1,8.1,4.0,2.0,-0.5,,4.7,0.1,0.0,7.0,-0.4,13.6,15.0,-0.4,-2.7,0.3,,-20.3,-8.7,-0.2,0.31,-7.44,0.55,0.17,-0.03,-0.59,0.16,,-0.43,-0.23,-2.52,0.266,0.6409999999999999,0.4639999999999999,0.593,0.862,0.79,0.528,22.1,2.2,102,86,98,99,98,93,102,0.97,112,87,107,94,102,106,113,101,91,87.0,8.3,258,0.0579999999999999,122.2,1404,0.318,4413,0.175,0.273,0.255,0.412,0.317,25.6,0.826594414339308,0.3989717223650386,0.7948143405889885,3.3784841802477534,0.4691358024691358,0.14814814814814814
10,2017,OAK,28,2350,5464,6126,1344,790,305,15,234,739,708,565,15,1491,43,40,13,129,57,22,0.246,1524,1643,830,152,24523,9156,15367,92,29,8,0.092,0.243,0.38,0.319,0.436,0.755,0.19,0.294,0.93,0.208,0.381,0.411,0.093,0.142,0.06,0.276,0.323,8.9,755,25.4,-32.4,189.3,-14.4,170.8,17.0,$136.0,3.8,103,5.11,-106.72,111.83,5.74,0.79,0.97,1.34,124,3.11,2.15,0.536,92.5,0.17,84.0,0.057,88.6,0.109,78.3,0.102,83.5,0.023,83.8,0.003,77.2,0.002,,28.5,-17.2,-4.1,-9.9,5.4,-2.5,-0.3,0.22,-0.41,-0.3,-0.37,0.22,-0.45,-0.31,0.285,0.684,0.462,0.602,0.8370000000000001,0.7559999999999999,0.4429999999999999,0.5920000000000001,0.113,-10.3,0.3339999999999999,,0.057,0.024,,0.206,0.162,0.086,0.03,0.0,0.0969999999999999,0.0,0.003,,92.9,,88.2,84.0,,91.8,84.1,78.0,80.2,63.9,83.7,79.4,77.1,-2.7,,0.5,-5.1,,-3.6,1.0,2.8,2.0,4.6,-2.9,10.1,-1.4,9.9,,5.3,3.1,,6.3,1.8,-4.4,-5.6,-5.5,5.0,10.2,1.2,31.5,,-8.3,1.1,,-16.2,-16.9,-14.0,-0.4,0.1,3.2,0.1,-0.7,0.39,,-0.59,0.19,,-0.32,-0.43,-0.67,-0.06,1.2,0.14,5.07,-0.8,0.245,0.667,0.462,0.546,0.83,0.757,0.514,22.7,-46.9,-1.4,-3.7,21 - 36,15.1,13.3,-0.4,0.392,0.356,0.251,0.168,0.508,0.324,0.374,0.095,0.002,0.107,0.34,0.066,0.027,0.003,,0.193,0.161,0.0,83.9,71.3,78.6,93.1,88.4,83.7,77.5,,91.9,84.3,21.8,-1.8,6.8,3.4,-1.9,1.4,-4.2,-0.4,,-3.1,2.3,-2.6,3.2,-9.5,-7.1,8.4,4.1,1.0,-1.0,,4.6,-0.2,0.7,5.8,-1.5,-6.3,12.1,-10.5,-4.0,-0.4,,5.7,-13.9,-0.3,0.25,-3.83,-0.24,0.14,-0.65,-0.61,-0.47,,0.12,-0.35,-6.88,0.244,0.659,0.462,0.547,0.828,0.757,0.524,22.7,0.2,96,110,114,98,101,109,99,1.02,88,113,104,97,103,101,91,103,100,88.5,15.3,315,0.078,113.5,1493,0.371,4027,0.163,0.276,0.246,0.441,0.328,17.2,0.8123404255319149,0.5066305818673884,0.7566111655239961,2.7616300839909056,0.46296296296296297,0.1419753086419753
25,2017,NYM,28,2396,5510,6169,1379,841,286,28,224,735,713,529,31,1291,57,37,36,118,58,23,0.25,1699,1671,854,173,24000,8652,15348,113,68,11,0.086,0.209,0.41,0.32,0.434,0.755,0.184,0.286,1.02,0.2019999999999999,0.402,0.396,0.104,0.134,0.067,0.162,0.322,1.4,753,4.1,-35.0,190.7,37.4,205.9,20.5,$163.9,4.0,101,-1.21,-101.58,100.37,24.36,2.61,0.92,1.0,245,5.52,-6.83,0.561,92.8,0.158,84.1,0.05,88.0,0.109,77.8,0.098,84.4,0.0139999999999999,84.1,0.011,76.4,0.005,,18.9,-20.6,-1.9,10.2,-3.5,-1.9,-0.2,0.14,-0.54,-0.16,0.39,-0.15,-0.58,-0.09,0.301,0.6579999999999999,0.4629999999999999,0.643,0.862,0.785,0.455,0.608,0.1,-12.5,0.3279999999999999,,0.052,0.019,0.002,0.231,0.156,0.081,0.026,0.001,0.093,,0.011,,93.1,,88.0,84.9,87.5,92.3,84.1,76.9,80.5,64.3,84.5,,76.7,-2.3,,0.1,-4.7,-8.1,-6.3,0.4,1.3,3.1,0.4,-4.2,,-2.1,9.6,,5.2,3.5,6.5,6.3,1.6,-5.0,-5.1,-0.3,4.8,,1.8,-10.9,,-5.0,-1.8,0.0,16.3,-17.2,0.8,4.1,0.4,-8.8,,-1.7,-0.14,,-0.4,-0.4,-0.07,0.29,-0.46,0.04,0.65,2.87,-0.39,,-0.66,0.261,0.6509999999999999,0.4629999999999999,0.603,0.852,0.785,0.519,22.0,2.4,-1.7,-10.4,21 - 36,-8.4,21.3,0.8,0.4029999999999999,0.356,0.241,0.186,0.478,0.335,0.331,0.092,0.0,0.107,0.359,0.052,0.017,0.01,,0.192,0.158,0.0,84.8,68.3,78.4,93.7,88.7,85.0,77.1,,92.4,84.7,0.0,-2.8,7.6,3.2,-1.6,1.0,-3.3,0.2,,-4.8,1.9,0.0,2.9,-7.7,-7.0,7.9,3.8,1.6,0.0,,4.4,-0.1,0.0,-5.1,0.5,4.5,-6.7,-7.5,-2.4,-0.4,,12.2,-12.4,0.0,-0.23,4.8,0.17,-0.08,-0.6,-0.57,-0.16,,0.26,-0.32,0.57,0.256,0.65,0.4629999999999999,0.594,0.853,0.785,0.526,22.0,2.3,96,95,100,96,99,105,94,0.98,91,112,97,102,102,95,100,97,104,87.1,14.0,262,0.061,115.2,1436,0.335,4292,0.173,0.273,0.245,0.415,0.316,20.4,0.7963272120200334,0.4876190476190477,0.7907278327119468,2.8981443814555896,0.4506172839506173,0.13580246913580246
13,2017,TEX,28,2268,5430,6122,1326,813,255,21,237,799,756,544,18,1493,81,39,27,110,113,44,0.244,1723,1455,763,162,24289,8966,15323,109,61,24,0.089,0.244,0.36,0.32,0.43,0.75,0.186,0.291,1.18,0.1939999999999999,0.437,0.369,0.111,0.163,0.063,0.3929999999999999,0.321,1.1,747,-76.4,-9.5,189.2,-14.4,101.8,10.1,$81.0,4.6,90,-0.71,-99.84,99.13,23.28,2.07,0.9,1.31,66,-0.56,-0.23,0.539,92.8,0.176,84.3,0.052,88.8,0.103,78.8,0.111,84.1,0.016,84.0,0.003,78.1,0.003,,68.9,-25.0,-17.5,-6.6,-6.2,-4.5,3.9,0.53,-0.58,-1.37,-0.27,-0.23,-1.14,5.54,0.312,0.6629999999999999,0.4629999999999999,0.595,0.841,0.746,0.43,0.603,0.1169999999999999,-0.4,0.307,,0.045,0.021,,0.237,0.172,0.08,0.0289999999999999,0.0,0.105,0.0,0.003,,93.2,,88.5,83.9,,92.2,84.4,78.3,80.7,68.0,84.2,78.6,77.7,-3.5,,-0.2,-5.2,,-3.8,0.3,2.0,2.0,2.7,-5.1,9.1,-1.3,9.4,,4.5,3.0,,6.1,1.1,-4.5,-5.9,-3.0,4.4,5.5,2.1,12.4,,-17.4,-3.0,,45.9,-28.4,-10.5,-3.1,-0.1,-11.8,-0.2,4.5,0.17,,-1.6,-0.59,,0.8,-0.68,-0.54,-0.45,-3.76,-0.46,-6.93,6.18,0.278,0.644,0.4629999999999999,0.5529999999999999,0.8290000000000001,0.747,0.504,22.9,-23.9,0.4,3.4,22 - 40,-76.8,13.3,2.5,0.436,0.337,0.2269999999999999,0.183,0.481,0.336,0.371,0.103,0.002,0.099,0.348,0.054,0.023,0.003,,0.185,0.175,0.0,84.3,72.0,78.9,93.3,88.9,84.0,77.8,,92.3,84.5,14.5,-3.6,4.4,3.5,-1.9,0.7,-4.6,1.1,,-3.5,1.9,0.0,3.2,-8.3,-6.8,8.1,3.9,1.5,0.8,,4.6,-0.3,-0.3,-14.2,-0.3,-3.4,33.1,-20.3,-2.7,3.9,,37.1,-35.1,-0.3,-0.56,-0.56,-0.14,0.39,-1.55,-0.48,5.54,,0.82,-0.82,-4.36,0.276,0.644,0.4629999999999999,0.5539999999999999,0.8270000000000001,0.747,0.508,22.9,-12.2,95,106,115,99,100,107,98,0.95,101,101,118,107,98,91,99,98,104,87.7,12.9,306,0.076,117.3,1390,0.347,4004,0.166,0.283,0.238,0.421,0.319,11.2,0.8245149911816578,0.47459324155194,0.756125449199608,3.2763533417503155,0.5246913580246914,0.17901234567901234
23,2017,MIL,28,2423,5467,6135,1363,850,267,22,224,732,695,547,34,1571,53,26,42,116,128,41,0.249,1769,1293,823,108,24245,8745,15500,109,79,18,0.089,0.256,0.35,0.322,0.429,0.751,0.18,0.308,1.37,0.212,0.455,0.3329999999999999,0.084,0.173,0.062,0.228,0.321,-2.8,745,-50.9,23.5,189.6,36.4,224.6,22.4,$178.8,4.8,94,-1.56,-108.75,107.18,-25.6,-2.61,0.97,1.2,283,-0.78,-0.83,0.568,93.0,0.157,84.7,0.051,88.5,0.109,78.7,0.102,84.5,0.01,85.1,0.004,76.4,0.005,,-0.5,-0.5,4.1,-7.0,-6.1,4.5,-2.1,0.0,-0.01,0.33,-0.27,-0.25,1.86,-2.32,0.31,0.667,0.467,0.608,0.8240000000000001,0.7440000000000001,0.4379999999999999,0.604,0.12,4.8,0.354,,0.055,0.013,0.001,0.211,0.154,0.079,0.031,0.0,0.098,,0.004,,93.5,,88.2,85.3,87.1,92.4,84.8,77.8,80.2,67.2,84.5,,76.5,-2.2,,1.0,-3.8,-5.8,-5.7,1.1,1.9,2.7,0.9,-2.8,,-1.5,9.9,,5.5,5.1,6.3,6.5,2.4,-3.7,-4.5,-0.7,5.4,,1.5,-1.2,,-3.4,3.5,-0.5,-3.4,-3.4,2.3,-9.7,0.0,-6.6,,-2.5,-0.01,,-0.25,1.1,-3.54,-0.07,-0.09,0.12,-1.31,-0.39,-0.28,,-2.78,0.266,0.6609999999999999,0.467,0.562,0.813,0.743,0.508,22.0,59.9,4.7,-1.5,22 - 34,-46.1,21.1,-0.8,0.392,0.351,0.257,0.1889999999999999,0.466,0.345,0.382,0.1,0.0,0.108,0.361,0.055,0.01,0.004,,0.196,0.159,0.0,84.8,66.1,78.7,93.7,89.3,85.1,77.0,,92.5,85.0,0.0,-2.2,7.3,3.0,-1.7,1.1,-3.0,0.1,,-4.9,2.0,0.0,3.0,-8.1,-6.7,7.9,3.9,1.9,0.8,,4.5,-0.1,0.0,-4.3,0.0,-10.1,-11.5,5.9,2.1,-2.2,,0.9,-0.5,0.1,-0.18,4.49,-0.38,-0.13,0.44,0.85,-2.52,,0.02,-0.01,3.31,0.268,0.659,0.467,0.5670000000000001,0.812,0.743,0.509,22.0,-3.5,95,99,122,97,98,102,101,1.03,103,94,126,99,100,101,102,95,107,87.1,10.7,255,0.064,114.7,1315,0.332,3964,0.168,0.288,0.237,0.395,0.307,22.5,0.7882789929839042,0.48961748633879787,0.7439282803585983,2.9366440943570296,0.43209876543209874,0.14814814814814814
11,2017,SEA,28,2323,5551,6166,1436,938,281,17,200,750,714,487,31,1267,78,35,14,131,89,35,0.259,1891,1564,821,123,23881,8781,15100,125,57,18,0.079,0.205,0.38,0.325,0.424,0.749,0.165,0.3,1.21,0.192,0.442,0.366,0.079,0.128,0.066,0.316,0.321,-0.2,751,19.8,21.3,190.6,-14.8,225.3,22.4,$179.4,4.2,103,2.43,-106.21,108.64,22.55,2.35,0.97,1.38,91,1.43,1.09,0.5429999999999999,92.8,0.1669999999999999,83.9,0.06,88.6,0.105,79.2,0.106,83.9,0.017,84.2,0.003,77.4,0.004,,30.9,-34.9,9.1,-7.7,-10.6,-0.2,2.7,0.24,-0.88,0.64,-0.31,-0.42,-0.06,3.9,0.286,0.655,0.457,0.629,0.861,0.7829999999999999,0.465,0.598,0.099,-4.9,0.332,,0.049,0.023,0.0,0.215,0.166,0.083,0.032,0.0,0.0969999999999999,0.0,0.003,,93.3,,88.8,84.2,86.8,92.1,84.2,79.0,80.5,67.5,83.8,79.9,77.3,-2.8,,0.7,-6.5,-6.9,-3.8,1.0,2.9,3.0,3.3,-2.3,9.5,-1.8,10.4,,5.9,3.6,6.7,6.4,2.1,-3.7,-5.0,-5.8,5.3,9.2,2.4,28.3,,-8.5,1.1,-0.7,-3.2,-23.8,-4.1,-3.7,0.6,-15.7,1.2,2.9,0.36,,-0.72,0.2,-7.13,-0.06,-0.6,-0.21,-0.49,8.31,-0.68,24.43,4.11,0.251,0.642,0.457,0.583,0.855,0.784,0.527,22.8,6.5,-0.7,-10.7,23 - 38,14.9,13.4,-1.2,0.3979999999999999,0.358,0.244,0.182,0.504,0.314,0.317,0.096,0.002,0.103,0.335,0.059,0.025,0.003,,0.201,0.163,0.0,84.1,73.4,79.4,93.3,89.2,84.2,77.6,,92.3,84.2,0.0,-1.6,8.7,3.7,-1.8,1.2,-4.9,0.1,,-3.8,2.1,0.0,2.9,-10.0,-7.0,8.3,4.1,1.1,1.2,,4.5,-0.4,0.0,-11.0,0.4,-2.8,16.6,1.4,0.6,3.0,,9.7,-33.6,0.0,-0.48,0.78,-0.11,0.21,0.1,0.11,4.37,,0.2,-0.86,1.26,0.251,0.64,0.457,0.579,0.855,0.784,0.53,22.8,3.0,101,94,96,100,99,95,101,0.95,102,100,93,98,104,98,98,102,97,88.0,11.7,269,0.062,117.7,1519,0.35,4334,0.172,0.271,0.254,0.424,0.322,24.0,0.8278088678433061,0.4266666666666667,0.7945183263055465,3.1463059062593697,0.46296296296296297,0.18518518518518517
6,2017,DET,28,2336,5556,6150,1435,924,289,35,187,735,699,503,21,1313,52,27,11,128,65,34,0.258,1796,1475,988,121,24123,8666,15457,104,22,3,0.0819999999999999,0.213,0.38,0.324,0.424,0.748,0.166,0.306,1.22,0.2319999999999999,0.422,0.346,0.0819999999999999,0.127,0.0579999999999999,0.136,0.321,-0.2,749,-18.0,-34.7,190.1,-16.6,125.1,12.4,$99.6,4.3,98,-7.21,-107.02,99.81,-36.48,-3.63,0.95,0.95,103,-4.72,-2.84,0.555,92.7,0.171,84.4,0.051,88.5,0.111,79.0,0.096,84.1,0.013,84.1,0.003,71.3,0.003,,-2.1,-11.6,-1.3,-10.3,14.3,3.4,3.1,-0.02,-0.28,-0.1,-0.38,0.62,1.06,4.18,0.306,0.674,0.472,0.635,0.858,0.779,0.451,0.615,0.104,-9.1,0.344,,0.054,0.0139999999999999,,0.205,0.172,0.08,0.035,0.0,0.093,0.0,0.003,,93.2,,88.7,84.3,,91.9,84.5,78.6,80.1,68.3,84.1,79.6,72.1,-3.0,,0.9,-5.4,,-4.4,1.2,3.4,2.2,5.3,-2.1,10.9,-1.9,9.8,,5.6,3.8,,6.2,2.1,-3.4,-5.0,-5.9,4.9,6.9,1.3,-9.7,,-0.1,0.6,,-5.5,-13.4,-9.9,-4.6,0.4,13.2,-0.2,3.1,-0.12,,-0.01,0.17,,-0.11,-0.32,-0.51,-0.54,3.61,0.59,-6.93,4.65,0.2689999999999999,0.66,0.472,0.5820000000000001,0.8540000000000001,0.779,0.52,23.5,-51.3,-5.1,-12.7,22 - 38,-27.1,13.3,-2.0,0.384,0.3429999999999999,0.273,0.168,0.4579999999999999,0.374,0.326,0.091,0.001,0.105,0.351,0.053,0.016,0.003,,0.195,0.177,0.0,84.1,71.5,78.9,93.3,89.1,84.5,71.7,,92.1,84.5,0.0,-1.4,9.1,3.6,-2.3,1.5,-4.9,-1.8,,-4.0,2.4,0.0,2.9,-9.1,-6.5,8.1,3.9,1.2,-1.9,,4.3,0.0,0.0,10.6,-0.3,-5.2,-17.5,3.8,4.1,2.7,,4.3,-24.9,-0.4,0.48,-1.76,-0.2,-0.21,0.3,1.08,3.94,,0.09,-0.58,-6.03,0.27,0.6579999999999999,0.472,0.589,0.851,0.779,0.522,23.5,-13.1,101,97,100,100,99,95,103,1.14,97,95,92,95,99,110,91,93,116,87.5,12.5,303,0.071,114.2,1536,0.359,4282,0.1669999999999999,0.272,0.266,0.45,0.336,10.4,0.8296232876712328,0.40707482993197275,0.7865040650406504,3.3346270781262097,0.4382716049382716,0.16049382716049382
2,2017,BAL,28,2351,5650,6140,1469,956,269,12,232,743,713,392,12,1412,50,37,10,138,32,13,0.26,1858,1526,866,164,23674,8358,15316,149,35,14,0.064,0.23,0.28,0.312,0.435,0.747,0.175,0.306,1.22,0.204,0.437,0.359,0.107,0.152,0.08,0.4,0.318,-13.8,734,-36.4,-21.2,189.8,-14.6,115.9,11.5,$92.3,3.2,95,-3.56,-102.73,99.16,-26.46,-2.68,0.91,1.13,94,-3.14,-0.76,0.527,92.9,0.179,84.7,0.0559999999999999,88.6,0.1119999999999999,79.5,0.11,83.9,0.012,84.7,0.003,72.4,0.002,,23.4,-28.0,-5.8,-8.3,-10.4,-0.5,10.2,0.19,-0.66,-0.43,-0.32,-0.4,-0.18,12.73,0.3329999999999999,0.675,0.483,0.617,0.8420000000000001,0.755,0.439,0.61,0.118,-15.0,0.33,,0.062,0.021,,0.195,0.165,0.0819999999999999,0.042,,0.1009999999999999,,0.003,,93.2,,88.7,84.2,,92.3,84.7,78.9,81.2,,83.9,,73.6,-2.4,,0.8,-5.1,,-3.6,1.2,2.7,1.6,,-0.7,,-1.7,10.0,,5.9,3.9,,6.5,2.0,-3.7,-5.8,,5.9,,0.9,2.9,,-11.1,-4.7,,4.4,-25.1,-3.7,-7.2,,-7.4,,7.0,0.04,,-0.76,-0.94,,0.1,-0.65,-0.19,-0.73,,-0.31,,9.56,0.287,0.674,0.482,0.57,0.831,0.754,0.504,22.8,-35.8,-2.6,-6.8,21 - 34,-51.3,13.3,-5.5,0.411,0.349,0.241,0.1939999999999999,0.47,0.336,0.332,0.096,0.0,0.115,0.3389999999999999,0.06,0.023,0.003,,0.177,0.166,0.005,84.0,69.1,79.6,93.3,88.8,84.3,73.2,,92.3,84.9,2.1,0.3,-5.2,3.4,-1.6,2.0,-4.2,-1.2,,-2.7,2.4,0.0,4.0,-8.4,-6.8,8.2,4.1,2.0,-3.4,,5.0,-0.1,0.0,-11.0,-0.1,-6.2,-6.9,4.4,-1.0,9.7,,10.8,-39.6,-0.5,-0.48,-3.07,-0.23,-0.09,0.31,-0.19,11.84,,0.26,-1.01,-0.41,0.286,0.67,0.482,0.573,0.828,0.754,0.511,22.8,-0.4,101,76,108,96,101,101,103,1.0,101,99,111,101,101,97,105,96,104,88.2,11.8,311,0.073,118.5,1586,0.37,4286,0.163,0.281,0.254,0.431,0.319,10.3,0.7915780518928116,0.49959623149394355,0.7700325732899023,3.34672373718291,0.43209876543209874,0.16049382716049382
3,2017,BOS,28,2334,5669,6338,1461,972,302,19,168,785,735,571,48,1224,53,36,9,141,106,31,0.258,2019,1534,903,175,25018,9223,15795,153,32,12,0.09,0.193,0.47,0.329,0.407,0.736,0.149,0.3,1.32,0.203,0.4529999999999999,0.344,0.114,0.11,0.076,0.375,0.316,-24.2,748,-68.9,32.6,195.9,-15.7,164.7,16.4,$131.1,4.5,91,-2.89,-117.19,114.3,-10.94,-1.15,1.04,1.75,94,-4.96,2.18,0.544,92.9,0.1639999999999999,84.4,0.067,88.7,0.098,79.2,0.109,84.2,0.018,84.9,,,0.008,,0.3,-12.3,0.1,8.2,-15.6,-3.2,,0.0,-0.3,0.01,0.33,-0.57,-0.72,,0.295,0.623,0.439,0.6729999999999999,0.871,0.7959999999999999,0.44,0.585,0.089,7.1,0.3279999999999999,,0.061,0.023,,0.22,0.159,0.08,0.027,0.0,0.1009999999999999,,,,93.4,,89.0,84.6,,92.2,84.5,79.3,80.2,68.7,84.1,,,-3.3,,0.3,-6.6,,-3.8,0.8,2.5,3.0,6.7,-3.6,,,9.9,,5.4,3.6,,6.0,1.8,-4.1,-6.3,-6.9,5.1,,,-2.1,,-13.1,-1.6,,-6.3,-2.2,7.8,-6.8,0.1,-21.2,,,-0.03,,-0.87,-0.28,,-0.12,-0.06,0.39,-1.0,1.14,-0.84,,,0.249,0.618,0.439,0.626,0.861,0.797,0.516,23.4,16.9,4.2,1.5,20 - 36,-61.8,13.7,-0.8,0.384,0.355,0.262,0.19,0.488,0.322,0.31,0.1009999999999999,0.001,0.099,0.336,0.065,0.023,,,0.1989999999999999,0.165,0.0,84.3,73.0,79.3,93.6,89.4,84.8,,,92.3,84.7,0.0,-2.7,9.0,3.7,-2.4,1.1,-5.6,,,-3.0,2.1,0.0,3.2,-9.3,-7.2,8.2,4.2,1.2,,,4.4,-0.3,0.0,-20.0,0.1,4.4,-0.2,-9.9,-3.5,,,-1.3,-4.5,-0.3,-0.79,0.51,0.18,0.0,-0.61,-0.61,,,-0.03,-0.11,-4.32,0.251,0.618,0.439,0.628,0.862,0.7959999999999999,0.513,23.4,12.3,101,107,91,102,95,86,101,1.0,105,95,80,95,103,105,103,99,100,87.3,10.9,221,0.049,114.3,1468,0.327,4490,0.19,0.28,0.25,0.397,0.313,15.4,0.8706083976006855,0.3424203821656051,0.8068791416850741,3.2715050341169336,0.48148148148148145,0.13580246913580246
16,2017,ATL,28,2374,5584,6216,1467,987,289,26,165,732,706,474,57,1184,66,32,59,137,77,31,0.263,2051,1404,930,101,23315,8097,15218,119,105,18,0.076,0.19,0.4,0.326,0.412,0.738,0.15,0.305,1.46,0.212,0.4679999999999999,0.32,0.072,0.118,0.0579999999999999,0.171,0.316,-34.8,723,-91.8,-19.7,192.1,37.2,143.2,14.2,$114.0,4.3,89,-1.79,-109.13,107.34,-9.98,-1.04,0.99,1.22,268,-2.39,0.59,0.563,92.6,0.168,84.5,0.046,88.3,0.098,77.7,0.114,84.3,0.011,85.3,,,0.009,,13.0,-9.0,-3.6,-12.3,-19.4,-3.0,,0.1,-0.23,-0.34,-0.54,-0.73,-1.11,,0.337,0.7090000000000001,0.498,0.669,0.865,0.79,0.434,0.615,0.105,3.9,0.321,,0.046,0.011,0.001,0.238,0.161,0.08,0.023,0.0,0.118,,,,92.9,,87.9,85.6,86.9,92.3,84.7,77.1,80.5,60.9,84.3,,,-2.6,,0.3,-6.1,-8.0,-5.8,0.8,1.8,3.0,7.5,-4.1,,,9.4,,4.7,3.0,5.9,6.1,2.0,-4.3,-4.4,-6.5,4.6,,,-2.4,,-3.1,-3.7,-0.3,-0.3,-15.0,-7.2,2.1,0.5,-19.0,,,-0.03,,-0.29,-1.39,-1.79,-0.01,-0.4,-0.39,0.38,6.28,-0.7,,,0.3,0.696,0.498,0.648,0.851,0.79,0.5,22.6,17.6,-1.4,9.1,20 - 44,-88.0,21.4,-3.4,0.38,0.351,0.2689999999999999,0.1889999999999999,0.512,0.299,0.293,0.109,0.001,0.098,0.35,0.046,0.013,,,0.2,0.162,0.0,84.6,68.9,78.1,93.4,88.8,85.5,,,92.2,85.0,0.0,-3.0,3.1,3.1,-2.3,0.8,-5.3,,,-4.6,2.1,0.0,2.8,-6.5,-6.6,7.8,3.8,1.3,,,4.3,0.3,0.0,-15.6,0.8,-16.7,4.8,-7.2,-2.7,,,-4.0,-0.4,-0.3,-0.61,6.38,-0.73,0.06,-0.66,-0.9,,,-0.08,-0.01,-10.44,0.292,0.691,0.498,0.639,0.85,0.79,0.515,22.6,9.4,101,85,91,98,94,85,100,1.03,106,91,85,96,100,106,102,104,93,86.7,10.1,228,0.051,114.4,1357,0.302,4492,0.15,0.254,0.256,0.405,0.313,14.6,0.8176074136478517,0.36065573770491804,0.8095238095238095,3.1469638768997785,0.4382716049382716,0.16049382716049382
12,2017,TBR,28,2345,5478,6147,1340,854,226,32,228,694,671,545,33,1538,55,48,16,115,88,34,0.245,1712,1447,790,145,23897,8682,15215,117,53,13,0.089,0.25,0.35,0.317,0.422,0.739,0.178,0.296,1.18,0.2,0.434,0.366,0.1,0.158,0.068,0.245,0.316,-27.4,722,-10.1,10.1,190.0,-15.7,196.4,19.5,$156.4,4.5,99,-4.65,-110.87,106.22,-47.87,-4.84,1.0,1.47,122,-0.04,-4.6,0.5579999999999999,92.7,0.174,83.9,0.055,88.4,0.092,79.2,0.102,84.0,0.016,84.3,0.004,72.4,0.005,,-9.2,-28.1,4.8,0.8,1.2,-3.7,0.5,-0.07,-0.68,0.37,0.04,0.05,-0.98,0.55,0.322,0.703,0.487,0.606,0.813,0.735,0.433,0.617,0.129,8.8,0.33,,0.053,0.016,0.0,0.2339999999999999,0.1639999999999999,0.074,0.0289999999999999,,0.096,0.0,0.003,,93.3,,88.6,84.5,87.7,91.7,83.8,79.0,80.7,,83.8,77.4,73.4,-2.7,,0.2,-5.2,-8.9,-3.7,0.0,3.0,1.3,,-2.3,0.4,-2.2,9.8,,4.7,3.2,5.3,5.6,1.2,-4.3,-6.0,,5.1,1.0,0.5,-21.3,,-10.9,-0.8,0.7,5.1,-20.2,-7.9,-1.9,,1.8,-0.2,0.8,-0.27,,-0.86,-0.2,9.21,0.09,-0.52,-0.45,-0.28,,0.08,-17.43,0.95,0.286,0.6829999999999999,0.487,0.551,0.8109999999999999,0.735,0.506,23.5,-5.6,-0.4,7.7,22 - 34,-1.3,13.3,3.9,0.408,0.346,0.246,0.19,0.465,0.346,0.376,0.094,0.001,0.093,0.352,0.055,0.018,0.004,,0.203,0.1689999999999999,0.0,84.0,73.3,79.4,93.5,88.9,84.5,73.1,,91.8,84.1,0.0,-1.0,10.3,3.8,-1.5,1.6,-4.0,-1.4,,-2.5,1.7,0.0,3.4,-9.7,-7.1,8.2,3.6,1.1,-2.1,,3.9,-0.6,0.0,-4.7,-1.1,-3.8,-31.8,-1.9,-0.3,0.6,,13.5,-20.2,0.0,-0.21,-7.36,-0.17,-0.38,-0.14,-0.07,0.71,,0.28,-0.5,-0.05,0.285,0.6809999999999999,0.487,0.5529999999999999,0.8079999999999999,0.735,0.509,23.5,0.4,95,105,117,98,98,102,99,0.99,100,101,115,101,100,99,102,94,107,87.2,12.2,281,0.07,116.2,1366,0.341,4009,0.146,0.275,0.235,0.406,0.31,20.1,0.8038379530916845,0.5256484149855908,0.7497966487717586,2.9392802089311774,0.41975308641975306,0.1728395061728395
4,2017,CHW,27,2289,5513,6059,1412,933,256,37,186,706,670,401,17,1397,76,33,35,124,71,31,0.256,1943,1371,799,128,23244,8114,15130,147,71,16,0.066,0.231,0.29,0.314,0.417,0.731,0.161,0.309,1.42,0.1939999999999999,0.472,0.3329999999999999,0.093,0.136,0.076,0.225,0.313,-41.0,697,-34.4,9.3,187.3,-15.2,155.8,15.5,$124.1,4.5,95,-6.92,-107.25,100.33,-45.91,-4.19,0.96,1.7,86,-4.09,-3.15,0.556,92.5,0.16,84.3,0.065,88.7,0.107,79.0,0.103,83.5,0.009,84.4,,,0.003,,-15.6,-11.0,-5.5,-2.6,-1.4,-0.3,,-0.12,-0.3,-0.36,-0.1,-0.06,-0.15,,0.324,0.6890000000000001,0.488,0.602,0.851,0.76,0.449,0.617,0.1169999999999999,-4.2,0.342,,0.059,0.011,,0.213,0.165,0.077,0.035,0.0,0.099,0.0,,,93.1,,88.6,84.5,,91.7,84.5,78.7,80.1,64.0,83.6,79.3,,-3.3,,-0.3,-6.1,,-5.5,0.4,1.7,0.1,6.4,-2.9,7.2,,10.2,,5.8,3.5,,6.6,2.5,-2.6,-5.3,-8.3,5.6,7.8,,-37.4,,-0.5,0.7,,18.4,-25.6,-2.3,-2.5,-0.2,-5.2,0.1,,-0.47,,-0.04,0.28,,0.37,-0.67,-0.13,-0.31,-18.2,-0.22,1.17,,0.287,0.675,0.488,0.5529999999999999,0.84,0.759,0.519,22.6,-6.0,-2.4,2.4,22 - 35,-38.6,13.1,-1.9,0.401,0.336,0.264,0.201,0.502,0.298,0.327,0.0969999999999999,0.0,0.1,0.364,0.065,0.012,,,0.19,0.165,0.0,83.8,72.2,79.0,93.2,88.9,84.5,,,91.8,84.6,0.0,-0.8,7.6,3.0,-1.8,1.1,-2.9,,,-4.0,2.6,0.0,3.5,-9.4,-6.5,8.4,4.1,1.3,,,4.5,0.1,0.0,-1.5,-0.4,-2.0,-22.4,-1.5,-1.6,,,3.9,-22.0,0.0,-0.07,-5.35,-0.09,-0.26,-0.1,-0.56,,,0.09,-0.57,0.18,0.288,0.672,0.488,0.5579999999999999,0.838,0.759,0.522,22.6,-0.4,100,79,108,97,97,93,104,0.96,109,92,99,99,97,106,108,102,92,87.0,10.6,257,0.061,115.5,1361,0.325,4185,0.16,0.2769999999999999,0.246,0.403,0.307,16.1,0.7920489296636085,0.42152974504249296,0.7694338999834957,3.073867582123542,0.4074074074074074,0.17901234567901234
7,2017,KCR,28,2342,5536,6027,1436,959,260,24,193,702,660,390,19,1166,45,37,17,160,91,31,0.259,1805,1603,977,173,22862,7961,14901,111,39,15,0.065,0.193,0.33,0.311,0.42,0.731,0.16,0.295,1.13,0.223,0.412,0.366,0.108,0.12,0.061,0.385,0.312,-44.9,690,-68.1,0.6,186.3,-13.9,125.8,12.5,$100.2,4.3,91,-2.78,-106.08,103.3,-59.97,-5.52,0.95,1.14,48,-6.57,3.64,0.527,92.7,0.178,84.4,0.061,88.3,0.118,78.8,0.103,84.0,0.012,83.2,,,0.003,,-16.7,-25.7,-14.9,-14.2,-0.2,2.6,,-0.14,-0.63,-1.06,-0.53,-0.01,0.95,,0.3379999999999999,0.711,0.506,0.644,0.871,0.7879999999999999,0.452,0.612,0.107,7.9,0.309,,0.057,0.016,,0.222,0.168,0.089,0.035,0.001,0.104,0.001,,,93.1,,88.4,83.2,,92.1,84.4,78.4,80.3,68.5,84.2,79.1,,-3.5,,-0.5,-6.1,,-5.8,-0.7,0.5,0.6,5.2,-5.0,8.7,,9.3,,5.0,3.2,,6.4,1.8,-4.1,-5.6,-6.6,4.5,6.0,,-20.9,,-12.4,1.8,,-13.3,-24.3,-9.5,-9.0,0.5,-3.3,-0.3,,-0.3,,-0.96,0.49,,-0.26,-0.63,-0.47,-1.11,4.11,-0.14,-2.47,,0.302,0.7040000000000001,0.506,0.608,0.862,0.787,0.507,22.7,-13.3,1.6,9.2,21 - 38,-60.2,13.0,-8.3,0.391,0.345,0.264,0.198,0.498,0.304,0.29,0.1,0.001,0.115,0.361,0.063,0.0139999999999999,,,0.161,0.178,,84.3,70.4,78.9,93.2,88.7,82.9,,,92.2,84.6,,-2.5,10.4,3.1,-2.1,1.4,-3.8,,,-3.6,1.8,,3.1,-8.5,-6.5,8.0,4.0,1.4,,,4.6,0.2,,-6.0,0.2,-18.5,-21.1,-10.6,5.3,,,-4.7,-29.9,,-0.26,1.03,-0.7,-0.25,-0.74,1.71,,,-0.13,-0.73,,0.3,0.7,0.506,0.603,0.862,0.787,0.515,22.7,-12.7,101,77,91,96,98,92,99,1.1,95,100,88,96,100,106,107,101,94,87.4,13.5,258,0.0579999999999999,118.0,1437,0.325,4426,0.144,0.251,0.262,0.428,0.32,11.6,0.7796754910333049,0.4398860398860399,0.8065372490459599,3.3044295511305863,0.42592592592592593,0.2037037037037037
14,2017,TOR,29,2455,5499,6154,1320,824,269,5,222,693,661,542,12,1327,51,35,25,153,53,24,0.24,1824,1554,803,167,24295,9012,15283,94,50,11,0.088,0.216,0.41,0.312,0.412,0.724,0.172,0.276,1.17,0.192,0.436,0.372,0.107,0.143,0.052,0.22,0.312,-49.5,701,-56.8,-34.6,190.2,-15.2,84.4,8.4,$67.2,3.1,93,-8.07,-115.77,107.7,-84.88,-8.28,1.01,1.56,124,-8.64,0.68,0.528,92.8,0.1689999999999999,84.2,0.062,88.5,0.1169999999999999,78.7,0.104,83.9,0.019,84.6,,,0.001,,6.1,-35.7,-8.6,-20.0,-5.6,-3.2,,0.05,-0.87,-0.57,-0.7,-0.22,-0.68,,0.295,0.65,0.451,0.6409999999999999,0.862,0.7809999999999999,0.44,0.595,0.099,-12.6,0.3279999999999999,,0.053,0.027,,0.204,0.171,0.084,0.039,0.0,0.094,,,,93.4,,88.6,84.5,,91.8,84.3,78.1,80.4,68.7,83.9,,,-3.5,,0.2,-5.8,,-5.0,0.4,2.7,1.4,5.6,-3.2,,,9.9,,5.7,3.6,,6.4,1.7,-4.7,-5.8,-8.1,4.9,,,-0.4,,-14.9,1.8,,2.8,-37.7,-8.6,-14.6,-0.2,-12.1,,,-0.01,,-1.18,0.28,,0.06,-0.91,-0.42,-1.56,-3.39,-0.53,,,0.257,0.638,0.451,0.593,0.855,0.7809999999999999,0.509,22.4,-49.8,-3.1,-8.2,21 - 40,-69.3,13.3,-4.5,0.402,0.346,0.251,0.193,0.498,0.308,0.34,0.091,0.0,0.1169999999999999,0.3329999999999999,0.063,0.0289999999999999,,,0.184,0.166,0.0,84.2,69.2,78.9,93.6,88.7,84.4,,,92.0,84.5,0.0,-2.0,9.3,3.7,-2.3,1.1,-4.5,,,-4.4,1.9,0.0,3.2,-10.9,-7.3,8.2,4.1,1.5,,,4.8,-0.3,0.0,-9.2,-0.2,-22.1,-8.7,-19.2,-2.7,,,15.5,-29.7,0.0,-0.42,-3.39,-0.78,-0.11,-1.26,-0.37,,,0.35,-0.73,-0.35,0.256,0.637,0.451,0.59,0.855,0.782,0.512,22.4,2.7,94,105,101,96,96,99,93,0.95,101,102,104,99,100,101,104,101,96,87.4,12.3,293,0.069,113.5,1431,0.3379999999999999,4234,0.175,0.2739999999999999,0.242,0.418,0.317,8.9,0.7584521384928717,0.5125541125541127,0.78436789080273,2.804720953558338,0.4074074074074074,0.19753086419753085
26,2017,PHI,27,2308,5535,6133,1382,885,287,36,174,690,654,494,25,1417,47,36,21,128,59,25,0.25,1880,1382,847,137,24133,8644,15489,126,65,29,0.081,0.231,0.35,0.315,0.409,0.723,0.159,0.304,1.36,0.206,0.4579999999999999,0.336,0.099,0.126,0.067,0.446,0.31,-57.2,690,-99.9,-23.8,189.6,35.2,109.2,10.9,$86.9,4.3,87,-9.09,-116.34,107.25,-56.59,-5.34,1.04,1.27,236,-5.68,-3.08,0.575,93.1,0.15,84.4,0.043,88.8,0.098,78.4,0.113,84.7,0.01,83.6,0.009,77.4,0.004,,-15.7,-30.6,4.2,0.4,-8.3,2.8,-1.8,-0.11,-0.84,0.41,0.02,-0.31,1.1,-0.78,0.309,0.669,0.471,0.614,0.852,0.7659999999999999,0.45,0.607,0.11,-13.0,0.389,,0.05,0.01,0.001,0.183,0.143,0.083,0.02,0.0,0.11,,0.01,,93.4,,88.2,83.8,86.6,92.3,84.6,77.8,81.0,65.4,84.7,,77.4,-1.9,,1.3,0.1,-5.5,-2.8,1.9,2.7,2.7,2.7,-1.7,,0.1,10.1,,5.9,4.4,6.5,6.6,2.6,-3.7,-3.7,2.3,5.7,,3.4,-25.3,,7.0,-1.5,-1.4,-6.8,-29.1,-5.7,5.3,-0.3,-17.9,,-0.7,-0.27,,0.58,-0.62,-3.94,-0.15,-0.85,-0.29,1.09,-7.95,-0.67,,-0.3,0.273,0.659,0.471,0.574,0.84,0.765,0.513,22.5,11.5,-2.3,-5.8,22 - 39,-113.0,21.1,-1.4,0.3779999999999999,0.351,0.27,0.206,0.498,0.296,0.34,0.108,0.0,0.1,0.3829999999999999,0.043,0.0139999999999999,0.009,,0.186,0.148,0.0,84.8,74.6,78.7,93.6,89.0,84.2,77.6,,92.5,84.8,24.4,-1.9,8.5,2.5,-1.4,0.9,-2.3,0.9,,-4.0,1.9,-1.0,3.1,-8.2,-6.7,8.1,4.0,1.9,0.6,,4.6,0.2,2.0,-9.7,0.0,0.2,-9.9,1.6,2.1,-2.4,,-22.9,-24.1,0.0,-0.37,-0.45,0.01,-0.11,0.15,0.64,-1.05,,-0.51,-0.67,-0.89,0.276,0.657,0.471,0.574,0.8420000000000001,0.765,0.511,22.5,-21.4,96,90,110,94,94,90,99,1.0,103,95,91,96,100,107,111,101,92,87.4,10.1,240,0.057,114.6,1391,0.3329999999999999,4175,0.1669999999999999,0.2769999999999999,0.241,0.388,0.303,11.2,0.8128249566724437,0.4034782608695653,0.7689548345018751,2.858039886789361,0.38271604938271603,0.15432098765432098
1,2017,LAA,29,2392,5415,6073,1314,863,251,14,186,710,678,523,30,1198,70,46,17,141,136,44,0.243,1960,1482,790,146,23378,8612,14766,109,48,16,0.086,0.1969999999999999,0.44,0.315,0.397,0.712,0.155,0.277,1.32,0.187,0.4629999999999999,0.35,0.099,0.126,0.0559999999999999,0.3329999999999999,0.307,-71.2,669,-62.7,42.9,187.7,-15.4,167.5,16.7,$133.4,4.5,92,0.69,-111.76,112.45,-14.02,-1.32,1.04,1.68,108,-2.42,3.09,0.5589999999999999,92.7,0.161,84.0,0.055,88.5,0.103,78.4,0.109,83.8,0.0139999999999999,83.7,,,0.004,,-19.9,-32.8,0.7,-6.3,-16.2,0.0,,-0.15,-0.87,0.06,-0.26,-0.64,0.01,,0.288,0.659,0.456,0.626,0.866,0.7829999999999999,0.452,0.605,0.099,1.9,0.318,,0.052,0.017,,0.239,0.161,0.076,0.032,0.0,0.104,,,,93.2,,88.5,83.9,,92.1,84.2,77.4,80.4,71.3,83.9,,,-2.7,,0.6,-3.9,,-4.1,1.1,2.4,1.9,4.8,-2.4,,,9.4,,4.9,3.2,,5.7,1.6,-5.3,-6.1,-3.9,4.2,,,-18.8,,-1.0,-0.4,,-15.2,-47.2,-3.8,1.0,-0.6,-15.4,,,-0.25,,-0.08,-0.09,,-0.27,-1.26,-0.21,0.13,-7.05,-0.64,,,0.257,0.649,0.457,0.5870000000000001,0.858,0.7829999999999999,0.509,23.5,27.5,5.0,1.2,22 - 37,-60.8,13.1,-4.8,0.425,0.342,0.233,0.196,0.5,0.304,0.314,0.1,0.001,0.104,0.341,0.057,0.02,,,0.208,0.153,0.0,84.0,69.8,78.4,93.2,88.9,83.5,,,92.2,84.4,0.0,-1.1,-1.3,3.6,-1.8,1.4,-3.1,,,-3.8,2.2,0.0,3.0,-7.1,-7.2,8.1,4.0,1.4,,,4.4,0.1,0.0,-9.5,-0.6,-5.2,-12.6,-0.3,-5.9,,,-17.5,-35.6,0.0,-0.41,-2.15,-0.22,-0.16,-0.02,-1.24,,,-0.36,-0.99,-0.09,0.254,0.6459999999999999,0.457,0.584,0.856,0.7829999999999999,0.516,23.5,24.7,95,102,93,97,92,89,93,0.92,107,96,91,105,99,94,106,102,94,86.9,10.9,233,0.054,114.9,1367,0.319,4282,0.173,0.272,0.247,0.403,0.314,16.4,0.7679765886287625,0.4191549295774648,0.8027334101761897,2.94701828987518,0.4567901234567901,0.16666666666666666
27,2017,PIT,28,2371,5458,6136,1331,895,249,36,151,668,635,519,39,1213,88,28,42,120,67,36,0.244,1986,1377,869,111,24090,8769,15321,130,83,15,0.085,0.198,0.43,0.318,0.386,0.704,0.142,0.286,1.44,0.205,0.469,0.325,0.081,0.11,0.065,0.181,0.304,-90.7,657,-117.7,-23.5,189.7,37.3,105.9,10.5,$84.4,4.3,85,-5.21,-108.88,103.66,-72.95,-7.2,1.0,1.25,275,-8.37,3.16,0.578,92.9,0.153,84.8,0.054,88.6,0.096,78.5,0.1,84.2,0.0139999999999999,83.6,0.0069999999999999,77.0,0.006,,-35.9,-32.3,7.8,-6.8,-13.0,-0.3,1.0,-0.26,-0.88,0.61,-0.29,-0.54,-0.1,0.62,0.284,0.6629999999999999,0.461,0.66,0.863,0.7959999999999999,0.465,0.602,0.094,-1.0,0.361,,0.053,0.021,0.0,0.214,0.152,0.068,0.0279999999999999,0.0,0.095,,0.0069999999999999,,93.3,,88.2,84.5,87.3,92.1,84.9,77.3,80.8,63.5,84.2,,76.7,-2.9,,-0.2,-4.8,-6.8,-6.0,0.5,1.6,2.3,-4.9,-3.0,,-1.7,9.8,,5.6,4.7,6.5,6.4,2.3,-4.2,-4.4,1.5,5.5,,1.8,-48.9,,-1.6,-5.4,-0.7,-2.2,-25.4,0.0,-11.3,0.0,-10.4,,1.9,-0.57,,-0.12,-1.08,-13.42,-0.04,-0.7,0.0,-1.68,0.0,-0.46,,1.08,0.242,0.6559999999999999,0.46,0.61,0.858,0.7959999999999999,0.527,22.1,13.9,-5.5,3.0,23 - 39,-118.7,21.1,0.3,0.385,0.35,0.265,0.212,0.49,0.298,0.307,0.095,,0.091,0.369,0.052,0.017,0.006,,0.195,0.159,0.0,84.4,,78.5,93.7,88.9,84.3,77.7,,91.9,85.1,0.0,-1.9,,3.4,-2.1,0.7,-3.8,1.0,,-4.3,2.0,0.0,3.4,,-6.8,8.1,4.1,2.4,-0.2,,4.5,0.3,0.0,-11.2,,-2.4,-34.9,6.7,-3.2,0.1,,-9.0,-35.9,-0.1,-0.49,,-0.11,-0.39,0.54,-0.79,0.07,,-0.19,-0.93,-5.27,0.24,0.654,0.46,0.602,0.8590000000000001,0.7959999999999999,0.532,22.1,-16.5,93,94,94,95,88,81,94,1.0,106,92,80,97,100,105,114,99,93,86.3,10.2,185,0.043,112.4,1298,0.301,4316,0.172,0.265,0.247,0.381,0.307,10.0,0.780261493040911,0.36167664670658684,0.8023142112125163,3.0983173796559043,0.38271604938271603,0.20987654320987653
29,2017,SDP,27,2342,5356,5954,1251,804,227,31,189,604,576,460,20,1499,53,33,52,99,89,33,0.234,1643,1448,742,193,22651,7998,14653,132,108,25,0.077,0.252,0.31,0.299,0.393,0.692,0.16,0.287,1.13,0.1939999999999999,0.429,0.3779999999999999,0.133,0.131,0.08,0.231,0.298,-121.5,604,-139.4,-13.6,184.0,34.5,92.9,9.2,$74.0,4.5,82,-5.52,-102.7,97.18,-117.27,-11.45,0.96,1.15,238,-9.27,3.51,0.568,93.0,0.157,84.2,0.0559999999999999,88.7,0.128,78.6,0.079,84.3,0.008,84.6,0.004,77.4,0.003,,-74.4,-40.0,0.7,-25.4,16.6,11.2,1.9,-0.58,-1.13,0.05,-0.87,0.92,6.42,2.34,0.309,0.67,0.474,0.608,0.833,0.753,0.455,0.627,0.1169999999999999,6.8,0.315,,0.054,0.013,0.0,0.252,0.154,0.088,0.038,0.0,0.083,,0.003,,93.1,,88.9,85.1,87.2,92.4,83.9,77.3,81.3,65.5,84.4,,77.9,-2.1,,-0.1,-5.6,-10.0,-7.0,0.1,0.2,0.7,6.7,-3.0,,1.3,9.6,,5.5,4.5,5.3,6.6,2.0,-4.6,-4.7,-6.1,4.6,,1.8,-67.8,,-4.6,7.8,1.2,-15.8,-41.7,-16.8,-7.4,-0.2,20.2,,1.6,-0.96,,-0.38,2.75,14.74,-0.28,-1.21,-0.85,-0.88,-5.39,1.09,,2.25,0.271,0.66,0.473,0.575,0.8220000000000001,0.754,0.519,22.0,20.9,0.6,1.5,21 - 34,-132.6,20.5,4.6,0.41,0.3379999999999999,0.252,0.2269999999999999,0.473,0.3,0.361,0.076,0.0,0.122,0.3829999999999999,0.061,0.01,0.003,,0.173,0.156,0.0,84.6,64.2,78.6,93.5,89.0,84.9,78.1,,92.5,84.6,0.0,-0.8,11.5,3.1,-1.6,1.1,-3.7,-0.8,,-4.1,2.1,0.0,3.1,-8.2,-6.5,8.2,3.7,2.6,0.4,,4.4,0.4,0.0,17.2,0.0,-24.8,-61.5,-9.1,11.5,0.7,,-16.0,-37.8,0.0,1.0,3.02,-0.89,-0.71,-0.66,4.96,0.98,,-0.41,-1.06,0.0,0.273,0.652,0.473,0.573,0.821,0.754,0.528,22.0,4.4,89,86,120,90,90,91,94,0.94,97,107,95,103,97,99,122,96,93,86.1,12.5,205,0.052,113.7,1142,0.29,3942,0.1689999999999999,0.286,0.225,0.369,0.289,9.3,0.7305721605465414,0.5006622516556292,0.7482364796775277,2.497264817688525,0.35185185185185186,0.2037037037037037
30,2017,SFG,29,2372,5551,6137,1382,936,290,28,128,639,612,467,37,1204,36,52,31,136,76,34,0.249,2040,1467,843,138,23276,8400,14876,126,80,25,0.076,0.196,0.39,0.309,0.38,0.689,0.132,0.294,1.39,0.1939999999999999,0.469,0.337,0.094,0.087,0.062,0.313,0.296,-128.5,619,-136.7,-22.5,189.7,36.6,84.9,8.4,$67.6,4.2,83,-12.18,-114.92,102.73,-97.8,-9.8,1.04,1.31,293,-8.19,-3.54,0.5720000000000001,92.8,0.158,84.1,0.049,88.5,0.103,77.7,0.104,84.5,0.0069999999999999,84.7,0.006,75.6,0.006,,-43.8,-31.1,-11.0,-19.4,-14.7,3.2,-2.6,-0.33,-0.85,-0.96,-0.81,-0.61,1.97,-1.71,0.292,0.693,0.475,0.629,0.867,0.7879999999999999,0.457,0.603,0.1009999999999999,-3.4,0.408,,0.055,0.0139999999999999,0.0,0.16,0.155,0.08,0.026,0.001,0.094,,0.0069999999999999,,93.1,,88.4,85.8,85.2,92.0,84.2,76.9,80.8,67.5,84.3,,76.5,-1.3,,1.4,-3.9,-5.8,-2.4,1.8,3.2,3.1,1.5,-0.8,,-0.2,10.3,,6.3,5.1,6.4,6.5,2.9,-3.4,-3.5,-0.7,6.0,,3.1,-46.1,,-3.5,-1.4,0.3,-19.1,-34.0,-17.3,-9.9,0.6,-16.1,,-1.8,-0.49,,-0.27,-0.42,3.68,-0.52,-0.95,-0.93,-1.68,4.63,-0.75,,-1.18,0.26,0.6809999999999999,0.476,0.6,0.8540000000000001,0.787,0.512,22.7,14.1,-2.7,6.7,22 - 35,-140.1,21.2,-1.4,0.37,0.374,0.256,0.203,0.516,0.281,0.293,0.095,0.0,0.104,0.384,0.048,0.012,0.006,,0.178,0.158,,84.7,68.4,78.0,93.5,89.3,86.4,76.4,,92.4,84.8,,-1.3,9.6,2.8,-1.4,1.2,-3.9,0.8,,-2.5,1.7,,3.3,-7.6,-6.6,8.2,4.2,2.3,-0.1,,4.5,0.1,,-15.7,0.7,-20.2,-34.3,-15.5,-0.1,-1.5,,-18.6,-30.6,,-0.7,14.07,-0.83,-0.38,-1.38,-0.02,-1.04,,-0.45,-0.83,,0.259,0.672,0.476,0.5870000000000001,0.857,0.787,0.524,22.7,-1.3,95,85,93,93,87,75,96,0.94,106,96,63,94,107,101,109,105,87,86.7,10.6,200,0.045,114.0,1325,0.299,4430,0.16,0.261,0.242,0.381,0.298,8.9,0.7795109612141653,0.3205007824726135,0.8038129379175493,2.9619743289680702,0.345679012345679,0.20987654320987653
3,2018,BOS,29,2345,5623,6302,1509,915,355,31,208,876,829,569,38,1253,55,48,7,130,125,31,0.268,1915,1590,902,152,24653,9201,15452,144,17,4,0.09,0.1989999999999999,0.45,0.339,0.453,0.792,0.185,0.309,1.2,0.205,0.435,0.361,0.096,0.131,0.075,0.235,0.34,128.8,865,79.2,38.6,188.6,-15.2,318.1,32.7,$262.0,5.2,111,13.08,-102.76,115.84,116.17,11.2,0.95,1.56,96,7.49,6.23,0.55,93.1,0.181,84.2,0.049,88.7,0.0819999999999999,79.1,0.125,84.4,0.015,85.1,,,0.005,,89.5,6.0,7.2,4.6,28.6,3.2,,0.66,0.13,0.6,0.23,0.93,0.89,,0.299,0.6779999999999999,0.4589999999999999,0.664,0.872,0.7929999999999999,0.422,0.5870000000000001,0.095,0.0,0.356,,0.052,0.02,0.0,0.1939999999999999,0.173,0.072,0.016,0.0,0.1169999999999999,,,,93.5,,88.2,84.7,87.1,92.3,84.3,78.8,81.4,67.7,84.3,,,-2.5,,0.3,-4.6,-8.4,-3.8,1.2,2.2,4.3,10.3,-3.3,,,9.4,,4.9,2.6,6.6,5.4,1.0,-4.8,-5.9,-8.8,4.2,,,49.0,,3.9,7.1,0.1,21.1,-1.6,5.3,-0.9,0.0,22.1,,,0.56,,0.31,1.46,4.31,0.44,-0.04,0.3,-0.21,2.13,0.77,,,0.257,0.6559999999999999,0.4589999999999999,0.605,0.8640000000000001,0.7929999999999999,0.506,23.0,23.4,8.7,-8.7,21 - 37,79.2,26.9,-5.1,0.406,0.3379999999999999,0.255,0.165,0.492,0.344,0.322,0.1159999999999999,0.0,0.081,0.369,0.051,0.022,,,0.176,0.178,0.0,84.5,70.4,79.1,93.6,88.4,84.6,,,92.3,84.3,13.4,-3.0,9.6,2.9,-2.2,0.4,-4.4,,,-3.9,1.6,-0.9,2.8,-6.7,-7.0,8.2,4.0,1.2,,,4.1,-0.4,0.8,21.1,1.0,0.7,59.4,3.3,11.9,,,20.2,2.3,0.0,0.74,16.24,0.03,0.65,0.26,2.19,,,0.46,0.05,0.7,0.257,0.655,0.4589999999999999,0.607,0.8640000000000001,0.7929999999999999,0.507,23.0,22.8,107,109,91,106,109,111,105,0.96,103,99,103,99,99,103,93,105,97,89.8,12.4,372,0.084,117.5,1766,0.3989999999999999,4425,0.1669999999999999,0.262,0.262,0.449,0.34,32.3,0.886140724946695,0.37990867579908677,0.8011742304030467,3.562321030580166,0.5679012345679012,0.12962962962962962
9,2018,NYY,28,2269,5515,6271,1374,815,269,23,267,851,821,625,21,1421,62,59,10,107,63,21,0.249,1719,1576,834,169,25145,9582,15563,130,34,13,0.1,0.2269999999999999,0.44,0.329,0.451,0.781,0.202,0.285,1.09,0.2019999999999999,0.416,0.382,0.107,0.1689999999999999,0.076,0.382,0.335,105.3,838,88.2,-10.7,187.6,-14.8,279.1,28.7,$229.8,4.3,112,9.58,-103.68,113.26,109.38,10.7,0.95,1.7,70,11.72,-1.67,0.529,93.1,0.179,84.4,0.066,88.5,0.093,79.2,0.1169999999999999,84.3,0.013,84.9,0.002,77.3,0.003,,109.8,-19.9,-7.4,23.9,11.5,-4.8,-0.7,0.82,-0.44,-0.45,1.02,0.39,-1.49,-1.38,0.302,0.6629999999999999,0.451,0.611,0.852,0.757,0.412,0.589,0.109,1.9,0.331,,0.0579999999999999,0.016,0.0,0.2,0.175,0.0819999999999999,0.023,0.0,0.113,,0.002,,93.3,,88.5,84.9,86.9,92.5,84.7,78.6,81.5,67.2,84.2,,77.6,-2.0,,0.6,-6.5,-9.2,-3.7,1.4,2.3,1.9,6.8,-1.9,,-0.2,9.4,,4.5,3.1,4.2,5.6,1.3,-5.0,-6.9,-7.8,4.3,,0.9,50.8,,-13.6,-4.6,-0.2,43.4,-27.8,23.6,1.4,0.1,14.8,,-0.7,0.61,,-0.94,-1.18,-22.07,0.86,-0.63,1.15,0.25,4.26,0.52,,-1.31,0.258,0.655,0.451,0.5529999999999999,0.8420000000000001,0.757,0.486,23.1,-25.4,0.4,9.7,21 - 37,90.1,26.8,4.5,0.417,0.3429999999999999,0.24,0.177,0.4529999999999999,0.37,0.369,0.108,0.0,0.096,0.3339999999999999,0.061,0.02,0.002,,0.19,0.18,0.0,84.4,69.0,79.2,93.5,88.5,84.7,77.2,,92.5,84.6,0.0,-1.7,7.8,2.5,-1.8,0.9,-6.3,0.2,,-3.7,1.8,0.0,2.9,-7.7,-7.4,8.2,3.5,1.5,0.0,,4.4,-0.1,0.0,4.8,0.1,20.9,57.1,-9.9,-5.2,-0.7,,43.7,-16.7,0.0,0.18,4.5,0.87,0.68,-0.64,-1.02,-1.35,,0.91,-0.37,-0.66,0.257,0.6559999999999999,0.451,0.55,0.8420000000000001,0.757,0.487,23.1,10.0,100,120,104,103,108,121,97,0.95,98,105,133,102,100,97,101,96,104,89.4,13.5,363,0.087,121.7,1593,0.3829999999999999,4163,0.1669999999999999,0.276,0.245,0.433,0.331,29.9,0.881004847950639,0.5019976498237368,0.7734013713921225,2.941060206004355,0.5493827160493827,0.09876543209876543
22,2018,LAD,29,2574,5572,6358,1394,830,296,33,235,804,756,647,47,1436,61,39,39,119,75,24,0.25,1666,1587,887,168,25643,9654,15989,104,74,5,0.102,0.226,0.45,0.333,0.442,0.774,0.191,0.294,1.05,0.214,0.402,0.3829999999999999,0.106,0.148,0.062,0.068,0.333,87.6,830,87.9,13.9,190.2,39.1,340.2,35.0,$280.1,4.6,111,4.48,-110.21,114.68,121.09,13.32,1.01,1.24,354,13.42,-8.97,0.55,92.6,0.151,84.3,0.069,88.9,0.109,78.7,0.111,84.1,0.01,85.3,0.0,63.2,0.006,,73.1,-3.9,-4.1,6.0,9.8,3.7,0.0,0.52,-0.1,-0.23,0.22,0.34,1.45,-0.57,0.271,0.645,0.435,0.636,0.841,0.769,0.439,0.6,0.1009999999999999,4.7,0.369,,0.071,0.0139999999999999,0.0,0.179,0.147,0.084,0.0279999999999999,0.001,0.105,,0.0,,92.9,,88.7,85.4,86.3,91.9,84.4,77.9,80.9,61.9,84.0,,63.1,-1.6,,0.3,-3.8,-7.7,-1.6,1.1,1.9,2.2,4.1,-1.8,,-3.0,8.8,,4.7,2.8,5.2,5.3,1.2,-4.6,-4.9,-2.0,4.1,,2.6,38.3,,-9.9,3.2,2.1,22.6,-2.7,7.4,-2.8,0.4,4.3,,-0.1,0.41,,-0.56,0.91,23.21,0.5,-0.07,0.35,-0.39,1.51,0.16,,-1.65,0.2289999999999999,0.627,0.436,0.5670000000000001,0.836,0.768,0.518,22.6,53.0,1.6,10.5,21 - 39,92.6,4.3,-0.7,0.418,0.3389999999999999,0.243,0.172,0.439,0.389,0.365,0.104,0.001,0.106,0.382,0.068,0.013,,,0.152,0.146,0.0,84.1,67.0,78.8,92.9,88.9,84.7,,,92.1,84.3,0.0,-1.8,4.2,2.2,-1.0,0.4,-2.6,,,-2.7,1.4,0.0,2.7,-8.6,-6.4,7.6,3.5,1.0,,,3.8,-0.1,0.0,8.8,-0.4,2.6,35.2,-4.9,2.0,,,29.5,0.4,0.1,0.33,-2.73,0.09,0.36,-0.28,0.62,,,0.75,0.01,3.94,0.2289999999999999,0.626,0.436,0.564,0.836,0.768,0.52,22.6,17.9,99,113,105,102,106,117,98,0.98,93,110,116,104,98,97,96,95,108,89.2,14.5,348,0.083,115.3,1552,0.368,4214,0.186,0.286,0.243,0.427,0.329,34.2,0.7929292929292929,0.46766169154228854,0.774142812205096,3.7550440716057616,0.44785276073619634,0.15337423312883436
5,2018,CLE,30,2413,5595,6300,1447,915,297,19,216,818,786,554,32,1189,80,44,25,98,135,36,0.259,1780,1653,983,173,24592,9231,15361,107,59,15,0.088,0.1889999999999999,0.47,0.332,0.434,0.766,0.176,0.291,1.08,0.223,0.4029999999999999,0.374,0.105,0.131,0.06,0.254,0.33,79.8,816,41.3,3.3,188.5,-15.9,250.9,25.8,$206.6,4.9,106,-2.71,-106.53,103.82,53.95,4.99,0.94,1.23,97,2.87,-5.74,0.539,92.7,0.173,84.2,0.052,88.3,0.111,79.0,0.11,84.1,0.0139999999999999,85.7,0.001,75.4,0.005,,83.8,2.8,5.5,4.6,-1.1,-3.4,0.5,0.63,0.07,0.43,0.17,-0.04,-1.02,3.63,0.3,0.6729999999999999,0.457,0.674,0.8859999999999999,0.8059999999999999,0.422,0.5770000000000001,0.089,6.8,0.3389999999999999,,0.051,0.017,,0.198,0.174,0.086,0.026,0.001,0.106,0.0,0.001,,93.0,,88.5,85.0,,92.2,84.2,78.4,80.8,69.4,84.2,78.3,77.1,-1.9,,0.3,-4.6,,-3.9,1.0,1.9,3.0,7.4,-2.8,9.8,-2.6,9.0,,4.9,3.2,,5.5,0.9,-5.2,-5.7,-7.2,4.3,2.9,1.3,63.9,,4.2,-5.1,,9.0,-3.2,-0.2,0.2,1.0,1.1,-0.7,0.8,0.78,,0.34,-1.24,,0.19,-0.08,-0.01,0.03,6.28,0.04,-35.97,4.53,0.261,0.653,0.4579999999999999,0.623,0.879,0.8059999999999999,0.501,21.8,-12.6,8.6,-1.5,22 - 38,48.1,26.9,6.6,0.406,0.356,0.238,0.165,0.451,0.384,0.311,0.102,0.001,0.105,0.3339999999999999,0.054,0.02,0.001,,0.1939999999999999,0.1689999999999999,0.0,84.4,69.7,79.1,93.1,88.3,84.6,75.3,,92.3,84.2,0.0,-2.4,8.4,2.3,-1.5,0.5,-4.8,-0.1,,-4.0,1.4,0.0,2.9,-9.0,-7.2,7.9,4.0,2.0,-0.7,,4.4,-0.5,0.0,-5.3,1.0,-1.3,59.7,2.2,-2.4,0.5,,15.6,8.6,0.1,-0.21,6.03,-0.05,0.73,0.17,-0.48,3.63,,0.33,0.21,4.89,0.261,0.6509999999999999,0.4579999999999999,0.622,0.879,0.8059999999999999,0.503,21.8,8.1,104,106,87,104,104,105,99,1.05,95,103,103,99,104,96,94,96,108,88.8,13.8,299,0.067,114.5,1630,0.364,4477,0.165,0.254,0.259,0.428,0.333,26.8,0.8292581848321592,0.4224938875305624,0.8112698412698413,3.587075608045649,0.4382716049382716,0.12962962962962962
10,2018,OAK,29,2403,5579,6255,1407,838,322,20,227,813,778,550,18,1381,76,44,6,136,35,21,0.252,1681,1649,904,163,24930,9281,15649,117,14,0,0.088,0.221,0.4,0.325,0.439,0.764,0.187,0.294,1.02,0.214,0.397,0.389,0.099,0.138,0.07,0.0,0.329,75.3,806,89.0,7.1,187.2,-14.9,287.0,29.5,$236.3,3.5,112,4.55,-107.9,112.45,93.36,9.81,0.96,1.32,135,8.42,-3.69,0.5379999999999999,92.3,0.171,84.1,0.0579999999999999,87.8,0.109,79.5,0.108,83.4,0.015,84.9,0.002,75.1,0.003,,49.7,-2.0,11.2,-10.8,21.8,-2.9,-0.5,0.37,-0.05,0.77,-0.4,0.81,-0.76,-1.07,0.286,0.687,0.4589999999999999,0.64,0.852,0.777,0.432,0.605,0.103,-8.1,0.3379999999999999,,0.063,0.018,0.0,0.1969999999999999,0.1639999999999999,0.087,0.0289999999999999,0.0,0.103,0.0,0.002,,93.0,,87.7,84.6,86.3,91.3,84.1,78.4,81.9,68.8,83.5,78.7,75.1,-2.0,,0.2,-5.7,-6.8,-3.7,1.4,2.0,2.5,5.5,-1.0,7.6,-0.1,9.2,,5.0,2.8,4.4,5.4,1.2,-4.6,-5.2,-6.7,4.1,3.9,-0.1,13.4,,-5.4,-8.3,1.1,28.9,-3.2,-9.7,0.1,0.4,21.2,0.1,-0.5,0.16,,-0.34,-1.9,28.66,0.59,-0.08,-0.45,0.01,4.31,0.83,10.1,-1.19,0.242,0.6579999999999999,0.4589999999999999,0.574,0.845,0.777,0.522,22.2,-7.7,-5.1,1.8,22 - 41,80.9,26.7,-2.5,0.4029999999999999,0.349,0.248,0.155,0.447,0.3979999999999999,0.345,0.102,0.001,0.104,0.346,0.067,0.02,0.002,,0.187,0.1639999999999999,0.0,83.6,70.4,79.5,93.0,87.6,84.0,75.2,,91.3,84.1,0.0,-0.8,6.0,2.5,-1.8,0.3,-4.4,0.5,,-3.7,2.0,0.0,2.6,-6.3,-7.0,8.0,3.7,1.4,-1.5,,4.0,-0.3,0.0,22.4,-0.1,-12.5,20.9,4.0,-6.1,-0.7,,23.9,-2.0,0.1,0.88,-0.63,-0.48,0.24,0.24,-1.22,-1.56,,0.51,-0.05,5.21,0.241,0.6579999999999999,0.4589999999999999,0.575,0.8440000000000001,0.777,0.523,22.2,-2.8,101,106,101,102,105,112,100,1.01,94,107,108,98,102,100,88,95,112,89.5,15.0,352,0.083,115.3,1667,0.392,4248,0.1669999999999999,0.27,0.248,0.439,0.331,30.4,0.8143986683312526,0.4467404674046741,0.7792166266986411,3.425284541333161,0.4691358024691358,0.12962962962962962
21,2018,HOU,28,2348,5453,6146,1390,889,278,18,205,797,763,565,19,1197,61,45,14,156,71,26,0.255,1777,1623,869,176,23643,8873,14770,134,46,15,0.092,0.195,0.47,0.329,0.425,0.754,0.17,0.289,1.09,0.204,0.416,0.38,0.108,0.126,0.075,0.326,0.327,59.7,778,71.6,50.7,183.9,-14.6,318.7,32.8,$262.5,4.2,110,5.37,-104.76,110.13,97.88,10.33,0.97,2.06,91,7.01,-1.5,0.52,92.7,0.173,84.2,0.073,88.2,0.11,79.2,0.108,83.5,0.0139999999999999,85.2,0.003,76.4,0.003,,23.2,-8.6,3.2,7.7,15.3,-6.1,-1.4,0.19,-0.21,0.19,0.3,0.6,-1.84,-1.84,0.29,0.6509999999999999,0.4429999999999999,0.677,0.872,0.799,0.423,0.593,0.089,0.8,0.314,,0.078,0.015,0.0,0.205,0.168,0.078,0.033,0.0,0.105,0.0,0.003,,93.2,,88.0,84.7,87.3,91.8,84.2,78.3,80.7,67.8,83.5,77.5,76.5,-1.9,,0.5,-4.2,-8.0,-3.0,1.3,1.8,1.5,8.4,-0.5,9.2,-0.2,9.5,,4.9,2.9,3.5,5.9,1.3,-4.9,-5.4,-8.3,4.3,4.9,0.0,41.5,,-5.0,-9.6,0.2,-27.5,-0.3,1.3,4.0,0.9,12.1,0.0,-1.2,0.56,,-0.27,-2.66,2.32,-0.57,-0.01,0.07,0.51,10.43,0.49,0.0,-1.67,0.252,0.634,0.4429999999999999,0.63,0.866,0.799,0.501,23.5,36.1,0.0,1.2,21 - 35,72.5,26.2,-8.2,0.433,0.344,0.223,0.179,0.495,0.326,0.32,0.102,0.001,0.104,0.321,0.073,0.019,0.003,,0.196,0.178,0.0,83.6,68.4,78.9,93.2,88.3,84.3,76.3,,91.9,84.2,0.0,-0.3,8.5,1.7,-1.3,0.6,-4.2,0.0,,-3.6,1.8,0.0,2.8,-9.7,-7.0,8.3,4.0,1.0,-0.8,,4.6,-0.2,0.0,9.7,1.0,3.2,42.5,-3.0,-3.6,-1.5,,-23.4,-1.9,0.2,0.4,8.39,0.13,0.56,-0.17,-0.82,-2.11,,-0.5,-0.05,2.63,0.252,0.632,0.4429999999999999,0.632,0.865,0.799,0.503,23.5,14.5,102,111,89,103,102,102,98,0.96,98,104,99,105,101,90,102,106,92,88.0,13.5,260,0.06,114.7,1502,0.347,4323,0.18,0.2689999999999999,0.241,0.396,0.315,32.1,0.8326235093696763,0.411543287327478,0.8052391799544419,3.3491973545943035,0.49382716049382713,0.16049382716049382
24,2018,WSN,28,2441,5517,6288,1402,902,284,25,191,771,737,631,56,1289,59,40,41,104,119,33,0.254,1860,1464,875,150,24645,9075,15570,109,110,31,0.1,0.205,0.49,0.335,0.419,0.753,0.164,0.297,1.27,0.208,0.4429999999999999,0.349,0.102,0.13,0.059,0.282,0.325,51.5,786,6.1,-8.5,188.1,39.9,237.0,24.4,$195.2,4.8,101,-0.76,-111.66,110.9,67.42,7.26,1.02,1.34,293,4.33,-5.07,0.546,93.2,0.168,84.7,0.0579999999999999,89.7,0.099,79.1,0.1119999999999999,84.5,0.017,85.7,,,0.008,,64.3,-30.7,0.8,18.1,1.5,-5.1,,0.48,-0.74,0.05,0.74,0.06,-1.22,,0.289,0.6729999999999999,0.456,0.649,0.858,0.7829999999999999,0.435,0.609,0.099,7.0,0.353,,0.055,0.021,,0.1939999999999999,0.168,0.074,0.0289999999999999,,0.106,,,,93.4,,89.6,85.2,,92.8,84.8,78.4,80.3,,84.5,,,-2.4,,0.6,-3.8,,-4.0,1.2,1.5,3.8,,-2.5,,,9.0,,5.2,2.7,,5.6,1.5,-5.2,-5.5,,4.3,,,39.0,,-9.4,-4.1,,13.4,-22.8,17.2,-6.2,,-0.3,,,0.45,,-0.69,-0.8,,0.28,-0.55,0.95,-0.88,,-0.01,,,0.252,0.652,0.456,0.6,0.8490000000000001,0.782,0.511,22.3,31.4,6.6,-2.6,19 - 37,13.1,4.3,4.4,0.387,0.352,0.261,0.188,0.492,0.32,0.336,0.108,0.0,0.096,0.359,0.053,0.019,0.0,,0.18,0.172,0.0,84.7,75.8,79.0,93.5,89.6,84.8,82.3,,92.9,84.9,0.0,-2.6,10.4,2.5,-2.0,0.7,-3.1,-0.5,,-4.1,1.5,0.0,2.8,-7.6,-7.0,7.8,4.1,1.1,-1.6,,4.3,0.1,0.0,1.4,0.0,16.4,46.6,-3.1,-5.9,0.0,,9.4,-29.3,0.0,0.05,3.61,0.69,0.52,-0.24,-1.24,-1.96,,0.21,-0.68,3.61,0.252,0.6509999999999999,0.456,0.599,0.85,0.782,0.512,22.3,-6.7,100,112,95,102,100,101,99,0.95,102,100,102,96,101,104,105,107,89,88.4,11.8,298,0.069,115.1,1531,0.355,4309,0.17,0.2689999999999999,0.249,0.414,0.325,23.7,0.8328553871364195,0.3963683527885863,0.7950063613231553,3.8654474411049478,0.47530864197530864,0.1728395061728395
19,2018,COL,28,2368,5541,6178,1418,886,280,42,210,780,748,507,38,1397,51,37,42,114,95,33,0.256,1898,1374,863,118,23413,8382,15031,108,88,20,0.0819999999999999,0.226,0.36,0.322,0.435,0.757,0.179,0.304,1.38,0.209,0.4589999999999999,0.332,0.086,0.153,0.057,0.2269999999999999,0.325,47.3,769,-88.3,2.5,184.9,39.3,142.6,14.7,$117.4,5.2,88,2.35,-108.01,110.36,-11.4,-1.73,0.96,1.2,272,-1.65,4.09,0.5760000000000001,92.6,0.1689999999999999,84.4,0.049,89.3,0.0969999999999999,78.8,0.099,84.0,0.011,85.5,,,0.006,,31.9,-17.3,14.2,12.8,15.0,-0.6,,0.24,-0.44,1.23,0.57,0.65,-0.24,,0.32,0.703,0.486,0.622,0.847,0.763,0.434,0.617,0.115,0.1,0.382,,0.061,0.0139999999999999,,0.186,0.1639999999999999,0.077,0.025,0.0,0.091,,,,93.0,,89.0,84.8,,91.9,84.4,78.0,80.6,66.1,84.3,,,-1.5,,0.6,-3.5,,-1.3,1.1,1.6,2.7,5.9,-1.8,,,8.3,,4.9,2.7,,5.2,1.2,-4.7,-5.2,-6.3,3.9,,,-4.6,,9.7,-6.6,,17.7,-17.8,10.0,3.4,-0.1,18.5,,,-0.05,,0.69,-1.99,,0.41,-0.47,0.56,0.57,-0.75,0.88,,,0.28,0.6809999999999999,0.486,0.5539999999999999,0.8440000000000001,0.763,0.515,23.2,41.8,2.1,3.1,23 - 38,-88.3,4.2,-2.0,0.37,0.369,0.261,0.181,0.471,0.347,0.342,0.094,0.0,0.096,0.41,0.0559999999999999,0.015,,,0.158,0.162,0.0,84.1,67.3,78.6,92.9,89.1,84.5,,,91.9,84.6,0.0,-1.8,4.0,2.2,-1.0,0.7,-2.6,,,-2.2,1.2,0.0,2.5,-7.9,-6.4,7.2,3.7,1.1,,,3.9,0.0,0.0,15.3,0.5,3.8,8.8,9.5,-2.1,,,7.9,-4.8,0.0,0.69,5.93,0.17,0.09,0.71,-0.58,,,0.21,-0.12,0.97,0.2789999999999999,0.68,0.486,0.556,0.843,0.763,0.516,23.2,10.8,101,91,105,99,104,110,101,0.96,106,95,119,92,106,104,101,102,97,88.9,10.0,268,0.063,118.3,1551,0.367,4223,0.152,0.267,0.241,0.396,0.309,15.8,0.8129222972972973,0.4307692307692308,0.7738750404661703,3.1734670281678428,0.4785276073619632,0.08588957055214724
12,2018,TBR,27,2371,5475,6195,1415,948,274,43,150,716,664,540,17,1388,101,50,28,122,128,51,0.258,1867,1326,905,143,23677,8666,15011,126,67,23,0.087,0.2239999999999999,0.39,0.333,0.406,0.74,0.148,0.317,1.41,0.221,0.456,0.324,0.108,0.113,0.067,0.3429999999999999,0.322,37.4,761,48.9,-2.5,185.4,-15.5,251.0,25.8,$206.7,5.2,107,-2.68,-109.72,107.04,1.35,0.24,0.99,1.74,109,1.81,-4.51,0.5379999999999999,92.6,0.176,83.9,0.052,88.6,0.104,79.1,0.113,84.1,0.017,85.3,0.001,75.1,0.003,,48.0,-30.4,-4.9,17.6,-2.2,1.3,-0.4,0.38,-0.73,-0.4,0.71,-0.08,0.32,-2.64,0.317,0.69,0.472,0.625,0.848,0.7609999999999999,0.416,0.607,0.113,8.3,0.351,,0.049,0.018,,0.186,0.173,0.0819999999999999,0.0279999999999999,0.0,0.111,0.0,0.001,,93.0,,88.7,85.5,,91.9,84.1,78.1,81.8,66.7,84.1,79.4,75.5,-2.2,,0.5,-6.1,,-3.5,1.2,2.0,2.9,6.3,-2.7,11.6,0.0,9.6,,5.1,2.9,,5.7,1.0,-4.8,-6.0,-6.4,4.2,4.4,-1.2,37.6,,-2.7,-0.2,,1.8,-28.2,5.6,1.2,-0.1,-8.2,0.0,-0.6,0.45,,-0.23,-0.05,,0.04,-0.69,0.29,0.18,-2.11,-0.31,2.64,-3.81,0.276,0.665,0.472,0.56,0.8420000000000001,0.76,0.504,22.3,-18.0,1.0,-1.3,22 - 35,57.3,26.4,0.0,0.375,0.345,0.28,0.182,0.466,0.352,0.335,0.105,0.0,0.104,0.357,0.053,0.023,0.001,,0.178,0.176,0.0,84.1,69.3,79.0,93.0,88.7,85.2,75.1,,91.9,84.0,41.8,-2.5,8.9,2.3,-2.1,0.5,-5.7,-0.1,,-3.2,1.6,2.7,2.8,-10.7,-7.1,8.4,3.9,1.2,-3.1,,4.4,-0.5,-1.0,-1.7,0.7,6.6,43.1,1.3,-3.1,-0.5,,-3.5,-30.5,0.0,-0.07,9.92,0.27,0.51,0.11,-0.57,-3.31,,-0.08,-0.73,-2.12,0.275,0.664,0.472,0.557,0.8420000000000001,0.76,0.506,22.3,-12.1,103,105,103,105,98,89,108,1.04,108,89,89,91,101,113,104,99,99,87.7,10.3,227,0.054,114.4,1385,0.332,4166,0.16,0.273,0.239,0.377,0.309,22.9,0.8245466048080978,0.33519553072625696,0.7759483454398709,3.1852306586168773,0.41975308641975306,0.19753086419753085
23,2018,MIL,29,2496,5542,6210,1398,904,252,24,218,754,711,537,32,1458,58,41,29,128,124,32,0.252,1882,1323,888,128,24233,8694,15539,130,61,13,0.086,0.235,0.37,0.323,0.424,0.747,0.172,0.302,1.42,0.217,0.46,0.3229999999999999,0.0969999999999999,0.165,0.069,0.213,0.322,34.4,760,-0.5,46.0,185.8,34.3,272.9,28.1,$224.7,4.9,100,7.38,-106.41,113.8,46.21,4.86,1.0,1.21,285,6.08,1.3,0.5670000000000001,93.0,0.1689999999999999,85.0,0.052,88.9,0.108,78.6,0.096,84.8,0.008,86.0,,,0.005,,21.6,-9.7,3.0,7.0,12.0,-0.4,,0.16,-0.24,0.23,0.27,0.52,-0.22,,0.32,0.6559999999999999,0.465,0.625,0.8490000000000001,0.7609999999999999,0.432,0.607,0.111,3.0,0.3339999999999999,,0.053,0.011,0.0,0.23,0.1689999999999999,0.089,0.021,0.001,0.092,0.0,,,93.1,,88.8,85.0,85.8,92.8,85.0,78.0,80.3,66.9,84.9,76.6,,-2.0,,0.6,-3.8,-8.7,-5.0,1.4,1.0,3.0,7.4,-3.4,8.8,,8.8,,4.4,3.2,4.6,5.5,1.1,-5.4,-4.9,-7.5,4.0,2.9,,7.7,,1.3,-1.5,0.9,-0.5,-4.7,0.9,1.0,0.0,10.2,-0.2,,0.1,,0.1,-0.56,11.29,-0.01,-0.11,0.04,0.21,-0.15,0.46,-3.9,,0.276,0.644,0.465,0.556,0.843,0.76,0.515,22.0,80.3,8.2,2.9,22 - 38,2.5,4.2,-2.9,0.39,0.361,0.249,0.186,0.428,0.385,0.356,0.093,0.0,0.103,0.349,0.054,0.01,0.0,,0.213,0.171,0.0,85.0,67.6,78.5,93.2,88.8,84.7,87.8,,92.9,85.1,0.0,-3.2,7.7,1.4,-1.7,1.0,-3.3,3.3,,-5.0,1.9,0.0,2.6,-9.2,-7.3,7.6,3.2,1.4,1.5,,4.2,-0.2,0.0,11.6,-0.2,7.4,21.4,2.6,-0.8,0.1,,-11.3,-10.0,0.2,0.51,-1.47,0.3,0.25,0.2,-0.33,6.16,,-0.22,-0.24,2.53,0.276,0.645,0.466,0.556,0.8420000000000001,0.76,0.515,22.0,7.1,99,96,109,99,102,105,101,0.99,106,93,129,97,104,99,104,93,107,88.9,10.2,314,0.076,116.3,1569,0.377,4157,0.172,0.284,0.243,0.408,0.317,28.4,0.7752403846153846,0.4625994694960212,0.7652173913043478,3.2718135748804866,0.4539877300613497,0.1656441717791411
17,2018,CHC,29,2490,5624,6369,1453,966,286,34,167,761,722,576,67,1388,78,46,40,107,66,38,0.258,1952,1381,906,143,24240,8723,15517,161,83,14,0.09,0.218,0.41,0.333,0.41,0.744,0.152,0.313,1.41,0.214,0.46,0.326,0.104,0.121,0.0819999999999999,0.1689999999999999,0.321,27.2,771,1.2,17.1,190.6,37.5,246.7,25.4,$203.2,4.3,100,1.98,-109.19,111.17,60.75,6.36,0.99,1.21,277,6.65,-4.65,0.54,93.3,0.183,84.8,0.053,88.8,0.107,79.1,0.104,85.0,0.013,85.9,,,0.01,,46.8,-18.3,-1.9,0.7,14.0,3.9,,0.36,-0.41,-0.15,0.03,0.56,1.22,,0.322,0.6759999999999999,0.472,0.621,0.8490000000000001,0.76,0.425,0.608,0.113,-4.0,0.335,,0.055,0.0139999999999999,0.001,0.204,0.186,0.077,0.0279999999999999,0.0,0.1,0.0,,,93.5,,88.9,85.7,86.3,93.0,84.8,78.3,80.3,64.5,85.0,78.7,,-2.6,,0.4,-4.8,-8.1,-4.4,1.3,2.0,3.1,9.0,-3.4,9.4,,8.8,,4.6,3.0,5.8,5.6,1.2,-5.2,-5.6,-8.7,4.2,6.8,,15.0,,-4.8,-4.5,-0.8,8.7,-25.4,11.2,-7.5,0.2,16.9,0.0,,0.18,,-0.36,-1.3,-4.74,0.18,-0.57,0.6,-1.11,3.14,0.7,4.96,,0.283,0.6559999999999999,0.473,0.564,0.8390000000000001,0.758,0.508,22.6,54.6,-6.1,3.5,23 - 37,-2.8,4.3,4.8,0.405,0.341,0.254,0.196,0.487,0.317,0.335,0.1009999999999999,0.0,0.1009999999999999,0.356,0.053,0.015,0.0,,0.174,0.187,0.0,85.0,65.1,78.9,93.6,88.7,85.6,95.3,,92.9,84.8,0.0,-3.3,9.4,2.8,-2.1,0.7,-4.6,-8.9,,-5.0,1.5,0.0,2.7,-11.9,-7.0,7.6,3.4,1.4,7.0,,4.0,-0.1,0.0,17.2,-0.3,-3.6,22.7,-7.6,0.4,0.9,,13.8,-19.7,0.0,0.7,-12.59,-0.15,0.26,-0.58,0.12,86.68,,0.32,-0.43,0.78,0.283,0.6559999999999999,0.473,0.565,0.8390000000000001,0.758,0.508,22.6,-19.9,102,101,101,102,98,93,104,0.98,106,93,94,101,98,101,109,106,88,88.7,10.5,270,0.062,117.1,1550,0.358,4327,0.1639999999999999,0.278,0.245,0.394,0.315,26.7,0.814859437751004,0.35111695137976345,0.7820693986497096,3.5746971117894915,0.4601226993865031,0.2392638036809816
16,2018,ATL,27,2377,5582,6251,1433,915,314,29,175,759,717,511,53,1290,66,43,49,99,90,36,0.257,1839,1469,987,130,23760,8408,15352,119,88,17,0.0819999999999999,0.206,0.4,0.324,0.417,0.742,0.161,0.302,1.25,0.23,0.428,0.342,0.088,0.119,0.065,0.193,0.319,16.9,747,-31.1,30.2,187.0,38.5,241.2,24.8,$198.6,4.5,96,2.26,-107.49,109.76,52.75,5.68,0.98,1.15,247,3.22,-0.92,0.555,93.0,0.165,84.6,0.042,89.3,0.11,79.1,0.11,85.0,0.0139999999999999,86.1,0.003,76.0,0.009,,27.6,-9.1,-2.8,11.2,10.9,-0.3,-0.9,0.21,-0.23,-0.27,0.43,0.42,-0.09,-1.2,0.324,0.716,0.493,0.657,0.853,0.779,0.43,0.615,0.109,12.3,0.367,,0.0409999999999999,0.011,0.0,0.187,0.166,0.072,0.04,0.0,0.114,,0.003,,93.2,,89.4,86.6,86.8,92.4,84.8,78.6,79.9,66.3,84.9,,76.3,-2.1,,0.7,-5.7,-8.4,-3.1,0.8,2.1,2.8,4.6,-3.0,,-0.1,8.9,,4.6,2.4,7.3,5.5,1.4,-4.9,-5.7,-8.1,3.9,,0.9,28.3,,-5.9,-0.6,0.0,-13.5,-10.2,3.6,2.0,-0.4,7.8,,-0.8,0.33,,-0.61,-0.25,0.8,-0.31,-0.26,0.21,0.22,-5.77,0.29,,-0.99,0.285,0.6920000000000001,0.493,0.607,0.847,0.779,0.511,22.5,68.7,-0.2,11.0,20 - 39,-18.8,4.3,1.8,0.409,0.3379999999999999,0.253,0.1669999999999999,0.469,0.364,0.316,0.108,0.0,0.105,0.386,0.043,0.0139999999999999,0.003,,0.163,0.1669999999999999,0.0,85.1,67.3,79.0,93.3,89.3,86.1,76.1,,92.5,84.7,45.6,-2.9,-10.4,2.5,-1.7,0.8,-4.8,0.1,,-3.4,1.2,-2.1,2.6,-9.0,-6.9,7.7,3.6,0.9,-0.2,,4.0,0.0,4.9,13.8,0.0,11.9,24.4,-4.9,-3.3,-0.2,,-9.3,-12.3,-0.1,0.53,2.64,0.47,0.26,-0.48,-1.0,-0.24,,-0.24,-0.31,-3.92,0.285,0.6920000000000001,0.493,0.606,0.847,0.779,0.512,22.5,1.5,101,91,96,99,100,98,101,1.05,99,98,93,102,97,101,93,102,101,88.0,12.5,223,0.051,113.9,1471,0.336,4384,0.148,0.257,0.246,0.393,0.31,25.0,0.8178376104333193,0.3689064558629776,0.7936330187170053,3.2119192270001045,0.4506172839506173,0.16049382716049382
14,2018,TOR,28,2435,5477,6076,1336,783,320,16,217,709,680,499,15,1387,58,37,5,118,47,30,0.244,1689,1560,871,190,23482,8507,14975,110,12,3,0.0819999999999999,0.228,0.36,0.312,0.427,0.739,0.183,0.286,1.08,0.211,0.41,0.379,0.122,0.139,0.065,0.25,0.319,19.3,729,-2.5,-20.1,181.8,-16.4,147.3,15.2,$121.3,3.5,100,-1.38,-111.33,109.95,-23.43,-2.19,1.01,1.51,128,-0.5,-0.87,0.516,93.1,0.1889999999999999,84.2,0.054,88.6,0.105,79.7,0.118,84.4,0.016,85.5,0.001,77.2,0.002,,34.0,-12.7,-5.6,-5.6,3.0,2.5,-0.5,0.28,-0.29,-0.44,-0.23,0.11,0.67,-1.52,0.321,0.6829999999999999,0.472,0.601,0.85,0.7509999999999999,0.417,0.602,0.1169999999999999,-21.3,0.352,,0.052,0.019,,0.165,0.188,0.076,0.033,,0.114,,0.001,,93.5,,88.6,85.3,,92.2,84.3,78.6,81.8,,84.3,,77.5,-2.1,,0.5,-6.0,,-3.3,1.2,2.5,3.0,,-0.5,,-0.2,9.3,,5.3,3.0,,5.6,0.9,-5.3,-6.1,,3.9,,0.7,39.4,,-2.5,-1.2,,-11.1,-13.0,1.5,-6.2,,-2.5,,-0.6,0.48,,-0.2,-0.28,,-0.29,-0.29,0.08,-0.79,,-0.1,,-1.8,0.285,0.6559999999999999,0.472,0.535,0.8440000000000001,0.7509999999999999,0.502,21.7,-36.6,-6.0,-19.3,22 - 37,-23.8,25.9,-1.8,0.427,0.326,0.247,0.188,0.477,0.335,0.346,0.111,,0.107,0.363,0.052,0.021,0.001,,0.149,0.19,0.0,84.5,,79.9,93.7,88.6,85.4,77.1,,92.5,84.5,44.0,-0.4,,2.9,-1.7,0.7,-5.4,0.2,,-3.5,1.8,-3.8,2.5,,-7.3,8.1,4.2,1.4,-0.4,,4.3,-0.4,-1.1,2.5,,-8.7,42.3,-2.3,2.5,-0.5,,-13.1,-13.3,0.6,0.1,,-0.34,0.49,-0.18,0.5,-1.62,,-0.37,-0.3,13.8,0.285,0.6559999999999999,0.472,0.535,0.843,0.7509999999999999,0.504,21.7,15.3,98,99,105,98,103,110,97,1.0,97,104,109,104,96,100,107,102,94,89.2,13.8,346,0.084,115.5,1655,0.401,4132,0.165,0.283,0.247,0.43,0.325,14.4,0.7535934291581109,0.48970380818053605,0.771724818959842,3.013459315256332,0.4444444444444444,0.1728395061728395
18,2018,CIN,27,2402,5532,6240,1404,956,251,25,172,696,665,559,35,1376,65,35,49,128,77,33,0.254,1687,1425,1015,126,23713,8646,15067,107,113,28,0.09,0.221,0.41,0.328,0.401,0.729,0.148,0.307,1.18,0.246,0.409,0.345,0.088,0.121,0.063,0.248,0.317,7.3,736,-42.9,-11.1,186.7,36.7,166.1,17.1,$136.8,4.1,94,-6.77,-112.97,106.2,-17.75,-1.99,1.03,1.26,242,-2.97,-3.64,0.57,92.8,0.144,84.1,0.066,88.7,0.115,78.3,0.096,84.3,0.009,86.8,0.0,59.0,0.005,,-0.1,-10.8,13.6,-7.3,-11.3,0.1,-0.1,0.0,-0.32,0.87,-0.27,-0.5,0.03,-2.32,0.295,0.691,0.4679999999999999,0.65,0.862,0.7859999999999999,0.436,0.609,0.1,-7.6,0.392,,0.067,0.013,0.0,0.178,0.142,0.086,0.03,0.0,0.092,,0.0,,93.0,,88.8,86.2,86.3,92.3,84.0,77.6,79.8,69.1,84.2,,58.9,-1.8,,0.0,-3.6,-6.7,-4.0,1.4,0.9,3.0,7.5,-3.2,,-1.4,9.0,,4.7,2.8,7.3,5.8,1.1,-5.4,-6.1,-8.6,4.5,,-0.2,-9.7,,7.1,-3.6,0.1,6.2,-12.6,-2.0,-8.2,-0.1,-12.0,,-0.1,-0.1,,0.45,-1.18,5.56,0.15,-0.38,-0.1,-1.16,-6.02,-0.55,,-2.32,0.261,0.664,0.4679999999999999,0.603,0.853,0.785,0.514,22.4,25.6,-1.8,1.2,23 - 34,-50.5,4.3,-1.3,0.392,0.345,0.263,0.165,0.477,0.358,0.3379999999999999,0.091,0.0,0.115,0.402,0.067,0.012,,,0.1639999999999999,0.141,0.0,84.3,69.8,78.3,93.1,88.7,86.4,,,92.5,84.4,0.0,-3.0,2.7,1.6,-1.4,0.3,-3.5,,,-4.4,1.7,0.0,3.1,-8.1,-7.1,7.9,3.4,1.3,,,4.4,-0.2,0.0,-8.2,-0.3,-6.3,-6.5,14.4,-5.9,,,3.3,-16.5,-0.5,-0.38,-9.95,-0.23,-0.07,0.9,-2.01,,,0.08,-0.49,-10.7,0.261,0.6629999999999999,0.4679999999999999,0.599,0.8540000000000001,0.785,0.516,22.4,-21.7,100,100,102,100,96,90,102,1.13,95,99,94,98,99,105,92,103,100,87.3,13.4,236,0.0559999999999999,116.5,1344,0.317,4240,0.162,0.262,0.244,0.388,0.312,17.4,0.8172356369691923,0.3954022988505747,0.7794871794871795,3.007008147414925,0.4382716049382716,0.19135802469135801
28,2018,STL,27,2464,5498,6200,1369,907,248,9,205,759,725,525,40,1380,80,48,46,92,63,32,0.249,1768,1432,918,123,24262,8868,15394,135,94,18,0.085,0.223,0.38,0.321,0.409,0.73,0.16,0.294,1.23,0.223,0.429,0.348,0.086,0.143,0.076,0.191,0.316,2.2,727,-5.0,-36.1,185.5,38.3,176.2,18.1,$145.1,3.7,99,7.37,-104.48,111.85,72.91,7.61,0.98,1.29,248,4.65,2.85,0.573,92.7,0.176,84.5,0.052,88.9,0.098,78.4,0.09,84.3,0.01,85.7,,,0.006,,38.9,-23.3,-5.6,2.5,2.5,-3.2,,0.28,-0.54,-0.44,0.11,0.11,-1.3,,0.298,0.6559999999999999,0.4529999999999999,0.613,0.86,0.768,0.432,0.607,0.105,-10.8,0.364,,0.0579999999999999,0.0139999999999999,,0.206,0.173,0.075,0.022,0.0,0.086,0.0,,,92.9,,88.8,85.7,,92.4,84.5,77.5,80.4,66.8,84.2,77.3,,-2.0,,0.6,-4.0,,-4.6,1.6,1.1,3.4,7.9,-2.5,8.1,,8.9,,4.9,3.1,,5.6,1.2,-4.9,-5.3,-8.0,4.3,3.4,,10.7,,-6.3,-6.1,,8.3,-32.1,9.8,-3.9,-0.7,0.6,0.1,,0.12,,-0.45,-1.75,,0.17,-0.76,0.54,-0.72,-9.9,0.03,3.8,,0.258,0.633,0.4529999999999999,0.551,0.8490000000000001,0.767,0.52,22.2,2.2,-4.0,8.6,21 - 36,-15.8,4.2,8.3,0.416,0.331,0.252,0.1689999999999999,0.44,0.391,0.34,0.085,0.0,0.096,0.377,0.053,0.015,,,0.186,0.178,0.0,84.4,67.3,78.6,93.0,88.9,85.4,,,92.4,84.6,0.0,-2.3,3.9,1.8,-1.7,0.8,-3.6,,,-4.8,2.0,0.0,2.9,-8.7,-6.5,7.7,3.7,1.6,,,4.2,-0.1,0.0,-0.9,-0.5,3.1,27.7,0.2,-3.6,,,-3.1,-32.0,-0.3,-0.04,-7.32,0.13,0.3,0.01,-1.02,,,-0.07,-0.74,-5.53,0.259,0.633,0.4529999999999999,0.5489999999999999,0.85,0.767,0.52,22.2,-1.2,98,94,103,98,98,98,98,1.02,99,100,112,104,95,101,94,95,109,88.8,12.2,320,0.076,117.2,1535,0.364,4215,0.178,0.283,0.243,0.416,0.32,21.4,0.7686688311688312,0.4321475625823452,0.7774193548387096,3.111733399265133,0.48148148148148145,0.1419753086419753
13,2018,TEX,28,2300,5453,6163,1308,824,266,24,194,737,696,555,16,1484,88,34,33,104,74,35,0.24,1732,1384,834,137,24519,9009,15510,118,86,26,0.09,0.241,0.37,0.318,0.404,0.722,0.164,0.292,1.25,0.211,0.4379999999999999,0.35,0.099,0.14,0.068,0.302,0.315,-2.0,718,-84.6,-19.1,184.4,-14.9,93.7,9.6,$77.1,4.3,89,-8.26,-109.95,101.69,-40.45,-4.43,0.99,1.76,81,-4.49,-3.88,0.537,92.8,0.181,83.9,0.062,88.3,0.102,79.4,0.105,84.1,0.013,85.3,,,0.002,,15.5,-23.5,-9.1,1.7,12.3,4.7,,0.12,-0.53,-0.6,0.07,0.48,1.5,,0.315,0.645,0.4539999999999999,0.619,0.848,0.757,0.422,0.591,0.111,1.6,0.3379999999999999,,0.066,0.0139999999999999,0.0,0.196,0.171,0.083,0.0289999999999999,0.0,0.102,,,,93.2,,88.5,84.5,86.4,92.0,84.0,78.3,82.1,67.8,84.2,,,-2.0,,0.4,-4.7,-7.4,-1.8,0.8,1.9,3.1,6.8,-2.6,,,9.3,,5.0,2.6,5.0,5.5,1.0,-4.8,-5.2,-8.0,3.7,,,1.7,,-7.8,2.8,0.4,-1.6,-22.4,1.5,-5.7,-0.4,12.8,,,0.02,,-0.49,0.82,6.45,-0.03,-0.53,0.07,-0.79,-10.76,0.51,,,0.278,0.629,0.4539999999999999,0.5660000000000001,0.8390000000000001,0.7559999999999999,0.503,22.9,-34.0,-3.0,6.9,22 - 45,-83.0,26.3,3.3,0.405,0.34,0.255,0.172,0.455,0.373,0.362,0.102,0.0,0.104,0.351,0.066,0.015,0.0,,0.18,0.178,0.0,84.3,69.4,79.2,93.4,88.6,84.7,90.8,,92.0,84.1,80.6,-2.5,8.4,2.5,-1.7,0.5,-5.0,7.4,,-2.0,1.0,4.6,2.3,-11.0,-6.9,8.1,4.0,1.1,1.7,,4.1,-0.4,-8.2,6.1,-0.2,1.8,-13.4,-4.8,8.4,0.0,,16.7,-28.6,-0.1,0.24,-7.88,0.07,-0.16,-0.29,2.24,2.64,,0.38,-0.65,-6.1,0.2769999999999999,0.629,0.4539999999999999,0.565,0.8390000000000001,0.7559999999999999,0.504,22.9,-23.9,96,108,110,100,97,99,99,0.99,104,96,110,99,100,103,98,97,105,88.2,11.9,293,0.073,117.5,1380,0.342,4036,0.174,0.285,0.232,0.392,0.311,11.3,0.81,0.4211668928086839,0.7592081778354698,3.400863005446,0.4382716049382716,0.19135802469135801
1,2018,LAA,28,2467,5472,6108,1323,837,249,23,214,721,690,514,38,1300,73,39,7,111,89,22,0.242,1736,1550,906,185,23751,8769,14982,130,26,6,0.084,0.213,0.4,0.313,0.413,0.726,0.171,0.277,1.12,0.216,0.414,0.37,0.119,0.138,0.075,0.231,0.313,-4.4,709,-16.6,15.4,182.8,-14.2,197.4,20.3,$162.5,4.6,98,1.33,-100.06,101.39,11.08,1.22,0.93,1.38,113,3.28,-1.84,0.5479999999999999,92.6,0.1689999999999999,84.2,0.072,88.1,0.096,79.0,0.107,83.4,0.009,85.9,,,0.006,,4.3,-14.9,-2.3,16.2,-10.3,0.5,,0.03,-0.37,-0.14,0.71,-0.41,0.25,,0.293,0.6579999999999999,0.452,0.6459999999999999,0.858,0.7809999999999999,0.436,0.599,0.099,4.0,0.344,,0.076,0.008,,0.201,0.165,0.072,0.027,0.0,0.106,0.0,,,93.1,,88.1,85.0,,91.6,84.3,78.2,80.9,68.5,83.5,78.7,,-2.4,,0.5,-4.5,,-3.3,1.4,1.4,2.9,6.6,-1.2,9.2,,9.4,,5.3,2.9,,5.3,1.3,-5.2,-5.1,-7.6,4.2,2.2,,-5.2,,-6.0,-2.1,,-4.2,-15.6,-3.0,13.0,-0.4,-5.7,-0.3,,-0.06,,-0.33,-1.07,,-0.09,-0.4,-0.18,2.04,-6.2,-0.23,-13.87,,0.248,0.639,0.452,0.586,0.8490000000000001,0.78,0.522,23.1,1.2,5.5,-2.4,21 - 38,-12.6,26.1,-0.3,0.449,0.3339999999999999,0.217,0.185,0.441,0.374,0.332,0.1009999999999999,0.0,0.095,0.349,0.075,0.013,,,0.192,0.1669999999999999,0.0,83.6,70.0,78.8,93.3,88.3,84.4,,,91.6,84.3,0.0,-1.0,6.4,2.0,-2.0,0.6,-3.3,,,-3.3,1.9,0.0,2.8,-9.5,-7.0,8.2,4.4,1.2,,,4.0,-0.1,0.0,-3.6,-0.1,17.8,-16.2,-5.6,-3.6,,,11.1,-22.9,-0.1,-0.15,-2.38,0.79,-0.19,-0.31,-1.15,,,0.24,-0.58,-5.67,0.248,0.638,0.452,0.584,0.85,0.78,0.523,23.1,5.7,97,101,98,98,99,103,94,1.02,98,102,108,109,98,87,105,94,105,88.2,13.5,317,0.075,118.0,1548,0.367,4221,0.177,0.276,0.244,0.41,0.318,20.0,0.7446291041751115,0.4748959778085992,0.7871643745907007,3.2875682816720206,0.41975308641975306,0.17901234567901234
8,2018,MIN,28,2351,5526,6154,1379,874,317,22,166,738,704,534,25,1328,37,38,19,89,47,27,0.25,1685,1611,912,162,24509,8979,15530,106,46,13,0.087,0.216,0.4,0.318,0.405,0.723,0.155,0.298,1.05,0.217,0.4,0.3829999999999999,0.1009999999999999,0.103,0.063,0.283,0.313,-7.9,711,-31.1,-1.4,184.1,-15.0,159.6,16.4,$131.4,3.7,96,-1.84,-108.82,106.98,-12.97,-1.28,1.0,1.34,102,-4.67,2.83,0.563,92.9,0.17,83.8,0.05,88.5,0.105,79.0,0.099,84.4,0.0139999999999999,86.1,,,0.004,,10.1,-16.8,0.6,-1.4,-0.7,8.2,,0.07,-0.4,0.05,-0.05,-0.03,2.45,,0.288,0.657,0.451,0.64,0.872,0.789,0.441,0.6,0.095,-3.4,0.369,,0.049,0.012,,0.196,0.1639999999999999,0.0819999999999999,0.026,0.001,0.1009999999999999,0.0,,,93.2,,88.2,85.6,,92.3,84.0,78.2,81.5,69.3,84.4,76.4,,-2.3,,0.1,-4.5,,-3.3,1.0,1.4,3.3,6.8,-2.9,9.7,,8.9,,4.4,2.9,,5.4,0.6,-5.1,-5.8,-7.1,4.0,4.9,,15.8,,-3.7,2.9,,-9.1,-16.0,-7.0,2.0,-0.3,3.3,-0.2,,0.18,,-0.32,1.01,,-0.19,-0.4,-0.35,0.33,-2.2,0.14,-5.66,,0.262,0.628,0.45,0.595,0.865,0.7879999999999999,0.512,22.9,-16.3,-5.1,0.4,22 - 41,-34.5,26.3,5.3,0.402,0.345,0.253,0.176,0.457,0.367,0.33,0.095,0.001,0.098,0.372,0.053,0.015,,0.0,0.179,0.166,0.0,84.5,69.1,78.9,93.4,88.3,85.6,,75.5,92.4,83.9,0.0,-2.6,8.1,1.9,-1.9,0.6,-4.9,,8.8,-3.6,1.3,0.0,2.6,-9.1,-7.2,7.8,3.3,1.6,,2.0,4.1,-0.8,0.0,5.6,-0.3,0.4,16.2,1.5,1.0,,-0.1,-10.0,-19.6,0.2,0.24,-2.65,0.02,0.18,0.12,0.26,,-6.53,-0.23,-0.48,5.87,0.262,0.627,0.45,0.596,0.8640000000000001,0.7879999999999999,0.514,22.9,-0.9,100,105,99,100,97,93,101,1.02,95,105,81,98,101,102,100,97,103,87.9,14.3,275,0.065,114.6,1425,0.335,4255,0.18,0.275,0.237,0.39,0.307,16.7,0.8136962994470438,0.3598915989159892,0.7842053948651284,2.9042697203764765,0.46296296296296297,0.14814814814814814
11,2018,SEA,29,2373,5513,6087,1402,938,256,32,176,677,644,430,17,1221,70,41,29,128,79,37,0.254,1928,1456,903,138,23088,8306,14782,123,75,16,0.071,0.201,0.35,0.314,0.408,0.722,0.154,0.295,1.32,0.211,0.45,0.34,0.095,0.121,0.064,0.213,0.313,-11.0,700,-1.3,-6.2,182.1,-15.9,189.2,19.5,$155.8,4.2,100,2.76,-107.83,110.59,-24.1,-2.64,1.01,1.9,102,-1.79,4.53,0.562,92.7,0.171,83.9,0.052,88.3,0.095,79.7,0.099,83.7,0.0139999999999999,85.4,0.006,74.5,0.003,,-17.9,-9.3,-1.2,-6.6,8.5,3.2,3.5,-0.14,-0.23,-0.1,-0.3,0.37,0.95,2.36,0.311,0.67,0.466,0.633,0.882,0.787,0.431,0.603,0.099,4.5,0.34,,0.05,0.017,0.0,0.2189999999999999,0.1689999999999999,0.078,0.0289999999999999,0.001,0.091,0.0,0.006,,93.2,,88.5,85.3,87.3,91.9,84.2,78.7,81.8,68.3,83.8,77.9,74.9,-2.2,,0.4,-5.7,-7.8,-2.7,1.0,2.0,2.1,7.1,-2.1,9.3,-1.5,9.4,,4.9,2.8,4.7,5.7,1.2,-4.5,-5.2,-7.9,4.0,4.0,-0.7,-15.3,,-3.0,3.6,-0.2,-17.1,-19.2,6.3,-8.2,0.5,7.6,0.0,2.4,-0.2,,-0.26,0.92,-7.19,-0.34,-0.49,0.35,-1.25,4.09,0.36,1.32,1.75,0.278,0.644,0.466,0.5770000000000001,0.873,0.787,0.513,22.8,-22.2,-2.7,-1.7,24 - 44,3.2,26.0,-2.6,0.406,0.349,0.245,0.172,0.507,0.32,0.3,0.093,0.0,0.0969999999999999,0.36,0.051,0.02,0.006,,0.1969999999999999,0.17,0.001,83.8,68.8,79.5,93.2,88.5,84.3,74.5,,92.0,84.2,6.6,-1.9,8.0,2.1,-1.7,0.7,-4.4,-1.2,,-3.2,1.4,-0.4,2.4,-9.9,-6.7,8.0,3.8,1.2,-1.9,,4.4,-0.3,-0.8,3.5,0.7,-0.2,-5.4,0.3,6.0,3.3,,-21.8,-21.9,0.2,0.16,5.93,-0.01,-0.07,0.03,1.29,2.26,,-0.48,-0.56,1.26,0.2789999999999999,0.643,0.466,0.578,0.8740000000000001,0.787,0.513,22.8,6.9,102,85,92,99,98,92,100,0.99,106,93,95,99,102,99,98,108,90,88.7,11.3,271,0.062,117.0,1561,0.358,4366,0.171,0.27,0.259,0.419,0.323,19.3,0.7720185419300464,0.4159527326440178,0.799408575653031,2.7794818789433764,0.3888888888888889,0.16666666666666666
27,2018,PIT,27,2293,5447,6066,1381,896,290,38,157,692,665,474,38,1229,59,52,31,121,70,38,0.254,1858,1467,904,133,23553,8377,15176,133,71,18,0.078,0.203,0.39,0.317,0.407,0.725,0.154,0.298,1.27,0.214,0.439,0.347,0.091,0.107,0.072,0.254,0.312,-15.6,693,-38.5,0.2,181.5,36.9,182.7,18.8,$150.4,4.4,95,-0.52,-104.18,103.66,13.8,1.5,0.97,1.18,264,-0.22,-0.31,0.556,92.7,0.1689999999999999,84.2,0.0579999999999999,88.5,0.104,78.4,0.099,84.3,0.0139999999999999,85.2,,,0.006,,-12.8,-5.7,-9.5,7.8,12.5,-3.8,,-0.1,-0.14,-0.69,0.32,0.54,-1.16,,0.314,0.6920000000000001,0.478,0.648,0.86,0.7809999999999999,0.435,0.614,0.105,-1.6,0.346,,0.0559999999999999,0.018,0.0,0.209,0.172,0.077,0.026,0.0,0.095,0.0,,,92.9,,88.7,85.3,85.5,92.4,84.2,77.9,79.5,68.1,84.2,78.3,,-2.1,,0.4,-4.8,-9.3,-3.8,1.3,1.5,2.9,6.0,-2.4,10.0,,8.9,,4.8,3.3,5.4,5.7,1.4,-5.5,-5.5,-6.8,4.4,1.5,,-10.2,,-11.6,-5.9,-0.4,-18.0,-10.6,12.2,-5.9,-1.1,13.1,-0.7,,-0.13,,-0.88,-1.39,-9.73,-0.37,-0.26,0.67,-0.98,-9.65,0.59,-71.94,,0.273,0.672,0.479,0.594,0.852,0.7809999999999999,0.516,22.4,37.1,-4.9,-4.1,23 - 35,-40.0,4.1,-4.3,0.3829999999999999,0.349,0.268,0.191,0.486,0.3229999999999999,0.307,0.094,0.0,0.099,0.362,0.0579999999999999,0.019,,,0.188,0.173,,84.3,69.0,78.3,93.0,88.6,85.2,,,92.5,84.3,,-2.3,6.9,2.1,-1.7,0.7,-4.5,,,-4.1,1.6,,2.9,-9.2,-7.3,7.8,3.7,1.8,,,4.3,0.0,,15.6,-0.8,6.7,-14.4,-9.1,-5.6,,,-10.5,-9.0,,0.7,-7.81,0.29,-0.17,-0.66,-1.28,,,-0.24,-0.22,,0.271,0.6729999999999999,0.478,0.5920000000000001,0.852,0.7809999999999999,0.516,22.4,-10.1,100,87,94,97,98,94,99,0.98,102,99,84,95,101,107,106,105,90,88.2,12.1,263,0.061,115.6,1491,0.346,4304,0.163,0.268,0.247,0.397,0.311,19.1,0.8089838639337112,0.36300578034682085,0.7973953181668315,3.043116659973979,0.4658385093167702,0.19875776397515527
26,2018,PHI,27,2474,5424,6136,1270,813,241,30,186,677,653,582,33,1520,64,32,32,102,69,26,0.234,1662,1459,774,175,24615,8956,15659,112,72,17,0.095,0.248,0.38,0.314,0.393,0.707,0.158,0.289,1.14,0.1989999999999999,0.427,0.375,0.12,0.127,0.067,0.236,0.307,-40.4,676,-71.4,-34.0,183.6,35.1,116.6,12.0,$96.0,4.4,91,-4.06,-102.09,98.03,-15.87,-1.4,0.95,1.16,295,-4.27,0.0,0.561,93.1,0.151,84.9,0.05,89.4,0.104,78.8,0.124,84.7,0.011,84.8,,,0.005,,-7.0,-35.9,1.6,12.4,-12.8,-3.4,,-0.05,-0.97,0.13,0.48,-0.42,-1.28,,0.299,0.66,0.457,0.581,0.843,0.747,0.4379999999999999,0.611,0.1159999999999999,-0.9,0.358,,0.053,0.015,0.0,0.1989999999999999,0.153,0.083,0.019,0.0,0.119,,,,93.2,,89.4,84.7,86.0,92.7,84.8,78.1,80.6,66.7,84.7,,,-2.5,,0.6,-4.1,-7.6,-3.4,1.0,2.5,0.6,6.8,-2.4,,,9.3,,5.1,3.4,5.3,6.6,1.4,-5.4,-6.6,-6.0,5.4,,,-12.6,,-10.3,-5.8,-0.1,1.9,-31.3,4.9,4.3,-0.4,-8.7,,,-0.14,,-0.79,-1.56,-1.19,0.04,-0.84,0.24,0.91,-14.98,-0.3,,,0.26,0.64,0.457,0.525,0.828,0.745,0.518,22.9,1.1,-0.3,-0.9,22 - 37,-72.3,4.2,4.1,0.407,0.35,0.243,0.221,0.488,0.291,0.373,0.115,0.0,0.103,0.377,0.048,0.018,,,0.172,0.153,0.0,84.9,68.5,78.9,93.4,89.5,84.4,,,92.7,85.0,22.7,-3.3,7.2,2.6,-2.2,1.1,-4.2,,,-4.1,1.6,-1.1,3.0,-8.0,-6.9,7.9,4.1,1.6,,,4.2,0.2,1.9,-11.6,-0.3,13.1,-11.6,0.9,-7.0,,,4.5,-39.1,-0.6,-0.41,-9.14,0.51,-0.12,0.08,-1.6,,,0.11,-1.04,-14.08,0.258,0.6409999999999999,0.457,0.523,0.828,0.745,0.519,22.9,6.4,92,106,115,96,94,97,96,0.91,99,107,100,101,101,97,123,106,81,88.1,13.2,260,0.065,116.6,1392,0.351,3970,0.175,0.291,0.227,0.375,0.302,13.3,0.7485852869846402,0.43958641063515513,0.7522816166883963,3.130503741710794,0.3765432098765432,0.18518518518518517
15,2018,ARI,29,2409,5460,6157,1283,798,259,50,176,693,658,560,36,1460,52,45,38,110,79,25,0.235,1752,1350,898,136,23968,8632,15336,108,83,11,0.091,0.237,0.38,0.31,0.397,0.707,0.162,0.286,1.3,0.225,0.4379999999999999,0.3379999999999999,0.1009999999999999,0.13,0.062,0.133,0.306,-47.7,672,-88.1,51.3,184.2,38.8,196.4,20.2,$161.7,5.2,88,-1.8,-109.41,107.61,-23.87,-2.39,1.01,1.29,257,-2.65,0.86,0.5660000000000001,92.7,0.1669999999999999,84.5,0.051,89.0,0.1,78.6,0.108,83.8,0.008,85.5,,,0.005,,-27.2,-0.6,-12.7,2.9,-2.1,-0.7,,-0.2,-0.01,-1.04,0.12,-0.08,-0.37,,0.298,0.659,0.455,0.622,0.8490000000000001,0.7659999999999999,0.436,0.617,0.107,5.9,0.36,,0.0579999999999999,0.012,,0.2,0.168,0.081,0.024,0.0,0.0969999999999999,,,,93.1,,89.2,85.0,,91.9,84.5,77.8,80.7,63.8,84.2,,,-2.0,,0.9,-6.7,,-1.9,1.3,1.3,2.8,-3.5,-1.9,,,8.8,,5.0,2.5,,5.7,1.4,-5.2,-4.8,3.1,4.1,,,-30.5,,-7.8,-2.4,,-6.5,-14.2,11.5,-6.7,0.0,-3.6,,,-0.35,,-0.57,-0.86,,-0.14,-0.35,0.59,-1.17,3.61,-0.16,,,0.26,0.64,0.455,0.5589999999999999,0.843,0.764,0.514,22.9,90.2,2.3,3.4,24 - 38,-82.2,4.2,1.4,0.3989999999999999,0.35,0.251,0.172,0.431,0.3979999999999999,0.357,0.106,,0.094,0.381,0.059,0.01,,,0.174,0.168,0.0,84.0,,78.3,93.1,89.1,84.1,,,91.9,84.6,11.8,-1.8,,2.0,-1.4,0.9,-6.1,,,-2.6,1.6,1.0,2.3,,-7.2,7.6,3.8,0.6,,,4.3,-0.1,-0.1,0.6,,8.0,-34.0,-11.1,-1.6,,,-0.8,-13.7,-0.1,0.03,,0.35,-0.37,-0.78,-0.65,,,-0.02,-0.34,-1.95,0.261,0.639,0.455,0.56,0.843,0.764,0.514,22.9,27.6,93,101,110,95,95,99,95,1.03,101,97,102,99,101,100,96,93,111,88.3,11.4,287,0.07,115.1,1418,0.347,4085,0.18,0.287,0.235,0.394,0.309,18.6,0.7650477376504774,0.4063492063492064,0.7628715283417249,3.007753954520162,0.3950617283950617,0.1728395061728395
25,2018,NYM,28,2333,5468,6177,1282,813,265,34,170,676,649,566,36,1404,73,42,28,116,71,39,0.234,1698,1553,828,183,24156,8739,15417,104,54,10,0.092,0.2269999999999999,0.4,0.312,0.389,0.701,0.154,0.283,1.09,0.203,0.416,0.381,0.118,0.109,0.061,0.185,0.305,-52.3,669,-45.7,-21.3,184.8,39.0,157.5,16.2,$129.7,4.3,94,-5.51,-111.12,105.61,7.65,0.37,1.01,1.45,256,-0.17,-5.27,0.557,92.8,0.151,83.7,0.061,89.4,0.102,78.8,0.115,84.6,0.013,85.4,0.002,76.2,0.005,,-12.7,-25.8,-5.0,3.8,-13.1,3.0,-0.6,-0.09,-0.71,-0.34,0.15,-0.47,0.92,-1.44,0.304,0.675,0.465,0.632,0.847,0.767,0.432,0.614,0.108,-3.5,0.357,,0.0579999999999999,0.018,0.0,0.1969999999999999,0.157,0.076,0.0279999999999999,,0.108,,0.002,,93.1,,89.5,85.2,86.0,92.2,83.9,77.9,80.3,,84.6,,76.5,-2.3,,0.5,-3.5,-8.2,-4.1,1.4,1.4,4.5,,-3.6,,-1.0,9.4,,5.5,2.5,6.2,6.2,1.3,-5.5,-6.4,,4.4,,0.7,-20.8,,-10.2,3.0,-0.1,-9.6,-29.4,6.3,0.3,,-15.3,,-0.6,-0.24,,-0.73,0.71,-1.34,-0.2,-0.78,0.34,0.04,,-0.59,,-1.52,0.261,0.655,0.465,0.5760000000000001,0.838,0.767,0.518,21.6,17.7,-5.1,7.6,22 - 37,-49.2,4.2,0.1,0.416,0.341,0.243,0.192,0.479,0.3289999999999999,0.346,0.109,0.0,0.096,0.374,0.055,0.018,0.002,,0.173,0.159,0.0,84.7,71.7,78.5,93.1,89.3,85.0,76.4,,92.2,84.1,0.0,-3.3,-2.6,2.5,-1.6,0.8,-3.0,-0.9,,-4.0,1.8,0.0,2.8,-7.5,-7.2,7.7,4.1,0.9,-0.7,,4.1,-0.2,0.0,-14.0,-0.2,10.1,-21.1,-5.7,3.1,-0.9,,-5.8,-31.1,-0.1,-0.52,-5.82,0.43,-0.23,-0.42,0.72,-2.32,,-0.14,-0.81,-4.8,0.26,0.6559999999999999,0.465,0.575,0.8370000000000001,0.767,0.518,21.6,-9.1,92,102,105,96,93,94,94,0.93,96,109,85,104,98,97,107,104,92,87.8,13.8,224,0.054,115.1,1376,0.3329999999999999,4134,0.17,0.278,0.231,0.371,0.301,16.3,0.7921131590227175,0.40236686390532544,0.7727051966974259,3.427293169685978,0.35185185185185186,0.21604938271604937
4,2018,CHW,27,2348,5523,6071,1332,851,259,40,182,656,639,425,18,1594,66,32,24,99,98,41,0.241,1770,1355,809,136,23715,8166,15549,123,51,16,0.07,0.263,0.27,0.302,0.401,0.703,0.16,0.304,1.31,0.206,0.45,0.344,0.1,0.134,0.069,0.314,0.304,-53.3,656,-60.3,-27.6,181.6,-15.5,102.7,10.6,$84.5,5.0,92,-9.09,-107.37,98.28,-81.08,-8.2,0.97,1.54,90,-6.78,-2.59,0.5529999999999999,92.7,0.172,84.0,0.047,88.1,0.11,79.6,0.107,84.2,0.012,85.0,,,0.003,,12.5,-34.1,-5.9,-8.5,-9.0,3.6,,0.1,-0.84,-0.53,-0.33,-0.36,1.28,,0.34,0.68,0.487,0.584,0.838,0.737,0.431,0.633,0.128,-1.4,0.345,,0.049,0.0139999999999999,,0.207,0.17,0.088,0.024,,0.104,,,,93.0,,87.7,84.6,,92.0,84.1,78.8,81.5,,84.2,,,-2.6,,0.4,-6.0,,-4.1,1.3,2.7,2.4,,-2.4,,,9.1,,4.2,3.0,,5.2,1.0,-4.8,-7.1,,4.0,,,-0.9,,-6.1,1.4,,0.1,-38.1,-10.5,-3.1,,-11.1,,,-0.01,,-0.52,0.44,,0.0,-0.95,-0.5,-0.55,,-0.45,,,0.299,0.66,0.486,0.514,0.8290000000000001,0.736,0.52,22.0,-43.1,-0.3,-7.2,22 - 36,-61.7,25.9,0.3,0.4039999999999999,0.3379999999999999,0.257,0.19,0.489,0.321,0.363,0.1009999999999999,,0.104,0.352,0.053,0.018,,,0.198,0.172,0.0,84.3,,79.2,93.1,87.7,84.2,,,92.1,84.1,15.8,-2.1,,2.7,-2.2,0.7,-5.7,,,-4.2,2.0,-0.7,2.6,,-7.2,7.9,3.2,1.6,,,4.0,-0.5,1.8,-12.0,,-3.9,1.6,-1.1,3.6,,,1.3,-48.0,-0.2,-0.5,,-0.16,0.02,-0.09,0.86,,,0.03,-1.18,-4.1,0.299,0.66,0.487,0.515,0.8290000000000001,0.737,0.52,22.0,-15.8,97,84,120,95,96,96,103,0.97,106,95,106,98,99,104,108,104,91,88.3,11.5,271,0.068,118.4,1433,0.36,3986,0.166,0.294,0.232,0.385,0.298,11.4,0.7482964224872232,0.44390243902439025,0.7374402899028167,2.8103678261852445,0.3765432098765432,0.17901234567901234
7,2018,KCR,27,2184,5505,6063,1350,883,283,29,155,638,606,427,13,1310,67,40,24,123,117,38,0.245,1726,1514,951,170,23328,8275,15053,106,66,16,0.07,0.216,0.33,0.305,0.392,0.697,0.146,0.293,1.14,0.2269999999999999,0.412,0.361,0.1119999999999999,0.102,0.061,0.242,0.303,-59.6,649,-91.4,-20.6,181.4,-14.4,79.5,8.2,$65.5,4.7,87,-15.39,-115.79,100.39,-115.93,-11.75,1.02,1.43,48,-11.36,-3.75,0.532,92.6,0.177,83.8,0.059,87.9,0.115,79.3,0.107,84.0,0.009,85.2,,,0.002,,-0.1,-43.1,-6.6,-4.0,-11.8,1.6,,0.0,-1.04,-0.48,-0.15,-0.47,0.74,,0.332,0.6890000000000001,0.483,0.611,0.865,0.764,0.423,0.617,0.114,-1.3,0.34,,0.057,0.009,,0.192,0.177,0.087,0.03,0.001,0.108,0.0,,,92.9,,88.0,84.2,,92.2,83.9,78.4,81.1,69.1,84.1,78.5,,-1.9,,0.7,-3.6,,-3.3,1.0,1.7,2.7,7.5,-2.4,9.7,,8.8,,3.8,2.3,,5.3,0.9,-4.6,-5.9,-7.9,3.7,3.7,,-29.1,,-4.5,5.1,,16.4,-41.4,-6.0,0.0,-1.2,-20.2,0.1,,-0.37,,-0.34,2.33,,0.37,-1.01,-0.3,0.0,-8.45,-0.8,6.12,,0.292,0.6729999999999999,0.483,0.556,0.853,0.764,0.503,22.1,-35.0,4.6,-8.8,21 - 36,-92.8,25.9,-3.2,0.4039999999999999,0.3379999999999999,0.257,0.168,0.4539999999999999,0.3779999999999999,0.312,0.104,0.001,0.11,0.344,0.059,0.012,,,0.185,0.182,0.0,84.2,69.2,79.1,93.0,87.9,83.7,,,92.1,83.9,0.0,-2.1,8.4,2.1,-1.6,1.0,-4.2,,,-3.5,1.4,0.0,2.4,-9.5,-6.8,7.7,3.1,1.2,,,4.1,-0.5,0.0,-19.7,-1.2,-8.5,-22.7,-7.5,7.4,,,14.1,-34.9,0.6,-0.82,-8.45,-0.33,-0.28,-0.55,2.74,,,0.33,-0.82,19.73,0.292,0.672,0.483,0.5579999999999999,0.852,0.764,0.504,22.1,-13.5,98,85,99,96,94,88,100,1.07,97,99,80,98,99,104,96,97,107,88.2,13.6,281,0.066,114.1,1476,0.347,4259,0.159,0.272,0.246,0.404,0.312,7.6,0.8136446886446886,0.3887147335423197,0.7839353455385123,2.695041128357143,0.36419753086419754,0.19753086419753085
2,2018,BAL,27,2313,5507,6034,1317,872,242,15,188,622,593,422,19,1412,57,35,13,132,81,22,0.239,1806,1491,794,162,23476,8346,15130,115,52,18,0.07,0.2339999999999999,0.3,0.298,0.391,0.689,0.152,0.286,1.21,0.1939999999999999,0.441,0.364,0.109,0.126,0.064,0.346,0.299,-77.6,627,-94.5,-43.8,180.5,-15.2,47.5,4.9,$39.1,3.8,87,-20.29,-112.42,92.13,-129.43,-13.09,0.99,1.5,97,-13.57,-6.9,0.526,92.8,0.17,84.2,0.065,88.4,0.1,79.5,0.115,83.9,0.017,85.8,0.0069999999999999,75.3,0.003,,-22.5,-26.8,-7.5,-13.8,-20.3,0.4,-2.7,-0.18,-0.67,-0.49,-0.59,-0.75,0.1,-1.55,0.33,0.6890000000000001,0.482,0.604,0.8440000000000001,0.75,0.425,0.605,0.121,-5.3,0.351,,0.063,0.017,,0.17,0.171,0.071,0.033,0.0,0.1169999999999999,,0.0069999999999999,,93.2,,88.7,85.4,,91.9,84.2,78.8,80.8,66.2,84.0,,76.0,-1.8,,0.7,-4.5,,-2.9,1.3,2.9,3.0,6.1,-0.7,,-0.8,9.6,,5.1,2.7,,5.6,1.3,-4.9,-6.1,-7.1,4.6,,-0.6,-8.5,,-3.7,0.6,,-25.7,-36.1,-10.8,-4.8,0.1,-18.3,,-2.7,-0.1,,-0.25,0.15,,-0.64,-0.9,-0.65,-0.62,0.86,-0.67,,-1.68,0.29,0.6709999999999999,0.482,0.5429999999999999,0.836,0.7490000000000001,0.506,22.4,-59.0,4.0,-6.3,22 - 35,-99.8,25.7,-7.3,0.406,0.3429999999999999,0.251,0.196,0.496,0.309,0.335,0.111,0.001,0.096,0.353,0.063,0.02,0.0069999999999999,,0.1689999999999999,0.175,,84.1,69.9,79.6,93.4,88.6,85.1,75.5,,92.1,84.3,,-0.5,7.6,3.1,-1.4,0.9,-4.3,-0.5,,-3.0,1.7,,3.2,-8.6,-7.4,8.4,4.1,1.2,-1.8,,4.3,-0.1,,-19.9,0.0,-14.4,-10.6,1.4,-0.9,-2.7,,-22.5,-37.2,,-0.76,-0.11,-0.64,-0.13,0.09,-0.19,-1.56,,-0.56,-0.9,,0.289,0.67,0.482,0.54,0.836,0.7490000000000001,0.507,22.4,-10.0,96,84,107,94,94,91,97,0.91,104,100,99,99,101,101,111,106,87,88.5,11.8,284,0.069,115.9,1476,0.356,4143,0.159,0.28,0.234,0.383,0.298,4.8,0.7518374405533939,0.48360128617363346,0.7659927079880676,3.1699551895394955,0.3333333333333333,0.24691358024691357
6,2018,DET,28,2323,5494,6029,1326,872,284,35,135,630,597,428,18,1341,52,40,15,110,70,30,0.241,1758,1464,932,161,23350,8111,15239,132,54,18,0.071,0.222,0.32,0.3,0.38,0.68,0.138,0.293,1.2,0.2239999999999999,0.423,0.352,0.11,0.092,0.075,0.3329999999999999,0.295,-95.5,609,-125.0,-27.0,180.4,-18.5,38.7,4.0,$31.9,4.5,83,-10.34,-112.82,102.48,-108.68,-10.87,1.01,1.63,75,-12.72,2.52,0.5529999999999999,92.8,0.16,84.1,0.045,88.3,0.109,79.4,0.118,83.8,0.012,85.1,0.003,74.8,0.002,,-51.4,-19.9,-11.4,3.1,4.9,-7.3,-2.1,-0.4,-0.53,-1.09,0.12,0.18,-2.55,-2.64,0.347,0.691,0.494,0.627,0.86,0.7659999999999999,0.427,0.605,0.1159999999999999,3.0,0.366,,0.049,0.0139999999999999,,0.186,0.155,0.081,0.031,0.0,0.114,0.001,0.003,,93.2,,88.1,83.5,,92.0,84.1,78.8,80.4,67.1,84.0,77.3,75.0,-2.5,,0.6,-4.5,,-4.5,1.8,2.2,2.9,8.6,-1.9,9.3,0.0,9.2,,4.6,2.6,,5.6,0.9,-4.6,-6.2,-7.9,4.3,3.7,-0.2,-30.4,,-15.5,-3.0,,-31.9,-24.9,7.1,-3.6,-0.6,-1.1,-0.9,-2.0,-0.36,,-1.37,-0.93,,-0.73,-0.69,0.37,-0.49,-5.19,-0.04,-7.83,-2.54,0.312,0.672,0.494,0.581,0.8490000000000001,0.7659999999999999,0.507,22.4,-45.4,-1.5,5.2,23 - 39,-121.9,25.7,2.7,0.411,0.332,0.257,0.179,0.46,0.361,0.316,0.11,0.0,0.104,0.369,0.049,0.019,0.003,0.0,0.18,0.161,0.0,84.0,67.2,79.2,93.3,88.2,83.7,74.8,76.3,92.0,84.1,88.7,-1.5,9.3,2.3,-2.1,0.9,-3.9,0.2,9.7,-4.6,2.5,3.0,2.9,-9.4,-7.0,8.0,3.7,1.0,-1.5,3.4,4.3,-0.5,0.3,4.5,-0.6,4.8,-29.2,-15.8,-6.2,-2.1,-0.5,-31.1,-22.4,-0.1,0.18,-5.91,0.2,-0.34,-1.38,-1.43,-2.66,-17.66,-0.74,-0.6,-6.27,0.311,0.6709999999999999,0.494,0.579,0.8490000000000001,0.7659999999999999,0.508,22.4,-7.1,97,86,102,94,91,83,100,1.06,100,97,72,100,97,104,102,98,102,87.6,13.1,241,0.057,114.4,1401,0.3329999999999999,4208,0.156,0.272,0.242,0.383,0.302,4.2,0.7550581145071029,0.34285714285714286,0.7775750539061204,2.8676824239221546,0.35802469135802467,0.19135802469135801
29,2018,SDP,27,2380,5486,6059,1289,847,250,30,162,617,583,471,28,1523,31,36,35,122,95,36,0.235,1843,1257,845,145,23771,8358,15413,135,89,16,0.078,0.251,0.31,0.297,0.38,0.677,0.145,0.294,1.47,0.214,0.467,0.319,0.115,0.129,0.073,0.18,0.294,-106.6,601,-116.3,6.0,181.3,34.1,114.0,11.7,$93.9,4.4,84,-9.77,-109.61,99.85,-75.49,-7.83,1.0,1.27,261,-7.12,-2.66,0.555,92.7,0.148,84.2,0.068,89.0,0.121,78.7,0.1009999999999999,83.9,0.008,85.2,,,0.005,,-51.0,-29.0,-0.2,-18.6,-18.0,0.4,,-0.39,-0.82,-0.01,-0.65,-0.75,0.23,,0.319,0.6659999999999999,0.47,0.612,0.836,0.75,0.434,0.617,0.1169999999999999,4.7,0.362,,0.069,0.011,,0.187,0.152,0.079,0.0409999999999999,0.0,0.0969999999999999,,,,93.0,,89.2,84.8,,92.0,84.2,77.2,81.2,65.2,83.9,,,-1.5,,0.4,-4.5,,-3.2,1.3,1.2,1.7,7.1,-1.5,,,9.1,,5.1,2.7,,5.7,1.5,-5.5,-4.9,-7.6,4.3,,,-45.5,,1.6,-3.1,,-16.4,-32.2,-12.8,-10.8,-0.3,-15.6,,,-0.54,,0.1,-1.23,,-0.38,-0.91,-0.7,-1.12,-4.97,-0.69,,,0.284,0.643,0.471,0.557,0.828,0.75,0.521,21.6,40.2,1.1,-2.9,21 - 37,-111.6,4.1,-3.9,0.392,0.357,0.251,0.198,0.433,0.369,0.356,0.093,,0.1169999999999999,0.3829999999999999,0.069,0.012,,,0.153,0.148,0.0,84.0,,78.6,93.1,89.2,84.5,,,92.0,84.4,0.0,-1.3,,1.6,-1.0,0.6,-3.3,,,-4.2,1.6,0.0,2.9,,-6.9,7.9,4.0,1.0,,,4.1,0.2,0.0,-18.1,,-19.0,-58.4,3.4,-2.3,,,0.1,-30.4,0.1,-0.81,,-0.68,-0.64,0.21,-0.79,,,0.0,-0.86,1.82,0.283,0.644,0.471,0.5539999999999999,0.83,0.75,0.52,21.6,4.1,93,87,117,91,91,89,98,0.98,108,91,101,97,103,100,110,94,103,88.5,9.6,227,0.0559999999999999,116.9,1362,0.3379999999999999,4034,0.174,0.291,0.228,0.361,0.288,9.8,0.7394957983193278,0.420097244732577,0.7486383891731309,2.634067186985996,0.2962962962962963,0.16049382716049382
30,2018,SFG,29,2412,5541,6113,1324,906,255,30,133,603,573,448,40,1467,49,42,33,113,77,34,0.239,1817,1357,902,130,23812,8411,15401,118,73,12,0.073,0.24,0.31,0.3,0.368,0.667,0.129,0.299,1.34,0.221,0.446,0.3329999999999999,0.096,0.098,0.065,0.1639999999999999,0.29,-128.9,585,-137.5,-17.7,182.9,36.6,71.0,7.3,$58.5,4.1,82,-8.58,-114.25,105.66,-82.15,-8.52,1.06,1.35,298,-9.45,1.35,0.556,92.8,0.163,84.3,0.059,88.7,0.105,78.7,0.106,84.0,0.011,85.9,,,0.006,,-50.6,-38.0,-0.1,-3.9,-29.7,-3.0,,-0.38,-0.98,-0.01,-0.16,-1.18,-1.12,,0.31,0.685,0.476,0.612,0.8440000000000001,0.759,0.442,0.617,0.115,2.6,0.363,,0.063,0.0139999999999999,,0.191,0.157,0.078,0.034,0.0,0.1,,,,93.1,,89.1,85.3,,92.2,84.3,77.4,81.5,66.5,84.2,,,-1.5,,0.6,-5.3,,-2.4,0.8,1.2,2.1,7.0,-1.1,,,9.0,,5.1,2.3,,5.4,1.1,-5.1,-4.6,-6.3,4.1,,,-49.5,,6.0,-4.7,,-18.7,-45.1,0.1,-7.8,0.1,-24.4,,,-0.57,,0.4,-1.39,,-0.41,-1.21,0.01,-0.97,2.77,-1.03,,,0.267,0.669,0.476,0.545,0.838,0.759,0.52,22.3,18.9,-1.8,-1.1,23 - 35,-134.9,4.2,0.0,0.3829999999999999,0.349,0.268,0.18,0.4589999999999999,0.362,0.335,0.102,0.0,0.1,0.369,0.065,0.0139999999999999,,,0.178,0.1639999999999999,0.0,84.1,66.4,78.4,93.2,88.9,85.2,,,92.2,84.4,0.0,-1.2,7.2,1.8,-1.1,0.7,-4.6,,,-2.7,1.0,0.0,2.6,-8.2,-7.1,7.8,3.9,0.7,,,4.1,-0.3,0.0,-29.0,0.1,-2.2,-47.6,0.4,-4.4,,,-14.6,-42.0,0.0,-1.19,2.77,-0.09,-0.54,0.03,-1.3,,,-0.34,-1.07,1.0,0.267,0.6679999999999999,0.476,0.546,0.8370000000000001,0.759,0.521,22.3,-9.6,94,82,111,92,88,79,100,1.01,103,95,77,95,100,107,100,99,101,87.6,11.7,223,0.054,114.2,1381,0.3329999999999999,4149,0.165,0.28,0.235,0.368,0.292,5.8,0.7346600331674958,0.3529021558872305,0.7600196302960903,2.712405363721074,0.3271604938271605,0.2222222222222222
20,2018,MIA,27,2434,5488,6083,1303,929,222,24,128,589,554,455,26,1384,73,31,32,119,45,31,0.237,1954,1260,878,138,23549,8303,15246,138,75,9,0.075,0.228,0.33,0.303,0.357,0.659,0.119,0.293,1.55,0.215,0.478,0.308,0.11,0.102,0.071,0.12,0.289,-130.2,580,-123.1,28.4,182.0,33.0,118.3,12.2,$97.4,3.5,83,-8.47,-107.41,98.94,-72.36,-8.01,1.01,1.1,281,-8.53,0.16,0.5539999999999999,93.0,0.174,84.7,0.048,89.7,0.113,78.9,0.096,84.5,0.0139999999999999,85.5,,,0.004,,-29.0,-49.6,-6.8,-15.6,-12.6,-4.9,,-0.22,-1.21,-0.6,-0.59,-0.56,-1.44,,0.315,0.6509999999999999,0.4629999999999999,0.633,0.86,0.774,0.44,0.603,0.105,-6.1,0.36,,0.05,0.018,,0.193,0.173,0.083,0.03,0.0,0.092,,,,93.1,,89.6,85.4,,92.5,84.7,78.3,80.2,68.0,84.5,,,-2.5,,0.5,-5.5,,-4.0,1.5,1.9,3.2,7.2,-2.3,,,9.4,,5.5,2.9,,5.8,1.3,-5.4,-5.8,-7.1,4.4,,,-39.4,,1.6,-6.6,,-4.1,-63.0,-11.4,-5.6,-1.7,-12.9,,,-0.47,,0.13,-1.57,,-0.09,-1.55,-0.58,-0.8,-15.54,-0.6,,,0.271,0.637,0.4629999999999999,0.573,0.85,0.773,0.526,21.8,61.4,-7.1,-7.2,22 - 38,-129.2,4.1,-1.5,0.381,0.368,0.251,0.193,0.476,0.331,0.3229999999999999,0.092,0.0,0.109,0.361,0.047,0.017,,,0.188,0.179,0.0,84.7,68.7,78.8,93.2,89.4,85.1,,,92.7,84.9,0.0,-2.3,7.1,2.7,-1.9,0.9,-4.8,,,-4.3,1.9,0.0,3.0,-9.3,-7.3,8.2,4.4,1.1,,,4.5,0.0,0.0,-11.3,-1.1,-14.0,-32.5,-2.6,-6.4,,,-7.5,-56.2,0.2,-0.52,-14.26,-0.54,-0.38,-0.23,-1.59,,,-0.17,-1.33,3.6,0.271,0.636,0.4639999999999999,0.573,0.8490000000000001,0.773,0.527,21.8,5.2,94,83,105,93,85,73,98,0.98,110,88,79,95,106,100,108,103,92,87.5,9.9,216,0.052,115.5,1358,0.326,4171,0.18,0.284,0.236,0.364,0.295,10.6,0.7222678718159409,0.3477079796264856,0.7724806838730889,2.7044074907040914,0.33540372670807456,0.22981366459627328
21,2019,HOU,28,2309,5613,6394,1538,899,323,28,288,920,891,645,17,1166,66,57,10,146,67,27,0.274,1842,1666,963,159,24710,9349,15361,120,41,13,0.1009999999999999,0.182,0.55,0.352,0.495,0.848,0.221,0.296,1.11,0.215,0.412,0.373,0.095,0.173,0.065,0.317,0.355,191.8,996,197.3,34.8,201.1,-15.1,445.2,43.2,$345.9,4.3,124,9.49,-104.18,113.67,150.88,15.12,0.93,1.58,81,14.74,-4.5,0.53,93.0,0.178,84.7,0.061,88.2,0.1,78.9,0.114,83.9,0.016,85.7,,,0.003,,99.2,39.1,2.1,24.5,6.0,0.7,,0.76,0.89,0.14,0.99,0.21,0.17,,0.293,0.6629999999999999,0.4479999999999999,0.682,0.884,0.807,0.419,0.604,0.086,-3.1,0.353,,0.068,0.013,0.0,0.178,0.172,0.081,0.021,,0.113,,,,93.2,,88.2,85.4,82.5,92.7,84.6,78.2,80.5,,84.0,,,-2.0,,0.3,-5.8,-6.5,-4.7,1.1,1.8,1.8,,-1.3,,,9.3,,4.7,2.7,0.7,5.8,1.3,-5.0,-5.0,,4.5,,,65.7,,-0.8,0.6,0.3,10.1,38.1,22.4,-1.4,,3.5,,,0.77,,-0.05,0.2,6.54,0.23,0.91,1.14,-0.29,,0.13,,,0.261,0.636,0.4479999999999999,0.632,0.88,0.807,0.498,23.3,19.7,-1.8,-3.7,22 - 36,194.3,30.1,-4.0,0.426,0.342,0.2319999999999999,0.1639999999999999,0.437,0.3989999999999999,0.3279999999999999,0.109,,0.092,0.357,0.063,0.019,0.0,,0.162,0.175,0.0,84.0,,78.7,93.3,88.4,84.9,90.7,,92.6,84.5,0.0,-1.1,,1.8,-1.9,0.5,-4.1,2.1,,-4.4,1.6,0.0,3.0,,-7.0,8.2,3.6,1.0,0.8,,4.2,-0.2,0.0,6.5,,24.9,57.7,-3.9,0.9,-0.1,,13.6,36.7,0.5,0.24,,1.09,0.65,-0.25,0.2,-6.53,,0.34,0.85,8.32,0.261,0.635,0.4479999999999999,0.631,0.88,0.807,0.499,23.3,-0.2,108,119,80,109,113,119,99,1.01,98,102,113,103,101,94,98,96,105,88.3,13.4,307,0.068,117.9,1604,0.355,4517,0.172,0.258,0.259,0.443,0.338,42.0,0.9454309224772629,0.5008695652173913,0.8176415389427588,4.001015897372411,0.5123456790123457,0.10493827160493827
8,2019,MIN,27,2320,5732,6392,1547,899,318,23,307,939,906,525,21,1334,81,41,10,101,28,21,0.27,1707,1738,978,184,24562,9035,15527,102,26,9,0.0819999999999999,0.209,0.39,0.338,0.494,0.832,0.224,0.3,0.98,0.221,0.386,0.3929999999999999,0.106,0.177,0.06,0.346,0.347,148.8,953,133.7,-10.7,201.0,-15.2,328.8,31.9,$255.4,3.5,116,8.64,-106.54,115.18,134.1,12.99,0.94,1.5,83,11.94,-2.77,0.505,93.3,0.184,84.2,0.061,88.3,0.107,79.4,0.127,84.7,0.015,85.4,,,0.003,,115.2,4.2,13.0,20.2,2.5,-0.5,,0.93,0.09,0.88,0.77,0.08,-0.14,,0.326,0.708,0.482,0.633,0.858,0.768,0.409,0.593,0.1119999999999999,-10.2,0.342,,0.065,0.015,,0.159,0.187,0.079,0.025,,0.127,,,,93.5,,88.5,85.3,,92.6,84.1,78.7,80.6,,84.7,,,-2.2,,0.7,-5.5,,-4.1,1.5,2.1,2.7,,-3.3,,,9.0,,4.3,2.2,,5.2,0.8,-5.4,-6.5,,4.4,,,63.2,,7.2,-0.3,,32.3,5.2,13.8,8.7,,1.5,,,0.76,,0.45,-0.08,,0.83,0.11,0.72,1.42,,0.05,,,0.294,0.684,0.482,0.58,0.856,0.769,0.482,23.5,-25.9,-6.8,-6.5,20 - 38,123.5,30.1,4.9,0.436,0.3279999999999999,0.237,0.157,0.43,0.414,0.3389999999999999,0.122,,0.099,0.346,0.055,0.017,,,0.153,0.196,0.0,84.7,,79.0,93.6,88.3,85.1,,,92.6,84.3,0.0,-3.3,,2.5,-2.1,1.0,-4.5,,,-3.7,1.8,0.0,3.0,,-7.5,7.9,3.3,0.8,,,4.0,-0.4,0.0,-4.9,,19.8,74.3,6.2,2.4,,,24.8,8.1,0.0,-0.16,,0.81,0.87,0.45,0.56,,,0.66,0.17,2.98,0.294,0.6829999999999999,0.482,0.58,0.856,0.769,0.483,23.5,3.4,106,97,91,104,112,120,101,1.04,91,108,115,105,97,96,94,95,109,89.7,14.9,447,0.1,117.0,1762,0.396,4452,0.148,0.26,0.263,0.487,0.347,31.8,0.8931034482758621,0.5231096911608094,0.7913016270337923,3.4857988540352762,0.5864197530864198,0.08024691358024691
9,2019,NYY,28,2312,5583,6245,1493,880,290,17,306,943,904,569,18,1437,49,33,10,113,55,22,0.267,1736,1548,876,160,25306,9396,15910,109,27,7,0.091,0.23,0.4,0.339,0.49,0.829,0.222,0.306,1.12,0.211,0.417,0.372,0.103,0.198,0.063,0.259,0.346,141.7,927,133.3,-28.0,196.4,-14.0,315.0,30.6,$244.8,4.1,117,12.96,-97.34,110.3,163.93,15.49,0.88,1.66,57,13.58,1.14,0.509,93.3,0.2019999999999999,84.6,0.0559999999999999,88.8,0.106,79.3,0.102,84.6,0.023,85.4,0.002,74.0,0.003,,84.7,1.4,7.9,8.3,19.8,4.4,0.9,0.66,0.03,0.56,0.31,0.77,0.77,1.61,0.307,0.687,0.4629999999999999,0.614,0.85,0.758,0.411,0.602,0.1119999999999999,-2.1,0.361,,0.066,0.022,,0.147,0.192,0.091,0.017,0.0,0.102,,0.002,,93.4,,88.8,85.5,,92.9,84.5,78.8,81.0,65.1,84.6,,74.7,-1.9,,0.9,-4.8,,-4.2,1.6,3.4,2.9,5.8,-0.4,,-11.1,10.6,,5.2,3.1,,6.1,1.2,-6.5,-5.4,-8.0,5.1,,5.8,66.0,,-3.3,5.5,,13.9,1.9,15.8,-2.1,0.0,16.8,,1.2,0.72,,-0.2,1.0,,0.38,0.04,0.68,-0.48,2.1,0.65,,2.39,0.2769999999999999,0.66,0.4629999999999999,0.556,0.847,0.758,0.485,23.4,-42.0,-1.8,0.2,22 - 38,131.2,29.4,0.8,0.407,0.344,0.249,0.168,0.4429999999999999,0.389,0.37,0.1,0.0,0.1,0.36,0.06,0.024,,,0.135,0.2,0.0,84.6,67.1,79.0,93.5,88.7,85.2,,,92.9,84.5,0.0,-1.0,7.5,2.7,-1.6,1.1,-4.2,,,-4.5,1.6,0.0,3.2,-9.2,-7.1,8.1,3.3,1.5,,,4.1,-0.3,0.0,16.9,-0.6,17.7,55.2,2.9,2.8,,,15.9,-7.4,0.0,0.67,-5.34,0.7,0.6,0.19,0.46,,,0.46,-0.15,1.95,0.276,0.66,0.4629999999999999,0.556,0.848,0.759,0.487,23.4,-5.3,105,107,101,105,111,119,103,0.99,99,102,129,99,101,101,100,98,103,89.9,13.5,400,0.095,120.6,1706,0.407,4190,0.165,0.2769999999999999,0.256,0.464,0.338,30.5,0.8918685121107266,0.5191940615058325,0.7698959167333868,3.378603337055627,0.5987654320987654,0.09259259259259259
22,2019,LAD,28,2413,5493,6281,1414,813,302,20,279,886,861,607,47,1356,81,45,55,100,57,10,0.257,1679,1565,915,136,24980,9389,15591,115,78,7,0.0969999999999999,0.216,0.45,0.338,0.472,0.81,0.215,0.291,1.07,0.22,0.4039999999999999,0.376,0.087,0.178,0.068,0.09,0.338,94.0,884,80.6,23.6,197.5,43.4,357.4,34.7,$277.7,4.2,110,14.16,-102.64,116.79,160.76,16.53,0.96,1.14,307,13.55,1.22,0.528,93.0,0.182,84.9,0.057,89.0,0.104,79.5,0.111,84.9,0.017,86.1,0.001,75.4,0.006,,90.5,-3.7,-2.1,2.7,5.1,6.2,3.0,0.69,-0.08,-0.15,0.1,0.18,1.46,18.88,0.283,0.675,0.45,0.622,0.852,0.769,0.428,0.593,0.104,9.3,0.374,,0.069,0.016,,0.153,0.1689999999999999,0.081,0.031,0.0,0.105,,0.001,,93.3,,88.6,85.8,,92.3,84.7,78.9,80.9,62.2,85.2,,75.3,-2.0,,0.6,-6.8,,-2.0,1.1,1.3,1.5,6.8,-2.9,,-0.7,8.9,,4.6,2.6,,5.7,1.4,-4.0,-5.3,-6.1,4.2,,1.7,51.9,,-5.0,3.4,,17.5,-0.2,-10.2,-4.0,0.2,14.1,,3.0,0.56,,-0.29,0.84,,0.46,-0.01,-0.51,-0.52,5.46,0.54,,18.88,0.251,0.645,0.45,0.5539999999999999,0.8490000000000001,0.768,0.505,23.7,66.9,3.9,2.8,21 - 39,89.9,3.1,5.2,0.413,0.342,0.245,0.158,0.419,0.423,0.357,0.11,0.0,0.102,0.3879999999999999,0.055,0.016,0.001,,0.135,0.181,0.0,85.1,67.5,79.5,93.3,88.9,85.4,75.3,,92.4,85.0,0.0,-2.8,7.9,1.8,-1.5,0.3,-5.9,-0.4,,-2.8,1.3,0.0,2.6,-6.2,-6.4,7.8,3.6,0.9,0.6,,4.2,0.2,0.0,3.9,0.0,-3.8,68.0,-9.8,3.0,3.0,,5.6,0.2,-0.1,0.14,-1.08,-0.15,0.7,-0.72,0.77,18.88,,0.16,0.0,-1.8,0.251,0.645,0.45,0.556,0.848,0.767,0.506,23.7,11.3,100,109,99,102,106,115,97,1.01,94,106,115,102,99,98,94,95,109,89.3,14.5,341,0.08,114.3,1610,0.38,4237,0.171,0.275,0.253,0.45,0.334,34.5,0.837546622461666,0.5038374717832957,0.7841108103805127,3.587716863410789,0.5555555555555556,0.10493827160493827
3,2019,BOS,29,2455,5770,6475,1554,937,345,27,245,901,857,590,36,1382,49,44,20,127,68,30,0.269,1889,1606,923,136,25427,9214,16213,132,33,5,0.091,0.213,0.43,0.34,0.466,0.806,0.197,0.313,1.18,0.209,0.428,0.364,0.085,0.153,0.07,0.152,0.338,100.1,915,48.7,28.8,203.6,-15.0,286.1,27.8,$222.3,4.3,106,-0.21,-118.33,118.12,61.34,5.5,1.0,1.72,123,3.35,-3.56,0.529,93.2,0.183,84.3,0.067,88.0,0.0969999999999999,79.9,0.109,84.3,0.015,85.4,0.001,74.6,0.005,,60.7,25.6,7.0,8.0,7.2,-3.3,1.2,0.45,0.55,0.41,0.33,0.26,-0.87,4.41,0.321,0.696,0.478,0.649,0.847,0.769,0.418,0.601,0.11,-10.5,0.376,,0.073,0.016,,0.149,0.176,0.0819999999999999,0.02,,0.108,,0.001,,93.4,,88.3,85.3,,92.6,84.4,79.3,80.6,,84.2,,74.9,-2.3,,0.6,-6.9,,-2.5,1.0,2.2,2.5,,-2.8,,-0.5,10.8,,4.4,2.9,,6.2,1.3,-4.4,-4.8,,4.9,,2.7,25.3,,1.3,-5.4,,20.1,9.9,27.2,-0.2,,3.8,,1.2,0.27,,0.07,-1.36,,0.53,0.22,1.31,-0.04,,0.14,,4.49,0.295,0.6659999999999999,0.478,0.606,0.845,0.77,0.494,23.9,13.8,-2.8,-4.5,22 - 36,38.2,30.5,0.3,0.4,0.342,0.258,0.153,0.478,0.369,0.342,0.105,,0.093,0.377,0.067,0.016,0.001,,0.14,0.18,0.0,84.3,,79.6,93.4,88.2,84.9,74.9,,92.6,84.4,0.0,-2.3,,2.5,-1.8,0.6,-4.7,-1.6,,-2.7,1.2,0.0,3.3,,-6.6,8.0,3.3,0.7,1.0,,4.0,-0.3,0.0,5.2,,12.6,39.5,1.0,-7.0,1.2,,3.5,19.0,-0.2,0.19,,0.53,0.41,0.06,-1.67,4.49,,0.1,0.41,-10.21,0.295,0.665,0.478,0.604,0.8440000000000001,0.769,0.495,23.9,14.1,106,107,93,105,106,105,105,0.98,101,100,100,97,101,104,92,105,97,89.9,12.8,362,0.081,115.0,1841,0.413,4454,0.158,0.268,0.26,0.456,0.336,28.1,0.8733197556008147,0.43507214206437295,0.7865637065637066,3.5855842460329788,0.5679012345679012,0.11728395061728394
24,2019,WSN,29,2327,5512,6267,1460,904,298,27,231,873,824,584,33,1308,81,42,48,117,116,29,0.265,1737,1562,881,164,24645,9097,15548,115,114,30,0.093,0.209,0.45,0.342,0.454,0.796,0.19,0.306,1.11,0.211,0.416,0.374,0.105,0.148,0.066,0.263,0.336,80.3,869,31.0,10.2,197.1,41.8,291.8,28.3,$226.8,5.1,104,8.96,-104.28,113.25,114.35,11.27,0.95,1.12,252,7.98,1.42,0.5329999999999999,93.3,0.198,84.9,0.053,88.5,0.103,79.0,0.096,84.9,0.016,86.1,,,0.005,,78.4,-21.5,4.8,3.2,12.1,-1.2,,0.6,-0.44,0.36,0.12,0.51,-0.3,,0.294,0.6729999999999999,0.4529999999999999,0.6459999999999999,0.875,0.789,0.42,0.61,0.095,8.7,0.355,,0.062,0.015,,0.176,0.184,0.085,0.0289999999999999,0.0,0.093,,,,93.6,,88.4,86.1,,92.6,84.9,78.7,80.5,62.3,85.0,,,-2.6,,0.4,-6.5,,-4.2,1.4,2.1,3.7,2.2,-2.7,,,9.0,,4.5,2.5,,5.3,1.5,-4.7,-5.7,3.0,4.2,,,7.8,,8.0,-1.0,,58.0,-28.2,-2.0,2.3,-0.3,8.8,,,0.09,,0.52,-0.25,,1.34,-0.62,-0.1,0.32,-13.64,0.38,,,0.266,0.642,0.4529999999999999,0.604,0.868,0.79,0.497,23.2,52.0,7.2,-1.2,20 - 42,39.7,3.0,-2.3,0.418,0.3289999999999999,0.253,0.184,0.455,0.361,0.3389999999999999,0.096,0.0,0.102,0.358,0.049,0.0139999999999999,,,0.173,0.203,,84.9,69.2,78.9,93.7,88.3,86.0,,,92.7,85.1,,-2.5,7.3,2.8,-2.2,0.5,-5.9,,,-4.3,1.9,,2.7,-8.2,-7.0,7.9,3.4,1.0,,,4.0,0.1,,12.3,-0.2,5.1,17.8,0.3,-2.1,,,50.1,-28.4,,0.51,-3.08,0.2,0.2,0.02,-0.61,,,1.17,-0.57,,0.266,0.6409999999999999,0.4529999999999999,0.603,0.868,0.79,0.499,23.2,-5.9,103,105,95,103,102,101,102,0.97,97,105,96,103,95,101,109,103,93,88.6,14.1,324,0.075,113.5,1590,0.37,4294,0.172,0.268,0.256,0.449,0.336,28.0,0.8783841856467555,0.42336769759450177,0.7912876974629008,3.539045735858312,0.5370370370370371,0.09259259259259259
16,2019,ATL,28,2411,5560,6302,1432,877,277,29,249,855,824,619,39,1467,60,35,25,104,89,28,0.258,1672,1473,969,131,24951,9233,15718,122,39,4,0.098,0.233,0.42,0.336,0.452,0.789,0.195,0.305,1.14,0.236,0.406,0.358,0.089,0.1689999999999999,0.073,0.103,0.332,62.3,855,7.3,9.2,198.2,40.5,267.7,26.0,$208.0,4.6,101,9.28,-102.18,111.46,100.92,9.78,0.94,1.07,262,7.99,1.92,0.531,93.6,0.179,85.2,0.061,89.1,0.0969999999999999,79.6,0.121,84.9,0.011,86.0,,,0.006,,72.5,-18.9,-6.9,16.4,-0.8,0.9,,0.55,-0.42,-0.46,0.68,-0.03,0.33,,0.313,0.7120000000000001,0.478,0.642,0.8240000000000001,0.754,0.414,0.6,0.118,9.4,0.348,,0.066,0.018,,0.183,0.1689999999999999,0.076,0.0279999999999999,0.0,0.1119999999999999,,,,93.8,,89.1,85.3,,93.0,85.1,79.5,80.3,65.0,85.0,,,-2.8,,0.7,-5.4,,-3.9,1.6,2.7,4.6,3.4,-3.4,,,8.8,,4.6,3.1,,5.4,1.5,-4.1,-6.0,2.6,3.8,,,33.3,,-6.0,-2.4,,35.4,-38.2,18.3,2.4,-0.6,1.2,,,0.38,,-0.36,-0.53,,0.78,-0.9,0.97,0.35,-11.64,0.04,,,0.282,0.6829999999999999,0.479,0.598,0.821,0.754,0.491,22.8,49.7,2.3,2.6,21 - 36,16.7,3.1,6.1,0.417,0.325,0.258,0.161,0.426,0.413,0.371,0.1169999999999999,0.0,0.092,0.353,0.06,0.013,,,0.172,0.184,0.0,85.1,77.3,79.4,93.9,89.2,84.5,,,93.0,85.1,0.0,-3.4,8.3,3.8,-2.4,0.8,-4.6,,,-4.0,1.9,0.0,2.5,-8.7,-6.5,7.8,3.8,0.9,,,4.1,0.1,0.0,-5.6,0.0,18.0,16.1,-4.8,1.4,,,47.9,-28.4,0.1,-0.19,-4.56,0.78,0.18,-0.32,0.4,,,1.11,-0.61,3.49,0.283,0.682,0.479,0.599,0.82,0.754,0.491,22.8,17.0,100,111,106,102,102,104,102,1.09,95,101,109,103,94,103,95,96,106,89.2,13.3,376,0.09,115.9,1602,0.385,4156,0.148,0.266,0.254,0.456,0.337,27.6,0.8506843633347159,0.4659649122807018,0.767216756585211,3.203743927856829,0.5185185185185185,0.09259259259259259
17,2019,CHC,29,2429,5461,6195,1378,826,270,26,256,814,783,581,33,1460,83,39,30,127,45,24,0.252,1833,1364,809,118,24026,8782,15244,112,64,14,0.094,0.236,0.4,0.331,0.452,0.783,0.2,0.297,1.34,0.2019999999999999,0.4579999999999999,0.34,0.087,0.188,0.061,0.2189999999999999,0.33,47.4,827,2.8,17.4,194.8,41.4,254.4,24.7,$197.7,3.9,100,2.77,-104.47,107.24,63.27,6.1,0.94,1.07,242,5.93,-2.97,0.528,93.4,0.185,85.4,0.046,88.8,0.115,79.1,0.115,84.4,0.012,86.3,,,0.005,,49.0,-17.5,3.1,2.6,1.3,-4.3,,0.39,-0.39,0.28,0.1,0.05,-1.56,,0.33,0.684,0.472,0.606,0.8340000000000001,0.738,0.401,0.6,0.123,-5.0,0.35,,0.055,0.0139999999999999,,0.174,0.172,0.095,0.027,0.0,0.1119999999999999,,,,93.7,,88.6,85.8,,92.6,85.5,78.9,80.0,66.4,84.5,,,-2.9,,0.2,-6.5,,-4.7,1.6,3.1,2.8,7.4,-4.1,,,8.8,,4.8,2.9,,5.5,1.4,-5.4,-5.1,-6.4,4.0,,,46.2,,0.5,-5.3,,-5.5,-23.3,2.7,0.7,-0.3,0.8,,,0.55,,0.04,-1.62,,-0.13,-0.57,0.12,0.11,-13.47,0.03,,,0.302,0.6579999999999999,0.472,0.5479999999999999,0.8340000000000001,0.738,0.477,23.0,58.8,-4.6,6.4,22 - 38,-2.2,3.0,-4.0,0.395,0.348,0.257,0.181,0.4679999999999999,0.35,0.371,0.1119999999999999,0.0,0.111,0.355,0.051,0.013,,,0.163,0.18,,84.5,70.7,79.0,93.9,88.7,85.2,,,92.4,85.4,,-4.0,8.2,3.3,-2.5,0.7,-5.1,,,-4.9,2.0,,2.5,-7.9,-7.3,7.8,3.8,1.0,,,4.1,0.0,,0.0,-0.6,3.1,34.5,8.4,-4.0,,,1.6,-26.0,,0.0,-6.48,0.11,0.4,0.68,-1.31,,,0.04,-0.6,,0.303,0.6559999999999999,0.472,0.546,0.835,0.738,0.478,23.0,-8.2,98,106,108,100,102,107,99,0.93,107,96,121,97,101,103,108,106,90,88.9,10.9,332,0.0819999999999999,117.6,1456,0.358,4071,0.159,0.283,0.247,0.432,0.326,25.8,0.8065047344586249,0.5031941031941032,0.7643260694108152,3.513860076478247,0.5061728395061729,0.13580246913580246
19,2019,COL,28,2452,5660,6288,1502,914,323,41,224,835,803,489,25,1503,43,43,51,111,71,31,0.265,1767,1454,936,131,24193,8629,15564,102,94,14,0.078,0.239,0.33,0.326,0.456,0.782,0.19,0.321,1.22,0.225,0.425,0.35,0.09,0.154,0.0579999999999999,0.149,0.328,37.7,829,-106.6,-0.6,197.8,38.2,126.1,12.2,$97.9,4.7,87,-5.49,-118.38,112.9,-28.54,-3.42,1.01,1.18,298,-5.08,-0.37,0.539,93.3,0.181,84.6,0.0559999999999999,89.0,0.103,78.9,0.104,84.8,0.016,86.1,,,0.004,,27.4,3.6,18.8,-5.3,4.9,-7.9,,0.21,0.08,1.38,-0.21,0.19,-2.04,,0.3289999999999999,0.7040000000000001,0.487,0.628,0.8440000000000001,0.76,0.421,0.618,0.1169999999999999,-5.7,0.386,,0.069,0.022,,0.148,0.168,0.087,0.027,0.0,0.093,,,,93.5,,88.9,85.7,,92.5,84.7,78.3,81.3,63.4,85.0,,,-1.4,,0.5,-5.7,,-1.5,1.1,1.4,2.6,5.7,-2.3,,,8.3,,4.6,2.9,,5.2,1.1,-4.3,-5.5,-4.8,3.7,,,29.3,,21.4,-5.1,,-12.4,-6.5,-11.1,0.4,-0.4,3.6,,,0.31,,1.29,-0.96,,-0.35,-0.16,-0.53,0.06,-8.86,0.16,,,0.297,0.679,0.487,0.5660000000000001,0.845,0.76,0.498,23.8,37.6,-2.4,4.2,22 - 36,-112.4,3.1,-0.2,0.381,0.351,0.268,0.168,0.469,0.363,0.352,0.0969999999999999,0.0,0.102,0.401,0.063,0.022,,,0.134,0.176,,84.8,61.5,78.8,93.6,88.9,85.4,,,92.4,84.7,,-2.3,7.9,1.7,-1.2,0.4,-5.2,,,-1.9,1.4,,2.4,-6.9,-6.5,7.3,3.5,1.6,,,4.1,-0.1,,-3.9,-0.2,-6.2,40.2,21.2,-0.2,,,-18.3,-14.0,,-0.16,-8.36,-0.25,0.41,1.38,-0.03,,,-0.56,-0.33,,0.297,0.6779999999999999,0.487,0.565,0.846,0.76,0.498,23.8,-12.5,103,88,109,99,102,102,107,1.04,99,99,100,94,102,107,100,106,93,88.5,12.5,273,0.064,114.1,1507,0.354,4253,0.153,0.27,0.244,0.406,0.307,11.9,0.8119902120717781,0.4292215568862276,0.7609732824427481,3.339154108033429,0.5123456790123457,0.13580246913580246
10,2019,OAK,29,2363,5561,6269,1384,812,292,23,257,845,800,578,17,1338,87,36,7,140,49,21,0.249,1736,1612,902,183,24972,9350,15622,101,16,5,0.092,0.213,0.43,0.327,0.448,0.776,0.199,0.282,1.08,0.212,0.408,0.379,0.114,0.159,0.0579999999999999,0.313,0.327,40.4,829,57.0,-6.5,197.2,-14.7,259.3,25.2,$201.5,3.9,107,7.35,-104.59,111.93,75.62,7.26,0.94,1.46,116,6.43,1.42,0.507,92.9,0.181,84.5,0.0559999999999999,88.0,0.1169999999999999,79.4,0.125,84.4,0.0139999999999999,85.3,,,0.002,,75.2,-22.3,-2.5,-0.8,-19.7,0.2,,0.59,-0.49,-0.18,-0.03,-0.63,0.07,,0.28,0.684,0.452,0.626,0.8490000000000001,0.77,0.426,0.605,0.104,-3.1,0.347,,0.065,0.012,0.0,0.159,0.174,0.1,0.018,,0.125,,,,93.2,,88.0,84.9,80.8,92.4,84.4,78.9,80.0,,84.4,,,-2.7,,0.5,-5.8,-5.9,-5.5,1.7,2.0,3.6,,-1.4,,,9.1,,4.7,2.6,-0.5,5.7,1.3,-5.0,-6.3,,4.3,,,51.6,,-6.2,2.4,1.4,13.9,-23.1,-1.6,-5.3,,-22.6,,,0.6,,-0.39,0.78,33.91,0.36,-0.54,-0.06,-1.17,,-0.73,,,0.253,0.6459999999999999,0.452,0.57,0.8440000000000001,0.768,0.506,22.6,-21.2,-2.5,6.7,21 - 42,53.8,29.5,-5.9,0.425,0.3389999999999999,0.235,0.158,0.431,0.41,0.347,0.12,0.0,0.11,0.361,0.057,0.017,,,0.1369999999999999,0.18,0.0,84.4,62.9,79.2,93.3,88.0,84.7,,,92.3,84.4,0.0,-1.2,9.3,2.6,-2.6,0.5,-3.9,,,-5.0,2.3,0.0,2.9,-7.9,-7.2,8.0,3.6,1.0,,,4.3,0.0,0.0,-20.0,0.0,-4.3,53.0,-3.1,3.6,,,7.1,-27.7,0.3,-0.66,3.89,-0.16,0.59,-0.21,0.84,,,0.21,-0.62,4.03,0.253,0.6459999999999999,0.452,0.5710000000000001,0.8440000000000001,0.768,0.506,22.6,-7.9,98,108,93,101,102,107,94,1.0,97,104,104,103,100,95,95,95,108,89.3,14.2,359,0.084,114.4,1642,0.385,4266,0.173,0.2769999999999999,0.254,0.456,0.337,26.2,0.830300465509945,0.4866272189349113,0.7865688307545062,3.6640254410045845,0.48148148148148145,0.10493827160493827
25,2019,NYM,29,2445,5624,6290,1445,906,280,17,242,791,767,516,34,1384,95,27,28,129,56,27,0.257,1913,1438,877,118,23833,8460,15373,119,67,9,0.0819999999999999,0.22,0.37,0.328,0.442,0.77,0.185,0.299,1.33,0.207,0.452,0.34,0.0819999999999999,0.168,0.062,0.134,0.325,25.8,817,41.2,-31.4,197.8,41.2,243.0,23.6,$188.8,3.8,105,6.04,-110.86,116.9,69.48,7.29,1.01,1.47,267,7.63,-1.66,0.532,93.0,0.184,84.4,0.061,88.9,0.1,78.4,0.107,84.5,0.015,85.7,,,0.005,,60.4,-29.3,-7.3,1.4,-3.1,-0.7,,0.48,-0.67,-0.5,0.06,-0.12,-0.21,,0.337,0.721,0.497,0.635,0.846,0.762,0.414,0.621,0.118,-9.0,0.356,,0.062,0.02,,0.175,0.175,0.083,0.027,0.0,0.103,,,,93.3,,88.9,85.3,,92.4,84.5,78.2,79.8,63.3,84.5,,,-2.3,,0.6,-5.7,,-4.3,1.0,1.9,3.8,5.7,-3.6,,,9.0,,5.1,2.6,,5.6,1.2,-5.1,-6.4,-3.2,4.2,,,37.9,,-13.0,0.8,,9.1,-32.6,0.8,1.5,0.0,-10.5,,,0.45,,-0.89,0.17,,0.22,-0.79,0.04,0.23,3.89,-0.43,,,0.31,0.691,0.496,0.58,0.846,0.7609999999999999,0.49,23.4,9.8,-3.8,-10.7,23 - 38,32.3,3.1,-2.5,0.3939999999999999,0.359,0.248,0.163,0.489,0.349,0.341,0.105,0.0,0.102,0.364,0.059,0.017,,,0.16,0.181,,84.6,64.9,78.4,93.4,89.0,85.1,,,92.4,84.7,,-3.5,-9.8,2.6,-1.9,0.8,-5.4,,,-4.5,1.4,,2.8,-9.8,-7.2,7.9,4.0,0.7,,,4.1,-0.2,,-7.5,0.6,-2.7,30.9,-7.6,0.0,,,9.1,-28.2,,-0.3,15.4,-0.11,0.35,-0.54,0.01,,,0.24,-0.65,,0.309,0.691,0.496,0.581,0.845,0.7609999999999999,0.49,23.4,-5.1,100,93,101,99,99,99,100,0.96,106,96,109,97,104,99,96,111,90,89.1,11.1,315,0.073,118.3,1625,0.3779999999999999,4295,0.145,0.263,0.252,0.427,0.323,24.6,0.8020449897750511,0.4895069532237674,0.7799682034976152,2.9369900561082427,0.5185185185185185,0.11728395061728394
23,2019,MIL,28,2514,5542,6309,1366,820,279,17,250,769,744,629,42,1563,72,38,20,120,101,25,0.246,1743,1407,841,132,25312,9400,15912,102,46,10,0.1,0.248,0.4,0.329,0.438,0.767,0.192,0.296,1.24,0.211,0.437,0.353,0.094,0.178,0.059,0.217,0.324,20.3,814,-26.3,20.6,198.4,35.3,237.3,23.1,$184.4,4.4,97,1.79,-111.7,113.49,1.37,0.38,0.98,1.15,314,1.99,-0.16,0.556,93.2,0.17,84.8,0.0579999999999999,88.3,0.103,78.9,0.103,85.0,0.01,85.5,,,0.006,,39.0,-21.5,-7.6,-11.5,15.1,0.9,,0.28,-0.5,-0.52,-0.44,0.58,0.34,,0.306,0.6659999999999999,0.4539999999999999,0.605,0.841,0.748,0.412,0.589,0.115,6.2,0.367,,0.064,0.011,0.0,0.184,0.162,0.089,0.023,0.0,0.1,,,,93.4,,88.5,85.3,81.8,92.5,84.9,78.5,80.3,63.4,85.1,,,-2.2,,0.5,-6.1,-4.9,-3.1,1.2,2.5,3.4,7.5,-2.9,,,8.8,,4.9,2.8,-0.9,5.5,1.2,-5.3,-6.2,-6.2,4.1,,,19.3,,-14.3,0.6,0.0,4.0,-17.5,-19.9,5.1,0.0,15.7,,,0.21,,-0.9,0.23,2.1,0.09,-0.43,-0.9,0.91,4.19,0.63,,,0.28,0.638,0.455,0.552,0.8390000000000001,0.7490000000000001,0.488,22.5,55.9,6.1,0.4,22 - 36,-20.1,3.1,-0.6,0.382,0.35,0.268,0.171,0.421,0.408,0.387,0.099,0.0,0.103,0.37,0.061,0.01,,,0.171,0.162,0.0,85.0,68.6,78.9,93.5,88.5,84.9,,,92.4,84.8,0.0,-2.8,9.0,3.0,-1.9,0.7,-5.3,,,-2.9,1.6,0.0,2.6,-8.2,-7.3,7.7,3.5,1.0,,,4.3,-0.1,0.0,18.6,0.1,-10.3,20.2,-15.2,-4.0,,,-0.8,-16.2,0.1,0.74,1.4,-0.39,0.22,-0.99,-1.57,,,-0.02,-0.39,4.64,0.2789999999999999,0.638,0.455,0.55,0.8390000000000001,0.7490000000000001,0.489,22.5,23.3,96,113,113,99,98,102,99,0.97,102,99,115,94,102,107,101,95,105,89.7,12.0,329,0.081,117.9,1589,0.3929999999999999,4045,0.171,0.286,0.243,0.429,0.324,23.4,0.7935560859188544,0.5201560468140443,0.7522586780789349,2.9241163200794187,0.4876543209876543,0.11728395061728394
12,2019,TBR,27,2459,5628,6285,1427,890,291,29,217,769,730,542,20,1493,73,34,8,114,94,37,0.254,1850,1412,893,134,24922,9114,15808,127,22,6,0.086,0.238,0.36,0.325,0.431,0.757,0.178,0.306,1.31,0.215,0.445,0.34,0.095,0.154,0.069,0.273,0.321,3.9,795,32.2,16.2,197.7,-16.0,258.4,25.1,$200.8,4.5,104,-1.26,-112.29,111.03,-9.0,-0.77,0.99,1.62,130,1.27,-2.55,0.508,92.8,0.1939999999999999,83.9,0.073,88.3,0.096,79.3,0.1159999999999999,84.4,0.0139999999999999,85.3,,,0.003,,9.9,-17.9,-8.6,8.0,11.8,-0.3,,0.08,-0.37,-0.48,0.33,0.41,-0.08,,0.303,0.695,0.4679999999999999,0.597,0.845,0.753,0.423,0.621,0.1159999999999999,-1.2,0.353,,0.076,0.013,,0.152,0.1889999999999999,0.078,0.023,,0.1159999999999999,,,,93.1,,88.5,85.3,,92.2,83.9,78.5,81.3,,84.4,,,-1.6,,0.9,-6.7,,-2.7,1.0,2.1,2.4,,-1.7,,,9.6,,4.8,3.5,,5.8,1.0,-4.8,-6.8,,4.7,,,19.2,,-11.8,0.7,,-16.8,-20.8,7.6,-6.0,,7.5,,,0.22,,-0.62,0.23,,-0.44,-0.44,0.39,-1.06,,0.26,,,0.2689999999999999,0.6679999999999999,0.4679999999999999,0.529,0.843,0.752,0.499,23.1,0.2,-0.5,4.3,23 - 39,31.0,29.6,4.6,0.391,0.363,0.245,0.165,0.437,0.3979999999999999,0.358,0.1119999999999999,0.0,0.094,0.359,0.071,0.018,,,0.146,0.1969999999999999,0.0,84.5,92.9,79.2,93.1,88.6,84.8,,,92.4,83.9,0.0,-1.5,-1.2,2.3,-1.4,1.0,-5.4,,,-2.8,1.4,0.0,3.2,9.1,-7.3,8.3,3.7,2.1,,,4.6,-0.4,0.0,9.6,0.0,2.3,19.7,-10.4,-1.5,,,-18.7,-21.7,-0.2,0.34,0.0,0.1,0.22,-0.59,-0.35,,,-0.51,-0.44,-9.42,0.2689999999999999,0.6679999999999999,0.4679999999999999,0.53,0.8420000000000001,0.752,0.5,23.1,5.1,100,101,104,101,98,95,103,1.01,105,93,100,95,107,99,99,96,105,89.5,11.2,347,0.083,116.2,1641,0.3929999999999999,4177,0.1639999999999999,0.28,0.252,0.437,0.327,25.8,0.8007320048800325,0.45149544863459046,0.7624502784407319,2.9177369951058747,0.4876543209876543,0.12962962962962962
15,2019,ARI,28,2418,5633,6315,1419,871,288,40,220,813,778,540,36,1360,70,40,31,120,88,14,0.252,1850,1513,909,156,24414,8680,15734,116,71,13,0.086,0.215,0.4,0.323,0.434,0.757,0.182,0.293,1.22,0.213,0.433,0.354,0.103,0.145,0.063,0.183,0.319,-8.2,786,-55.7,41.5,198.6,39.4,240.9,23.4,$187.2,5.1,93,-1.48,-110.79,109.31,41.72,3.75,0.98,1.24,255,-0.27,-1.24,0.542,93.3,0.17,85.1,0.061,88.9,0.1,79.0,0.111,84.6,0.016,86.0,,,0.005,,-7.1,-1.6,10.9,5.1,-20.1,4.1,,-0.05,-0.04,0.74,0.21,-0.74,1.03,,0.324,0.6829999999999999,0.475,0.642,0.8540000000000001,0.77,0.42,0.607,0.109,14.2,0.38,,0.074,0.022,,0.155,0.158,0.085,0.021,,0.104,,,,93.6,,88.9,85.3,,92.6,85.1,78.2,81.5,,84.7,,,-2.1,,0.7,-6.4,,-4.0,1.6,2.2,2.0,,-2.4,,,9.0,,4.8,3.0,,5.3,1.2,-5.1,-6.4,,4.3,,,-25.0,,8.0,-2.5,,6.2,-3.5,8.2,-1.7,,-19.9,,,-0.27,,0.44,-0.47,,0.16,-0.09,0.4,-0.32,,-0.78,,,0.298,0.654,0.475,0.599,0.848,0.769,0.496,23.1,80.8,8.4,11.4,23 - 35,-41.6,3.1,-1.5,0.41,0.364,0.226,0.166,0.4379999999999999,0.396,0.336,0.107,0.0,0.098,0.392,0.068,0.02,,,0.142,0.166,0.0,84.8,72.8,78.9,93.7,89.2,85.1,,,92.6,85.1,0.0,-2.5,7.4,2.3,-1.8,1.0,-5.6,,,-4.3,2.0,0.0,2.8,-5.7,-7.5,7.9,3.6,1.5,,,3.9,0.0,0.0,-20.4,-0.6,6.2,-19.8,7.3,1.4,,,0.5,-5.5,0.1,-0.78,-5.26,0.26,-0.21,0.44,0.27,,,0.02,-0.13,5.05,0.296,0.6559999999999999,0.475,0.597,0.848,0.769,0.498,23.1,5.1,98,97,99,98,98,97,98,0.98,101,100,94,101,106,90,99,99,102,88.0,11.8,303,0.07,116.3,1495,0.344,4345,0.166,0.275,0.246,0.418,0.317,23.7,0.8101736972704715,0.43296432964329645,0.784639746634996,3.608947167102123,0.4876543209876543,0.15432098765432098
5,2019,CLE,28,2321,5425,6124,1354,827,286,18,223,769,731,563,30,1332,50,46,40,110,103,35,0.25,1751,1533,812,167,24072,9113,14959,107,83,15,0.092,0.218,0.42,0.323,0.432,0.756,0.183,0.289,1.14,0.198,0.427,0.374,0.109,0.145,0.061,0.181,0.319,-5.3,765,-20.6,57.3,192.6,-15.1,248.4,24.1,$193.0,4.5,97,-3.93,-102.83,98.91,-49.49,-4.81,0.92,1.29,100,-4.38,0.09,0.514,93.1,0.181,84.2,0.0559999999999999,88.8,0.108,79.2,0.127,84.9,0.0139999999999999,85.5,,,0.004,,27.3,-26.4,-7.6,11.2,-6.2,-5.9,,0.22,-0.61,-0.57,0.43,-0.2,-1.71,,0.292,0.6940000000000001,0.46,0.627,0.86,0.774,0.418,0.589,0.104,5.2,0.358,,0.063,0.016,,0.157,0.165,0.096,0.02,,0.126,,,,93.3,,88.5,85.1,,92.7,84.3,79.0,80.2,,84.9,,,-1.9,,0.4,-5.7,,-2.9,0.8,2.0,3.0,,-2.2,,,8.8,,4.3,3.1,,4.8,0.9,-4.4,-5.6,,4.2,,,-5.2,,-5.6,-7.3,,22.0,-21.6,9.3,-0.2,,-12.1,,,-0.06,,-0.37,-1.97,,0.59,-0.55,0.41,-0.04,,-0.4,,,0.256,0.664,0.46,0.556,0.86,0.775,0.499,22.6,42.2,2.3,2.8,22 - 37,-15.3,28.9,-0.8,0.425,0.331,0.244,0.165,0.45,0.385,0.346,0.124,,0.099,0.357,0.053,0.016,,0.0,0.154,0.186,0.0,84.9,,79.0,93.3,88.8,85.0,,80.1,92.7,84.1,38.2,-2.0,,2.0,-1.7,0.5,-5.4,,10.2,-3.0,1.3,-2.0,2.8,,-6.8,7.7,3.5,1.7,,0.8,3.7,-0.5,-5.2,-15.0,,19.3,9.4,-3.1,-5.6,,1.6,11.6,-40.1,0.1,-0.5,,0.8,0.11,-0.24,-1.43,,22.63,0.31,-0.89,4.49,0.255,0.665,0.46,0.556,0.86,0.775,0.5,22.6,13.0,98,108,95,100,98,98,97,0.93,101,103,95,103,98,99,99,99,102,89.5,12.9,298,0.071,114.4,1563,0.374,4179,0.158,0.262,0.243,0.416,0.317,23.6,0.8259370960792761,0.46397919375812746,0.782495101241019,3.3516691464133803,0.5,0.16666666666666666
13,2019,TEX,27,2273,5540,6204,1374,831,296,24,223,810,765,534,18,1578,67,44,17,98,131,38,0.248,1693,1400,874,129,25074,9162,15912,105,56,20,0.086,0.254,0.34,0.319,0.431,0.75,0.183,0.304,1.21,0.22,0.427,0.353,0.092,0.159,0.062,0.357,0.317,-14.9,766,-98.8,-27.6,195.1,-13.7,93.3,9.1,$72.5,5.2,88,-6.18,-110.58,104.4,-47.0,-4.43,0.97,1.75,81,-9.25,2.85,0.519,93.0,0.191,84.4,0.0579999999999999,87.8,0.107,79.1,0.1119999999999999,84.4,0.013,85.2,0.0,64.3,0.003,,10.4,-8.9,3.3,-3.9,4.3,4.2,-0.3,0.08,-0.19,0.22,-0.14,0.15,1.26,-4.75,0.313,0.66,0.46,0.609,0.84,0.7490000000000001,0.424,0.61,0.115,9.0,0.3829999999999999,,0.0579999999999999,0.013,,0.1369999999999999,0.184,0.09,0.022,0.0,0.1119999999999999,,0.0,,93.2,,87.7,85.3,,92.5,84.6,78.1,81.3,64.9,84.3,,64.3,-1.9,,0.3,-5.3,,-2.7,1.4,1.1,3.3,6.5,-2.0,,2.1,9.3,,4.7,2.7,,5.9,1.3,-5.0,-5.4,-8.1,4.4,,6.9,-1.9,,-3.3,4.0,,-1.3,-2.4,-7.4,3.4,-0.4,0.1,,-0.4,-0.02,,-0.23,1.29,,-0.04,-0.05,-0.33,0.62,-11.89,0.01,,-5.35,0.284,0.635,0.46,0.56,0.8320000000000001,0.7490000000000001,0.502,23.1,-41.2,6.6,2.2,21 - 36,-89.8,29.2,3.2,0.411,0.3329999999999999,0.256,0.153,0.435,0.412,0.376,0.108,0.001,0.106,0.38,0.0579999999999999,0.016,0.0,,0.133,0.188,,84.4,68.8,78.8,93.3,87.9,84.9,64.2,,92.4,84.4,,-1.7,6.6,1.7,-1.7,0.6,-5.4,3.1,,-2.6,1.7,,3.0,-9.4,-6.9,8.2,3.7,1.5,4.9,,4.7,-0.2,,3.0,-0.8,-2.7,6.9,0.6,2.0,-0.4,,-8.1,-12.4,,0.11,-5.42,-0.1,0.07,0.04,0.51,-5.35,,-0.24,-0.26,,0.283,0.635,0.46,0.56,0.8320000000000001,0.7490000000000001,0.503,23.1,-10.8,98,101,111,99,98,98,102,1.04,101,97,104,99,98,103,92,96,109,89.4,12.5,300,0.075,115.4,1557,0.387,4025,0.172,0.287,0.243,0.426,0.319,8.7,0.8394192696876375,0.44049382716049384,0.7456479690522244,3.197436861686568,0.49382716049382713,0.12345679012345678
1,2019,LAA,28,2425,5542,6251,1368,859,268,21,220,769,734,586,29,1276,67,42,4,143,65,20,0.247,1842,1526,927,169,24919,9329,15590,104,17,6,0.094,0.204,0.46,0.324,0.422,0.746,0.175,0.281,1.21,0.216,0.429,0.355,0.111,0.144,0.0559999999999999,0.353,0.316,-17.2,769,-35.0,-5.8,196.6,-15.2,168.7,16.4,$131.0,4.0,96,-4.1,-107.28,103.18,-14.91,-1.25,0.95,1.54,97,-2.98,-1.32,0.521,93.1,0.178,84.7,0.065,88.0,0.106,78.9,0.1159999999999999,84.1,0.0139999999999999,85.9,,,0.004,,39.9,-38.7,-13.9,11.1,-12.4,-9.9,,0.31,-0.87,-0.86,0.42,-0.43,-2.85,,0.28,0.63,0.432,0.66,0.862,0.7879999999999999,0.434,0.586,0.092,-1.5,0.361,,0.069,0.015,0.001,0.159,0.171,0.089,0.02,0.0,0.115,,,,93.3,,88.3,85.7,80.6,92.4,84.6,78.3,81.0,63.1,84.1,,,-2.1,,0.5,-6.2,-4.7,-4.0,1.3,2.3,2.4,6.5,-2.3,,,9.5,,4.9,3.0,-1.1,5.3,1.3,-5.2,-5.5,-0.9,4.7,,,23.3,,-16.3,-7.8,0.2,3.0,-43.3,8.8,1.0,0.0,-16.4,,,0.26,,-0.96,-2.08,1.61,0.08,-1.03,0.4,0.21,2.38,-0.58,,,0.251,0.605,0.432,0.605,0.861,0.7879999999999999,0.511,23.0,-21.0,1.1,-2.0,21 - 39,-36.4,29.5,-5.2,0.439,0.332,0.2289999999999999,0.165,0.451,0.384,0.3329999999999999,0.11,,0.099,0.36,0.068,0.02,,,0.152,0.176,0.0,84.3,,78.8,93.4,88.1,84.9,,,92.4,84.5,22.2,-2.0,,2.5,-2.0,0.6,-4.9,,,-3.6,1.6,1.2,3.3,,-7.3,8.3,3.9,1.3,,,4.0,-0.2,-0.2,-15.6,,15.1,27.5,-19.8,-9.8,,,-2.0,-46.6,-0.1,-0.57,,0.61,0.3,-1.17,-2.0,,,-0.05,-1.06,-3.17,0.251,0.605,0.432,0.605,0.86,0.7879999999999999,0.512,23.0,-5.0,97,110,89,100,96,94,94,1.01,102,97,94,106,98,93,99,99,101,88.0,13.0,293,0.068,116.6,1465,0.3389999999999999,4322,0.192,0.284,0.251,0.421,0.324,17.0,0.8057731958762887,0.4577373211963589,0.7958726603743401,3.0732501022928482,0.5185185185185185,0.1419753086419753
26,2019,PHI,28,2431,5571,6261,1369,817,311,26,215,774,742,562,47,1453,57,34,34,97,78,18,0.246,1733,1481,900,188,24905,8983,15922,119,72,15,0.09,0.2319999999999999,0.39,0.319,0.427,0.746,0.181,0.293,1.17,0.2189999999999999,0.421,0.36,0.127,0.145,0.069,0.208,0.314,-33.1,755,-79.5,24.8,196.9,32.3,186.7,18.1,$145.0,4.6,90,-0.95,-109.23,108.28,7.57,1.26,0.98,1.12,310,0.29,-1.26,0.532,93.3,0.188,84.7,0.0579999999999999,88.8,0.102,78.9,0.109,84.6,0.011,85.8,,,0.0069999999999999,,19.4,0.9,-19.6,-12.0,-6.5,-5.1,,0.15,0.02,-1.35,-0.47,-0.24,-1.89,,0.319,0.679,0.469,0.626,0.845,0.758,0.416,0.603,0.113,9.1,0.36,,0.064,0.016,,0.172,0.174,0.096,0.016,0.0,0.102,,,,93.5,,88.9,85.1,,92.8,84.7,78.8,80.6,57.3,84.6,,,-2.5,,0.6,-6.2,,-3.4,1.2,1.9,2.9,-2.7,-2.5,,,9.0,,5.0,3.0,,5.6,1.3,-4.8,-6.2,5.9,4.3,,,18.5,,-19.5,-6.9,,-9.1,-7.5,-8.4,-6.2,0.0,-8.8,,,0.21,,-1.23,-1.68,,-0.21,-0.17,-0.35,-1.52,2.98,-0.35,,,0.294,0.647,0.469,0.5760000000000001,0.8420000000000001,0.758,0.497,23.6,57.1,4.7,4.9,22 - 38,-70.4,3.0,4.2,0.409,0.3389999999999999,0.252,0.178,0.432,0.39,0.356,0.105,0.0,0.102,0.362,0.057,0.013,,,0.166,0.188,0.0,84.7,69.6,78.8,93.6,88.9,84.1,,,92.8,84.8,0.0,-2.5,0.6,2.3,-2.2,0.9,-5.5,,,-3.3,1.7,0.0,2.9,-9.3,-7.0,7.9,3.8,1.3,,,4.3,-0.1,0.0,-8.1,-0.2,-7.7,13.0,-14.0,-8.6,,,-7.8,-15.7,0.0,-0.31,-9.86,-0.3,0.14,-0.99,-2.6,,,-0.19,-0.33,2.98,0.294,0.647,0.469,0.575,0.8420000000000001,0.758,0.496,23.6,8.0,95,101,106,97,96,97,98,1.01,98,102,94,101,98,101,106,98,100,88.8,13.5,298,0.071,116.4,1521,0.363,4189,0.1669999999999999,0.281,0.244,0.416,0.316,17.8,0.7943233237350884,0.4444444444444444,0.7679284459351541,3.1642411981782366,0.47530864197530864,0.15432098765432098
28,2019,STL,27,2413,5449,6167,1336,856,246,24,210,764,714,561,15,1420,76,39,40,110,116,29,0.245,1660,1467,894,132,24719,8996,15723,134,87,20,0.091,0.23,0.4,0.322,0.415,0.737,0.17,0.292,1.13,0.222,0.413,0.365,0.09,0.143,0.081,0.23,0.314,-35.4,741,-38.2,11.8,194.0,37.5,218.2,21.2,$169.6,5.0,95,2.16,-106.4,108.56,34.3,3.84,0.97,1.13,266,1.52,0.71,0.519,93.1,0.192,84.8,0.059,88.4,0.105,79.0,0.1119999999999999,84.5,0.013,86.4,,,0.002,,50.6,-33.4,-9.8,-2.0,-21.7,-8.8,,0.39,-0.7,-0.67,-0.08,-0.79,-2.78,,0.31,0.674,0.4629999999999999,0.64,0.848,0.767,0.42,0.619,0.108,10.1,0.347,,0.064,0.015,0.0,0.1689999999999999,0.184,0.087,0.024,0.0,0.109,,,,93.5,,88.1,86.1,80.9,92.3,84.8,78.5,80.6,64.6,84.6,,,-2.9,,0.5,-6.4,-5.4,-4.3,2.2,2.6,3.1,7.3,-3.0,,,8.9,,4.6,3.7,0.6,5.5,1.3,-5.0,-5.5,-4.6,4.3,,,45.1,,-11.8,-8.8,1.4,-4.2,-40.4,-3.4,-1.7,-0.2,-25.3,,,0.53,,-0.76,-2.44,22.84,-0.1,-0.9,-0.16,-0.28,-20.0,-0.95,,,0.285,0.647,0.4629999999999999,0.5870000000000001,0.847,0.7659999999999999,0.491,22.6,49.4,7.4,5.8,22 - 37,-28.1,3.0,1.2,0.41,0.352,0.238,0.166,0.432,0.402,0.355,0.109,0.0,0.104,0.357,0.053,0.015,,,0.153,0.193,0.0,84.7,73.4,79.0,93.6,88.7,85.3,,,92.2,84.9,92.2,-2.9,7.7,3.3,-2.5,0.7,-5.1,,,-4.5,2.6,-1.8,2.9,-10.7,-6.9,7.9,3.8,1.7,,,4.0,0.0,6.6,-23.8,-0.1,-3.0,40.4,-3.2,-9.0,,,-5.4,-44.4,0.1,-0.88,-2.04,-0.12,0.46,-0.24,-2.47,,,-0.14,-0.93,6.2,0.284,0.648,0.4629999999999999,0.5870000000000001,0.847,0.7659999999999999,0.491,22.6,-10.9,95,103,105,97,93,91,97,1.02,96,103,92,101,102,95,98,98,103,87.9,13.6,285,0.069,115.3,1395,0.3389999999999999,4110,0.17,0.2769999999999999,0.243,0.422,0.32,22.8,0.7861583091587235,0.4397905759162304,0.7697421760985893,3.3575152299409323,0.4567901234567901,0.16666666666666666
11,2019,SEA,28,2347,5500,6199,1305,784,254,28,239,758,730,588,7,1581,58,37,14,83,115,47,0.237,1592,1522,819,148,25523,9597,15926,109,37,5,0.095,0.255,0.37,0.316,0.424,0.74,0.187,0.287,1.05,0.208,0.405,0.387,0.0969999999999999,0.157,0.068,0.135,0.314,-31.5,748,-9.3,-37.1,195.0,-15.3,167.7,16.3,$130.3,4.7,99,-2.54,-108.87,106.33,-11.84,-1.12,0.96,1.89,81,-0.51,-2.13,0.523,93.1,0.176,84.2,0.062,88.4,0.113,79.0,0.111,84.4,0.016,85.7,,,0.001,,24.2,-25.4,0.1,-2.5,-16.7,4.8,,0.18,-0.57,0.0,-0.09,-0.59,1.2,,0.281,0.667,0.449,0.612,0.8290000000000001,0.753,0.437,0.606,0.111,5.3,0.375,,0.066,0.012,,0.148,0.1689999999999999,0.095,0.024,0.0,0.111,,,,93.3,,88.4,85.3,,92.3,84.2,78.3,80.1,63.6,84.6,,,-2.4,,0.4,-5.8,,-3.7,1.2,2.1,3.3,7.1,-2.8,,,9.4,,4.8,2.6,,6.0,1.0,-5.1,-6.3,-6.1,4.6,,,5.4,,0.2,2.1,,9.7,-29.5,-8.0,2.6,-0.2,-17.3,,,0.06,,0.01,0.68,,0.26,-0.7,-0.34,0.43,-20.37,-0.63,,,0.256,0.638,0.449,0.5589999999999999,0.83,0.754,0.507,22.6,-52.4,-0.6,6.8,23 - 45,-4.0,29.2,7.2,0.395,0.3379999999999999,0.267,0.196,0.478,0.326,0.3879999999999999,0.105,,0.107,0.385,0.062,0.018,,,0.126,0.173,0.0,84.5,,78.8,93.4,88.4,84.9,,,92.3,84.2,0.0,-2.4,,2.8,-2.2,0.7,-4.9,,,-3.6,1.5,0.0,3.2,,-7.5,8.2,3.7,1.3,,,4.5,-0.5,0.0,-15.2,,1.5,0.5,5.3,0.4,,,9.2,-38.7,0.2,-0.56,,0.05,0.01,0.33,0.09,,,0.29,-0.87,10.82,0.254,0.638,0.449,0.5589999999999999,0.8290000000000001,0.754,0.509,22.6,-6.3,94,112,112,98,96,100,96,0.98,96,106,103,95,100,108,117,105,86,87.4,14.4,285,0.072,113.1,1279,0.322,3972,0.172,0.283,0.23,0.403,0.309,17.4,0.8065615679590967,0.5044854881266492,0.744958864332957,3.2811419027805004,0.46296296296296297,0.17901234567901234
27,2019,PIT,27,2441,5657,6228,1497,981,315,38,163,758,722,425,41,1213,63,34,47,119,64,29,0.265,2071,1405,967,118,23525,8368,15157,128,82,16,0.068,0.195,0.35,0.321,0.42,0.741,0.156,0.309,1.47,0.218,0.466,0.316,0.084,0.1159999999999999,0.062,0.195,0.313,-39.6,744,-68.1,-25.8,195.9,37.0,138.7,13.5,$107.8,4.5,92,0.63,-110.06,110.69,4.91,0.36,1.01,1.35,282,-3.04,3.66,0.53,93.0,0.1669999999999999,84.8,0.057,88.5,0.113,78.2,0.119,84.0,0.015,86.2,,,0.006,,1.7,-13.2,-11.4,6.2,-13.2,2.7,,0.01,-0.34,-0.85,0.23,-0.47,0.76,,0.336,0.723,0.495,0.659,0.8690000000000001,0.785,0.411,0.617,0.106,-3.3,0.3389999999999999,,0.06,0.017,,0.187,0.1639999999999999,0.0969999999999999,0.022,0.0,0.113,,,,93.3,,88.5,85.6,,92.6,84.8,77.8,80.1,63.8,84.2,,,-2.7,,0.2,-5.8,,-4.0,1.5,2.0,2.2,6.8,-3.2,,,8.9,,5.3,2.8,,5.9,1.2,-4.8,-4.6,-6.8,4.3,,,1.0,,-4.4,7.0,,-19.9,-13.0,1.2,-0.4,-0.3,-20.7,,,0.01,,-0.31,1.74,,-0.46,-0.34,0.05,-0.08,-6.72,-0.79,,,0.304,0.6990000000000001,0.495,0.608,0.866,0.784,0.484,22.6,11.3,-2.9,-1.1,22 - 35,-71.5,3.0,-0.6,0.3929999999999999,0.3379999999999999,0.2689999999999999,0.193,0.4679999999999999,0.3389999999999999,0.289,0.114,0.0,0.109,0.355,0.061,0.016,,,0.165,0.161,0.0,84.1,65.4,78.1,93.3,88.5,85.2,,,92.5,84.8,0.0,-3.0,7.3,2.5,-2.3,0.6,-4.8,,,-4.5,1.9,0.0,2.9,-8.9,-6.8,7.9,3.9,1.2,,,4.4,-0.1,0.0,-15.1,-0.6,-3.8,14.3,-2.2,3.8,,,-28.0,-18.2,-0.1,-0.56,-8.01,-0.15,0.17,-0.15,0.97,,,-0.72,-0.48,-1.28,0.304,0.698,0.495,0.61,0.865,0.784,0.486,22.6,-7.1,103,77,89,97,94,83,103,1.0,109,89,75,97,98,108,114,106,87,88.4,10.2,242,0.053,116.2,1534,0.3389999999999999,4527,0.146,0.252,0.259,0.412,0.313,12.9,0.7873822204014748,0.3440633245382586,0.8052344251766217,3.3467409213857136,0.4876543209876543,0.19135802469135801
18,2019,CIN,28,2462,5450,6100,1328,839,235,27,227,701,679,492,25,1436,89,33,30,111,80,38,0.244,1677,1460,888,147,23703,8393,15310,95,52,5,0.081,0.235,0.34,0.315,0.422,0.736,0.178,0.288,1.15,0.221,0.417,0.363,0.1009999999999999,0.155,0.057,0.096,0.312,-46.2,721,-121.3,29.3,191.9,36.1,129.6,12.6,$100.7,4.2,85,-12.12,-114.15,102.02,-67.51,-6.86,1.0,1.34,314,-6.04,-6.04,0.529,93.0,0.171,84.7,0.068,88.3,0.114,78.6,0.104,84.0,0.013,85.8,,,0.004,,21.7,-50.3,1.1,-9.6,-0.2,-7.3,,0.17,-1.24,0.07,-0.35,-0.01,-2.31,,0.319,0.703,0.481,0.632,0.851,0.767,0.422,0.617,0.1119999999999999,-9.3,0.35,,0.07,0.015,,0.179,0.1639999999999999,0.091,0.03,,0.102,,,,93.3,,88.2,85.8,,92.2,84.9,78.2,80.0,,84.0,,,-2.5,,0.4,-5.9,,-4.8,1.9,1.7,3.3,,-2.6,,,8.9,,4.3,3.3,,5.8,1.4,-5.0,-5.8,,4.3,,,-6.8,,-4.4,-8.3,,15.5,-39.4,-9.7,-11.0,,-4.0,,,-0.08,,-0.27,-2.48,,0.38,-1.05,-0.46,-1.58,,-0.17,,,0.297,0.6679999999999999,0.481,0.59,0.845,0.7659999999999999,0.497,22.4,65.4,-3.6,-10.0,24 - 36,-130.7,3.0,-3.1,0.401,0.34,0.259,0.176,0.447,0.377,0.353,0.099,,0.113,0.348,0.069,0.0139999999999999,,,0.159,0.162,0.0,84.1,,78.5,93.4,88.4,84.8,,,92.1,84.9,0.0,-2.3,,2.4,-2.1,0.8,-5.8,,,-4.9,2.4,0.0,2.8,,-6.9,7.9,3.2,1.7,,,4.3,0.0,0.0,1.3,,-13.6,-8.6,-3.8,-11.5,,,14.2,-47.2,-0.1,0.05,,-0.51,-0.1,-0.23,-3.53,,,0.37,-1.22,-2.5,0.298,0.6679999999999999,0.481,0.593,0.845,0.7659999999999999,0.495,22.4,2.9,94,91,108,95,95,95,96,1.02,97,102,100,99,99,104,104,101,97,87.4,13.6,246,0.06,118.3,1305,0.32,4083,0.161,0.273,0.239,0.4,0.308,10.8,0.7392363931762794,0.5181169757489301,0.7645901639344262,3.2048686699259683,0.3888888888888889,0.17901234567901234
14,2019,TOR,27,2354,5493,6091,1299,761,270,21,247,726,697,509,10,1514,45,28,14,107,51,20,0.236,1586,1564,837,175,24052,8727,15325,91,34,8,0.084,0.249,0.34,0.305,0.428,0.733,0.192,0.28,1.01,0.21,0.3979999999999999,0.392,0.1119999999999999,0.158,0.057,0.235,0.31,-54.3,712,-59.4,-3.4,191.6,-15.7,134.0,13.0,$104.1,3.8,92,-11.51,-110.45,98.94,-79.96,-7.56,0.95,1.74,79,-9.06,-3.0,0.519,93.1,0.1889999999999999,83.9,0.059,88.2,0.104,79.5,0.108,84.6,0.019,85.5,0.001,74.3,0.001,,-23.8,-15.7,4.2,-14.9,-20.6,6.8,0.8,-0.19,-0.35,0.29,-0.59,-0.79,1.49,4.02,0.318,0.679,0.466,0.605,0.845,0.748,0.409,0.621,0.1169999999999999,-7.7,0.364,,0.06,0.019,,0.152,0.1889999999999999,0.084,0.025,,0.108,,0.001,,93.3,,88.4,85.5,,92.5,84.0,78.7,81.2,,84.8,,74.7,-1.6,,0.8,-5.2,,-3.7,1.2,2.0,1.8,,-1.2,,0.0,9.2,,4.3,2.4,,5.3,0.8,-5.0,-6.9,,4.4,,-0.6,-49.4,,16.1,0.1,,18.5,-36.4,-6.7,-2.2,,-13.6,,0.9,-0.56,,1.12,0.02,,0.51,-0.8,-0.33,-0.37,,-0.53,,5.17,0.294,0.649,0.466,0.5529999999999999,0.841,0.747,0.484,22.4,-19.1,-1.3,-5.7,19 - 35,-67.1,28.7,0.0,0.4429999999999999,0.3279999999999999,0.2289999999999999,0.179,0.442,0.3779999999999999,0.373,0.107,,0.104,0.372,0.057,0.02,0.001,,0.145,0.192,,84.8,,79.5,93.4,88.4,85.2,75.4,,92.6,84.0,,-1.2,,2.1,-1.4,0.9,-4.8,0.0,,-3.5,1.6,,2.9,,-7.3,8.1,3.3,0.8,-1.6,,4.0,-0.6,,-21.3,,-16.1,-38.4,10.3,5.0,1.2,,9.2,-23.7,,-0.83,,-0.64,-0.43,0.75,1.05,5.89,,0.26,-0.51,,0.295,0.648,0.466,0.5529999999999999,0.8420000000000001,0.747,0.484,22.4,12.0,93,98,109,94,97,103,94,0.99,94,108,103,107,97,93,107,98,100,88.7,14.3,317,0.079,118.9,1496,0.372,4023,0.17,0.287,0.238,0.42,0.313,12.1,0.7680543755310111,0.5443526170798899,0.7514365457231982,3.234561462345738,0.43209876543209874,0.1728395061728395
4,2019,CHW,28,2311,5529,6042,1443,981,260,20,182,708,676,378,13,1549,66,32,36,114,63,28,0.261,1859,1283,843,122,23538,8086,15452,145,62,16,0.063,0.256,0.24,0.314,0.414,0.728,0.153,0.329,1.45,0.212,0.466,0.322,0.095,0.142,0.078,0.258,0.309,-57.4,703,-65.0,-36.4,190.0,-15.7,99.0,9.6,$76.9,3.9,92,-4.23,-104.01,99.78,-66.49,-6.37,0.94,1.61,87,-6.67,2.17,0.529,92.9,0.183,84.1,0.0559999999999999,87.8,0.104,79.4,0.1159999999999999,84.4,0.01,84.5,0.003,74.5,0.002,,-29.2,-11.7,-4.3,0.4,-2.2,-1.4,0.8,-0.23,-0.27,-0.33,0.02,-0.08,-0.61,1.31,0.348,0.687,0.491,0.597,0.8440000000000001,0.743,0.422,0.618,0.126,-2.5,0.384,,0.0579999999999999,0.012,,0.142,0.176,0.085,0.0279999999999999,,0.113,,0.003,,93.2,,88.1,84.1,,92.2,84.2,78.8,80.5,,84.4,,74.5,-1.9,,0.8,-5.3,,-3.8,1.2,2.4,3.1,,-1.6,,-1.4,9.0,,4.5,2.6,,5.3,0.8,-4.5,-6.4,,4.2,,2.0,-27.3,,-5.4,1.1,,-12.5,-24.1,3.8,-7.9,,-4.5,,1.2,-0.3,,-0.39,0.38,,-0.37,-0.58,0.19,-1.2,,-0.17,,2.02,0.322,0.6609999999999999,0.491,0.5429999999999999,0.841,0.743,0.499,23.2,-52.1,-2.7,6.0,22 - 36,-67.4,28.5,2.0,0.38,0.3329999999999999,0.287,0.176,0.496,0.3279999999999999,0.349,0.1119999999999999,,0.102,0.384,0.055,0.0139999999999999,0.003,,0.142,0.186,0.001,84.5,,79.2,93.2,88.1,83.7,74.6,,92.4,84.1,0.0,-1.5,,2.7,-1.7,0.7,-4.4,-2.0,,-3.7,1.7,0.0,2.9,,-6.9,7.9,3.5,0.8,0.6,,4.1,-0.7,0.0,2.9,,1.2,-35.0,-4.1,-5.1,0.5,,-11.6,-25.0,0.0,0.11,,0.05,-0.39,-0.31,-1.56,0.79,,-0.35,-0.57,0.38,0.32,0.662,0.491,0.541,0.841,0.743,0.501,23.2,-18.4,103,74,112,97,94,82,110,0.99,110,88,93,92,98,116,105,109,87,89.1,10.8,288,0.071,117.9,1519,0.375,4049,0.162,0.288,0.245,0.408,0.305,11.3,0.7879705755084379,0.41129943502824856,0.7436279377689508,2.864174189678391,0.45962732919254656,0.14906832298136646
2,2019,BAL,27,2386,5596,6189,1379,889,252,25,213,729,698,462,8,1435,71,37,22,111,84,30,0.246,1822,1482,843,159,24561,8725,15836,137,72,26,0.075,0.2319999999999999,0.32,0.31,0.415,0.725,0.168,0.293,1.23,0.203,0.439,0.357,0.107,0.144,0.075,0.361,0.308,-65.4,713,-93.3,-65.6,194.7,-14.9,51.4,5.0,$40.0,4.5,88,-12.96,-111.08,98.12,-99.61,-9.4,0.95,1.63,126,-9.11,-4.52,0.502,93.0,0.1669999999999999,84.3,0.073,88.2,0.119,79.5,0.118,84.4,0.021,85.2,,,0.001,,22.7,-32.7,-20.6,-2.6,-18.3,-0.9,,0.18,-0.8,-1.14,-0.09,-0.64,-0.18,,0.331,0.693,0.48,0.635,0.843,0.759,0.412,0.619,0.1159999999999999,1.4,0.357,,0.077,0.016,0.0,0.146,0.16,0.0969999999999999,0.027,,0.12,,,,93.1,,88.2,85.0,82.3,92.5,84.3,78.9,81.4,,84.5,,,-1.2,,0.5,-5.4,-5.5,-2.6,1.1,1.9,2.2,,-0.8,,,9.2,,4.3,3.1,-1.6,5.5,1.0,-4.6,-5.7,,4.4,,,-0.3,,-24.6,-5.4,-0.4,9.4,-33.8,-3.1,-5.0,,-18.3,,,0.0,,-1.3,-1.36,-9.59,0.26,-0.86,-0.13,-0.77,,-0.62,,,0.306,0.662,0.48,0.588,0.84,0.758,0.489,22.8,-80.5,0.7,1.8,23 - 33,-91.9,29.2,-0.5,0.415,0.341,0.244,0.1889999999999999,0.487,0.324,0.341,0.115,,0.113,0.364,0.071,0.023,,,0.1369999999999999,0.175,0.0,84.6,,79.4,93.3,88.4,84.9,,,92.6,84.3,21.8,-0.6,,2.4,-1.1,0.6,-4.6,,,-2.5,1.3,0.7,3.0,,-6.8,8.1,3.2,1.5,,,4.1,-0.4,0.3,-22.6,,-3.1,3.3,-20.5,-5.3,,,9.3,-43.7,0.0,-0.8,,-0.11,0.04,-1.18,-0.96,,,0.28,-1.01,0.58,0.305,0.662,0.48,0.583,0.8420000000000001,0.758,0.491,22.8,-19.4,97,88,101,96,94,90,98,0.96,104,98,94,100,101,98,113,107,85,88.0,11.8,265,0.063,114.8,1418,0.336,4221,0.161,0.2769999999999999,0.242,0.401,0.306,5.7,0.7715842414082146,0.4674897119341564,0.7681370172887381,3.032433375016349,0.41975308641975306,0.1419753086419753
29,2019,SDP,26,2413,5391,6019,1281,814,224,24,219,682,652,504,19,1581,55,31,37,120,70,37,0.238,1742,1322,737,159,23576,8498,15078,123,77,25,0.084,0.263,0.32,0.308,0.41,0.718,0.172,0.293,1.32,0.1939999999999999,0.4579999999999999,0.348,0.12,0.166,0.071,0.325,0.305,-84.6,673,-90.0,-7.5,189.3,33.7,119.6,11.6,$92.9,4.1,89,-9.98,-111.15,101.17,-60.89,-6.57,1.0,1.28,287,-5.0,-4.93,0.534,93.1,0.195,84.8,0.055,89.1,0.11,79.0,0.096,84.6,0.01,84.9,0.0,61.5,0.003,,-20.9,-40.7,3.1,-25.3,-6.4,-1.6,0.3,-0.17,-0.89,0.24,-0.98,-0.28,-0.68,4.94,0.313,0.67,0.461,0.596,0.838,0.742,0.414,0.617,0.119,-8.8,0.376,,0.066,0.015,,0.153,0.183,0.085,0.031,0.0,0.091,,0.0,,93.3,,88.9,84.5,,92.5,84.9,78.4,80.9,64.0,84.6,,61.4,-2.7,,0.6,-5.8,,-4.8,1.4,2.1,2.1,6.6,-3.3,,-0.2,9.0,,4.8,2.6,,5.3,1.4,-5.6,-5.3,-5.7,4.1,,1.7,-24.1,,10.8,-1.2,,-4.3,-54.6,-9.3,-15.6,-0.3,-10.3,,0.3,-0.27,,0.7,-0.34,,-0.12,-1.27,-0.47,-2.17,-7.57,-0.48,,4.94,0.284,0.643,0.461,0.541,0.8320000000000001,0.741,0.493,22.7,26.2,-5.1,-1.7,20 - 37,-98.8,2.9,-4.3,0.408,0.353,0.239,0.1939999999999999,0.416,0.39,0.3829999999999999,0.091,0.001,0.1119999999999999,0.3879999999999999,0.059,0.0139999999999999,0.0,,0.138,0.191,0.0,84.7,68.7,79.1,93.4,89.3,84.5,64.7,,92.5,85.0,0.0,-3.2,6.5,2.6,-2.3,0.9,-5.4,0.6,,-5.0,1.8,0.0,2.6,-9.6,-7.2,7.9,3.8,1.2,-0.8,,3.8,0.1,0.0,-8.7,-2.2,-19.3,-22.4,11.8,-0.7,0.2,,-13.8,-56.9,0.1,-0.4,-9.36,-0.73,-0.24,0.85,-0.2,3.3,,-0.42,-1.26,2.15,0.284,0.643,0.461,0.54,0.8320000000000001,0.741,0.494,22.7,15.7,92,95,120,93,92,92,98,0.89,107,98,107,101,102,96,115,94,100,88.9,10.7,276,0.071,115.9,1439,0.371,3879,0.174,0.293,0.228,0.391,0.299,10.8,0.7397430584334853,0.513782991202346,0.7373317826881542,3.0572835317254117,0.3950617283950617,0.16049382716049382
7,2019,KCR,27,2269,5496,6080,1356,873,281,40,162,691,655,456,17,1405,59,42,24,113,117,39,0.247,1813,1408,861,137,23471,8389,15082,125,70,26,0.075,0.231,0.32,0.309,0.401,0.71,0.154,0.301,1.29,0.211,0.444,0.345,0.0969999999999999,0.115,0.069,0.371,0.302,-95.7,669,-124.5,-11.2,191.2,-14.3,78.5,7.6,$61.0,5.1,84,-13.54,-113.4,99.86,-124.67,-11.54,0.99,1.39,58,-13.23,-0.47,0.513,93.1,0.204,84.1,0.054,88.3,0.103,79.0,0.1159999999999999,84.5,0.01,84.9,,,0.004,,-11.2,-47.0,4.8,-11.2,-19.7,-2.6,,-0.09,-0.98,0.38,-0.46,-0.72,-1.16,,0.315,0.6920000000000001,0.475,0.596,0.862,0.76,0.423,0.621,0.114,8.6,0.37,,0.063,0.009,,0.14,0.195,0.09,0.017,0.0,0.115,,,,93.2,,88.1,85.1,,92.6,84.1,78.5,80.9,57.9,84.4,,,-1.8,,0.7,-5.0,,-3.9,1.4,1.8,2.6,7.1,-1.8,,,9.5,,4.2,2.7,,5.0,0.8,-4.9,-7.0,-6.5,4.7,,,-23.6,,-1.2,-4.1,,-1.9,-41.9,-15.2,0.4,0.0,-21.0,,,-0.27,,-0.08,-1.87,,-0.06,-0.92,-0.72,0.11,4.19,-0.78,,,0.281,0.662,0.475,0.536,0.853,0.7609999999999999,0.507,22.4,-25.4,3.4,-4.6,22 - 35,-115.9,28.6,-0.5,0.401,0.34,0.258,0.1689999999999999,0.462,0.369,0.3329999999999999,0.114,0.0,0.103,0.365,0.059,0.01,,,0.139,0.198,0.0,84.6,57.8,78.9,93.3,88.4,84.7,,,92.6,84.2,0.0,-1.8,7.2,2.2,-1.9,0.6,-4.1,,,-3.5,1.7,0.0,3.2,-9.4,-6.9,7.8,3.0,0.8,,,3.8,-0.2,0.0,-20.9,0.0,-16.1,-30.7,-1.6,-4.0,,,3.4,-39.8,0.0,-0.78,4.19,-0.66,-0.36,-0.11,-1.69,,,0.1,-0.85,3.89,0.281,0.6629999999999999,0.475,0.534,0.853,0.7609999999999999,0.509,22.4,-3.7,97,88,101,96,91,83,101,0.99,105,95,75,97,100,104,101,102,97,88.0,12.2,263,0.063,115.7,1376,0.331,4160,0.165,0.2789999999999999,0.24,0.395,0.302,6.5,0.7985896870868224,0.37510853835021707,0.7689144736842105,2.97148604493384,0.42592592592592593,0.19753086419753085
30,2019,SFG,29,2493,5579,6170,1332,839,300,26,167,678,655,475,26,1435,50,42,24,111,47,28,0.239,1769,1436,943,121,23979,8408,15571,96,61,20,0.077,0.233,0.33,0.302,0.392,0.694,0.153,0.29,1.23,0.2269999999999999,0.426,0.346,0.084,0.1159999999999999,0.054,0.3279999999999999,0.295,-135.8,640,-145.7,17.3,194.1,34.6,92.5,9.0,$71.9,3.8,82,-9.42,-114.02,104.6,-69.78,-8.0,1.02,1.24,357,-9.88,0.61,0.5379999999999999,93.1,0.166,84.8,0.063,88.5,0.106,79.1,0.11,84.1,0.017,85.6,0.0,67.0,0.004,,-57.3,-34.8,-11.6,-2.9,-8.0,-7.8,0.3,-0.44,-0.87,-0.77,-0.11,-0.3,-1.95,34.42,0.337,0.7070000000000001,0.489,0.6509999999999999,0.8440000000000001,0.7659999999999999,0.412,0.616,0.115,-10.8,0.368,,0.064,0.019,,0.165,0.161,0.087,0.032,,0.103,,,,93.5,,88.7,85.4,,92.2,84.9,78.4,81.1,,84.5,,,-2.3,,0.7,-6.7,,-2.6,1.0,1.4,2.9,,-3.0,,,9.0,,5.0,3.1,,5.4,1.4,-4.9,-5.1,,4.2,,,-49.0,,-13.2,-11.7,,-13.2,-31.0,-5.3,-6.6,,-10.3,,,-0.56,,-0.86,-2.54,,-0.33,-0.8,-0.25,-0.87,,-0.42,,,0.308,0.6779999999999999,0.489,0.603,0.8420000000000001,0.7659999999999999,0.49,22.7,51.9,-5.7,-0.9,22 - 39,-156.5,3.0,3.2,0.392,0.351,0.256,0.162,0.4539999999999999,0.384,0.337,0.106,0.0,0.108,0.376,0.063,0.02,0.0,,0.158,0.163,,84.3,64.5,79.1,93.6,88.8,85.0,93.4,,92.1,84.9,,-2.9,0.8,2.2,-2.0,0.6,-5.9,-3.5,,-2.7,1.4,,2.5,-9.7,-7.0,7.9,3.7,1.6,8.9,,4.0,0.1,,-10.3,0.1,-3.6,-42.8,-17.8,-12.6,-0.1,,-17.6,-35.5,,-0.4,3.14,-0.14,-0.47,-1.17,-2.6,-12.78,,-0.46,-0.91,,0.309,0.677,0.489,0.605,0.8420000000000001,0.7659999999999999,0.49,22.7,6.9,93,87,106,91,88,82,97,1.05,100,98,75,97,102,103,96,103,99,87.8,13.2,268,0.064,114.7,1501,0.357,4210,0.157,0.271,0.24,0.407,0.306,8.5,0.7248295226634577,0.39410029498525073,0.7674230145867099,3.3938604088574733,0.36419753086419754,0.2222222222222222
6,2019,DET,28,2316,5549,6039,1333,851,292,41,149,582,556,391,14,1595,48,42,9,108,57,20,0.24,1642,1411,913,141,23506,7884,15622,104,36,8,0.065,0.264,0.25,0.294,0.388,0.682,0.148,0.308,1.16,0.23,0.414,0.356,0.1,0.106,0.063,0.222,0.29,-158.9,601,-174.2,-30.5,189.9,-16.8,-0.1,0.0,($0.1),4.4,77,-22.14,-120.33,98.19,-237.3,-22.3,1.04,1.71,68,-18.23,-3.12,0.52,93.2,0.195,84.0,0.0579999999999999,88.1,0.105,79.5,0.106,84.1,0.015,85.2,0.001,75.1,0.003,,-67.6,-43.2,-11.6,-4.3,-31.3,0.0,0.2,-0.55,-0.95,-0.84,-0.17,-1.26,0.01,0.92,0.372,0.688,0.503,0.614,0.8320000000000001,0.738,0.415,0.636,0.132,3.0,0.377,,0.071,0.015,0.0,0.142,0.181,0.0819999999999999,0.026,,0.106,,0.001,,93.4,,87.9,84.9,83.3,92.7,83.8,79.0,80.5,,84.2,,74.9,-2.8,,0.7,-8.1,-6.4,-5.8,1.8,2.8,4.2,,-2.3,,-0.3,9.8,,4.2,4.4,-0.6,5.5,1.1,-4.2,-7.3,,5.3,,-1.9,-29.8,,-19.5,-8.8,-0.2,-49.7,-34.2,6.4,-11.0,,-26.0,,0.1,-0.34,,-1.17,-2.47,-8.09,-1.49,-0.81,0.33,-1.82,,-1.05,,0.74,0.3429999999999999,0.6659999999999999,0.503,0.562,0.8290000000000001,0.737,0.495,22.2,-47.3,-0.1,-7.4,22 - 36,-171.2,28.5,0.7,0.3989999999999999,0.35,0.252,0.158,0.456,0.386,0.354,0.104,,0.098,0.374,0.0579999999999999,0.015,0.001,,0.139,0.2,0.0,84.3,,79.3,93.5,88.2,84.6,75.0,,92.7,83.9,0.0,-1.7,,3.2,-2.2,0.8,-4.2,0.0,,-5.2,2.3,0.0,3.6,,-6.9,8.1,3.0,1.2,-3.5,,4.2,-0.2,0.0,-27.5,,1.7,-32.1,-6.4,-5.4,0.1,,-50.2,-52.5,0.1,-1.12,,0.07,-0.36,-0.47,-1.55,0.74,,-1.53,-1.11,3.14,0.3429999999999999,0.665,0.503,0.561,0.8290000000000001,0.737,0.496,22.2,-7.8,95,76,116,91,88,79,103,1.08,98,98,69,96,103,102,95,100,102,88.1,14.1,258,0.064,114.2,1463,0.365,4005,0.16,0.292,0.237,0.395,0.295,-1.9,0.7443868739205527,0.40962199312714775,0.7358834244080146,2.6973647134778655,0.2732919254658385,0.21739130434782608
20,2019,MIA,28,2402,5512,6045,1326,897,265,18,146,615,593,395,16,1469,73,33,31,139,55,30,0.241,1962,1225,857,105,23101,7925,15176,138,62,9,0.065,0.243,0.27,0.298,0.375,0.673,0.134,0.3,1.6,0.212,0.485,0.303,0.086,0.119,0.07,0.145,0.288,-170.1,590,-171.7,-17.8,190.1,34.7,28.4,2.8,$22.1,3.6,79,-15.08,-113.0,97.92,-121.39,-11.99,1.01,1.21,290,-13.53,-1.34,0.54,93.2,0.1889999999999999,85.4,0.054,88.8,0.105,79.1,0.1,84.5,0.012,85.8,,,0.003,,-87.1,-38.6,-9.4,-5.4,-23.7,-7.1,,-0.7,-0.88,-0.75,-0.22,-1.02,-2.63,,0.349,0.67,0.48,0.616,0.856,0.753,0.407,0.625,0.119,-9.9,0.336,,0.06,0.015,,0.204,0.18,0.086,0.024,,0.095,,,,93.5,,88.6,85.3,,92.6,85.4,78.6,80.8,,84.6,,,-2.7,,0.5,-6.4,,-4.3,1.4,2.5,3.6,,-1.6,,,9.2,,5.2,2.9,,5.6,1.6,-4.9,-5.4,,4.1,,,-38.8,,-14.2,-0.6,,-62.6,-42.9,-1.3,-3.2,,-32.0,,,-0.5,,-1.03,-0.17,,-1.33,-1.03,-0.06,-0.58,,-1.46,,,0.322,0.643,0.48,0.556,0.855,0.753,0.492,22.7,16.9,-5.0,-9.8,23 - 38,-181.6,2.9,-9.1,0.384,0.347,0.2689999999999999,0.172,0.441,0.387,0.3329999999999999,0.1,,0.106,0.336,0.055,0.012,,,0.2,0.187,0.0,84.7,,79.2,93.7,88.6,84.7,,,92.5,85.5,0.0,-1.7,,3.1,-2.3,0.7,-6.0,,,-4.3,1.9,0.0,2.5,,-6.9,8.1,4.2,0.6,,,4.1,0.2,0.0,-30.1,,-5.4,-40.1,-14.9,-3.2,,,-61.4,-40.4,0.2,-1.3,,-0.22,-0.52,-1.16,-1.19,,,-1.33,-0.93,1.8,0.322,0.642,0.48,0.556,0.853,0.753,0.495,22.7,-7.4,93,74,111,90,84,72,100,0.98,113,85,77,95,101,108,102,100,99,88.3,9.1,241,0.059,114.7,1447,0.352,4108,0.173,0.292,0.239,0.384,0.296,1.9,0.7164862614487927,0.3798373983739838,0.7569892473118279,3.345784199804765,0.3271604938271605,0.2777777777777778
14,2021,TOR,28,2383,5476,6070,1455,895,285,13,262,846,816,496,14,1218,51,35,10,112,81,20,0.266,1730,1662,889,171,23254,8419,14835,128,22,7,0.0819999999999999,0.201,0.41,0.33,0.466,0.797,0.2,0.296,1.04,0.208,0.4039999999999999,0.3879999999999999,0.103,0.158,0.074,0.318,0.34,129.4,864,92.2,8.7,189.7,-15.6,294.2,29.5,$236.0,4.2,112,1.96,-100.71,102.67,96.67,9.07,0.91,1.26,100,7.46,-5.31,0.502,93.7,0.212,84.9,0.073,87.6,0.088,79.6,0.1119999999999999,85.0,0.013,86.7,,,0.002,,75.7,8.2,-1.6,34.4,9.1,3.5,,0.65,0.17,-0.1,1.69,0.35,1.17,,0.319,0.725,0.488,0.633,0.867,0.778,0.418,0.621,0.108,1.0,0.355,,0.087,0.01,,0.145,0.198,0.069,0.02,0.0,0.1159999999999999,,,,93.8,,87.7,86.5,,93.5,84.7,79.0,80.7,45.9,85.1,,,-1.8,,0.5,-5.1,,-5.1,1.7,2.2,2.4,1.1,-1.6,,,9.5,,4.3,2.4,,5.3,1.2,-4.7,-6.5,5.5,4.5,,,41.3,,-1.0,1.4,,20.3,2.7,26.3,4.2,-0.4,6.0,,,0.5,,-0.05,0.63,,0.6,0.06,1.64,0.9,-5.72,0.22,,,0.272,0.698,0.489,0.55,0.862,0.7759999999999999,0.508,22.8,-7.0,2.9,0.6,22 - 37,93.2,18.2,-0.7,0.41,0.336,0.254,0.149,0.516,0.336,0.326,0.115,0.0,0.08,0.361,0.074,0.01,,,0.141,0.2189999999999999,0.0,84.8,72.5,79.4,93.7,87.5,86.2,,,93.4,84.7,79.3,-1.5,6.8,2.3,-1.5,0.4,-5.1,,,-5.1,2.2,-3.3,3.0,-10.3,-7.7,8.3,3.4,0.8,,,3.8,-0.3,8.5,3.5,0.0,30.1,41.6,-2.9,2.6,,,19.6,6.4,0.0,0.13,-0.26,1.62,0.5,-0.17,1.11,,,0.6,0.13,4.97,0.276,0.691,0.489,0.551,0.862,0.7759999999999999,0.512,22.8,5.0,108,96,88,104,112,118,102,1.01,95,105,116,102,97,102,91,100,104,90.3,13.6,418,0.0969999999999999,117.4,1822,0.423,4305,0.149,0.257,0.261,0.456,0.338,29.7,0.8187159043222828,0.49550827423167854,0.799341021416804,3.6321545374406816,0.5185185185185185,0.1419753086419753
21,2021,HOU,28,2319,5593,6291,1496,962,299,14,221,863,834,569,25,1222,64,54,9,136,53,16,0.267,1785,1658,958,170,24555,8982,15573,115,33,8,0.09,0.1939999999999999,0.47,0.339,0.444,0.783,0.177,0.303,1.08,0.218,0.406,0.377,0.103,0.133,0.064,0.242,0.336,114.9,876,112.9,32.7,196.6,-14.6,340.2,34.1,$272.9,3.8,115,6.67,-103.23,109.9,144.3,14.79,0.95,1.54,94,7.9,-0.85,0.509,93.2,0.211,84.1,0.061,88.8,0.085,79.2,0.114,84.5,0.016,85.8,0.003,77.2,0.003,,36.4,7.8,23.5,6.5,24.0,1.1,5.3,0.29,0.15,1.56,0.31,0.86,0.27,8.57,0.295,0.667,0.4529999999999999,0.682,0.88,0.8059999999999999,0.423,0.607,0.088,-6.3,0.3379999999999999,,0.073,0.018,,0.17,0.195,0.071,0.02,,0.1119999999999999,,0.002,,93.4,,88.9,85.6,,92.6,84.1,78.5,80.5,,84.5,,77.9,-1.5,,0.6,-6.3,,-2.5,1.7,1.6,2.6,,-0.9,,-1.7,9.7,,5.0,2.6,,5.4,1.3,-4.8,-7.0,,4.5,,1.9,28.2,,16.3,-0.8,,-4.9,1.5,12.7,-0.9,,25.8,,5.1,0.34,,0.91,-0.18,,-0.12,0.03,0.72,-0.18,,0.94,,8.99,0.25,0.6459999999999999,0.4529999999999999,0.626,0.871,0.805,0.512,24.6,18.1,-1.5,-0.1,24 - 37,106.6,18.9,-4.6,0.41,0.352,0.238,0.148,0.52,0.331,0.32,0.111,0.0,0.089,0.345,0.066,0.019,0.003,0.0,0.165,0.2019999999999999,0.0,84.6,69.0,79.3,93.6,88.7,85.7,76.9,74.8,92.7,84.2,87.6,-1.0,5.9,2.1,-1.5,0.6,-6.1,-1.6,10.0,-2.4,1.9,-3.8,2.9,-10.7,-7.3,8.5,3.7,1.4,0.2,-1.3,4.0,-0.1,5.3,25.3,0.0,5.5,25.8,17.7,-2.3,5.3,0.0,-2.8,7.4,0.4,0.93,-4.11,0.25,0.3,1.1,-0.5,8.57,-1.54,-0.07,0.15,4.72,0.256,0.635,0.4529999999999999,0.624,0.872,0.805,0.519,24.6,0.8,109,107,85,107,107,104,104,1.06,96,102,98,102,101,95,91,101,103,89.5,14.0,342,0.077,116.4,1811,0.408,4436,0.18,0.268,0.261,0.436,0.335,34.0,0.8904700301854247,0.40973348783314023,0.8057542521061835,3.45481974417841,0.5246913580246914,0.1111111111111111
3,2021,BOS,29,2353,5495,6122,1434,862,330,23,219,829,783,512,22,1386,61,42,10,100,40,21,0.261,1671,1603,862,190,23976,8485,15491,113,23,5,0.084,0.226,0.37,0.328,0.449,0.777,0.188,0.309,1.04,0.208,0.4039999999999999,0.3879999999999999,0.119,0.1369999999999999,0.068,0.217,0.333,93.0,834,39.7,-12.6,191.3,-14.3,217.0,21.8,$174.0,4.0,105,5.44,-106.81,112.25,67.35,5.99,0.98,1.73,92,4.03,1.51,0.52,93.5,0.19,84.6,0.063,87.3,0.094,79.7,0.12,84.3,0.013,85.6,0.001,53.0,0.003,,38.6,18.5,6.7,14.3,23.1,0.5,-0.1,0.31,0.41,0.44,0.64,0.81,0.15,-0.4,0.337,0.6990000000000001,0.487,0.642,0.836,0.757,0.413,0.611,0.118,-5.6,0.382,,0.08,0.013,,0.135,0.174,0.077,0.017,0.001,0.12,,,,93.5,,87.6,85.2,,93.3,84.3,78.9,80.9,45.9,84.3,,,-1.4,,0.5,-5.7,,-1.8,1.5,0.4,2.8,0.1,-0.4,,,9.7,,4.3,2.3,,5.6,1.0,-4.5,-5.3,5.9,4.4,,,13.2,,7.5,0.2,,7.8,15.5,5.7,9.7,0.8,22.0,,,0.14,,0.39,0.05,,0.24,0.37,0.31,2.39,4.01,0.77,,,0.3,0.6729999999999999,0.487,0.591,0.831,0.757,0.5,24.7,-26.8,-5.6,-2.8,22 - 35,34.1,18.4,4.0,0.397,0.3379999999999999,0.265,0.1669999999999999,0.502,0.331,0.346,0.119,,0.09,0.389,0.069,0.013,,,0.129,0.1889999999999999,0.0,84.4,,79.6,93.6,87.8,85.5,,,93.5,84.7,88.8,-0.4,,1.1,-1.2,0.4,-5.6,,,-1.9,1.7,3.8,2.8,,-6.6,8.5,3.3,0.9,,,4.0,-0.3,0.2,18.9,,7.9,19.5,8.0,1.8,,,7.6,17.5,0.1,0.66,,0.36,0.21,0.48,0.58,,,0.25,0.39,0.76,0.303,0.6679999999999999,0.487,0.588,0.8320000000000001,0.7559999999999999,0.504,24.7,0.4,106,99,99,104,108,111,106,1.02,95,105,100,99,97,106,102,98,103,89.9,13.7,411,0.099,118.6,1767,0.424,4163,0.158,0.2769999999999999,0.255,0.45,0.335,21.4,0.8270293242668934,0.42267792521109776,0.7736033975824894,3.579419784463036,0.5,0.14814814814814814
30,2021,SFG,29,2597,5462,6196,1360,823,271,25,241,804,768,602,45,1461,64,30,36,117,66,14,0.249,1586,1541,871,128,24617,9079,15538,98,69,16,0.0969999999999999,0.236,0.41,0.329,0.44,0.769,0.191,0.295,1.03,0.218,0.397,0.385,0.083,0.156,0.062,0.2319999999999999,0.329,73.0,823,64.5,28.9,193.6,35.3,327.5,32.8,$262.7,4.4,108,9.42,-104.03,113.45,99.35,9.86,0.96,1.19,406,9.17,0.66,0.502,93.4,0.186,84.6,0.073,89.3,0.11,79.4,0.1169999999999999,85.6,0.011,85.7,0.0,68.9,0.006,,69.1,-24.8,11.5,4.5,8.4,-5.3,0.6,0.56,-0.54,0.64,0.17,0.29,-1.9,7.05,0.282,0.688,0.456,0.625,0.846,0.767,0.428,0.602,0.106,-9.0,0.361,,0.076,0.011,,0.141,0.175,0.0969999999999999,0.023,,0.1169999999999999,,,,93.5,,89.2,86.3,,92.9,84.8,79.0,80.5,,85.5,,,-2.0,,0.7,-4.4,,-4.0,1.9,2.3,2.9,,-3.5,,,9.3,,5.1,2.2,,5.2,1.1,-4.7,-6.7,,3.9,,,39.6,,6.3,-2.3,,28.9,-18.8,-7.6,4.7,,2.0,,,0.45,,0.34,-0.84,,0.83,-0.44,-0.32,0.83,,0.07,,,0.241,0.66,0.456,0.557,0.838,0.7659999999999999,0.514,23.8,64.1,2.4,-7.7,21 - 37,55.5,14.3,-1.1,0.405,0.354,0.242,0.15,0.534,0.315,0.372,0.1159999999999999,0.0,0.111,0.366,0.072,0.011,0.0,,0.1369999999999999,0.186,0.001,85.6,76.1,79.4,93.7,89.3,86.2,71.0,,92.9,84.7,86.0,-3.6,9.8,2.3,-1.9,1.0,-4.0,1.6,,-3.9,2.2,-1.5,2.4,-9.2,-7.0,8.3,4.1,1.1,-2.7,,3.8,-0.3,3.0,1.1,-0.3,-5.2,46.1,1.7,-2.5,0.7,,24.6,-13.1,0.2,0.04,-13.02,-0.19,0.51,0.09,-0.93,7.7,,0.73,-0.29,1.18,0.247,0.648,0.456,0.556,0.841,0.767,0.521,23.8,5.5,100,106,106,101,105,111,100,1.04,93,106,114,101,101,98,92,105,96,88.7,14.8,377,0.093,113.2,1579,0.3879999999999999,4069,0.17,0.276,0.24,0.427,0.324,32.1,0.7554871005005775,0.4796019900497513,0.7642027114267269,3.249250059464537,0.5617283950617284,0.14814814814814814
4,2021,CHW,28,2292,5357,6084,1373,886,275,22,190,796,757,586,10,1389,78,39,24,139,57,20,0.256,1838,1303,849,93,23930,8640,15290,143,41,7,0.096,0.228,0.42,0.336,0.422,0.758,0.166,0.31,1.41,0.213,0.461,0.327,0.071,0.146,0.078,0.171,0.329,73.0,809,57.6,-33.2,190.1,-14.6,218.6,21.9,$175.4,4.3,108,4.3,-101.76,106.06,74.05,7.41,0.94,1.55,83,7.43,-2.87,0.52,93.4,0.207,84.7,0.049,88.9,0.1,79.9,0.108,84.9,0.016,85.8,0.0,71.5,0.001,,50.8,-21.4,-0.3,15.5,20.4,2.0,0.0,0.41,-0.43,-0.03,0.65,0.79,0.51,-1.4,0.33,0.6829999999999999,0.476,0.624,0.856,0.7609999999999999,0.414,0.603,0.114,0.5,0.365,,0.063,0.021,,0.149,0.2,0.075,0.025,0.0,0.103,,,,93.4,,89.4,85.8,,93.3,84.6,79.0,81.5,43.2,84.8,,,-2.0,,0.7,-6.8,,-4.2,1.6,2.5,2.6,-1.0,-2.8,,,9.4,,4.6,3.0,,5.8,1.0,-5.3,-6.6,6.4,4.6,,,18.4,,-3.0,-2.3,,14.6,-20.3,11.0,2.8,0.7,18.1,,,0.21,,-0.2,-0.47,,0.41,-0.43,0.62,0.48,6.56,0.74,,,0.291,0.6629999999999999,0.476,0.5579999999999999,0.851,0.7609999999999999,0.497,23.5,-47.8,-2.3,6.3,22 - 34,58.0,18.3,-4.9,0.39,0.345,0.265,0.156,0.516,0.3289999999999999,0.356,0.102,0.0,0.098,0.375,0.057,0.021,0.0,,0.144,0.2019999999999999,0.0,84.8,76.6,79.8,93.6,88.7,85.8,71.8,,93.3,84.7,86.1,-2.7,7.8,2.9,-1.8,0.8,-6.6,2.1,,-4.1,1.9,-2.0,3.1,-9.5,-7.4,8.3,3.2,1.5,0.8,,4.4,-0.4,-0.2,19.6,0.5,15.6,18.7,0.9,-2.2,-0.1,,14.3,-27.0,-0.1,0.81,6.81,0.67,0.21,0.07,-0.44,-12.0,,0.42,-0.56,-1.4,0.295,0.655,0.476,0.5579999999999999,0.852,0.7609999999999999,0.503,23.5,-13.4,104,114,100,106,102,98,106,1.04,109,88,107,97,99,106,95,100,102,89.2,10.4,313,0.078,117.7,1592,0.395,4031,0.161,0.275,0.247,0.409,0.325,22.8,0.8547120418848168,0.38190954773869346,0.7716962524654832,3.5252330203204596,0.4567901234567901,0.15432098765432098
18,2021,CIN,29,2472,5423,6162,1352,822,295,13,222,786,756,553,22,1425,105,45,35,129,36,24,0.249,1681,1429,909,126,24111,8861,15250,116,59,6,0.09,0.231,0.39,0.328,0.431,0.759,0.182,0.296,1.18,0.226,0.418,0.356,0.088,0.155,0.069,0.102,0.327,61.4,807,-14.3,-32.2,192.6,37.5,181.1,18.2,$145.3,3.2,98,-4.2,-110.22,106.01,24.81,2.03,0.98,1.26,299,0.09,-4.38,0.514,93.2,0.192,84.4,0.057,89.0,0.11,78.7,0.1159999999999999,84.8,0.012,85.1,,,0.004,,54.5,-29.5,10.2,7.8,9.7,-0.6,,0.44,-0.63,0.75,0.29,0.35,-0.21,,0.317,0.6920000000000001,0.47,0.621,0.855,0.762,0.409,0.606,0.1119999999999999,-16.7,0.347,,0.064,0.013,,0.163,0.183,0.092,0.024,,0.115,,,,93.5,,89.3,85.1,,92.3,84.4,78.5,80.1,,84.8,,,-2.2,,0.8,-5.0,,-4.2,1.4,2.7,2.9,,-3.9,,,9.2,,4.9,1.7,,5.7,1.1,-5.4,-5.1,,4.0,,,42.9,,-3.0,-0.6,,-4.2,-20.8,13.9,-6.7,,7.3,,,0.51,,-0.2,-0.2,,-0.11,-0.47,0.63,-1.16,,0.27,,,0.281,0.662,0.47,0.5539999999999999,0.8490000000000001,0.7609999999999999,0.497,23.3,5.3,-7.9,-6.9,23 - 37,-31.0,14.2,-0.3,0.41,0.341,0.249,0.15,0.512,0.3379999999999999,0.357,0.1159999999999999,,0.111,0.364,0.057,0.012,,,0.148,0.192,,85.0,,78.9,93.7,89.3,85.1,,,92.4,84.6,,-3.6,,2.8,-1.7,1.5,-4.3,,,-4.6,1.9,,2.6,,-7.2,8.2,3.8,0.5,,,4.2,-0.1,,4.4,,6.6,50.3,-3.1,-0.3,,,-6.4,-22.2,,0.16,,0.25,0.57,-0.22,-0.1,,,-0.18,-0.48,,0.285,0.654,0.47,0.556,0.85,0.7609999999999999,0.502,23.3,1.4,100,98,104,101,103,106,100,1.08,98,98,114,102,97,101,92,101,103,88.4,13.2,347,0.085,114.1,1554,0.381,4079,0.159,0.271,0.244,0.421,0.325,17.8,0.7706310679611651,0.4519083969465649,0.7687439143135346,3.393860408857472,0.49382716049382713,0.16049382716049382
22,2021,LAD,28,2459,5445,6239,1330,822,247,24,237,830,799,613,36,1408,104,45,32,96,65,17,0.244,1644,1618,809,131,24466,9124,15342,140,43,3,0.098,0.226,0.44,0.33,0.429,0.759,0.185,0.284,1.02,0.1989999999999999,0.4039999999999999,0.397,0.081,0.146,0.085,0.07,0.327,60.3,816,41.3,-2.6,195.0,40.9,291.6,29.2,$234.0,4.5,105,4.77,-106.04,110.81,121.1,12.54,0.96,1.29,274,6.88,-1.93,0.507,93.3,0.216,84.8,0.059,88.8,0.0969999999999999,79.3,0.105,85.4,0.0139999999999999,85.6,0.0,62.5,0.005,,71.6,-11.4,0.4,-5.9,15.4,2.5,0.2,0.58,-0.22,0.03,-0.25,0.6,0.73,8.69,0.278,0.6859999999999999,0.4539999999999999,0.616,0.85,0.769,0.431,0.598,0.105,2.7,0.355,,0.0559999999999999,0.015,,0.149,0.216,0.08,0.025,,0.105,,,,93.6,,89.2,85.4,,92.5,84.9,78.7,81.0,,85.4,,,-1.8,,0.3,-5.9,,-3.4,1.5,2.7,1.9,,-3.1,,,9.1,,5.1,2.9,,4.9,1.2,-4.9,-5.2,,3.6,,,40.9,,2.4,0.2,,19.9,-16.5,-4.1,-8.4,,13.5,,,0.47,,0.18,0.04,,0.54,-0.31,-0.21,-1.39,,0.53,,,0.236,0.6559999999999999,0.4539999999999999,0.5379999999999999,0.845,0.768,0.519,24.0,38.3,0.7,2.5,22 - 41,43.9,14.4,6.1,0.417,0.342,0.241,0.141,0.506,0.354,0.362,0.103,0.0,0.098,0.363,0.051,0.017,,,0.145,0.223,0.0,85.4,69.2,79.3,93.7,89.1,85.5,,,92.5,84.9,86.2,-2.8,6.3,2.8,-1.5,0.5,-5.8,,,-3.4,1.9,-2.1,2.2,-9.9,-6.9,8.0,3.9,1.6,,,3.5,-0.2,1.5,12.1,0.0,-12.9,44.4,-1.0,-0.9,,,20.9,-14.4,0.1,0.48,0.78,-0.54,0.5,-0.08,-0.23,,,0.59,-0.26,0.58,0.241,0.645,0.4539999999999999,0.534,0.847,0.768,0.526,24.0,4.4,98,107,101,101,102,108,97,0.95,95,109,107,104,97,98,86,100,108,89.5,14.7,360,0.088,115.3,1657,0.4029999999999999,4114,0.171,0.276,0.242,0.423,0.328,29.6,0.7901586010573404,0.45686746987951815,0.7743228081423306,3.4975864475018548,0.5308641975308642,0.11728395061728394
24,2021,WSN,29,2386,5385,6113,1388,914,272,20,182,724,686,573,43,1303,84,31,38,158,56,26,0.258,1929,1254,890,106,23472,8599,14873,109,78,12,0.094,0.213,0.44,0.337,0.417,0.754,0.159,0.307,1.54,0.2189999999999999,0.474,0.308,0.085,0.145,0.057,0.154,0.326,54.4,794,14.9,-21.4,191.0,35.9,221.4,22.2,$177.6,3.7,102,-4.81,-114.08,109.27,2.29,0.4,1.02,1.25,282,-0.38,-4.33,0.511,93.8,0.2,85.1,0.052,88.2,0.108,79.2,0.115,85.4,0.0139999999999999,85.6,,,0.0069999999999999,,62.0,-6.0,-9.0,-4.6,6.8,-6.5,,0.52,-0.13,-0.74,-0.18,0.25,-1.97,,0.292,0.68,0.457,0.627,0.86,0.774,0.425,0.609,0.103,-13.1,0.351,,0.059,0.016,,0.16,0.191,0.085,0.027,,0.1119999999999999,,,,93.9,,88.8,85.7,,93.5,84.8,78.6,80.7,,85.4,,,-2.2,,0.6,-6.3,,-3.5,1.1,2.1,2.5,,-3.7,,,9.2,,4.6,2.0,,5.6,1.0,-5.4,-4.3,,3.9,,,43.8,,-4.8,-3.4,,6.5,-16.5,-11.8,1.9,,0.3,,,0.53,,-0.34,-0.94,,0.17,-0.37,-0.59,0.3,,0.01,,,0.249,0.6559999999999999,0.457,0.5529999999999999,0.853,0.774,0.512,23.6,14.5,-4.9,-9.9,21 - 37,1.8,14.1,-10.6,0.371,0.377,0.252,0.163,0.52,0.318,0.337,0.114,0.0,0.108,0.36,0.049,0.015,,,0.15,0.203,0.0,85.4,74.7,79.0,94.0,88.5,85.9,,,93.7,85.4,78.5,-3.5,8.3,2.1,-1.8,1.0,-6.2,,,-4.0,1.5,-4.7,2.3,-9.4,-7.1,8.1,3.7,1.0,,,3.9,-0.3,-1.1,-0.4,0.1,-9.0,42.6,-15.3,-3.5,,,11.0,-5.2,0.0,-0.01,3.22,-0.36,0.51,-1.33,-0.98,,,0.31,-0.11,2.01,0.252,0.644,0.457,0.552,0.8540000000000001,0.774,0.522,23.6,-6.8,104,102,96,103,99,93,104,1.04,111,85,106,92,107,102,99,102,97,88.6,9.5,288,0.069,116.6,1633,0.3929999999999999,4153,0.173,0.276,0.255,0.413,0.328,20.3,0.8218776194467728,0.4022099447513812,0.7868477016194995,3.2383049770366426,0.4444444444444444,0.16049382716049382
16,2021,ATL,29,2392,5363,6056,1307,779,269,20,239,790,762,549,36,1453,67,43,32,81,59,19,0.244,1586,1520,830,133,23528,8515,15013,114,48,6,0.091,0.24,0.38,0.319,0.435,0.754,0.191,0.288,1.04,0.211,0.4029999999999999,0.386,0.088,0.157,0.072,0.125,0.323,39.2,772,-7.6,2.4,189.3,36.7,236.9,23.8,$190.1,4.1,99,0.04,-106.15,106.19,63.17,6.39,0.98,1.23,272,2.22,-2.17,0.518,93.5,0.198,85.1,0.068,88.7,0.092,78.5,0.11,85.3,0.0139999999999999,86.1,,,0.006,,20.2,-11.9,0.4,13.5,29.5,-0.4,,0.17,-0.26,0.03,0.63,1.14,-0.11,,0.32,0.735,0.493,0.62,0.831,0.7509999999999999,0.417,0.608,0.123,2.1,0.357,,0.074,0.013,,0.158,0.188,0.076,0.022,,0.1119999999999999,,,,93.5,,88.8,86.3,,93.5,85.1,78.1,80.3,,85.2,,,-2.3,,0.4,-5.2,,-4.6,1.6,3.0,2.9,,-3.4,,,9.1,,4.7,2.4,,5.4,1.3,-4.8,-5.7,,3.8,,,33.7,,-11.1,-1.3,,-19.5,-3.8,9.0,-0.5,,25.3,,,0.4,,-0.64,-0.42,,-0.52,-0.09,0.5,-0.1,,0.96,,,0.278,0.703,0.493,0.552,0.826,0.75,0.507,23.7,39.1,-0.8,0.9,22 - 38,-5.4,14.0,5.3,0.419,0.346,0.2339999999999999,0.156,0.512,0.332,0.37,0.11,0.0,0.092,0.359,0.067,0.0139999999999999,,,0.158,0.201,,85.2,62.7,78.7,93.5,88.6,86.3,,,93.4,85.2,,-3.3,0.3,2.6,-2.1,0.6,-4.9,,,-4.5,2.2,,2.4,-8.2,-7.0,8.0,3.9,1.2,,,4.1,0.0,,25.1,0.1,8.1,27.6,-0.9,-0.5,,,-16.1,-11.9,,0.98,3.58,0.37,0.33,-0.06,-0.17,,,-0.44,-0.25,,0.281,0.696,0.494,0.55,0.8270000000000001,0.75,0.513,23.7,-0.4,98,99,108,98,103,112,98,1.01,94,106,115,104,99,95,95,101,101,89.5,13.9,392,0.098,117.9,1627,0.408,3987,0.142,0.265,0.249,0.443,0.332,24.7,0.7759197324414716,0.48405063291139244,0.7600726552179656,3.4565178327256345,0.5093167701863354,0.14285714285714285
12,2021,TBR,28,2389,5507,6213,1336,790,288,36,222,857,810,585,27,1542,72,41,6,75,88,42,0.243,1698,1539,752,168,24326,8960,15366,150,23,9,0.094,0.248,0.38,0.321,0.429,0.75,0.186,0.294,1.1,0.1889999999999999,0.426,0.386,0.109,0.144,0.088,0.391,0.322,40.9,793,66.4,27.4,194.2,-16.0,301.2,30.2,$241.6,5.0,109,8.69,-107.87,116.56,143.47,14.71,1.0,2.0,120,9.1,-0.41,0.506,93.6,0.187,84.5,0.067,88.4,0.102,79.8,0.122,84.8,0.016,86.5,,,0.004,,52.9,-4.2,3.6,14.3,7.2,-4.3,,0.43,-0.09,0.22,0.58,0.24,-1.1,,0.307,0.705,0.474,0.609,0.8170000000000001,0.7390000000000001,0.418,0.601,0.124,10.5,0.348,,0.079,0.019,,0.156,0.175,0.074,0.0289999999999999,0.0,0.12,,,,93.7,,88.6,86.0,,93.1,84.3,79.5,80.3,44.8,84.8,,,-1.0,,0.5,-6.3,,-2.7,1.0,1.9,2.2,-8.0,-2.1,,,10.0,,5.0,2.3,,5.8,1.4,-4.7,-5.9,5.3,4.9,,,8.3,,8.0,-4.5,,29.8,-8.0,11.7,-2.0,1.0,8.4,,,0.1,,0.42,-0.96,,0.78,-0.19,0.65,-0.29,8.66,0.29,,,0.265,0.6779999999999999,0.474,0.5329999999999999,0.815,0.737,0.506,23.2,11.4,-4.9,5.3,20 - 41,76.9,18.7,10.8,0.3989999999999999,0.361,0.24,0.177,0.491,0.332,0.3779999999999999,0.119,,0.1,0.355,0.066,0.019,,,0.15,0.191,0.0,85.0,,80.0,94.0,88.6,86.6,,,93.4,84.8,85.2,-1.9,,2.1,-0.8,0.2,-6.0,,,-2.7,1.4,-0.4,3.1,,-7.1,8.5,3.6,0.6,,,4.1,-0.1,8.7,6.2,,9.2,9.3,0.8,-6.4,,,31.0,0.4,0.0,0.21,,0.38,0.11,0.05,-1.36,,,0.85,0.01,1.02,0.267,0.6679999999999999,0.474,0.536,0.813,0.737,0.515,23.2,5.0,99,111,108,101,103,110,101,0.92,100,104,106,99,104,96,109,95,103,88.9,12.6,336,0.084,117.5,1600,0.3989999999999999,4014,0.156,0.28,0.233,0.399,0.313,31.0,0.8041021347844286,0.4144690781796967,0.7518107194591984,3.4147689804191295,0.5370370370370371,0.14814814814814814
8,2021,MIN,28,2356,5431,6078,1311,795,271,17,228,729,690,525,17,1405,70,42,7,122,54,15,0.241,1710,1497,844,149,23515,8706,14809,86,24,5,0.086,0.231,0.37,0.314,0.423,0.738,0.182,0.282,1.14,0.208,0.422,0.37,0.1,0.152,0.05,0.208,0.318,15.7,752,16.9,15.5,189.9,-15.4,219.5,22.0,$176.0,3.9,102,-6.23,-110.93,104.7,-15.02,-1.52,0.99,1.58,111,-3.51,-2.77,0.486,93.7,0.22,85.1,0.0559999999999999,88.4,0.089,79.6,0.135,84.6,0.013,85.8,,,0.003,,55.6,-25.3,-5.3,-3.2,-16.7,-0.4,,0.49,-0.49,-0.4,-0.15,-0.52,-0.15,,0.306,0.6940000000000001,0.4679999999999999,0.624,0.843,0.759,0.417,0.604,0.113,-5.8,0.321,,0.08,0.015,,0.161,0.201,0.068,0.021,0.0,0.134,,,,94.0,,88.8,85.9,,93.0,84.7,79.0,81.0,57.7,84.6,,,-1.5,,0.7,-6.8,,-2.9,1.1,1.4,2.6,-4.2,-1.1,,,9.5,,4.6,3.2,,5.7,0.8,-5.5,-6.3,9.2,4.6,,,61.4,,-14.1,-1.9,,-14.4,-23.3,-3.7,0.5,1.0,-20.0,,,0.81,,-0.75,-0.55,,-0.38,-0.49,-0.23,0.09,10.69,-0.64,,,0.266,0.669,0.4679999999999999,0.552,0.8390000000000001,0.758,0.502,23.5,0.2,-0.2,1.1,22 - 40,11.1,18.3,-4.0,0.435,0.336,0.2289999999999999,0.151,0.509,0.34,0.355,0.133,,0.087,0.331,0.071,0.015,,,0.156,0.207,,84.6,,79.6,94.2,88.4,86.1,,,93.1,84.9,,-1.2,,1.9,-1.4,0.8,-6.4,,,-2.9,1.3,,3.1,,-7.6,8.4,3.3,1.7,,,4.3,-0.4,,-19.0,,-4.7,58.1,-10.1,-1.5,,,-13.2,-25.0,,-0.61,,-0.23,0.75,-0.61,-0.42,,,-0.36,-0.51,,0.271,0.66,0.4679999999999999,0.552,0.841,0.758,0.506,23.5,5.9,98,102,101,99,102,107,97,1.02,99,100,112,108,97,92,92,99,106,89.9,13.1,416,0.102,117.1,1695,0.416,4078,0.161,0.273,0.252,0.448,0.335,21.5,0.7792869269949066,0.5004115226337449,0.7688384336952945,2.976616946670325,0.4506172839506173,0.15432098765432098
9,2021,NYY,29,2354,5331,6060,1266,819,213,12,222,711,666,621,14,1482,63,34,10,154,63,18,0.237,1675,1432,751,140,24803,9426,15377,97,35,12,0.102,0.245,0.42,0.322,0.407,0.729,0.169,0.285,1.17,0.195,0.434,0.371,0.098,0.155,0.0579999999999999,0.3429999999999999,0.317,13.3,747,20.0,-26.1,189.4,-15.1,182.4,18.3,$146.4,3.6,103,1.71,-110.7,112.41,-21.69,-2.12,1.02,1.89,94,-0.76,2.44,0.51,93.8,0.212,84.9,0.065,88.4,0.086,79.3,0.11,84.4,0.017,87.6,,,0.002,,13.6,-13.5,-6.6,9.1,-25.7,1.6,,0.11,-0.26,-0.41,0.43,-0.95,0.38,,0.283,0.669,0.444,0.617,0.83,0.7509999999999999,0.418,0.5820000000000001,0.111,-3.9,0.352,,0.075,0.017,,0.156,0.2019999999999999,0.062,0.025,0.0,0.11,0.0,,,93.9,,88.6,86.8,,93.5,84.8,78.3,80.6,52.9,84.4,82.3,,-1.5,,0.9,-5.9,,-3.3,1.9,1.0,2.3,2.1,-0.3,-5.9,,9.6,,4.8,2.5,,5.3,1.1,-5.7,-6.3,11.7,4.3,-1.1,,14.7,,-14.8,-1.4,,-9.0,-4.4,-1.6,4.4,0.0,-26.9,-0.1,,0.17,,-0.81,-0.32,,-0.23,-0.09,-0.11,0.7,-4.14,-0.99,-12.07,,0.239,0.6459999999999999,0.444,0.541,0.826,0.75,0.505,23.8,-41.3,0.0,-3.7,22 - 38,16.1,18.2,-11.4,0.389,0.35,0.261,0.163,0.516,0.322,0.384,0.109,0.0,0.086,0.361,0.065,0.018,,0.0,0.148,0.212,0.0,84.5,71.1,79.2,94.1,88.5,86.9,,83.1,93.5,85.0,79.3,-0.3,5.8,1.8,-1.4,0.9,-5.7,,-5.7,-3.2,2.1,0.7,2.8,-6.8,-7.8,8.4,3.5,1.1,,-2.8,3.9,-0.2,-0.1,-23.8,-0.4,3.5,13.2,-12.4,-3.8,,-0.1,-8.8,-7.2,0.2,-0.88,-5.2,0.17,0.15,-0.78,-0.88,,-12.0,-0.24,-0.14,5.67,0.246,0.634,0.444,0.546,0.826,0.75,0.511,23.8,3.0,97,121,107,102,98,100,98,0.95,102,100,114,97,101,104,99,100,100,89.9,12.5,380,0.098,122.2,1657,0.426,3894,0.174,0.285,0.245,0.426,0.331,17.5,0.8016142735768904,0.49957805907173003,0.7554455445544555,2.6357551041293843,0.4567901234567901,0.12345679012345678
19,2021,COL,28,2344,5374,6007,1338,847,275,34,182,739,709,491,24,1356,58,36,48,98,76,23,0.249,1795,1404,815,123,22881,8007,14874,121,88,10,0.0819999999999999,0.226,0.36,0.317,0.414,0.731,0.165,0.299,1.28,0.203,0.447,0.35,0.088,0.13,0.067,0.114,0.315,-3.2,724,-149.7,10.0,187.7,30.0,93.5,9.4,$75.0,4.8,80,-8.37,-112.56,104.19,-62.48,-6.91,1.01,1.18,278,-6.81,-1.47,0.518,93.2,0.192,84.4,0.074,88.4,0.092,79.7,0.1119999999999999,84.6,0.011,85.8,,,0.004,,32.6,-27.1,-12.9,10.6,5.6,-1.3,,0.28,-0.62,-0.76,0.5,0.22,-0.48,,0.3279999999999999,0.705,0.488,0.624,0.851,0.764,0.426,0.615,0.115,1.6,0.375,,0.078,0.013,,0.1369999999999999,0.187,0.08,0.021,,0.109,,,,93.4,,88.7,85.5,,92.5,84.6,79.2,81.0,,84.8,,,-1.7,,0.3,-4.5,,-3.1,1.9,2.2,3.6,,-2.1,,,8.6,,4.5,2.5,,4.5,0.8,-4.5,-5.9,,3.3,,,30.5,,-15.6,-3.3,,-10.7,-25.0,4.7,1.3,,0.8,,,0.36,,-0.87,-1.1,,-0.34,-0.58,0.26,0.27,,0.03,,,0.29,0.672,0.488,0.5579999999999999,0.8440000000000001,0.763,0.518,24.2,40.0,0.9,8.3,22 - 36,-148.1,13.9,3.2,0.367,0.36,0.273,0.171,0.5,0.3289999999999999,0.3379999999999999,0.11,0.0,0.099,0.375,0.072,0.013,,,0.141,0.1889999999999999,0.0,84.7,69.5,79.7,93.6,88.9,85.6,,,92.6,84.7,86.3,-2.1,4.4,2.8,-1.4,0.6,-4.3,,,-3.4,2.2,-4.8,2.4,-7.1,-6.0,8.0,4.0,1.7,,,3.6,-0.1,5.3,-0.5,0.6,4.1,30.1,-14.7,-1.6,,,-7.5,-26.0,0.0,-0.02,29.93,0.18,0.35,-0.9,-0.52,,,-0.23,-0.6,3.58,0.296,0.6659999999999999,0.488,0.564,0.8440000000000001,0.763,0.519,24.2,0.7,100,89,101,97,99,97,101,0.97,105,96,95,91,102,111,105,99,100,87.8,11.3,270,0.066,114.7,1481,0.361,4102,0.158,0.273,0.239,0.388,0.306,10.9,0.7802901023890785,0.3940460081190798,0.7742633594140169,3.266251769401437,0.4409937888198758,0.15527950310559005
26,2021,PHI,28,2394,5366,6089,1288,804,262,24,198,734,700,564,37,1402,67,43,47,103,77,19,0.24,1763,1383,804,151,23823,8530,15293,143,104,25,0.093,0.23,0.4,0.318,0.408,0.726,0.168,0.286,1.27,0.204,0.446,0.35,0.109,0.143,0.081,0.24,0.313,-10.1,727,-50.5,-12.2,190.3,35.6,183.7,18.4,$147.4,4.6,94,0.6,-107.32,107.92,8.9,0.61,1.0,1.26,275,-2.61,3.2,0.521,93.7,0.2019999999999999,84.5,0.062,88.4,0.096,78.8,0.108,85.7,0.011,86.3,0.001,62.5,0.006,,-16.5,-10.9,1.9,3.0,17.3,4.0,1.8,-0.13,-0.23,0.13,0.13,0.67,1.47,12.0,0.312,0.6859999999999999,0.474,0.64,0.838,0.764,0.432,0.61,0.1119999999999999,6.5,0.356,,0.068,0.0139999999999999,,0.163,0.191,0.087,0.016,,0.105,,0.001,,93.8,,88.2,86.4,,93.4,84.6,78.5,80.8,,85.6,,60.0,-1.9,,0.2,-6.3,,-3.6,0.8,2.3,1.8,,-3.2,,1.0,9.5,,4.6,2.7,,5.6,1.3,-5.0,-3.9,,3.8,,6.8,-15.1,,-7.1,2.9,,-9.4,-13.8,10.5,-3.5,,14.1,,1.7,-0.18,,-0.44,0.87,,-0.24,-0.3,0.51,-0.92,,0.56,,14.57,0.2689999999999999,0.6659999999999999,0.474,0.579,0.833,0.763,0.516,23.9,23.4,2.6,3.4,22 - 36,-44.0,14.1,1.8,0.389,0.349,0.261,0.176,0.514,0.31,0.355,0.107,0.0,0.096,0.365,0.062,0.012,0.001,,0.154,0.203,0.0,85.7,74.9,79.2,93.8,88.3,86.4,61.5,,93.5,84.7,89.1,-3.1,7.9,2.2,-1.6,0.3,-5.8,2.1,,-3.7,1.1,-4.1,2.2,-10.2,-6.9,8.3,3.7,1.0,4.9,,4.0,-0.3,5.4,15.3,0.4,2.3,-4.6,-7.5,2.9,1.8,,-15.9,-13.0,0.0,0.6,8.96,0.1,-0.05,-0.51,1.04,12.67,,-0.43,-0.27,0.37,0.2739999999999999,0.6559999999999999,0.474,0.58,0.833,0.764,0.523,23.9,6.2,96,101,103,97,97,98,97,0.97,105,96,105,97,100,106,108,101,94,88.4,11.6,294,0.072,116.3,1500,0.37,4056,0.163,0.275,0.24,0.396,0.314,19.2,0.7736006683375104,0.4316076294277929,0.769748727213007,3.4787247601094307,0.3950617283950617,0.15432098765432098
10,2021,OAK,30,2353,5395,6104,1284,795,271,19,199,743,698,545,17,1349,98,49,17,99,88,20,0.238,1664,1589,825,167,23968,8762,15206,105,34,6,0.089,0.221,0.4,0.317,0.406,0.723,0.168,0.278,1.05,0.2019999999999999,0.408,0.39,0.105,0.125,0.063,0.176,0.313,-7.0,732,18.6,24.3,190.8,-17.5,235.2,23.6,$188.7,4.5,102,3.57,-107.04,110.61,30.48,3.07,1.0,1.48,158,1.86,1.72,0.513,93.3,0.196,84.3,0.06,88.2,0.1119999999999999,79.3,0.1009999999999999,84.2,0.017,86.5,,,0.002,,-0.5,17.6,-13.1,-9.6,6.5,-0.8,,0.0,0.37,-0.91,-0.36,0.27,-0.19,,0.299,0.6970000000000001,0.469,0.629,0.85,0.769,0.426,0.5920000000000001,0.108,0.8,0.373,,0.075,0.018,,0.1369999999999999,0.182,0.09,0.025,0.0,0.1009999999999999,,,,93.5,,88.2,85.9,,92.8,84.2,78.8,80.6,31.8,84.3,,,-1.6,,0.4,-6.5,,-3.5,1.6,0.7,2.5,-3.3,0.0,,,9.8,,4.8,3.1,,5.3,1.3,-5.2,-6.1,8.4,4.5,,,7.1,,-9.4,-0.6,,-11.8,5.1,-13.1,4.5,0.4,3.6,,,0.08,,-0.52,-0.13,,-0.36,0.12,-0.61,0.76,6.85,0.15,,,0.259,0.667,0.469,0.5660000000000001,0.843,0.768,0.514,24.1,6.7,4.4,2.7,23 - 38,19.3,18.3,4.7,0.411,0.359,0.231,0.1669999999999999,0.519,0.314,0.3429999999999999,0.1,0.0,0.114,0.38,0.068,0.019,,,0.133,0.185,0.0,84.3,68.2,79.4,93.7,88.0,86.0,,,92.9,84.4,86.7,0.2,8.2,1.5,-1.3,0.5,-6.0,,,-3.3,2.1,3.9,2.8,-10.4,-7.3,8.5,3.2,1.5,,,3.9,-0.2,3.7,2.6,0.0,-11.1,-0.1,-2.5,-0.3,,,-10.2,5.8,0.1,0.11,-0.63,-0.4,0.0,-0.15,-0.07,,,-0.32,0.13,1.32,0.261,0.662,0.469,0.565,0.843,0.768,0.518,24.1,9.0,97,105,97,100,98,99,96,0.99,96,105,92,102,103,92,102,101,98,89.0,14.1,358,0.087,115.3,1629,0.396,4112,0.1639999999999999,0.273,0.244,0.423,0.326,24.1,0.777305567360816,0.42853297442799465,0.778997378768021,3.0455038884418157,0.4382716049382716,0.12962962962962962
29,2021,SDP,28,2497,5384,6119,1305,831,273,21,180,729,695,586,42,1324,61,46,36,121,110,39,0.242,1843,1407,824,171,23760,8797,14963,127,68,11,0.096,0.216,0.44,0.321,0.401,0.722,0.159,0.287,1.31,0.2019999999999999,0.452,0.345,0.122,0.128,0.069,0.162,0.312,-13.7,727,-11.0,6.9,191.2,25.2,228.9,23.0,$183.6,4.5,99,-3.95,-107.21,103.26,24.18,2.65,1.0,1.26,305,-0.34,-3.61,0.525,93.6,0.1989999999999999,85.0,0.068,89.2,0.088,79.1,0.105,85.2,0.015,85.3,0.001,57.2,0.006,,3.7,-16.1,-8.5,9.6,-8.1,4.5,0.3,0.03,-0.34,-0.53,0.46,-0.33,1.26,1.33,0.282,0.672,0.449,0.623,0.862,0.7759999999999999,0.427,0.604,0.1009999999999999,2.5,0.352,,0.07,0.017,,0.171,0.193,0.071,0.023,,0.102,,,,93.8,,89.4,85.1,,93.1,85.1,78.5,80.8,,85.1,,,-2.6,,0.6,-6.9,,-3.7,1.7,2.0,3.3,,-3.0,,,9.5,,5.3,2.2,,5.2,1.4,-4.8,-6.9,,3.9,,,-1.7,,-6.4,1.2,,-7.1,-11.2,5.7,-4.5,,-7.7,,,-0.02,,-0.38,0.3,,-0.18,-0.24,0.33,-0.81,,-0.32,,,0.243,0.643,0.449,0.5479999999999999,0.857,0.7759999999999999,0.515,23.6,32.1,0.7,3.0,21 - 37,-8.5,14.1,-3.0,0.3929999999999999,0.358,0.249,0.178,0.503,0.319,0.342,0.104,,0.088,0.357,0.07,0.016,,,0.168,0.198,,85.2,,79.2,93.8,89.1,85.2,,,93.0,85.1,,-2.7,,2.8,-2.2,0.9,-6.5,,,-3.6,2.2,,2.3,,-7.4,8.3,3.8,0.5,,,3.8,-0.1,,-8.6,,3.9,-0.8,-10.2,2.5,,,-4.7,-14.0,,-0.35,,0.19,-0.01,-0.62,0.68,,,-0.12,-0.3,,0.248,0.635,0.449,0.552,0.856,0.7759999999999999,0.52,23.6,-2.7,97,104,97,98,95,93,97,0.97,106,95,94,98,102,101,109,99,97,89.4,10.5,314,0.076,119.6,1684,0.406,4148,0.176,0.2769999999999999,0.245,0.401,0.318,21.8,0.7573087705246295,0.3950617283950617,0.78362477529008,3.4375529357866483,0.42592592592592593,0.17901234567901234
28,2021,STL,28,2384,5351,6001,1303,822,261,22,198,706,678,478,32,1341,86,44,40,99,89,22,0.244,1632,1567,827,154,23222,8235,14987,117,67,10,0.08,0.223,0.36,0.313,0.412,0.725,0.168,0.287,1.04,0.205,0.405,0.389,0.098,0.126,0.072,0.149,0.312,-18.2,708,-36.9,41.1,187.5,34.4,250.5,25.1,$201.0,4.5,95,1.27,-94.78,96.05,11.8,1.39,0.89,0.88,256,2.85,-1.43,0.516,93.4,0.207,84.9,0.048,89.3,0.108,79.4,0.11,85.2,0.011,85.5,,,0.005,,-15.8,-7.7,1.4,3.1,16.1,-2.5,,-0.13,-0.16,0.12,0.13,0.63,-0.94,,0.315,0.682,0.47,0.642,0.8440000000000001,0.7659999999999999,0.423,0.602,0.11,10.6,0.34,,0.057,0.012,,0.173,0.195,0.087,0.027,0.001,0.108,,,,93.6,,89.4,85.3,,92.9,84.9,79.2,80.2,51.2,85.2,,,-2.5,,0.7,-5.8,,-5.8,1.9,3.1,2.7,4.6,-3.9,,,9.1,,4.5,2.7,,5.4,1.0,-5.0,-5.5,9.3,3.6,,,-21.2,,-1.6,-2.6,,-1.2,-8.2,3.5,-3.5,-0.6,11.8,,,-0.27,,-0.12,-0.91,,-0.03,-0.18,0.17,-0.55,-3.8,0.47,,,0.271,0.66,0.47,0.5760000000000001,0.84,0.765,0.512,23.1,75.4,3.9,5.5,22 - 39,-26.3,13.8,2.3,0.42,0.3429999999999999,0.237,0.16,0.517,0.3229999999999999,0.336,0.109,0.0,0.108,0.349,0.0559999999999999,0.012,,,0.1669999999999999,0.198,0.0,85.4,76.4,79.7,93.9,89.1,85.6,,,93.2,85.2,87.4,-3.7,8.3,3.0,-2.1,1.2,-5.4,,,-5.8,2.4,-0.6,2.1,-11.5,-7.0,8.0,3.1,1.4,,,3.9,-0.4,1.3,13.0,1.3,5.7,-25.8,-1.6,-4.2,,,5.8,-17.0,0.0,0.51,31.81,0.23,-0.32,-0.12,-1.49,,,0.15,-0.37,-0.86,0.276,0.648,0.47,0.578,0.838,0.765,0.522,23.1,-7.9,98,87,100,96,98,98,97,0.98,95,107,92,104,98,96,98,102,98,88.7,14.0,322,0.079,115.0,1530,0.374,4096,0.172,0.282,0.246,0.422,0.32,24.5,0.7470637583892618,0.44872521246458924,0.7765372437927012,3.0576597309776723,0.4012345679012346,0.13580246913580246
17,2021,CHC,29,2475,5306,5972,1255,794,225,26,210,705,672,502,17,1596,92,30,40,133,86,37,0.237,1648,1342,725,142,23541,8505,15036,108,64,8,0.084,0.267,0.31,0.312,0.407,0.719,0.171,0.296,1.23,0.195,0.444,0.361,0.106,0.156,0.066,0.125,0.311,-19.7,703,-48.3,5.0,186.6,31.8,186.1,18.7,$149.3,4.5,94,-5.52,-108.8,103.28,-23.7,-2.4,0.99,1.24,306,-4.75,-0.81,0.512,93.7,0.209,84.6,0.066,88.5,0.086,79.2,0.11,85.0,0.017,85.1,,,0.003,,15.0,-38.6,0.1,4.1,2.4,-13.4,,0.12,-0.78,0.01,0.2,0.09,-3.35,,0.316,0.672,0.465,0.583,0.836,0.736,0.418,0.606,0.123,-2.7,0.373,,0.073,0.016,,0.138,0.201,0.073,0.015,,0.111,,,,93.8,,88.5,85.3,,93.1,84.6,78.6,80.7,,85.0,,,-2.4,,0.4,-6.0,,-3.7,1.7,3.1,3.2,,-2.5,,,9.4,,4.8,3.3,,5.4,1.2,-5.6,-6.4,,3.8,,,6.2,,-11.6,-14.0,,2.9,-30.5,-3.4,5.1,,-4.5,,,0.07,,-0.68,-3.69,,0.09,-0.64,-0.2,1.44,,-0.17,,,0.2739999999999999,0.652,0.465,0.503,0.83,0.7340000000000001,0.504,24.0,36.8,-3.0,1.9,24 - 37,-51.1,13.8,-7.5,0.408,0.351,0.241,0.171,0.508,0.322,0.386,0.1119999999999999,0.0,0.085,0.384,0.072,0.016,,,0.128,0.2019999999999999,0.001,85.1,74.8,79.3,94.1,88.3,85.6,,,93.2,84.7,89.5,-2.3,6.8,3.2,-2.1,0.5,-5.5,,,-3.9,2.1,-1.2,2.3,-9.1,-7.7,8.2,3.8,1.9,,,3.8,-0.3,3.2,-1.7,0.3,-0.6,3.4,-8.5,-13.4,,,-2.2,-30.8,0.2,-0.07,3.35,-0.03,0.04,-0.5,-3.6,,,-0.07,-0.64,1.12,0.278,0.643,0.465,0.506,0.828,0.7340000000000001,0.512,24.0,-4.3,95,92,120,96,97,100,101,0.93,104,99,114,101,100,98,104,100,98,88.7,11.7,298,0.079,116.7,1466,0.3879999999999999,3782,0.1689999999999999,0.292,0.228,0.383,0.304,17.4,0.7098989898989899,0.4765957446808511,0.7327528466175486,3.0308398733955353,0.4012345679012346,0.1419753086419753
23,2021,MIL,28,2403,5362,6099,1251,784,255,18,194,738,700,586,26,1465,88,35,25,102,82,21,0.233,1690,1405,816,130,24078,8858,15220,116,46,9,0.096,0.24,0.4,0.317,0.396,0.713,0.163,0.283,1.2,0.209,0.432,0.359,0.093,0.138,0.069,0.196,0.31,-24.2,714,-62.4,-3.0,190.6,35.7,177.7,17.8,$142.6,4.4,92,-2.91,-105.84,102.93,2.72,0.31,0.98,1.27,292,-4.38,1.41,0.519,93.3,0.195,84.9,0.057,88.2,0.108,78.8,0.104,85.1,0.016,85.4,0.0,61.0,0.004,,25.8,-39.4,-5.2,-9.3,8.0,0.8,0.9,0.21,-0.84,-0.37,-0.36,0.32,0.22,17.74,0.302,0.68,0.461,0.603,0.841,0.7509999999999999,0.422,0.596,0.115,2.8,0.367,,0.0579999999999999,0.0139999999999999,,0.153,0.19,0.091,0.02,0.0,0.107,,,,93.7,,88.2,85.4,,92.5,84.8,78.3,80.1,60.7,85.0,,,-2.3,,0.5,-4.2,,-4.5,1.4,3.4,3.7,-4.0,-4.4,,,9.2,,4.6,2.7,,5.4,1.2,-5.4,-6.1,4.8,3.8,,,13.5,,-12.3,-1.2,,3.3,-35.4,-9.3,-0.1,1.3,6.2,,,0.15,,-0.87,-0.35,,0.09,-0.78,-0.42,-0.03,13.3,0.24,,,0.261,0.6559999999999999,0.462,0.524,0.8370000000000001,0.75,0.508,23.8,32.7,2.7,3.2,22 - 38,-59.6,14.1,2.6,0.402,0.354,0.244,0.166,0.512,0.3229999999999999,0.368,0.105,0.0,0.111,0.373,0.0579999999999999,0.015,,,0.147,0.1889999999999999,0.001,84.9,76.0,78.8,93.6,87.8,85.6,,,92.5,84.9,91.4,-4.2,7.0,3.7,-2.0,1.2,-4.3,,,-4.5,1.6,-2.4,2.3,-10.0,-7.3,8.2,3.3,1.4,,,4.0,-0.2,3.7,5.8,0.2,-11.4,8.7,-14.1,1.7,,,8.1,-32.9,-0.3,0.23,3.4,-0.43,0.1,-1.0,0.47,,,0.23,-0.72,-1.65,0.267,0.647,0.461,0.531,0.8370000000000001,0.75,0.512,23.8,12.5,94,105,108,97,94,95,96,1.0,101,99,101,100,101,99,101,101,98,88.4,12.5,299,0.076,116.7,1518,0.3829999999999999,3960,0.168,0.283,0.233,0.387,0.31,18.6,0.764461090303787,0.42059620596205965,0.7597966879816364,3.138619390276341,0.4567901234567901,0.1728395061728395
1,2021,LAA,29,2325,5437,6016,1331,853,265,23,190,723,691,464,35,1394,59,25,30,107,79,26,0.245,1734,1427,865,151,23027,8001,15026,121,72,18,0.077,0.2319999999999999,0.33,0.31,0.407,0.717,0.162,0.294,1.22,0.215,0.431,0.354,0.106,0.133,0.07,0.25,0.308,-29.1,699,-50.9,-21.8,188.0,-11.8,124.9,12.5,$100.2,4.6,93,-3.52,-100.56,97.04,-14.45,-1.61,0.93,1.5,74,-2.49,-1.32,0.516,93.5,0.211,84.1,0.0579999999999999,87.9,0.092,79.8,0.108,84.4,0.0139999999999999,86.0,,,0.005,,-33.4,2.7,6.6,-8.9,1.5,-3.5,,-0.28,0.06,0.5,-0.42,0.06,-1.09,,0.3339999999999999,0.674,0.478,0.644,0.8540000000000001,0.77,0.424,0.615,0.11,3.3,0.349,,0.065,0.0139999999999999,,0.166,0.203,0.073,0.022,0.0,0.108,,,,93.6,,88.3,85.8,,93.1,84.0,79.1,81.5,45.9,84.3,,,-1.9,,0.8,-6.7,,-2.2,1.7,1.5,3.9,-3.9,-0.5,,,9.9,,4.8,2.7,,5.4,1.3,-5.1,-6.3,9.3,4.4,,,-33.6,,2.2,-4.5,,-12.4,-9.2,5.3,-8.4,-0.4,-1.0,,,-0.42,,0.15,-1.37,,-0.33,-0.2,0.31,-1.68,-8.56,-0.04,,,0.295,0.655,0.478,0.585,0.8490000000000001,0.769,0.509,23.7,-33.6,0.3,4.4,21 - 41,-47.6,18.1,2.1,0.402,0.3429999999999999,0.255,0.171,0.525,0.304,0.34,0.108,0.0,0.093,0.351,0.059,0.0139999999999999,,0.0,0.165,0.211,0.0,84.4,61.0,79.8,93.7,88.0,85.8,,77.0,93.1,84.1,93.3,-0.5,6.5,2.4,-1.7,0.7,-6.3,,9.8,-2.0,1.9,-7.0,2.8,-8.8,-7.2,8.6,3.5,0.9,,-2.1,4.0,-0.1,7.2,1.6,0.0,-5.7,-31.6,3.2,-6.2,,0.0,-16.6,-6.6,0.0,0.06,-1.87,-0.27,-0.39,0.24,-1.97,,2.85,-0.44,-0.14,-4.11,0.295,0.648,0.478,0.58,0.8490000000000001,0.769,0.518,23.7,3.9,100,91,101,98,98,95,101,1.05,102,96,98,100,99,102,105,102,95,87.9,12.3,319,0.078,119.0,1437,0.351,4099,0.172,0.282,0.246,0.404,0.311,11.9,0.7720430107526882,0.42047026279391425,0.7682845744680851,3.2074038744016278,0.42592592592592593,0.2037037037037037
25,2021,NYM,29,2419,5210,5856,1243,821,228,18,176,636,604,495,25,1392,94,23,34,123,54,26,0.239,1673,1332,800,135,22385,7982,14403,127,70,13,0.085,0.238,0.36,0.315,0.391,0.705,0.152,0.291,1.26,0.21,0.44,0.35,0.1009999999999999,0.132,0.076,0.186,0.307,-39.2,670,-41.4,19.9,183.0,33.2,196.5,19.7,$157.6,3.7,94,-7.43,-116.92,109.49,-17.24,-1.58,1.11,1.55,292,-2.85,-3.83,0.519,93.7,0.178,84.6,0.071,88.6,0.104,79.1,0.1169999999999999,85.2,0.011,85.4,,,0.004,,-6.5,-5.5,-12.7,-15.5,-12.6,5.4,,-0.06,-0.14,-0.8,-0.66,-0.48,2.18,,0.336,0.715,0.493,0.614,0.841,0.7509999999999999,0.415,0.611,0.123,-11.8,0.351,,0.077,0.01,,0.1669999999999999,0.17,0.084,0.022,,0.118,,,,93.8,,88.8,85.2,,93.3,84.4,78.8,80.2,,85.2,,,-1.8,,0.4,-4.4,,-3.7,1.2,3.3,3.6,,-2.8,,,9.3,,4.7,2.5,,5.8,1.1,-5.5,-5.3,,4.1,,,-5.0,,-23.0,5.9,,-12.8,-2.8,-14.7,1.7,,-18.0,,,-0.06,,-1.33,2.62,,-0.34,-0.07,-0.78,0.33,,-0.68,,,0.289,0.6940000000000001,0.493,0.539,0.8370000000000001,0.75,0.503,24.6,53.1,-4.8,-9.0,23 - 41,-53.2,13.5,0.3,0.395,0.347,0.258,0.17,0.511,0.319,0.352,0.115,0.0,0.104,0.359,0.066,0.012,,,0.16,0.184,0.0,85.2,66.2,79.3,93.8,88.7,85.5,,,93.4,84.6,76.3,-2.5,8.4,3.4,-1.5,0.9,-4.3,,,-3.7,1.5,-0.5,2.7,-12.2,-7.1,8.3,3.8,1.3,,,4.3,-0.2,3.3,-13.7,0.0,-18.7,-10.1,-16.0,2.1,,,-8.2,-4.1,0.0,-0.53,4.02,-0.8,-0.13,-1.09,0.78,,,-0.23,-0.1,3.58,0.295,0.684,0.493,0.544,0.836,0.75,0.509,24.6,2.2,96,92,107,96,93,89,99,1.0,103,96,97,98,99,104,104,101,97,88.4,11.9,285,0.074,118.4,1469,0.379,3875,0.147,0.27,0.237,0.392,0.31,20.5,0.7184787102108309,0.4427672955974843,0.7622950819672132,2.954217020744935,0.3333333333333333,0.19753086419753085
5,2021,CLE,27,2300,5332,5907,1269,796,248,22,203,717,686,453,18,1387,64,36,20,105,109,17,0.238,1720,1441,790,157,23079,8262,14817,124,50,13,0.077,0.235,0.33,0.303,0.407,0.71,0.169,0.282,1.19,0.2,0.435,0.365,0.109,0.141,0.072,0.26,0.306,-40.3,675,-33.4,17.7,184.6,-14.6,187.5,18.8,$150.4,5.2,95,-4.71,-104.52,99.82,-17.55,-1.75,0.96,1.11,89,-4.25,-0.66,0.496,93.5,0.2189999999999999,84.3,0.06,88.0,0.086,79.0,0.124,84.3,0.015,85.7,,,0.003,,-2.9,-16.3,-15.0,-3.3,1.6,1.7,,-0.03,-0.32,-1.08,-0.17,0.06,0.47,,0.322,0.688,0.475,0.622,0.8420000000000001,0.755,0.417,0.595,0.1159999999999999,15.4,0.342,,0.068,0.016,,0.153,0.212,0.065,0.021,,0.124,,,,93.7,,88.0,85.0,,93.0,84.2,78.2,80.8,,84.5,,,-1.5,,0.7,-5.2,,-2.9,1.4,2.0,2.3,,-1.5,,,9.5,,4.6,2.8,,5.5,0.8,-5.3,-5.3,,4.4,,,10.5,,-20.5,-0.6,,-21.6,-10.7,-10.5,-0.6,,-2.7,,,0.13,,-1.31,-0.16,,-0.61,-0.22,-0.71,-0.11,,-0.1,,,0.287,0.66,0.475,0.5539999999999999,0.84,0.754,0.504,22.7,3.1,10.2,-1.0,22 - 39,-18.0,17.8,-1.8,0.4,0.349,0.251,0.1639999999999999,0.516,0.32,0.346,0.123,0.0,0.0819999999999999,0.35,0.067,0.015,,,0.144,0.218,0.0,84.5,74.4,79.0,93.8,88.2,85.3,,,93.2,84.4,86.8,-1.6,6.2,2.3,-1.2,0.5,-5.1,,,-3.3,1.6,-3.2,3.0,-8.6,-7.3,8.4,3.6,1.3,,,4.1,-0.4,10.8,-3.4,-0.2,-8.3,7.3,-14.8,-1.2,,,-17.4,-18.6,0.0,-0.12,-3.03,-0.44,0.09,-0.97,-0.36,,,-0.52,-0.37,3.58,0.289,0.653,0.475,0.557,0.838,0.754,0.51,22.7,2.2,97,90,103,96,98,100,97,0.97,103,98,103,99,100,100,100,100,100,88.9,12.1,307,0.077,114.9,1542,0.385,4003,0.165,0.281,0.243,0.402,0.311,18.1,0.7486956521739131,0.4529986052998605,0.7651938378195362,3.047869749005248,0.41358024691358025,0.13580246913580246
6,2021,DET,28,2341,5376,5979,1299,847,236,37,179,697,675,490,8,1514,44,50,17,113,88,25,0.242,1618,1397,879,145,23733,8409,15324,99,35,6,0.0819999999999999,0.253,0.32,0.308,0.399,0.707,0.158,0.3,1.16,0.226,0.416,0.359,0.104,0.128,0.061,0.171,0.306,-43.1,681,-53.2,-27.7,186.9,-16.5,114.2,11.5,$91.6,4.9,93,-8.51,-112.39,103.89,-47.17,-4.85,1.02,1.82,72,-7.45,-0.91,0.511,93.5,0.191,84.5,0.057,89.0,0.098,79.5,0.125,84.2,0.018,86.6,,,0.001,,-21.6,-37.9,0.3,0.2,10.0,0.7,,-0.18,-0.84,0.03,0.01,0.34,0.17,,0.3279999999999999,0.693,0.481,0.609,0.8320000000000001,0.7440000000000001,0.42,0.611,0.123,6.8,0.381,,0.074,0.019,,0.125,0.178,0.075,0.023,0.0,0.125,,,,93.6,,89.3,85.7,,92.6,84.3,78.8,81.4,51.5,84.3,,,-1.8,,1.0,-5.7,,-3.2,1.5,2.5,2.4,1.1,-1.0,,,9.5,,4.5,2.3,,5.5,1.0,-5.4,-6.4,10.4,4.5,,,-6.6,,-7.1,-0.4,,-24.5,-32.2,3.1,-7.3,0.0,10.3,,,-0.07,,-0.4,-0.09,,-0.83,-0.76,0.18,-1.33,-4.87,0.35,,,0.288,0.6729999999999999,0.482,0.55,0.8240000000000001,0.743,0.503,23.8,-44.2,2.4,0.5,22 - 38,-46.4,18.0,-1.7,0.391,0.341,0.267,0.165,0.528,0.307,0.365,0.122,0.0,0.095,0.389,0.066,0.02,,,0.123,0.185,0.0,84.4,71.3,79.6,93.8,88.8,85.6,,,92.8,84.4,89.5,-1.0,6.4,2.6,-1.6,1.2,-5.6,,,-3.5,1.7,2.2,3.1,-7.7,-7.4,8.4,3.3,1.0,,,4.2,-0.4,1.8,8.9,0.1,-2.7,-3.1,-0.4,-1.8,,,-26.3,-40.0,0.1,0.31,1.32,-0.12,-0.03,-0.03,-0.37,,,-0.9,-0.91,1.07,0.295,0.659,0.482,0.552,0.8240000000000001,0.743,0.513,23.8,-13.0,98,97,111,97,96,93,103,1.1,98,97,94,97,98,107,101,103,95,88.4,13.3,302,0.077,117.1,1497,0.381,3931,0.162,0.285,0.237,0.396,0.308,9.6,0.7642033319094405,0.41090387374461984,0.7467803980598762,3.0218449100726805,0.42592592592592593,0.16666666666666666
2,2021,BAL,27,2376,5420,5983,1296,820,266,15,195,659,632,451,12,1454,65,31,14,105,54,23,0.239,1652,1511,809,187,23610,8280,15330,109,39,9,0.075,0.243,0.31,0.304,0.402,0.705,0.163,0.29,1.09,0.204,0.416,0.38,0.124,0.129,0.066,0.231,0.305,-46.6,678,-69.3,-52.8,187.0,-14.5,61.5,6.2,$49.4,3.7,91,-13.15,-105.62,92.47,-95.85,-9.46,0.94,1.56,85,-9.7,-4.32,0.499,93.8,0.1969999999999999,84.3,0.072,87.5,0.1009999999999999,79.3,0.1119999999999999,84.4,0.018,87.0,,,0.002,,-19.5,-14.5,13.7,-18.2,-13.4,-3.0,,-0.17,-0.31,0.8,-0.76,-0.51,-0.69,,0.337,0.688,0.484,0.623,0.8390000000000001,0.752,0.418,0.615,0.12,-6.8,0.344,,0.08,0.016,,0.154,0.188,0.084,0.021,,0.114,,,,93.8,,87.9,86.9,,93.4,84.3,78.7,80.1,,84.5,,,-1.4,,0.5,-6.2,,-2.8,1.8,1.6,3.1,,0.9,,,9.6,,4.5,2.7,,5.6,0.9,-4.7,-6.8,,4.3,,,-25.6,,7.6,-9.0,,-3.3,-16.7,-15.8,-2.6,,-10.7,,,-0.32,,0.4,-2.42,,-0.09,-0.38,-0.8,-0.54,,-0.4,,,0.299,0.665,0.484,0.556,0.8370000000000001,0.7509999999999999,0.504,23.5,-67.3,-3.4,-2.6,23 - 36,-76.1,18.0,-0.2,0.402,0.335,0.264,0.185,0.511,0.304,0.351,0.113,0.0,0.0969999999999999,0.348,0.074,0.017,,,0.153,0.198,0.001,84.5,66.8,79.1,93.9,87.4,86.8,,,93.4,84.2,87.0,0.9,-11.1,2.1,-1.3,0.4,-6.1,,,-2.7,2.1,-5.1,2.7,-11.5,-7.3,8.4,3.3,1.3,,,4.2,-0.6,4.0,-14.7,0.0,-13.2,-23.4,8.6,-4.9,,,-5.3,-23.2,-0.1,-0.55,2.85,-0.57,-0.28,0.5,-1.25,,,-0.15,-0.5,-0.79,0.302,0.6579999999999999,0.484,0.556,0.8370000000000001,0.7509999999999999,0.51,23.5,-21.3,97,89,106,96,97,96,99,0.99,98,103,95,100,96,105,113,99,95,88.3,13.3,306,0.076,114.6,1479,0.369,4013,0.163,0.283,0.238,0.392,0.305,6.8,0.7352693602693603,0.47344461305007585,0.7569781046297843,2.9406690902342834,0.345679012345679,0.1728395061728395
7,2021,KCR,28,2368,5427,5993,1349,906,251,29,163,686,647,421,8,1258,55,52,31,100,124,33,0.249,1806,1502,869,135,22754,8035,14719,124,74,18,0.07,0.21,0.33,0.306,0.396,0.702,0.147,0.292,1.2,0.208,0.432,0.36,0.09,0.109,0.069,0.243,0.304,-53.9,672,-91.8,11.1,187.3,-14.9,116.5,11.7,$93.5,5.0,88,-4.26,-104.23,99.97,-68.19,-6.79,0.95,1.3,80,-7.15,2.67,0.495,93.6,0.221,84.9,0.054,88.6,0.0969999999999999,79.6,0.1119999999999999,84.4,0.019,85.7,0.0,43.7,0.001,,-8.6,-17.5,-3.4,-16.3,1.5,5.2,-0.2,-0.08,-0.35,-0.27,-0.74,0.06,1.17,-2.74,0.345,0.721,0.5,0.624,0.86,0.764,0.412,0.613,0.118,6.8,0.352,,0.069,0.02,,0.14,0.212,0.068,0.026,0.0,0.1119999999999999,,,,93.6,,89.2,85.3,,93.0,84.6,79.0,80.6,43.6,84.5,,,-1.8,,0.9,-5.7,,-2.6,1.3,2.1,2.2,-2.4,-1.8,,,9.7,,4.4,2.7,,5.2,1.1,-5.6,-6.2,3.9,4.4,,,-19.0,,-2.6,3.9,,-8.2,-22.1,-6.0,-11.9,-0.2,-2.4,,,-0.24,,-0.17,0.86,,-0.26,-0.46,-0.39,-2.0,-2.74,-0.09,,,0.298,0.701,0.5,0.5539999999999999,0.852,0.763,0.501,23.8,-3.8,6.3,5.4,21 - 38,-85.0,18.0,1.5,0.412,0.351,0.237,0.146,0.529,0.325,0.307,0.11,0.0,0.093,0.36,0.065,0.021,,,0.134,0.216,0.0,84.5,73.0,79.5,93.7,88.5,85.2,,,93.1,84.8,92.7,-1.6,6.9,2.5,-1.5,0.8,-5.6,,,-2.7,1.6,10.4,3.0,-9.5,-7.6,8.5,3.3,1.4,,,3.8,-0.3,15.8,-3.3,0.0,-19.3,-24.7,-2.1,4.2,,,-5.7,-20.9,-0.2,-0.13,0.68,-0.9,-0.3,-0.14,0.87,,,-0.19,-0.42,-4.16,0.302,0.695,0.5,0.556,0.852,0.764,0.505,23.8,-17.3,101,83,92,97,95,87,100,1.01,102,97,80,102,101,95,89,103,101,89.2,12.7,295,0.069,115.1,1665,0.391,4259,0.144,0.261,0.247,0.407,0.311,12.4,0.7474662162162162,0.38017492711370265,0.7900884365092609,2.9267309681549247,0.41358024691358025,0.18518518518518517
15,2021,ARI,28,2449,5489,6144,1297,814,308,31,144,679,644,537,24,1465,54,28,32,99,43,16,0.236,1716,1463,839,155,24204,8669,15535,110,66,17,0.087,0.238,0.37,0.309,0.382,0.692,0.146,0.295,1.17,0.209,0.427,0.364,0.106,0.098,0.064,0.258,0.301,-73.0,671,-111.5,-17.2,192.0,34.9,107.5,10.8,$86.2,3.9,86,-11.72,-113.76,102.04,-69.11,-7.0,1.01,1.18,336,-8.91,-2.68,0.511,93.6,0.1939999999999999,84.7,0.07,89.5,0.09,79.5,0.119,85.3,0.016,84.5,,,0.003,,-24.0,-38.4,-10.3,-8.5,18.1,0.3,,-0.19,-0.82,-0.61,-0.39,0.63,0.09,,0.306,0.667,0.462,0.617,0.846,0.76,0.434,0.602,0.111,-4.8,0.371,,0.065,0.018,,0.139,0.196,0.073,0.022,,0.1159999999999999,,,,93.9,,89.9,84.9,,92.6,84.8,78.8,81.8,,85.3,,,-2.1,,0.8,-6.2,,-2.3,1.5,2.5,3.3,,-3.7,,,9.3,,5.6,3.2,,5.3,1.2,-4.9,-5.9,,3.7,,,-27.6,,-18.1,-3.8,,-5.5,-41.7,-8.2,-1.5,,17.9,,,-0.31,,-1.15,-0.89,,-0.16,-0.88,-0.47,-0.28,,0.64,,,0.266,0.6459999999999999,0.462,0.546,0.841,0.759,0.517,23.9,17.7,-2.8,6.7,21 - 37,-116.3,14.2,2.7,0.4039999999999999,0.341,0.256,0.165,0.511,0.324,0.349,0.1169999999999999,,0.093,0.377,0.064,0.018,,,0.132,0.1989999999999999,0.0,85.3,,79.6,94.0,89.9,84.7,,,92.6,84.8,88.7,-3.5,,2.7,-1.9,1.2,-5.6,,,-2.1,1.9,2.9,2.2,,-7.0,8.1,4.4,1.7,,,3.8,-0.2,3.6,13.6,,-9.8,-28.9,-16.6,-1.5,,,-5.3,-40.7,0.3,0.48,,-0.44,-0.32,-1.07,-0.34,,,-0.16,-0.85,2.84,0.272,0.634,0.462,0.546,0.8420000000000001,0.76,0.526,23.9,-2.7,95,95,107,95,91,85,100,1.0,100,100,72,100,97,104,101,101,99,87.7,12.9,230,0.0559999999999999,116.0,1461,0.357,4088,0.176,0.287,0.229,0.36,0.293,11.6,0.7488770926908942,0.33932253313696614,0.7615559895833334,2.8796435912517135,0.43209876543209874,0.18518518518518517
11,2021,SEA,28,2360,5355,6010,1209,766,233,11,199,697,673,535,8,1492,72,36,9,92,64,24,0.226,1611,1523,744,179,24050,8775,15275,104,30,11,0.089,0.248,0.36,0.303,0.385,0.688,0.159,0.273,1.06,0.192,0.415,0.3929999999999999,0.118,0.131,0.065,0.367,0.3,-72.9,655,-50.3,-24.8,187.8,-15.4,107.5,10.8,$86.2,3.8,93,2.78,-105.27,108.05,-10.96,-1.16,0.98,1.51,101,-5.88,8.71,0.501,93.2,0.198,83.8,0.052,87.9,0.103,79.5,0.13,84.7,0.017,86.8,,,0.001,,-28.4,-28.2,12.6,-4.1,-17.9,-5.9,,-0.24,-0.59,1.01,-0.17,-0.57,-1.48,,0.305,0.684,0.466,0.61,0.8390000000000001,0.753,0.425,0.596,0.115,-7.9,0.354,,0.0579999999999999,0.027,,0.145,0.187,0.087,0.023,,0.119,,,,93.4,,88.3,86.1,,92.7,83.8,78.6,82.5,,84.6,,,-1.4,,0.7,-6.1,,-1.9,1.0,1.2,3.6,,-1.6,,,9.6,,5.0,2.5,,5.2,1.3,-4.8,-5.7,,4.4,,,-10.3,,18.6,-2.8,,-26.0,-35.2,-7.3,-2.6,,-22.9,,,-0.12,,1.33,-0.43,,-0.75,-0.78,-0.35,-0.47,,-0.8,,,0.263,0.657,0.466,0.536,0.833,0.752,0.515,23.9,-40.3,-1.9,-7.8,21 - 37,-58.2,18.1,2.6,0.4029999999999999,0.359,0.238,0.191,0.502,0.307,0.37,0.12,0.0,0.11,0.348,0.0579999999999999,0.026,,,0.151,0.187,,84.7,74.7,79.5,93.6,88.1,86.4,,,92.7,84.1,,-1.7,5.3,1.8,-1.3,0.5,-6.4,,,-2.0,1.1,,2.9,-9.1,-6.7,8.4,3.6,0.9,,,4.1,-0.2,,-21.7,0.1,-11.4,-9.4,10.5,-2.5,,,-26.1,-29.1,,-0.76,3.58,-0.43,-0.11,0.75,-0.4,,,-0.72,-0.65,,0.268,0.649,0.466,0.5329999999999999,0.836,0.752,0.52,23.9,-4.8,92,105,109,96,93,94,94,0.94,98,106,96,100,103,95,117,98,95,87.9,14.0,322,0.0819999999999999,114.1,1455,0.372,3911,0.168,0.283,0.23,0.393,0.308,12.2,0.7389830508474576,0.4568149210903874,0.751747088186356,2.4949377471984193,0.3950617283950617,0.12345679012345678
27,2021,PIT,27,2393,5336,5983,1261,862,240,35,124,609,570,529,24,1328,49,37,31,102,60,30,0.236,1812,1349,842,103,22994,8341,14653,128,72,18,0.088,0.222,0.4,0.309,0.364,0.673,0.128,0.29,1.34,0.21,0.4529999999999999,0.337,0.076,0.092,0.071,0.25,0.294,-103.4,621,-149.4,-7.0,187.0,31.2,72.8,7.3,$58.4,4.2,80,-9.76,-109.87,100.11,-107.74,-10.46,1.03,1.19,289,-12.44,2.99,0.516,93.0,0.1889999999999999,84.3,0.062,88.5,0.098,78.7,0.1159999999999999,84.6,0.02,84.8,,,0.004,,-54.1,-29.2,6.8,-15.1,-4.8,-6.4,,-0.46,-0.67,0.48,-0.67,-0.18,-1.42,,0.303,0.684,0.465,0.614,0.87,0.774,0.424,0.619,0.105,-2.7,0.344,,0.062,0.017,,0.171,0.187,0.074,0.027,,0.119,,,,93.4,,88.5,84.8,,92.4,84.2,78.1,80.2,,84.6,,,-2.3,,0.4,-6.9,,-3.4,1.2,3.3,2.7,,-3.4,,,9.2,,4.8,3.5,,5.6,1.2,-5.4,-5.2,,3.9,,,-42.5,,4.7,-4.4,,-26.4,-24.2,-2.1,-16.8,,-8.9,,,-0.54,,0.33,-1.1,,-0.67,-0.56,-0.12,-2.75,,-0.33,,,0.259,0.6609999999999999,0.465,0.531,0.8640000000000001,0.773,0.511,23.1,24.2,-5.4,-2.7,21 - 35,-152.2,13.8,4.2,0.377,0.371,0.253,0.183,0.524,0.293,0.331,0.119,,0.094,0.351,0.068,0.017,,,0.162,0.188,0.0,84.8,,78.8,93.6,88.5,85.1,,,92.5,84.5,97.9,-3.3,,3.4,-1.9,0.4,-6.5,,,-3.6,1.5,-7.6,2.5,,-7.3,8.1,3.7,2.3,,,4.1,-0.3,5.9,-10.4,,-11.4,-35.9,6.6,-3.8,,,-32.2,-32.6,0.0,-0.38,,-0.52,-0.44,0.42,-0.98,,,-0.86,-0.75,0.2,0.265,0.6509999999999999,0.465,0.531,0.865,0.773,0.518,23.1,7.2,95,96,100,95,87,75,98,1.01,106,93,67,94,106,103,111,103,89,87.5,10.3,219,0.054,118.2,1396,0.342,4077,0.1689999999999999,0.2739999999999999,0.238,0.364,0.299,6.4,0.7480150438779775,0.32577996715927754,0.7780377736921277,2.8147913563125986,0.37037037037037035,0.24074074074074073
20,2021,MIA,27,2436,5348,5928,1244,837,226,23,158,623,594,450,25,1553,65,30,30,95,106,29,0.233,1732,1303,761,144,23267,8080,15187,119,60,10,0.076,0.262,0.29,0.298,0.372,0.671,0.139,0.296,1.33,0.2,0.456,0.3429999999999999,0.111,0.121,0.069,0.1669999999999999,0.291,-116.0,602,-154.7,-1.4,185.3,33.5,86.7,8.7,$69.5,4.7,80,-12.08,-113.44,101.37,-73.75,-7.49,1.04,1.27,270,-12.32,0.69,0.514,93.5,0.207,84.5,0.059,88.1,0.108,78.8,0.096,84.9,0.016,85.9,,,0.004,,-61.2,-28.8,-3.5,-5.0,-6.5,-5.0,,-0.51,-0.6,-0.26,-0.2,-0.29,-1.33,,0.3429999999999999,0.6729999999999999,0.481,0.604,0.84,0.742,0.418,0.601,0.124,10.4,0.344,,0.065,0.018,,0.168,0.193,0.095,0.022,,0.094,,,,93.7,,88.4,85.9,,93.0,84.5,78.4,80.3,,84.9,,,-2.0,,0.7,-5.8,,-3.8,1.7,2.7,3.0,,-3.3,,,9.6,,4.7,2.1,,5.4,1.2,-5.2,-5.5,,4.0,,,-47.1,,-7.2,-4.7,,-22.6,-27.0,-10.7,0.1,,-9.4,,,-0.59,,-0.47,-1.13,,-0.58,-0.6,-0.49,0.03,,-0.43,,,0.304,0.654,0.481,0.541,0.8320000000000001,0.741,0.505,23.9,32.1,4.5,-3.8,21 - 35,-144.3,13.7,-0.3,0.379,0.348,0.273,0.184,0.516,0.301,0.365,0.094,,0.109,0.357,0.057,0.017,,,0.157,0.208,,84.9,,78.8,93.7,88.3,86.3,,,93.0,84.6,,-3.2,,2.6,-1.8,0.8,-5.9,,,-4.1,2.1,,2.3,,-7.3,8.4,3.8,1.1,,,3.7,-0.3,,-7.0,,-7.3,-52.9,-9.4,-6.8,,,-20.8,-24.2,,-0.32,,-0.29,-0.64,-0.71,-1.7,,,-0.57,-0.5,,0.307,0.647,0.481,0.5379999999999999,0.8340000000000001,0.742,0.511,23.9,1.7,93,83,117,91,89,81,101,0.96,107,94,89,94,99,111,112,102,92,88.1,11.0,247,0.064,115.7,1433,0.371,3860,0.1669999999999999,0.291,0.227,0.364,0.29,9.6,0.6954022988505747,0.40577849117174963,0.7380229419703104,2.9626473549417107,0.3271604938271605,0.21604938271604937
13,2021,TEX,27,2252,5405,5943,1254,838,225,24,167,625,598,433,10,1381,58,31,16,113,106,29,0.232,1868,1395,764,129,22926,8045,14881,124,44,5,0.073,0.2319999999999999,0.31,0.294,0.375,0.67,0.143,0.28,1.34,0.19,0.4639999999999999,0.346,0.092,0.12,0.066,0.114,0.291,-113.9,606,-123.8,45.5,185.7,-14.6,119.0,11.9,$95.4,4.7,83,-16.28,-109.97,93.7,-117.17,-11.73,0.98,1.48,88,-14.8,-1.77,0.527,93.2,0.18,84.1,0.063,88.2,0.091,78.9,0.122,84.2,0.016,86.8,,,0.002,,-41.3,-24.2,-12.0,-8.9,-22.1,-11.1,,-0.34,-0.58,-0.83,-0.42,-0.79,-2.96,,0.326,0.688,0.479,0.6409999999999999,0.8390000000000001,0.7609999999999999,0.422,0.613,0.114,8.3,0.374,,0.069,0.021,,0.15,0.174,0.072,0.022,,0.118,,,,93.2,,88.5,86.2,,92.9,84.1,78.1,81.0,,84.1,,,-1.5,,1.0,-6.1,,-2.5,1.4,1.6,1.7,,-0.6,,,9.6,,4.9,2.7,,5.3,1.4,-5.4,-5.9,,4.4,,,-27.9,,-9.9,-5.7,,-17.6,-34.1,-10.6,3.0,,-34.1,,,-0.33,,-0.63,-1.17,,-0.51,-0.86,-0.64,0.61,,-1.26,,,0.287,0.66,0.479,0.5720000000000001,0.838,0.76,0.514,23.5,30.9,4.5,-3.7,22 - 36,-115.5,17.9,-2.6,0.381,0.361,0.258,0.161,0.527,0.312,0.3329999999999999,0.1159999999999999,0.0,0.09,0.377,0.066,0.022,,,0.149,0.179,0.0,84.4,70.1,79.0,93.5,88.6,86.4,,,93.2,84.3,96.1,-0.7,5.9,1.6,-1.4,0.9,-5.9,,,-2.5,1.7,-3.1,3.0,-9.0,-7.4,8.5,3.5,1.4,,,4.0,0.0,9.2,-32.6,1.1,-4.6,-31.9,-12.3,-4.6,,,-16.6,-34.8,0.0,-1.22,21.74,-0.22,-0.37,-0.82,-0.9,,,-0.49,-0.85,0.0,0.288,0.654,0.479,0.5710000000000001,0.8370000000000001,0.76,0.52,23.5,16.7,94,86,102,93,90,84,96,0.92,109,93,88,95,104,103,99,102,97,87.9,10.9,270,0.066,115.1,1453,0.357,4071,0.1689999999999999,0.283,0.234,0.376,0.297,11.8,0.7491119005328597,0.42751999999999996,0.7676257782264849,2.8060876235319814,0.36419753086419754,0.24074074074074073
22,2022,LAD,29,2326,5526,6247,1418,850,325,31,212,847,812,607,22,1374,56,53,3,85,98,18,0.257,1551,1730,913,122,25138,9413,15725,120,14,5,0.0969999999999999,0.22,0.44,0.333,0.442,0.775,0.185,0.302,0.9,0.218,0.37,0.412,0.071,0.123,0.077,0.357,0.337,133.4,848,138.8,11.9,186.3,-19.2,355.3,37.3,$298.4,5.0,119,14.09,-98.94,113.03,151.44,16.2,0.94,1.37,83,13.08,1.83,0.492,93.6,0.2189999999999999,84.8,0.063,89.2,0.099,80.0,0.113,85.9,0.013,87.3,0.001,62.8,0.003,,84.7,6.9,21.8,3.0,29.3,4.2,-1.1,0.69,0.12,1.37,0.12,1.03,1.31,-6.1,0.294,0.7020000000000001,0.4639999999999999,0.64,0.843,0.768,0.417,0.611,0.108,9.0,0.312,,0.071,0.02,,0.177,0.209,0.077,0.026,0.001,0.107,,,,94.0,,89.5,87.9,,93.1,84.7,79.2,81.7,48.6,85.7,,,-2.1,,0.3,-6.2,,-4.1,1.3,2.2,1.9,-3.6,-2.8,,,9.2,,5.1,2.8,,4.6,1.1,-4.9,-4.5,7.2,3.5,,,36.6,,22.9,5.0,,42.6,-5.9,5.7,1.7,-1.3,24.0,,,0.47,,1.28,1.01,,0.96,-0.11,0.3,0.26,-4.43,0.89,,,0.254,0.6659999999999999,0.4639999999999999,0.574,0.838,0.767,0.51,23.1,-7.3,6.3,3.2,22 - 37,147.9,28.4,10.4,0.43,0.3339999999999999,0.236,0.135,0.522,0.342,0.351,0.107,0.0,0.094,0.309,0.07,0.02,,,0.179,0.221,0.0,85.4,71.2,79.7,94.1,89.5,87.7,,,93.1,84.6,81.7,-2.5,7.0,2.4,-1.9,0.6,-5.7,,,-3.5,1.8,-1.0,2.5,-10.2,-6.2,8.4,4.4,1.9,,,3.9,0.2,1.2,21.6,0.0,6.9,32.6,29.2,8.8,,,44.3,-14.5,0.0,0.8,-0.01,0.29,0.42,1.66,1.76,,,0.98,-0.26,0.79,0.258,0.664,0.4639999999999999,0.579,0.838,0.767,0.507,23.1,3.8,106,116,97,106,111,119,104,1.08,86,112,104,106,96,96,80,99,113,89.5,15.8,388,0.092,112.5,1763,0.419,4210,0.161,0.268,0.245,0.422,0.329,38.9,0.8705932932072227,0.4004722550177096,0.7800544261245398,3.1687031094363913,0.5308641975308642,0.12345679012345678
14,2022,TOR,28,2445,5555,6158,1464,945,307,12,200,775,756,500,13,1242,55,33,8,136,67,35,0.264,1977,1510,848,166,23696,8541,15155,124,19,4,0.081,0.2019999999999999,0.4,0.329,0.431,0.76,0.168,0.305,1.31,0.196,0.456,0.348,0.11,0.132,0.063,0.211,0.331,105.5,810,124.2,22.1,183.6,-18.8,319.4,33.5,$268.3,3.7,118,7.74,-100.91,108.66,94.98,9.78,0.95,1.43,104,6.53,1.62,0.489,94.3,0.237,85.0,0.075,88.3,0.079,80.2,0.1009999999999999,85.1,0.019,87.9,,,0.002,,42.8,19.4,8.0,10.8,17.6,-2.8,,0.37,0.35,0.45,0.57,0.73,-0.61,,0.312,0.7090000000000001,0.477,0.6509999999999999,0.855,0.777,0.417,0.608,0.106,-3.0,0.314,,0.086,0.015,,0.172,0.2269999999999999,0.061,0.019,0.0,0.105,,,,94.4,,88.6,88.1,,94.1,84.9,79.4,81.2,42.4,85.1,,,-2.3,,0.8,-5.9,,-6.2,2.5,2.4,3.4,-0.3,-2.4,,,10.0,,4.5,2.9,,5.5,1.2,-5.1,-7.2,6.8,4.3,,,28.8,,8.2,-1.4,,7.7,7.8,5.6,5.6,-0.4,14.4,,,0.39,,0.4,-0.4,,0.19,0.15,0.39,1.22,-3.24,0.58,,,0.273,0.6729999999999999,0.477,0.586,0.851,0.777,0.51,23.2,3.3,-6.7,0.4,22 - 39,121.2,11.3,-4.2,0.401,0.3429999999999999,0.256,0.155,0.504,0.34,0.315,0.104,0.0,0.075,0.312,0.081,0.016,,,0.168,0.243,0.0,85.0,76.4,79.7,94.4,89.1,87.4,,,94.1,84.9,87.1,-2.2,5.1,3.4,-2.2,1.0,-5.4,,,-5.8,2.9,-0.4,2.9,-10.4,-7.5,8.8,3.8,1.7,,,4.1,0.0,-0.4,10.1,0.0,4.1,25.0,6.2,4.2,,,7.7,15.8,0.0,0.41,3.65,0.23,0.34,0.32,1.14,,,0.19,0.28,-0.37,0.2739999999999999,0.6709999999999999,0.477,0.588,0.85,0.777,0.512,23.2,6.6,109,102,91,106,110,112,105,0.99,107,93,120,100,98,103,96,94,113,90.2,11.2,368,0.084,118.4,1929,0.442,4361,0.161,0.267,0.257,0.417,0.326,31.6,0.8032719836400818,0.4129032258064516,0.7983111399805132,3.4257322485185586,0.47530864197530864,0.11728395061728394
16,2022,ATL,29,2259,5509,6082,1394,842,298,11,243,789,753,470,13,1498,66,36,1,103,87,31,0.253,1698,1564,780,154,23936,8478,15458,122,6,2,0.077,0.246,0.31,0.317,0.443,0.761,0.19,0.303,1.09,0.193,0.42,0.387,0.098,0.155,0.072,0.3329999999999999,0.33,98.9,794,83.6,3.8,181.4,-18.7,278.5,29.2,$233.9,4.2,112,6.08,-97.66,103.74,68.89,7.08,0.89,1.54,47,8.52,-1.69,0.483,93.8,0.244,84.7,0.063,89.3,0.09,79.1,0.105,86.0,0.013,87.4,0.001,56.0,0.002,,69.5,6.5,1.8,5.6,5.8,3.9,2.6,0.6,0.11,0.12,0.26,0.23,1.23,9.47,0.348,0.721,0.498,0.613,0.828,0.738,0.401,0.628,0.13,0.7,0.322,,0.069,0.016,,0.159,0.2339999999999999,0.075,0.022,0.001,0.103,,,,93.9,,89.7,87.6,,93.5,84.7,78.6,80.3,59.4,85.9,,,-2.1,,0.6,-6.7,,-4.4,1.7,2.5,4.2,-3.3,-1.7,,,9.1,,4.8,2.4,,5.2,1.3,-5.2,-6.0,8.0,3.4,,,54.5,,3.1,3.9,,8.6,1.7,6.2,-4.7,-0.4,6.6,,,0.71,,0.19,1.01,,0.23,0.03,0.35,-0.91,-1.6,0.27,,,0.311,0.691,0.497,0.5539999999999999,0.823,0.737,0.491,23.2,-14.9,-0.6,8.2,21 - 39,84.3,27.7,2.1,0.429,0.348,0.223,0.155,0.501,0.344,0.364,0.104,0.0,0.088,0.322,0.062,0.017,,,0.161,0.247,0.0,85.8,63.6,78.8,93.8,89.6,87.5,,,93.4,84.6,79.4,-1.7,6.0,3.1,-1.8,0.9,-6.2,,,-4.1,2.2,-2.8,2.4,-5.6,-6.8,8.3,4.0,1.4,,,4.3,0.2,-0.1,9.0,0.0,-2.6,52.4,0.9,3.9,,,6.4,7.7,-0.1,0.36,3.65,-0.12,0.68,0.06,0.98,,,0.17,0.13,-1.7,0.313,0.687,0.497,0.5539999999999999,0.8240000000000001,0.738,0.493,23.2,5.8,104,92,109,101,111,123,104,0.96,97,105,132,105,100,91,91,95,113,89.9,13.5,441,0.109,116.8,1759,0.435,4048,0.148,0.278,0.248,0.444,0.33,29.9,0.8251438689685702,0.49277566539923956,0.753699440973364,3.0890286496922825,0.49382716049382713,0.12345679012345678
9,2022,NYY,29,2342,5422,6172,1308,821,225,8,254,807,764,620,36,1391,70,41,14,121,102,33,0.241,1669,1616,770,163,24434,8948,15486,119,31,7,0.1,0.225,0.45,0.325,0.426,0.751,0.185,0.276,1.03,0.19,0.412,0.3989999999999999,0.1009999999999999,0.157,0.071,0.226,0.327,87.6,793,97.0,59.3,184.0,-18.8,326.6,34.3,$274.4,4.0,114,6.3,-114.63,120.93,119.44,12.63,1.07,2.15,93,10.95,-5.07,0.487,93.8,0.226,84.2,0.06,88.2,0.086,79.8,0.118,85.3,0.024,87.6,,,0.005,,48.8,22.6,-6.5,12.6,15.0,-4.4,,0.41,0.41,-0.45,0.6,0.52,-0.76,,0.311,0.662,0.456,0.628,0.845,0.758,0.413,0.609,0.11,-6.2,0.3389999999999999,,0.069,0.02,,0.144,0.211,0.073,0.02,0.002,0.123,,0.0,,94.0,,87.8,87.6,,93.5,84.3,79.0,80.3,49.7,85.4,,51.1,-2.1,,1.1,-7.2,,-5.7,2.4,2.2,3.2,-2.5,-1.1,,-2.7,9.7,,4.5,2.6,,5.0,1.0,-4.8,-6.9,8.6,4.2,,4.0,39.7,,-1.2,-2.0,,-5.3,10.0,7.3,6.4,3.2,8.0,,1.6,0.48,,-0.07,-0.41,,-0.15,0.19,0.41,1.33,8.49,0.27,,32.4,0.278,0.631,0.456,0.573,0.8370000000000001,0.757,0.503,23.7,40.5,1.2,-8.7,22 - 36,90.8,11.3,1.8,0.414,0.341,0.245,0.159,0.527,0.314,0.367,0.121,,0.075,0.34,0.057,0.02,0.0,,0.145,0.24,0.001,85.2,,79.3,93.9,88.1,86.9,51.3,,93.5,84.2,83.7,-1.0,,2.5,-1.8,1.3,-6.7,-3.3,,-5.4,2.8,-2.1,2.9,,-7.6,8.7,3.6,1.6,4.8,,4.0,0.0,3.5,3.3,,14.5,31.1,3.9,3.9,1.6,,-2.7,7.9,1.5,0.11,,0.79,0.37,0.28,0.77,32.4,,-0.08,0.14,5.15,0.2769999999999999,0.631,0.456,0.5710000000000001,0.8370000000000001,0.757,0.505,23.7,24.5,99,126,101,105,109,124,95,0.96,96,106,143,103,97,99,98,98,104,89.7,13.3,411,0.1,119.8,1710,0.418,4091,0.177,0.287,0.243,0.427,0.33,34.7,0.8232280102476516,0.5035935563816605,0.7746273493195075,3.8017194903761458,0.4876543209876543,0.16666666666666666
28,2022,STL,28,2355,5496,6165,1386,878,290,21,197,772,739,537,11,1226,80,45,5,112,95,25,0.252,1771,1692,839,210,24192,8708,15484,113,18,8,0.087,0.1989999999999999,0.44,0.325,0.42,0.745,0.168,0.289,1.05,0.195,0.412,0.3929999999999999,0.124,0.1159999999999999,0.064,0.444,0.326,79.5,784,83.1,24.4,183.8,-21.8,301.2,31.6,$253.0,4.5,112,3.73,-103.32,107.05,90.19,9.76,0.96,1.24,126,6.26,-2.38,0.485,93.7,0.222,84.7,0.072,90.7,0.098,79.4,0.108,85.8,0.015,86.3,,,0.002,,49.7,23.8,16.5,-5.7,0.8,3.0,,0.42,0.44,0.95,-0.24,0.03,0.8,,0.331,0.6729999999999999,0.471,0.659,0.861,0.777,0.409,0.61,0.105,3.6,0.3379999999999999,,0.078,0.02,,0.145,0.213,0.0819999999999999,0.019,0.001,0.104,,,,93.8,,90.8,86.5,,93.4,84.6,79.2,81.1,49.8,85.7,,,-2.4,,0.6,-6.6,,-5.4,2.1,3.2,2.2,0.8,-3.5,,,9.1,,5.4,2.7,,4.9,0.9,-4.9,-4.6,8.3,3.4,,,36.6,,5.8,5.4,,2.4,28.2,-5.8,2.0,2.6,-11.4,,,0.45,,0.31,1.13,,0.07,0.55,-0.3,0.43,8.35,-0.45,,,0.296,0.645,0.471,0.606,0.8540000000000001,0.7759999999999999,0.5,22.7,2.6,2.9,2.0,22 - 42,86.7,28.1,-0.2,0.419,0.342,0.239,0.182,0.517,0.3,0.318,0.105,0.001,0.086,0.344,0.071,0.02,,,0.144,0.23,0.001,85.6,78.7,79.3,93.9,90.5,86.0,,,93.4,84.6,87.3,-3.3,4.8,2.9,-2.1,1.0,-6.0,,,-5.2,2.6,-1.3,2.3,-8.1,-6.4,8.3,4.6,2.0,,,3.9,-0.1,2.7,-6.5,-0.2,-4.0,46.9,4.1,2.9,,,-2.2,22.9,0.4,-0.26,-0.74,-0.19,0.56,0.24,0.61,,,-0.06,0.41,3.19,0.298,0.643,0.471,0.609,0.8540000000000001,0.7759999999999999,0.501,22.7,-3.4,104,104,88,104,106,108,99,0.97,96,107,99,103,99,97,107,98,99,88.2,14.3,325,0.075,114.4,1615,0.374,4322,0.168,0.272,0.244,0.396,0.317,31.9,0.8165605095541402,0.4082901554404146,0.8011354420113544,3.548323390060995,0.5123456790123457,0.19753086419753085
25,2022,NYM,29,2340,5489,6176,1422,952,272,27,171,772,735,510,25,1217,112,44,20,122,62,22,0.259,1881,1522,887,132,23987,8557,15430,131,46,13,0.083,0.1969999999999999,0.42,0.332,0.412,0.744,0.153,0.302,1.24,0.207,0.4379999999999999,0.355,0.087,0.1119999999999999,0.07,0.283,0.326,78.1,784,96.6,16.7,184.2,-21.5,295.9,31.1,$248.6,4.3,113,10.19,-91.13,101.32,112.71,12.96,0.88,1.36,98,9.17,2.46,0.514,93.7,0.192,84.1,0.08,89.5,0.096,79.7,0.109,86.0,0.009,87.6,,,0.004,,45.7,2.3,-13.6,15.7,29.3,-3.1,,0.37,0.05,-0.71,0.68,1.12,-1.38,,0.33,0.696,0.48,0.6729999999999999,0.862,0.785,0.41,0.608,0.103,-8.1,0.321,,0.077,0.0139999999999999,,0.191,0.186,0.081,0.025,0.001,0.104,,,,94.0,,90.0,87.6,,93.2,84.2,79.1,81.4,42.6,85.9,,,-2.1,,0.4,-6.6,,-3.2,1.1,1.8,4.0,1.4,-3.2,,,9.3,,5.6,2.9,,5.4,1.3,-5.1,-5.2,7.3,3.5,,,29.9,,-16.1,-3.9,,4.2,-5.7,11.2,5.0,1.3,26.1,,,0.39,,-0.87,-1.16,,0.09,-0.13,0.58,0.83,7.37,1.05,,,0.291,0.6659999999999999,0.48,0.613,0.857,0.784,0.503,24.8,-4.8,-2.7,-10.0,20 - 39,88.5,28.1,2.0,0.384,0.363,0.253,0.168,0.5479999999999999,0.284,0.307,0.105,0.0,0.094,0.322,0.068,0.016,,,0.193,0.2019999999999999,,85.6,65.6,79.6,94.1,89.7,87.3,,,93.3,84.2,,-2.9,4.7,2.8,-1.8,0.8,-6.4,,,-3.0,1.4,,2.4,-7.2,-6.6,8.4,4.7,1.9,,,4.4,0.2,,27.8,0.0,10.3,29.7,-12.9,-4.7,,,1.6,-0.2,,1.11,0.35,0.46,0.39,-0.78,-1.25,,,0.03,0.0,,0.292,0.664,0.48,0.612,0.858,0.784,0.504,24.8,9.2,107,99,87,106,104,99,104,1.03,102,96,95,94,105,103,99,104,94,88.2,11.9,309,0.071,116.5,1610,0.371,4337,0.162,0.265,0.251,0.403,0.321,29.4,0.8256410256410256,0.3544041450777202,0.8029468911917098,3.125815590219045,0.5,0.1419753086419753
21,2022,HOU,29,2279,5409,6054,1341,830,284,13,214,737,715,528,18,1179,60,42,9,118,83,22,0.248,1729,1671,845,161,22950,8348,14602,111,36,16,0.087,0.195,0.45,0.319,0.424,0.743,0.176,0.278,1.03,0.1989999999999999,0.407,0.3939999999999999,0.096,0.128,0.064,0.444,0.324,69.0,761,88.7,34.8,180.5,-18.6,291.0,30.6,$244.4,4.1,113,5.78,-93.87,99.65,64.16,6.9,0.9,1.55,81,5.53,0.92,0.469,93.5,0.235,84.8,0.072,88.3,0.096,79.8,0.111,84.5,0.018,86.9,0.0,65.0,0.003,,61.1,-1.3,-15.2,4.9,14.9,-3.4,0.0,0.57,-0.02,-0.93,0.22,0.59,-0.82,3.61,0.325,0.7090000000000001,0.479,0.655,0.877,0.787,0.4,0.612,0.102,-5.6,0.32,,0.081,0.0139999999999999,,0.147,0.2239999999999999,0.078,0.023,,0.113,,,,93.5,,88.7,87.0,,93.4,84.8,79.0,81.5,,84.6,,,-1.6,,1.0,-6.1,,-3.0,2.2,1.6,2.8,,-0.9,,,9.8,,5.1,2.5,,5.6,1.4,-4.7,-6.2,,4.5,,,59.2,,-20.8,-2.6,,-9.6,-5.9,0.3,6.3,,11.9,,,0.81,,-1.12,-0.81,,-0.28,-0.12,0.02,1.21,,0.46,,,0.29,0.6729999999999999,0.479,0.593,0.871,0.7859999999999999,0.493,24.1,16.2,2.1,-7.6,22 - 39,83.1,11.1,-3.4,0.422,0.351,0.2269999999999999,0.153,0.537,0.31,0.317,0.1119999999999999,,0.09,0.318,0.08,0.015,,,0.147,0.238,0.0,84.6,,79.8,93.6,88.7,86.7,,,93.5,84.7,92.7,-0.8,,1.9,-1.4,1.2,-5.6,,,-2.9,2.6,0.5,3.1,,-6.9,8.6,4.0,1.2,,,4.4,0.1,6.1,13.0,,5.1,58.2,-19.2,-3.3,,,-8.9,-10.1,0.2,0.51,,0.25,0.8,-1.05,-0.96,,,-0.26,-0.19,3.6,0.288,0.674,0.479,0.591,0.87,0.7859999999999999,0.495,24.1,-2.9,102,110,88,103,108,118,96,1.01,95,105,116,105,100,91,95,100,103,88.7,14.2,346,0.081,117.4,1672,0.39,4287,0.156,0.258,0.249,0.412,0.324,30.4,0.8200965335673541,0.4645861601085482,0.8052527254707631,3.304528173414769,0.42592592592592593,0.15432098765432098
26,2022,PHI,28,2327,5496,6077,1392,903,255,29,205,747,719,478,15,1363,52,44,6,116,105,28,0.253,1780,1525,843,172,23854,8404,15450,136,35,19,0.079,0.2239999999999999,0.35,0.317,0.422,0.739,0.169,0.299,1.17,0.203,0.429,0.368,0.113,0.134,0.076,0.5429999999999999,0.322,57.5,752,46.5,-25.4,181.2,-18.7,214.2,22.5,$179.9,4.8,107,3.35,-102.91,106.26,40.65,4.04,0.95,1.54,88,4.14,-0.62,0.493,93.6,0.2239999999999999,84.5,0.069,88.9,0.092,79.3,0.108,86.4,0.015,86.4,,,0.002,,34.2,2.7,2.0,7.7,19.6,1.8,,0.29,0.05,0.12,0.35,0.76,0.52,,0.3429999999999999,0.684,0.483,0.64,0.861,0.769,0.409,0.616,0.1119999999999999,2.8,0.325,,0.069,0.016,,0.165,0.217,0.083,0.018,0.001,0.106,,,,93.9,,89.1,86.5,,93.3,84.6,78.7,81.9,46.9,86.4,,,-2.0,,0.5,-5.7,,-3.7,1.6,2.4,2.0,0.0,-3.1,,,9.4,,5.3,2.4,,5.1,1.4,-5.0,-5.2,5.4,3.3,,,46.8,,0.4,-0.1,,-23.4,-0.2,4.6,0.6,0.1,17.0,,,0.6,,0.02,-0.04,,-0.6,0.0,0.23,0.14,0.51,0.67,,,0.312,0.6559999999999999,0.483,0.585,0.856,0.768,0.496,23.5,-44.0,4.0,6.6,22 - 37,49.3,27.7,-0.7,0.39,0.344,0.267,0.17,0.526,0.304,0.337,0.107,0.001,0.09,0.327,0.068,0.018,,,0.1639999999999999,0.226,0.0,86.2,77.5,79.1,94.1,89.2,86.5,,,93.5,84.6,91.3,-2.9,3.6,2.3,-1.8,0.8,-5.4,,,-3.4,2.1,0.6,2.1,-9.3,-6.6,8.4,4.2,1.3,,,4.0,0.3,5.6,24.2,0.5,3.4,45.7,2.7,-3.9,,,-22.4,-5.3,0.1,0.95,3.29,0.16,0.59,0.16,-0.91,,,-0.57,-0.1,1.64,0.313,0.655,0.483,0.585,0.856,0.768,0.496,23.5,-4.0,104,94,99,101,106,109,103,1.01,100,100,114,96,99,108,100,100,100,89.3,13.0,357,0.085,114.8,1721,0.411,4184,0.163,0.275,0.252,0.417,0.322,22.4,0.8036097980232059,0.4390896921017403,0.7757116998519006,3.3142830370518213,0.4012345679012346,0.1728395061728395
3,2022,BOS,29,2379,5539,6144,1427,908,352,12,155,735,704,478,23,1373,63,50,12,131,52,20,0.258,1829,1501,872,148,23902,8460,15442,115,26,6,0.078,0.223,0.35,0.321,0.409,0.731,0.152,0.313,1.22,0.208,0.435,0.357,0.099,0.103,0.063,0.231,0.319,43.2,746,12.7,-9.2,183.2,-18.8,176.1,18.5,$147.9,3.6,102,-3.41,-109.5,106.09,11.98,1.09,0.99,1.72,91,-1.94,-1.5,0.501,93.8,0.218,84.6,0.062,88.3,0.092,79.9,0.108,85.3,0.019,86.7,,,0.004,,24.2,3.3,12.6,-4.2,15.3,-11.6,,0.2,0.06,0.84,-0.19,0.59,-2.5,,0.336,0.698,0.485,0.631,0.847,0.759,0.41,0.616,0.1169999999999999,-3.1,0.346,,0.072,0.018,,0.152,0.205,0.079,0.018,0.0,0.109,,,,94.0,,88.3,86.6,,93.1,84.5,79.5,81.9,49.9,85.3,,,-2.1,,0.8,-7.5,,-3.3,1.9,2.1,3.3,-1.4,-3.0,,,9.8,,4.6,2.9,,5.1,1.3,-4.8,-6.3,9.1,4.3,,,12.5,,14.5,-10.0,,1.3,-8.8,-3.0,1.1,-0.9,11.2,,,0.15,,0.84,-2.33,,0.04,-0.18,-0.16,0.24,-9.55,0.43,,,0.3,0.667,0.485,0.562,0.845,0.758,0.503,24.3,-28.0,-3.4,-5.1,22 - 42,9.6,11.3,-3.0,0.37,0.377,0.253,0.152,0.535,0.312,0.326,0.108,,0.084,0.347,0.072,0.019,,,0.148,0.223,0.0,85.5,,79.8,94.1,88.9,85.6,,,93.3,84.6,92.3,-2.7,,2.2,-1.9,1.1,-6.6,,,-3.0,2.6,0.0,3.1,,-7.2,8.7,4.1,1.4,,,3.8,0.1,0.0,11.0,,-3.5,19.4,13.7,-9.4,,,-6.3,-8.9,0.0,0.43,,-0.18,0.23,0.8,-2.1,,,-0.18,-0.17,3.65,0.298,0.669,0.485,0.561,0.845,0.758,0.503,24.3,5.8,106,98,101,104,105,102,108,1.05,102,95,94,92,108,102,94,100,104,89.3,11.4,343,0.081,117.9,1729,0.409,4230,0.16,0.2769999999999999,0.249,0.401,0.316,17.7,0.8007566204287516,0.33741496598639453,0.7765299479166666,3.215140596384608,0.4567901234567901,0.16049382716049382
23,2022,MIL,29,2363,5417,6122,1271,784,251,17,219,725,703,577,25,1464,80,37,11,117,96,30,0.235,1676,1537,763,152,24835,9175,15660,109,25,8,0.094,0.239,0.39,0.315,0.409,0.724,0.174,0.279,1.09,0.192,0.422,0.387,0.099,0.142,0.065,0.32,0.317,34.7,735,25.2,11.5,182.6,-18.4,230.5,24.2,$193.6,4.4,104,1.11,-109.59,110.7,4.96,0.43,1.02,1.59,124,-1.22,2.31,0.503,93.7,0.211,84.4,0.059,90.0,0.103,79.1,0.1119999999999999,85.8,0.012,87.4,0.0,61.8,0.004,,26.3,2.5,9.2,-6.0,1.7,-6.9,-0.2,0.21,0.05,0.63,-0.23,0.06,-2.34,-3.19,0.297,0.674,0.456,0.624,0.851,0.765,0.421,0.59,0.107,1.7,0.326,,0.064,0.015,,0.176,0.196,0.095,0.019,0.001,0.109,,,,94.0,,89.8,87.6,,93.2,84.5,78.8,80.9,61.0,85.7,,,-1.7,,0.8,-6.6,,-4.0,1.4,2.3,2.9,-4.4,-3.1,,,9.1,,4.6,2.9,,4.9,0.8,-5.2,-5.6,6.5,3.8,,,35.1,,10.3,-12.5,,-21.6,0.1,-7.0,-2.2,0.8,5.6,,,0.43,,0.64,-3.29,,-0.49,0.0,-0.3,-0.46,6.53,0.21,,,0.262,0.642,0.456,0.5589999999999999,0.845,0.765,0.511,23.0,-6.9,1.4,3.6,23 - 36,26.9,27.9,0.6,0.413,0.35,0.237,0.16,0.511,0.3289999999999999,0.369,0.108,0.0,0.1009999999999999,0.3289999999999999,0.057,0.015,,,0.18,0.21,0.0,85.7,64.9,79.0,94.1,89.1,87.6,,,93.3,84.3,92.2,-2.9,5.6,2.7,-1.5,1.1,-6.1,,,-3.7,1.7,-0.9,2.6,-10.6,-7.0,8.1,3.6,1.9,,,4.0,-0.3,6.1,2.1,-0.1,-7.9,30.4,14.2,-10.1,,,-14.7,-6.2,0.0,0.08,-3.11,-0.32,0.37,1.01,-2.65,,,-0.33,-0.12,-1.99,0.265,0.638,0.456,0.561,0.845,0.765,0.512,23.0,11.2,97,113,106,101,103,112,96,0.95,98,105,121,101,101,97,94,97,108,89.0,13.5,349,0.087,117.2,1593,0.3979999999999999,4001,0.173,0.28,0.236,0.396,0.315,24.5,0.7820567075751164,0.4833103448275863,0.7608624632473048,3.119166589765199,0.48148148148148145,0.16049382716049382
8,2022,MIN,28,2422,5476,6113,1356,891,269,18,178,696,668,518,11,1353,62,46,10,133,38,17,0.248,1738,1560,864,138,23947,8663,15284,119,17,3,0.085,0.221,0.38,0.317,0.401,0.718,0.153,0.295,1.11,0.208,0.418,0.375,0.088,0.114,0.068,0.176,0.315,25.0,724,39.0,-4.3,182.3,-18.8,196.6,20.6,$165.1,3.5,106,-3.35,-106.93,103.58,11.49,1.4,0.98,1.54,121,2.37,-5.79,0.478,93.5,0.2289999999999999,84.9,0.067,88.2,0.094,80.2,0.118,85.0,0.013,86.7,0.0,51.7,0.002,,34.1,-13.9,-1.6,4.7,-2.8,-3.6,0.2,0.3,-0.25,-0.1,0.21,-0.1,-1.2,5.47,0.3229999999999999,0.685,0.473,0.644,0.857,0.772,0.414,0.594,0.108,-12.8,0.342,,0.079,0.012,,0.131,0.218,0.077,0.02,0.001,0.118,,0.0,,93.5,,88.6,87.1,,93.6,84.8,79.3,82.2,51.8,85.0,,53.8,-1.8,,0.7,-7.5,,-3.4,1.8,1.7,2.1,0.1,-2.3,,-4.3,9.7,,4.7,3.0,,5.0,1.4,-4.9,-5.4,8.3,4.2,,0.0,18.8,,-3.5,1.5,,8.6,-29.7,8.6,1.0,0.3,-6.0,,-0.1,0.23,,-0.18,0.53,,0.27,-0.57,0.47,0.21,1.07,-0.21,,-1.26,0.285,0.6579999999999999,0.473,0.584,0.851,0.7709999999999999,0.503,23.3,-23.1,-5.2,-10.5,21 - 38,26.2,11.2,-5.0,0.419,0.335,0.246,0.144,0.525,0.33,0.335,0.119,,0.089,0.345,0.07,0.011,0.0,,0.131,0.236,0.0,84.9,,79.9,93.5,88.7,86.9,54.0,,93.7,84.9,86.0,-2.2,,1.7,-1.7,0.8,-6.8,-4.8,,-3.1,2.1,0.9,3.0,,-6.7,8.7,3.8,1.7,1.5,,4.0,0.4,10.1,-5.7,,3.6,15.5,2.7,1.0,-0.1,,6.9,-25.4,-0.4,-0.2,,0.17,0.19,0.16,0.36,-1.29,,0.22,-0.45,-6.51,0.289,0.654,0.473,0.588,0.851,0.7709999999999999,0.503,23.3,6.0,102,106,100,103,102,103,102,1.05,98,100,104,104,96,99,89,98,110,89.6,13.1,365,0.087,115.1,1718,0.411,4180,0.165,0.272,0.246,0.419,0.323,20.6,0.7737407101568952,0.4091954022988506,0.7786684115818747,2.992514240046419,0.3950617283950617,0.16666666666666666
19,2022,COL,28,2265,5540,6105,1408,945,280,34,149,698,669,453,10,1330,61,40,10,139,45,20,0.254,1979,1391,863,110,23635,8216,15419,144,27,9,0.074,0.218,0.34,0.315,0.398,0.713,0.144,0.307,1.42,0.204,0.4679999999999999,0.3289999999999999,0.079,0.107,0.073,0.3329999999999999,0.312,12.9,711,-87.5,-13.7,182.1,-18.3,90.1,9.5,$75.7,4.2,88,-11.37,-117.66,106.29,-109.69,-11.72,1.03,1.76,36,-10.97,-0.11,0.511,93.4,0.211,84.4,0.066,89.2,0.091,79.8,0.111,85.0,0.01,85.8,,,0.001,,-36.5,-9.3,11.2,17.0,28.3,-1.9,,-0.3,-0.19,0.72,0.79,1.08,-0.82,,0.34,0.68,0.483,0.654,0.868,0.7809999999999999,0.42,0.626,0.106,-0.3,0.3389999999999999,,0.074,0.013,,0.17,0.198,0.077,0.021,0.0,0.108,,,,93.6,,89.6,86.5,,92.7,84.3,79.3,81.7,52.8,84.8,,,-1.5,,0.5,-4.9,,-3.2,1.7,0.8,2.2,3.8,-1.1,,,8.5,,4.6,2.3,,4.4,0.9,-4.5,-4.6,9.1,3.2,,,-11.4,,7.1,0.5,,-35.3,-4.0,7.5,-0.2,-0.7,21.4,,,-0.14,,0.41,0.17,,-0.88,-0.09,0.41,-0.03,-8.19,0.84,,,0.306,0.65,0.483,0.59,0.865,0.78,0.514,23.1,-32.0,-4.9,6.4,20 - 37,-87.8,27.8,-4.1,0.375,0.372,0.253,0.173,0.521,0.307,0.316,0.107,0.001,0.086,0.3329999999999999,0.069,0.013,,,0.18,0.211,0.0,84.9,77.9,79.6,93.8,89.3,86.5,,,92.8,84.3,91.5,-1.1,4.1,1.0,-1.4,0.7,-4.7,,,-2.9,2.1,-14.4,2.5,-7.4,-5.7,8.0,4.0,1.8,,,3.9,0.2,2.5,21.7,1.4,12.2,-15.9,2.5,0.6,,,-27.6,-10.0,0.4,0.86,8.15,0.6,-0.2,0.15,0.2,,,-0.65,-0.2,7.5,0.309,0.65,0.483,0.597,0.863,0.78,0.51,23.1,-9.1,105,89,96,101,100,93,105,1.01,109,89,91,92,107,103,102,99,101,87.6,9.9,252,0.059,115.5,1568,0.368,4261,0.1689999999999999,0.275,0.244,0.369,0.301,8.2,0.8216335540838852,0.34154727793696277,0.7821457821457821,3.123312365404991,0.4012345679012346,0.2037037037037037
30,2022,SFG,29,2552,5392,6117,1261,805,255,18,183,716,683,571,14,1462,95,53,6,109,64,16,0.234,1583,1570,783,158,24340,8923,15417,101,53,28,0.093,0.239,0.39,0.315,0.39,0.705,0.156,0.284,1.01,0.1989999999999999,0.402,0.3989999999999999,0.1009999999999999,0.1169999999999999,0.064,0.528,0.311,3.9,703,11.1,-44.1,182.4,-22.0,149.7,15.7,$125.7,4.1,102,-0.79,-108.21,107.42,15.61,1.8,1.0,1.41,256,-2.29,1.5,0.492,93.5,0.209,84.7,0.076,90.3,0.103,80.0,0.11,85.5,0.01,85.7,0.0,43.2,0.002,,44.2,-19.8,-17.5,-6.4,0.8,-1.4,-0.7,0.37,-0.39,-0.95,-0.26,0.03,-0.6,-7.42,0.3,0.6759999999999999,0.457,0.618,0.846,0.759,0.418,0.614,0.11,-5.6,0.324,,0.083,0.011,,0.166,0.1969999999999999,0.0819999999999999,0.025,0.001,0.111,,,,93.5,,90.1,85.7,,93.6,84.6,79.3,81.6,48.4,85.5,,,-1.3,,0.4,-4.1,,-4.3,1.3,1.9,2.1,-2.2,-2.8,,,9.2,,5.3,4.0,,5.0,1.2,-5.0,-4.6,5.4,3.5,,,14.5,,-23.0,-1.7,,18.9,-18.8,1.5,-3.8,1.5,-3.7,,,0.18,,-1.14,-0.64,,0.47,-0.39,0.08,-0.63,4.56,-0.14,,,0.264,0.644,0.457,0.5489999999999999,0.841,0.758,0.509,23.0,-66.1,0.4,2.2,22 - 36,5.5,27.8,0.4,0.421,0.337,0.242,0.176,0.5329999999999999,0.291,0.362,0.1119999999999999,0.0,0.098,0.326,0.081,0.009,,,0.17,0.204,0.0,85.1,66.4,79.6,93.4,89.3,85.6,,,93.4,84.3,84.6,-2.5,4.4,2.2,-1.2,0.7,-4.6,,,-3.7,1.7,-1.9,2.5,-8.3,-6.2,8.3,4.3,2.9,,,4.2,0.1,10.9,1.6,0.0,-5.6,11.1,-16.5,-4.1,,,18.3,-19.2,0.9,0.06,0.0,-0.24,0.14,-0.84,-1.94,,,0.44,-0.39,31.3,0.268,0.642,0.457,0.555,0.8420000000000001,0.759,0.505,23.0,-6.3,96,112,106,101,98,101,97,0.99,93,108,99,103,97,98,103,101,96,88.2,15.3,325,0.081,114.3,1504,0.377,3989,0.173,0.283,0.228,0.38,0.308,15.8,0.7178683385579937,0.40893854748603353,0.7609939512833088,3.1891282616241385,0.3888888888888889,0.14814814814814814
11,2022,SEA,28,2383,5375,6117,1236,791,229,19,197,690,663,596,17,1397,89,45,9,120,83,27,0.23,1618,1595,795,189,24110,9020,15090,95,24,7,0.0969999999999999,0.228,0.43,0.315,0.39,0.704,0.16,0.272,1.01,0.198,0.4039999999999999,0.3979999999999999,0.118,0.124,0.059,0.292,0.31,3.2,703,56.2,-0.3,182.4,-20.0,231.5,24.3,$194.5,4.1,108,3.24,-111.1,114.35,35.05,3.92,1.06,1.75,127,3.05,0.02,0.49,93.7,0.21,83.9,0.07,88.2,0.094,79.7,0.118,85.5,0.018,87.5,,,0.003,,38.9,-13.8,-7.3,1.0,-6.2,-12.1,,0.33,-0.27,-0.43,0.04,-0.22,-2.74,,0.296,0.6940000000000001,0.461,0.625,0.857,0.77,0.413,0.596,0.106,1.9,0.347,,0.069,0.016,,0.14,0.207,0.083,0.018,0.001,0.12,,0.0,,93.9,,88.6,87.3,,93.3,84.1,79.0,81.5,53.7,85.5,,59.8,-2.1,,0.4,-6.4,,-2.7,1.5,1.3,2.4,-1.8,-3.0,,1.1,9.7,,4.9,2.5,,5.0,1.2,-5.3,-5.8,9.1,4.0,,4.1,25.3,,-2.8,-10.6,,1.1,-17.9,-3.7,2.2,-0.1,-12.2,,0.2,0.3,,-0.17,-2.68,,0.03,-0.36,-0.19,0.53,-0.49,-0.42,,3.48,0.26,0.6559999999999999,0.461,0.5579999999999999,0.851,0.769,0.506,23.3,-20.2,-0.2,-7.5,21 - 39,58.2,11.2,-2.3,0.406,0.351,0.242,0.18,0.528,0.292,0.358,0.118,,0.091,0.346,0.068,0.017,0.0,,0.141,0.2189999999999999,0.0,85.6,,79.6,93.8,88.7,86.8,60.2,,93.4,84.0,71.9,-2.8,,1.8,-1.8,0.7,-5.7,1.9,,-2.5,1.8,6.4,2.8,,-6.9,8.6,4.1,1.2,3.9,,4.0,0.0,-2.1,-8.0,,0.4,20.4,-6.3,-13.4,0.2,,6.0,-20.0,0.0,-0.28,,0.02,0.24,-0.38,-3.35,3.49,,0.18,-0.38,-0.62,0.263,0.654,0.461,0.561,0.851,0.769,0.505,23.3,2.5,95,122,103,102,99,107,94,1.0,95,106,112,101,100,98,111,98,97,88.2,15.0,327,0.081,117.2,1481,0.367,4035,0.1639999999999999,0.27,0.236,0.393,0.317,23.9,0.7687788501888376,0.45681159420289863,0.7716200752002615,2.8818462757773653,0.4382716049382716,0.17901234567901234
29,2022,SDP,28,2323,5468,6175,1317,871,275,18,153,705,682,574,24,1327,65,46,17,95,49,22,0.241,1771,1567,820,161,24392,8958,15434,118,46,17,0.093,0.215,0.43,0.318,0.382,0.7,0.141,0.289,1.13,0.1969999999999999,0.426,0.377,0.103,0.098,0.067,0.37,0.308,-7.7,698,11.9,1.7,184.1,-19.6,198.2,20.8,$166.5,3.7,102,-0.82,-99.72,98.89,13.8,1.15,0.93,1.27,108,-0.57,-0.31,0.517,93.5,0.2,84.7,0.063,89.7,0.091,79.5,0.1159999999999999,85.5,0.013,86.0,,,0.004,,-21.9,8.1,3.2,3.3,14.8,-1.8,,-0.17,0.17,0.21,0.15,0.52,-0.56,,0.304,0.67,0.457,0.653,0.86,0.78,0.417,0.608,0.1,-8.2,0.348,,0.07,0.018,,0.1689999999999999,0.1889999999999999,0.066,0.0289999999999999,0.001,0.111,,0.0,,93.6,,89.9,86.9,,93.1,84.5,79.0,82.0,43.3,85.3,,54.3,-1.9,,0.2,-6.5,,-3.8,1.1,1.9,1.8,2.0,-2.3,,-1.1,9.3,,5.1,2.3,,4.7,1.2,-5.0,-5.1,7.6,3.4,,2.3,-14.2,,0.1,-6.1,,-18.3,12.0,0.8,-2.7,0.1,16.7,,0.0,-0.17,,0.01,-1.36,,-0.44,0.26,0.05,-0.38,0.24,0.62,,1.02,0.273,0.636,0.457,0.596,0.8540000000000001,0.778,0.508,23.4,-17.8,-5.1,1.9,21 - 39,3.8,28.1,7.1,0.405,0.344,0.25,0.182,0.523,0.296,0.3329999999999999,0.1119999999999999,0.0,0.083,0.352,0.072,0.02,,,0.1639999999999999,0.198,0.0,84.9,70.0,79.5,93.5,89.6,86.4,,,93.1,84.4,76.3,-1.8,8.7,2.6,-1.5,0.6,-6.3,,,-3.7,1.6,-7.4,2.3,-8.6,-6.7,8.3,4.0,1.2,,,3.7,0.0,4.9,14.0,0.0,1.1,-6.3,-0.1,-3.0,,,-22.4,3.4,0.1,0.51,-0.17,0.05,-0.07,-0.01,-0.62,,,-0.56,0.07,8.98,0.2739999999999999,0.635,0.457,0.6,0.853,0.778,0.507,23.4,-12.7,99,111,95,101,96,91,99,0.98,99,102,83,100,99,102,107,99,97,88.4,13.2,274,0.065,115.2,1584,0.376,4209,0.174,0.2739999999999999,0.237,0.373,0.306,21.1,0.8140335772707705,0.3472340425531915,0.7851012145748988,3.3704455761282546,0.3888888888888889,0.17901234567901234
17,2022,CHC,28,2388,5425,6072,1293,838,265,31,159,657,620,507,16,1448,84,36,19,130,111,37,0.238,1826,1378,789,142,23813,8557,15256,133,39,15,0.083,0.238,0.35,0.311,0.387,0.698,0.148,0.294,1.33,0.198,0.457,0.345,0.103,0.115,0.073,0.385,0.307,-13.8,681,-2.5,-20.0,181.1,-20.0,174.5,18.3,$146.5,4.9,100,-10.57,-112.31,101.74,-67.96,-7.28,1.01,1.67,130,-3.54,-6.96,0.483,93.5,0.209,84.8,0.072,90.0,0.106,78.9,0.121,85.5,0.01,87.2,,,0.002,,8.8,1.7,-14.7,-1.3,-1.9,-6.1,,0.08,0.03,-0.86,-0.05,-0.07,-2.58,,0.321,0.6920000000000001,0.473,0.615,0.838,0.7490000000000001,0.41,0.628,0.119,8.2,0.325,,0.073,0.013,,0.154,0.206,0.095,0.015,0.001,0.118,,,,93.6,,90.2,87.3,,93.4,84.6,78.3,82.0,56.8,85.2,,,-2.6,,0.7,-7.1,,-4.5,1.8,2.2,3.2,-4.3,-2.0,,,9.1,,5.3,2.4,,4.9,1.2,-5.4,-5.3,7.4,3.5,,,-9.0,,-9.8,-6.8,,10.4,-19.0,-3.4,4.2,1.7,-4.3,,,-0.12,,-0.57,-2.24,,0.29,-0.39,-0.15,1.21,4.76,-0.15,,,0.285,0.659,0.473,0.5479999999999999,0.8340000000000001,0.7490000000000001,0.503,22.9,-39.9,1.7,0.4,23 - 38,5.7,27.6,-3.8,0.412,0.34,0.248,0.171,0.535,0.294,0.348,0.1159999999999999,0.0,0.103,0.33,0.06,0.016,,,0.157,0.217,0.001,85.5,66.7,78.8,93.8,89.6,87.4,,,93.6,85.1,96.4,-1.9,3.1,2.6,-2.2,1.2,-6.4,,,-4.1,2.3,-6.2,2.4,-8.3,-6.6,8.2,4.5,1.6,,,4.0,0.2,-5.3,-5.1,0.6,0.0,-10.5,-9.1,-6.9,,,9.3,-13.0,0.9,-0.18,8.42,0.0,-0.13,-0.64,-1.87,,,0.25,-0.25,4.73,0.287,0.655,0.473,0.5529999999999999,0.833,0.7490000000000001,0.505,22.9,-5.9,98,100,105,99,97,96,101,0.98,106,94,98,101,98,101,101,101,97,88.4,10.4,269,0.067,116.2,1498,0.371,4033,0.165,0.284,0.232,0.368,0.3,17.6,0.7537688442211056,0.3872146118721461,0.761528326745718,3.1998641275502018,0.345679012345679,0.18518518518518517
4,2022,CHW,29,2371,5611,6123,1435,1005,272,9,149,686,654,388,9,1269,73,35,16,127,58,10,0.256,1980,1544,838,157,23147,7871,15276,129,31,6,0.063,0.207,0.31,0.31,0.387,0.698,0.131,0.304,1.28,0.192,0.4539999999999999,0.354,0.102,0.0969999999999999,0.065,0.1939999999999999,0.306,-16.9,683,-11.0,-11.3,182.6,-19.2,145.5,15.3,$122.2,3.6,98,-1.82,-108.17,106.35,-16.74,-1.41,1.0,1.61,70,-6.37,4.56,0.485,93.4,0.242,84.5,0.062,88.2,0.095,79.8,0.098,84.9,0.017,87.3,0.0,42.3,0.001,,-24.7,-8.8,1.5,0.2,7.4,1.9,-0.3,-0.22,-0.16,0.1,0.01,0.33,0.47,-2.36,0.365,0.6990000000000001,0.503,0.6409999999999999,0.862,0.768,0.414,0.625,0.1169999999999999,-6.8,0.3339999999999999,,0.074,0.017,,0.144,0.23,0.077,0.023,0.002,0.098,,,,93.7,,88.7,87.3,,93.3,84.4,79.2,81.5,49.9,84.8,,,-2.2,,0.9,-7.4,,-5.2,2.5,1.9,2.9,-2.7,-1.7,,,9.5,,4.6,3.1,,4.9,1.1,-5.6,-5.8,7.5,4.3,,,-37.1,,-0.4,0.7,,2.1,-20.3,3.7,-2.7,1.0,5.5,,,-0.48,,-0.02,0.18,,0.06,-0.38,0.21,-0.51,1.7,0.24,,,0.327,0.675,0.503,0.581,0.855,0.767,0.505,22.5,-30.5,1.6,-1.3,22 - 36,-17.8,11.2,-3.3,0.384,0.354,0.262,0.158,0.54,0.302,0.295,0.0969999999999999,,0.089,0.34,0.064,0.018,,,0.145,0.247,0.0,84.8,,79.8,93.4,88.6,86.3,,,93.5,84.5,88.3,-1.5,,2.3,-1.9,0.9,-6.7,,,-4.9,3.0,-5.5,3.2,,-7.3,8.6,3.6,2.0,,,3.9,0.1,3.0,5.9,,-5.4,-28.1,-4.4,1.4,,,-2.9,-13.1,-0.6,0.26,,-0.27,-0.36,-0.3,0.32,,,-0.09,-0.23,-5.77,0.327,0.677,0.503,0.583,0.855,0.767,0.503,22.5,12.7,105,80,93,100,99,88,105,0.97,106,94,88,96,101,106,98,101,100,89.2,10.6,329,0.075,117.8,1792,0.408,4393,0.156,0.273,0.248,0.395,0.308,15.1,0.7688738928722059,0.34752186588921286,0.7927486526212641,2.954191064096375,0.35185185185185186,0.14814814814814814
5,2022,CLE,26,2338,5558,6163,1410,979,273,31,127,698,662,450,36,1122,81,52,22,115,119,27,0.254,1984,1602,880,179,23703,8212,15491,161,44,14,0.073,0.182,0.4,0.316,0.383,0.699,0.129,0.294,1.24,0.1969999999999999,0.444,0.359,0.1119999999999999,0.079,0.081,0.318,0.306,-19.5,685,-1.5,22.3,183.8,-19.2,219.9,23.1,$184.7,5.0,100,0.04,-109.5,109.55,-9.66,-1.06,1.03,1.52,96,-2.89,2.93,0.513,93.5,0.231,84.6,0.048,87.4,0.093,79.7,0.098,85.1,0.017,87.0,,,0.006,,-39.0,0.0,-1.6,-5.0,29.2,-1.5,,-0.32,0.0,-0.14,-0.23,1.26,-0.37,,0.342,0.6629999999999999,0.475,0.706,0.882,0.8079999999999999,0.414,0.615,0.091,23.2,0.372,,0.055,0.016,,0.1369999999999999,0.2269999999999999,0.071,0.021,0.001,0.1,,,,93.7,,87.7,87.1,,93.2,84.4,79.1,81.1,52.3,85.0,,,-2.1,,0.7,-7.2,,-3.4,1.9,1.8,3.2,-3.8,-2.9,,,9.5,,4.3,3.5,,5.1,1.1,-5.3,-6.5,6.5,4.2,,,-37.6,,-4.9,-0.5,,-15.0,-2.0,-6.5,2.7,1.0,24.8,,,-0.43,,-0.37,-0.12,,-0.46,-0.04,-0.38,0.54,6.99,1.05,,,0.309,0.638,0.475,0.6559999999999999,0.88,0.8079999999999999,0.505,22.8,3.1,7.0,7.0,22 - 34,21.7,11.3,-0.8,0.385,0.355,0.26,0.181,0.556,0.263,0.276,0.099,0.0,0.086,0.376,0.047,0.017,,,0.134,0.241,0.001,84.9,64.9,79.7,93.8,88.0,86.1,,,93.4,84.7,84.2,-2.8,8.6,1.9,-2.0,0.7,-6.8,,,-3.3,2.3,0.0,3.1,-10.0,-7.0,8.5,3.6,2.3,,,4.1,0.0,0.0,29.7,-0.2,-8.7,-34.9,-1.7,0.6,,,-20.6,-1.2,-1.0,1.27,-17.31,-0.43,-0.39,-0.15,0.13,,,-0.65,-0.02,-5.29,0.309,0.637,0.475,0.655,0.879,0.807,0.506,22.8,3.7,105,92,82,102,98,86,102,1.0,104,96,72,96,101,105,112,104,87,87.2,11.7,220,0.049,114.2,1494,0.331,4510,0.176,0.268,0.245,0.361,0.298,22.7,0.795551753635586,0.29111747851002867,0.817945805614149,3.075214380482927,0.4074074074074074,0.21604938271604937
2,2022,BAL,27,2359,5429,6049,1281,810,275,25,171,674,639,476,10,1390,83,43,12,95,95,31,0.236,1578,1652,817,210,23241,8154,15087,113,47,16,0.079,0.23,0.34,0.305,0.39,0.695,0.154,0.284,0.96,0.2019999999999999,0.39,0.408,0.127,0.104,0.072,0.34,0.305,-22.0,670,-1.4,14.4,180.4,-19.1,189.3,19.9,$159.0,4.7,100,-1.49,-109.23,107.73,-12.36,-1.54,1.01,1.91,93,0.8,-2.28,0.489,93.6,0.211,84.0,0.066,87.9,0.099,79.7,0.113,84.9,0.022,87.2,0.0,60.0,0.002,,-16.0,-4.5,3.6,15.7,-5.9,0.6,0.5,-0.14,-0.09,0.23,0.69,-0.22,0.13,49.25,0.3429999999999999,0.7120000000000001,0.493,0.631,0.851,0.76,0.405,0.62,0.118,3.9,0.3379999999999999,,0.073,0.015,,0.149,0.1989999999999999,0.0819999999999999,0.024,0.001,0.119,,,,93.7,,88.1,87.6,,93.4,84.1,79.1,81.0,41.2,84.9,,,-1.9,,0.4,-6.8,,-3.9,2.0,1.6,3.4,-4.2,-2.1,,,9.7,,4.7,2.7,,5.4,1.2,-4.1,-6.4,3.6,4.1,,,-8.6,,-3.3,-2.6,,-21.1,-1.8,10.4,4.9,0.9,-7.1,,,-0.11,,-0.19,-0.72,,-0.61,-0.04,0.54,0.85,7.7,-0.26,,,0.305,0.6829999999999999,0.493,0.5720000000000001,0.8440000000000001,0.759,0.496,23.4,-4.7,1.1,7.6,21 - 38,2.6,11.1,3.3,0.414,0.347,0.239,0.176,0.52,0.304,0.337,0.119,0.0,0.084,0.34,0.065,0.016,,,0.147,0.228,0.001,84.9,65.5,79.4,93.9,88.3,87.2,,,93.6,84.0,87.9,-2.0,6.4,1.4,-1.7,0.5,-6.4,,,-3.8,2.5,0.3,2.8,-11.4,-7.0,8.7,3.8,1.6,,,4.3,0.0,5.3,-7.3,0.8,11.2,-14.8,-6.2,-2.6,,,-16.7,3.9,0.5,-0.27,84.32,0.57,-0.19,-0.41,-0.69,,,-0.49,0.07,2.57,0.306,0.682,0.493,0.573,0.8440000000000001,0.759,0.496,23.4,-5.7,97,99,103,99,100,103,98,1.02,91,109,94,103,99,97,109,97,101,88.7,15.5,333,0.081,112.0,1595,0.389,4100,0.154,0.272,0.238,0.392,0.31,20.4,0.744807121661721,0.40593471810089027,0.7702099520581914,3.0049929057013927,0.4074074074074074,0.20987654320987653
13,2022,TEX,28,2365,5478,6029,1308,866,224,20,198,707,670,456,12,1446,47,38,10,82,128,41,0.239,1653,1589,790,167,23095,8183,14912,130,48,21,0.076,0.24,0.32,0.301,0.395,0.696,0.157,0.287,1.04,0.196,0.41,0.3939999999999999,0.105,0.125,0.079,0.4379999999999999,0.305,-24.4,665,-15.1,2.4,179.8,-21.0,165.3,17.4,$138.8,4.7,98,-2.72,-110.0,107.28,14.15,1.4,1.02,1.68,139,-0.67,-1.99,0.485,93.8,0.226,84.6,0.064,87.4,0.095,79.2,0.113,84.7,0.018,87.0,,,0.002,,-13.6,-21.8,-2.7,6.4,20.2,-3.6,,-0.12,-0.42,-0.18,0.29,0.77,-0.89,,0.336,0.7340000000000001,0.5,0.591,0.8340000000000001,0.738,0.411,0.625,0.131,8.1,0.354,,0.069,0.017,,0.127,0.217,0.0819999999999999,0.02,,0.113,,,,93.8,,88.0,87.0,,93.4,84.6,78.4,81.0,,84.6,,,-1.9,,0.9,-7.0,,-2.4,1.6,0.8,3.4,,-1.9,,,9.7,,4.3,2.5,,5.2,1.2,-5.4,-6.6,,3.9,,,-30.8,,-1.0,-0.5,,10.3,-34.2,16.3,-4.0,,15.2,,,-0.38,,-0.07,-0.13,,0.35,-0.68,0.86,-0.87,,0.58,,,0.299,0.6990000000000001,0.5,0.524,0.828,0.737,0.502,22.6,-18.5,3.7,8.5,23 - 36,-7.0,11.0,6.6,0.424,0.3379999999999999,0.237,0.163,0.516,0.321,0.348,0.1119999999999999,,0.092,0.356,0.0579999999999999,0.019,,,0.126,0.237,0.0,84.8,,79.2,93.8,88.2,86.1,,,93.5,84.5,69.9,-1.7,,1.8,-1.8,1.1,-6.5,,,-2.1,1.7,-2.9,2.7,,-7.5,8.7,3.7,1.3,,,4.1,0.1,-5.4,16.7,,4.1,-32.3,2.2,-1.4,,,8.7,-27.8,0.0,0.65,,0.2,-0.39,0.16,-0.33,,,0.3,-0.51,-1.75,0.299,0.696,0.5,0.527,0.8270000000000001,0.738,0.505,22.6,11.2,98,95,108,97,101,105,99,0.99,96,105,113,105,97,96,100,96,107,89.2,14.0,323,0.079,113.0,1604,0.3929999999999999,4080,0.143,0.2739999999999999,0.235,0.389,0.303,19.0,0.7458773784355179,0.4480905233380481,0.7601592303864654,2.9398867025947193,0.3950617283950617,0.14814814814814814
15,2022,ARI,28,2407,5351,6027,1232,773,262,24,173,702,658,531,14,1341,60,50,31,97,104,29,0.23,1776,1489,747,165,23541,8646,14895,112,79,25,0.088,0.222,0.4,0.304,0.385,0.689,0.155,0.272,1.19,0.186,0.4429999999999999,0.371,0.111,0.1159999999999999,0.063,0.316,0.303,-34.0,655,-52.3,31.3,179.7,-20.0,183.1,19.2,$153.8,4.9,93,-3.07,-105.36,102.28,-21.08,-2.45,0.98,1.62,147,-3.85,0.71,0.478,93.9,0.2,84.6,0.074,89.5,0.105,79.7,0.131,85.9,0.013,86.5,,,0.002,,-5.5,-6.1,-7.2,-7.1,6.1,-2.2,,-0.05,-0.13,-0.41,-0.29,0.2,-0.71,,0.296,0.667,0.4529999999999999,0.64,0.856,0.775,0.425,0.607,0.102,16.9,0.322,,0.073,0.022,,0.154,0.1969999999999999,0.078,0.031,0.001,0.122,,,,93.9,,90.0,87.8,,93.6,84.6,79.1,81.7,46.8,85.5,,,-1.8,,0.5,-6.9,,-4.1,1.6,2.1,2.9,3.3,-3.3,,,9.4,,5.3,2.7,,4.8,1.2,-5.4,-5.5,6.1,3.5,,,-28.0,,-7.4,0.5,,11.4,-9.8,-0.5,-6.7,0.1,1.8,,,-0.37,,-0.43,0.1,,0.31,-0.21,-0.03,-0.91,0.38,0.06,,,0.262,0.635,0.4529999999999999,0.578,0.8490000000000001,0.774,0.514,22.9,11.3,3.7,18.4,21 - 40,-35.4,27.4,3.3,0.415,0.346,0.24,0.173,0.522,0.305,0.3389999999999999,0.121,0.003,0.0969999999999999,0.313,0.075,0.024,,,0.1639999999999999,0.203,0.0,85.2,78.7,79.7,93.9,89.5,86.9,,,93.3,84.2,150.5,-3.0,5.1,2.6,-1.9,0.9,-6.2,,,-3.0,2.2,0.0,2.4,-8.9,-6.8,8.4,4.1,1.6,,,4.0,0.1,0.0,1.3,-2.1,-6.3,-20.6,-7.3,-0.3,,,5.1,-9.7,-0.3,0.05,-2.98,-0.28,-0.28,-0.42,-0.05,,,0.13,-0.21,-31.21,0.264,0.634,0.4539999999999999,0.581,0.85,0.774,0.512,22.9,-6.4,95,105,98,97,97,100,94,0.93,103,101,99,102,100,97,102,99,101,88.1,12.4,268,0.065,115.0,1462,0.357,4095,0.176,0.278,0.227,0.362,0.297,19.9,0.7324470294972996,0.3943019943019943,0.7775012444001991,2.9551513082511325,0.4506172839506173,0.17901234567901234
24,2022,WSN,29,2347,5434,5998,1351,943,252,20,136,603,579,442,12,1221,60,37,20,140,75,31,0.249,1936,1398,871,151,22758,7965,14793,112,65,27,0.074,0.204,0.36,0.31,0.377,0.688,0.129,0.295,1.38,0.207,0.46,0.332,0.108,0.0969999999999999,0.0579999999999999,0.415,0.303,-33.5,652,-37.7,-57.6,178.9,-19.2,77.0,8.1,$64.7,3.9,95,-12.11,-107.28,95.16,-112.23,-11.72,0.97,1.89,67,-9.36,-3.11,0.479,93.8,0.207,84.8,0.062,88.9,0.0969999999999999,79.4,0.143,86.4,0.012,86.1,,,0.002,,-1.2,-26.4,-1.2,1.6,-18.2,1.8,,-0.01,-0.56,-0.09,0.07,-0.56,0.63,,0.3389999999999999,0.693,0.485,0.664,0.86,0.78,0.414,0.626,0.107,-14.5,0.314,,0.063,0.0139999999999999,,0.165,0.2,0.081,0.022,,0.14,,,,93.9,,89.5,86.2,,93.3,84.7,79.1,80.6,,86.3,,,-1.6,,0.3,-5.2,,-3.0,1.2,2.2,3.4,,-2.9,,,9.0,,5.3,3.1,,5.0,0.9,-4.9,-5.7,,3.0,,,11.9,,-2.3,-0.8,,-21.9,-28.7,4.6,-5.2,,-20.9,,,0.17,,-0.16,-0.25,,-0.58,-0.63,0.25,-1.02,,-0.65,,,0.299,0.667,0.486,0.61,0.853,0.779,0.506,22.5,-76.9,-3.2,-12.0,21 - 41,-52.2,27.3,-9.9,0.401,0.351,0.248,0.185,0.539,0.276,0.3,0.141,,0.098,0.311,0.0579999999999999,0.013,,,0.1689999999999999,0.209,0.0,86.3,,79.4,94.0,89.3,86.6,,,93.3,84.7,86.9,-2.7,,2.4,-1.5,0.7,-5.2,,,-2.6,1.6,9.2,2.0,,-6.4,8.2,4.3,1.9,,,4.1,0.0,-8.2,-21.7,,-2.8,14.2,2.2,1.3,,,-24.6,-32.3,0.1,-0.67,,-0.12,0.2,0.17,0.44,,,-0.64,-0.68,1.55,0.303,0.665,0.485,0.612,0.8540000000000001,0.779,0.504,22.5,-12.3,102,88,90,99,95,83,101,1.03,107,90,83,98,101,101,109,102,91,87.5,10.3,251,0.059,115.0,1512,0.354,4275,0.161,0.268,0.243,0.373,0.302,7.6,0.763953983809118,0.3608623548922057,0.796432144048016,2.970350377726442,0.3148148148148148,0.2345679012345679
12,2022,TBR,28,2403,5412,6008,1294,842,296,17,139,666,634,500,13,1395,57,31,7,93,95,37,0.239,1789,1429,809,161,23435,8404,15031,133,28,11,0.083,0.2319999999999999,0.36,0.309,0.377,0.686,0.138,0.295,1.25,0.201,0.444,0.355,0.113,0.0969999999999999,0.074,0.3929999999999999,0.302,-36.2,651,0.2,1.8,179.2,-18.6,176.5,18.5,$148.2,4.3,100,-2.55,-104.58,102.03,0.05,0.48,0.99,2.14,113,0.81,-3.38,0.492,93.9,0.21,84.5,0.059,88.1,0.093,79.1,0.122,85.5,0.024,86.5,,,0.002,,-10.5,-31.3,1.7,10.2,-0.7,-2.2,,-0.09,-0.64,0.12,0.47,-0.02,-0.4,,0.325,0.7,0.479,0.628,0.838,0.754,0.412,0.605,0.118,2.9,0.352,,0.072,0.021,,0.135,0.1989999999999999,0.071,0.024,0.0,0.125,,,,94.0,,88.3,86.6,,93.8,84.2,78.7,80.7,45.8,85.5,,,-2.5,,0.8,-7.2,,-4.7,1.8,2.1,3.7,2.7,-4.7,,,10.1,,4.9,2.9,,5.2,1.4,-5.4,-7.2,4.4,4.2,,,-11.0,,-2.1,-0.4,,-4.2,-37.1,13.8,-2.4,-0.2,-7.7,,,-0.13,,-0.13,-0.07,,-0.13,-0.8,0.83,-0.42,-9.82,-0.26,,,0.293,0.6679999999999999,0.48,0.575,0.8320000000000001,0.753,0.498,22.9,-16.8,-1.4,0.2,21 - 36,3.1,11.0,5.2,0.397,0.354,0.249,0.163,0.5479999999999999,0.289,0.3389999999999999,0.122,0.0,0.09,0.355,0.06,0.023,,,0.135,0.216,0.0,85.7,70.7,79.3,94.1,88.9,86.5,,,94.1,84.6,87.4,-4.4,5.9,2.5,-2.2,0.7,-6.7,,,-4.3,2.5,3.3,2.8,-8.2,-7.4,8.9,4.3,2.0,,,4.0,0.2,4.4,-10.8,0.8,1.7,-17.8,-2.8,3.1,,,-2.5,-25.0,0.0,-0.38,40.24,0.08,-0.21,-0.2,0.56,,,-0.08,-0.49,3.65,0.294,0.664,0.48,0.57,0.8340000000000001,0.753,0.502,22.9,-0.1,99,105,105,100,96,92,102,1.02,104,94,88,99,101,101,101,102,96,88.9,11.4,247,0.061,115.0,1571,0.387,4056,0.16,0.278,0.235,0.36,0.297,18.9,0.7465667915106118,0.33393393393393395,0.767809587217044,2.799733793911518,0.38271604938271603,0.19135802469135801
7,2022,KCR,27,2372,5437,6010,1327,904,247,38,138,640,613,460,7,1287,48,44,20,101,104,34,0.244,1736,1608,814,144,22872,8107,14765,123,55,17,0.077,0.214,0.36,0.306,0.38,0.686,0.136,0.293,1.08,0.196,0.418,0.387,0.09,0.086,0.071,0.309,0.302,-39.5,648,-60.4,-25.2,179.2,-19.1,86.4,9.1,$72.6,4.9,91,-9.13,-107.24,98.1,-64.86,-7.18,0.99,1.32,90,-6.48,-2.77,0.493,93.6,0.209,84.4,0.067,87.9,0.1,79.7,0.115,84.9,0.015,86.8,,,0.001,,-13.6,5.7,-1.4,-6.3,-2.5,-8.6,,-0.12,0.12,-0.09,-0.27,-0.09,-2.49,,0.336,0.716,0.492,0.645,0.852,0.769,0.411,0.612,0.114,0.9,0.362,,0.078,0.0139999999999999,,0.126,0.1969999999999999,0.081,0.026,0.0,0.1159999999999999,,,,93.6,,88.7,86.8,,93.1,84.5,78.8,81.3,54.9,84.8,,,-2.1,,0.8,-6.6,,-2.1,1.9,1.7,2.7,1.6,-2.3,,,9.5,,4.3,2.2,,5.2,1.3,-4.9,-6.6,7.2,4.1,,,-14.8,,-2.6,-4.8,,-10.4,-5.3,-15.9,6.6,0.9,-7.8,,,-0.18,,-0.15,-1.46,,-0.36,-0.12,-0.86,1.13,10.38,-0.29,,,0.3,0.6829999999999999,0.492,0.586,0.848,0.768,0.502,22.9,-44.3,1.5,-4.0,22 - 38,-59.5,11.0,4.7,0.402,0.351,0.247,0.154,0.539,0.307,0.314,0.115,0.0,0.095,0.368,0.07,0.015,,,0.123,0.214,0.0,85.0,72.1,79.6,93.6,88.5,85.8,,,93.3,84.4,81.6,-2.2,6.0,2.3,-1.9,0.9,-6.0,,,-2.1,2.1,1.4,3.0,-10.0,-7.1,8.6,3.3,1.4,,,4.2,0.3,3.7,-9.0,0.0,-4.5,-6.6,-6.8,-2.5,,,-16.3,-6.5,0.5,-0.34,3.65,-0.21,-0.08,-0.43,-0.74,,,-0.58,-0.13,8.04,0.3,0.682,0.492,0.589,0.848,0.769,0.502,22.9,-27.7,101,96,96,99,97,91,101,0.99,98,103,78,100,100,100,95,100,102,88.8,12.9,302,0.072,113.7,1592,0.3779999999999999,4215,0.151,0.265,0.243,0.392,0.309,9.6,0.7533726812816189,0.34500000000000003,0.7858569051580699,2.897423291201177,0.36419753086419754,0.17901234567901234
1,2022,LAA,28,2327,5423,5977,1265,825,219,31,190,623,600,449,28,1539,54,25,25,95,77,27,0.233,1577,1532,746,143,23099,8253,14846,106,78,23,0.075,0.257,0.29,0.297,0.39,0.687,0.157,0.289,1.03,0.1939999999999999,0.409,0.397,0.093,0.124,0.067,0.295,0.3,-45.2,638,-47.9,-16.8,178.2,-18.0,104.2,10.9,$87.6,4.5,93,-11.08,-103.24,92.15,-77.13,-8.33,0.95,1.5,119,-6.48,-5.24,0.502,93.5,0.212,84.1,0.059,87.7,0.099,80.0,0.11,85.0,0.017,87.0,,,0.004,,-37.9,-17.7,17.3,-0.8,5.0,-10.5,,-0.33,-0.36,1.27,-0.04,0.2,-2.69,,0.314,0.6970000000000001,0.476,0.613,0.836,0.7509999999999999,0.423,0.611,0.118,-2.2,0.361,,0.063,0.015,,0.139,0.205,0.079,0.025,0.001,0.1119999999999999,,,,93.7,,88.1,86.6,,93.2,84.2,79.0,82.1,58.2,85.1,,,-1.7,,0.8,-6.6,,-2.7,1.8,1.2,3.7,-1.2,-2.3,,,9.7,,4.8,2.4,,5.2,1.2,-5.3,-6.0,10.0,4.3,,,-28.6,,17.9,-6.9,,-26.3,-20.9,-3.5,-0.2,1.5,-2.1,,,-0.34,,1.23,-2.05,,-0.82,-0.44,-0.19,-0.03,6.68,-0.08,,,0.284,0.657,0.476,0.5489999999999999,0.833,0.7509999999999999,0.515,23.2,-34.9,-0.7,-3.9,22 - 38,-50.1,10.9,3.8,0.391,0.363,0.246,0.156,0.5529999999999999,0.291,0.364,0.1119999999999999,,0.0969999999999999,0.357,0.06,0.016,,,0.141,0.218,0.0,85.0,,80.0,93.9,88.2,86.1,,,93.3,84.2,88.3,-2.2,,1.9,-1.6,0.8,-6.3,,,-2.3,2.0,-4.8,3.2,,-6.9,8.8,3.8,1.4,,,4.2,0.2,3.0,3.7,,-8.5,-35.6,16.7,-7.7,,,-21.0,-16.7,0.0,0.14,,-0.38,-0.43,1.21,-2.12,,,-0.65,-0.33,-0.48,0.284,0.6559999999999999,0.476,0.547,0.8340000000000001,0.7509999999999999,0.515,23.2,-6.3,96,94,116,96,100,105,100,0.98,96,106,113,97,104,99,96,103,97,88.3,13.7,334,0.085,119.1,1410,0.358,3935,0.1639999999999999,0.282,0.231,0.387,0.3,11.8,0.7365706918779544,0.48796147672552165,0.7425129663710892,2.7965617480421714,0.3271604938271605,0.22839506172839505
18,2022,CIN,28,2406,5380,5978,1264,855,235,18,156,648,618,452,6,1430,92,33,12,127,58,33,0.235,1719,1396,847,165,23125,8118,15007,114,33,8,0.076,0.239,0.32,0.304,0.372,0.676,0.137,0.29,1.23,0.214,0.434,0.352,0.118,0.1119999999999999,0.066,0.242,0.299,-53.0,631,-104.9,-23.9,178.3,-18.0,39.8,4.2,$33.4,3.8,85,-15.15,-108.29,93.14,-106.37,-10.94,0.97,1.59,115,-13.68,-1.94,0.507,93.6,0.214,84.6,0.063,89.2,0.1,79.1,0.105,85.2,0.01,86.5,,,0.001,,-17.5,-33.9,-4.9,-0.1,-15.5,1.6,,-0.15,-0.68,-0.34,-0.01,-0.64,0.71,,0.3329999999999999,0.6779999999999999,0.478,0.622,0.861,0.764,0.419,0.621,0.113,-18.9,0.309,,0.072,0.013,,0.196,0.203,0.087,0.018,0.0,0.103,,,,93.8,,89.5,86.6,,93.2,84.6,78.8,80.5,42.8,85.1,,,-2.1,,0.6,-6.8,,-4.9,1.5,2.5,3.2,-1.0,-2.4,,,9.2,,5.1,2.5,,5.3,1.1,-5.5,-5.1,7.4,3.5,,,2.1,,-0.5,3.9,,-28.1,-42.0,6.9,-2.5,-0.7,-23.2,,,0.03,,-0.03,1.26,,-0.63,-0.9,0.35,-0.61,-12.16,-0.99,,,0.298,0.65,0.478,0.561,0.8540000000000001,0.764,0.511,22.5,-41.9,-7.3,-4.3,22 - 38,-123.7,27.2,-4.0,0.417,0.34,0.243,0.177,0.53,0.293,0.341,0.103,0.0,0.094,0.302,0.076,0.0139999999999999,,,0.201,0.209,0.0,84.7,68.6,79.0,94.0,89.4,86.7,,,93.2,84.5,80.2,-2.1,7.1,2.6,-1.8,0.8,-6.5,,,-4.5,2.1,4.0,2.4,-9.7,-7.1,8.2,4.0,1.7,,,4.3,0.0,-6.2,-22.1,-0.3,-5.0,-2.7,4.0,4.7,,,-32.2,-34.8,0.0,-0.93,-11.26,-0.23,-0.04,0.23,1.49,,,-0.7,-0.73,3.65,0.301,0.647,0.478,0.5670000000000001,0.853,0.765,0.512,22.5,-3.5,97,90,106,97,94,89,99,1.06,101,96,95,102,98,99,104,101,97,87.2,12.9,233,0.0579999999999999,113.6,1386,0.346,4004,0.1689999999999999,0.282,0.229,0.355,0.292,5.8,0.713216957605985,0.38518518518518524,0.7607895617263298,3.007237646224449,0.3395061728395062,0.20987654320987653
20,2022,MIA,28,2384,5395,5949,1241,829,248,20,144,586,554,436,6,1429,70,36,4,120,122,29,0.23,1761,1412,814,120,23187,8180,15007,109,19,8,0.073,0.24,0.31,0.294,0.363,0.658,0.133,0.284,1.25,0.204,0.442,0.354,0.085,0.102,0.062,0.421,0.29,-91.4,589,-116.3,1.4,177.4,-19.3,75.4,7.9,$63.3,4.6,83,-10.71,-112.84,102.14,-110.49,-11.92,1.05,2.07,89,-11.93,1.71,0.485,93.9,0.226,84.5,0.085,89.5,0.1,79.5,0.092,85.6,0.012,89.0,0.001,41.7,0.001,,-32.1,-25.6,-21.0,-13.0,4.4,-8.2,1.5,-0.29,-0.49,-1.07,-0.56,0.21,-2.92,9.22,0.3389999999999999,0.6920000000000001,0.482,0.615,0.8540000000000001,0.753,0.4039999999999999,0.621,0.119,5.1,0.303,,0.089,0.013,,0.181,0.209,0.095,0.017,0.001,0.091,,,,94.2,,89.7,88.3,,93.1,84.6,79.2,81.1,37.7,85.6,,,-2.6,,0.5,-6.7,,-5.4,2.3,2.8,4.0,0.7,-2.7,,,9.4,,5.5,2.1,,5.4,1.1,-4.7,-4.9,8.6,3.6,,,-13.3,,-16.2,-10.1,,-25.6,-34.5,-14.8,1.8,1.5,4.2,,,-0.19,,-0.78,-3.28,,-0.61,-0.71,-0.67,0.46,11.91,0.2,,,0.305,0.6629999999999999,0.482,0.556,0.8440000000000001,0.752,0.494,23.2,-17.9,7.4,-6.8,22 - 35,-111.2,27.1,-3.2,0.396,0.34,0.264,0.17,0.541,0.289,0.3379999999999999,0.091,0.001,0.096,0.301,0.086,0.013,,,0.186,0.226,0.0,85.7,77.0,79.3,94.1,89.5,88.0,,,93.1,84.3,90.9,-2.4,6.0,3.1,-2.3,1.0,-6.1,,,-4.8,2.9,0.0,2.4,-10.4,-6.5,8.5,4.4,1.0,,,4.4,0.0,0.0,4.1,1.7,-18.5,-14.6,-16.3,-9.9,,,-28.7,-28.8,0.0,0.2,13.38,-0.83,-0.21,-0.82,-3.29,,,-0.66,-0.55,-0.77,0.308,0.659,0.482,0.556,0.845,0.752,0.495,23.2,-2.5,95,88,106,94,91,86,98,1.02,103,96,87,97,98,107,100,103,95,88.2,10.9,282,0.07,117.6,1494,0.372,4014,0.163,0.282,0.235,0.372,0.298,7.1,0.7034395973154363,0.39317406143344713,0.7597915616069928,2.8440540622381576,0.2716049382716049,0.2345679012345679
27,2022,PIT,27,2340,5331,5912,1186,778,221,29,158,591,555,476,14,1497,54,32,19,96,89,32,0.222,1692,1388,753,140,23202,8347,14855,111,51,14,0.081,0.253,0.32,0.291,0.364,0.655,0.141,0.277,1.22,0.196,0.441,0.362,0.1009999999999999,0.114,0.066,0.275,0.289,-98.9,577,-123.4,-11.9,176.3,-18.4,56.3,5.9,$47.3,4.4,82,-10.92,-110.1,99.18,-116.04,-12.05,1.02,1.53,129,-11.44,0.7,0.474,93.5,0.2,84.2,0.079,90.1,0.113,78.6,0.122,85.4,0.013,86.5,0.0,75.0,0.002,,-38.1,-27.0,-22.6,-11.7,3.4,-1.8,0.5,-0.35,-0.58,-1.23,-0.45,0.12,-0.59,54.91,0.317,0.653,0.456,0.597,0.867,0.757,0.414,0.612,0.111,6.7,0.319,,0.084,0.0139999999999999,,0.152,0.191,0.092,0.027,0.0,0.121,,,,93.6,,90.2,86.5,,93.1,84.2,78.3,79.6,47.4,85.4,,,-1.9,,1.0,-6.6,,-2.8,1.0,1.8,3.4,1.9,-3.1,,,9.0,,5.3,3.0,,5.3,0.8,-5.7,-5.1,5.7,3.2,,,-22.6,,-23.2,-3.4,,-22.8,-28.1,-5.4,-6.7,0.1,2.3,,,-0.31,,-1.19,-1.06,,-0.65,-0.63,-0.26,-1.07,6.29,0.08,,,0.285,0.623,0.456,0.523,0.86,0.7559999999999999,0.506,22.4,-30.3,-0.3,4.5,21 - 33,-116.6,26.9,2.5,0.405,0.35,0.245,0.17,0.535,0.295,0.36,0.119,0.0,0.113,0.317,0.076,0.015,,,0.159,0.2,0.0,85.4,74.0,78.6,93.8,90.1,86.8,,,93.2,84.3,87.6,-2.8,4.6,1.9,-1.8,1.2,-6.2,,,-2.4,1.3,5.9,2.1,-8.6,-6.6,8.2,4.5,1.8,,,4.6,-0.1,12.6,1.1,0.1,-8.4,-14.8,-24.4,0.1,,,-28.5,-34.0,-0.1,0.04,4.37,-0.32,-0.2,-1.39,0.02,,,-0.77,-0.74,-0.85,0.287,0.62,0.456,0.527,0.861,0.757,0.506,22.4,5.0,92,96,112,93,91,91,95,0.98,102,98,97,99,101,99,100,101,97,88.3,11.6,256,0.066,122.4,1450,0.373,3885,0.182,0.293,0.224,0.353,0.288,5.3,0.7102564102564103,0.4277495769881557,0.746786197564276,2.640986598591642,0.35185185185185186,0.24691358024691357
6,2022,DET,27,2350,5378,5870,1240,868,235,27,110,557,530,380,8,1413,58,44,10,108,47,24,0.231,1783,1408,801,137,22410,7627,14783,118,27,9,0.065,0.241,0.27,0.286,0.346,0.632,0.115,0.29,1.27,0.201,0.447,0.353,0.0969999999999999,0.078,0.066,0.3329999999999999,0.279,-143.4,528,-126.7,-0.6,175.0,-20.1,33.4,3.5,$28.1,3.8,81,-9.93,-103.78,93.85,-121.07,-12.96,0.98,1.26,85,-12.63,2.46,0.481,93.5,0.216,84.5,0.0559999999999999,88.1,0.106,79.5,0.125,84.7,0.016,86.6,0.0,46.8,0.001,,-59.9,-33.6,-9.5,-23.8,-10.5,-6.8,0.8,-0.56,-0.69,-0.76,-1.0,-0.38,-1.94,7.52,0.367,0.7090000000000001,0.506,0.62,0.852,0.752,0.406,0.623,0.125,-5.0,0.361,,0.063,0.012,,0.1159999999999999,0.21,0.085,0.024,0.0,0.127,,,,93.5,,88.7,86.7,,92.9,84.5,78.8,81.3,43.7,84.7,,,-1.8,,1.1,-6.6,,-3.4,2.2,1.8,3.2,-0.4,-2.5,,,9.6,,4.5,2.8,,5.1,1.0,-5.5,-6.5,6.9,4.3,,,-52.5,,-8.7,-6.2,,-8.6,-39.7,-22.3,-3.3,0.9,-16.8,,,-0.65,,-0.62,-2.28,,-0.33,-0.84,-1.17,-0.61,8.76,-0.59,,,0.3379999999999999,0.679,0.506,0.564,0.847,0.752,0.493,22.7,-20.7,-5.5,-1.5,21 - 39,-131.7,10.8,-1.6,0.397,0.34,0.263,0.171,0.568,0.261,0.324,0.126,0.0,0.098,0.363,0.054,0.013,,,0.1169999999999999,0.228,0.0,84.8,69.5,79.4,93.7,88.9,85.9,,,93.0,84.5,88.9,-2.5,1.2,1.9,-1.8,1.2,-6.1,,,-2.9,2.5,-6.1,3.2,-7.2,-7.4,8.6,3.6,1.7,,,4.1,0.0,-4.9,-15.1,-0.6,-22.1,-65.7,-3.6,-5.3,,,-0.7,-44.8,0.1,-0.54,-9.8,-1.0,-0.81,-0.3,-1.82,,,-0.03,-0.88,1.88,0.34,0.6759999999999999,0.506,0.5660000000000001,0.848,0.752,0.493,22.7,-9.2,95,81,108,93,88,77,100,1.02,105,94,71,99,97,106,106,106,87,87.6,11.8,251,0.062,112.1,1464,0.364,4019,0.152,0.2769999999999999,0.233,0.357,0.288,2.5,0.6893617021276596,0.31597845601436264,0.7592844974446338,2.810674767074529,0.25925925925925924,0.2654320987654321
10,2022,OAK,28,2394,5314,5863,1147,746,249,15,137,568,537,433,7,1389,59,33,22,109,78,23,0.216,1766,1420,740,157,22568,7900,14668,88,54,16,0.074,0.237,0.31,0.281,0.346,0.626,0.13,0.264,1.24,0.188,0.45,0.362,0.111,0.096,0.05,0.296,0.277,-151.5,519,-116.5,-6.1,174.8,-19.6,47.4,5.0,$39.8,4.2,82,-10.5,-100.84,90.34,-87.98,-9.59,0.94,1.36,163,-11.15,0.03,0.4679999999999999,93.5,0.24,84.6,0.061,87.4,0.102,79.3,0.111,85.1,0.018,86.4,,,0.001,,-9.1,-85.9,-11.6,-24.1,-16.2,-11.4,,-0.09,-1.59,-0.84,-1.05,-0.65,-2.88,,0.335,0.703,0.488,0.604,0.848,0.75,0.415,0.617,0.122,4.0,0.326,,0.069,0.016,,0.139,0.233,0.076,0.0289999999999999,,0.1119999999999999,,,,93.7,,88.0,86.7,,92.9,84.4,78.7,81.2,,85.2,,,-2.2,,0.6,-6.9,,-4.4,2.2,1.8,3.6,,-2.4,,,9.8,,4.7,2.7,,4.7,1.6,-5.4,-6.2,,4.1,,,-6.3,,-9.1,-7.7,,-15.5,-90.5,-12.8,-10.4,,-22.6,,,-0.09,,-0.58,-2.18,,-0.49,-1.72,-0.74,-1.57,,-0.89,,,0.299,0.6729999999999999,0.488,0.5379999999999999,0.841,0.7490000000000001,0.506,23.0,-25.7,1.4,4.2,21 - 38,-112.5,10.7,-4.2,0.409,0.346,0.244,0.165,0.5579999999999999,0.2769999999999999,0.3339999999999999,0.1119999999999999,0.0,0.099,0.3229999999999999,0.063,0.016,,,0.143,0.245,,85.0,62.7,79.1,94.1,88.1,86.3,,,92.9,84.6,,-2.2,-10.9,2.6,-2.0,0.9,-6.2,,,-3.7,2.8,,3.0,-7.1,-7.1,8.8,3.7,1.4,,,3.7,0.5,,-19.8,0.0,-23.4,-10.0,-6.9,-8.6,,,-14.0,-93.4,,-0.79,3.65,-1.05,-0.14,-0.48,-2.46,,,-0.44,-1.69,,0.3,0.6679999999999999,0.488,0.542,0.8390000000000001,0.7490000000000001,0.509,23.0,6.0,89,93,107,91,88,87,91,0.95,105,96,88,102,99,99,102,104,92,87.7,11.7,252,0.063,114.0,1361,0.342,3982,0.159,0.281,0.224,0.351,0.285,5.5,0.6599832915622389,0.3859154929577465,0.7630905679686167,2.780247349423829,0.30246913580246915,0.2839506172839506
16,2023,ATL,29,2278,5597,6249,1543,920,293,23,307,947,916,538,20,1289,67,43,2,128,132,27,0.276,1884,1604,858,117,24503,8886,15617,113,7,4,0.086,0.206,0.42,0.344,0.501,0.845,0.225,0.306,1.17,0.1969999999999999,0.434,0.369,0.073,0.191,0.06,0.5710000000000001,0.359,213.0,974,199.3,11.7,194.0,-18.5,414.5,41.3,$330.7,5.1,126,19.3,-100.56,119.86,189.43,18.57,0.92,1.25,71,18.43,2.57,0.489,93.9,0.221,84.7,0.07,89.5,0.087,80.3,0.113,85.9,0.02,86.2,,,0.005,,109.7,33.7,22.1,21.5,19.5,-1.4,,0.92,0.62,1.3,1.01,0.71,-0.29,,0.3339999999999999,0.727,0.497,0.654,0.84,0.767,0.414,0.606,0.1159999999999999,9.5,0.315,,0.074,0.021,0.002,0.171,0.2189999999999999,0.064,0.024,0.001,0.11,0.0,,,94.1,,89.7,86.7,82.8,93.6,84.6,79.3,82.2,46.4,85.8,81.3,,-2.4,,0.5,-5.8,-4.5,-4.8,1.8,2.4,3.2,-2.2,-3.3,-6.9,,8.9,,4.8,2.2,-0.1,4.7,1.0,-5.3,-5.2,5.4,3.2,-2.5,,77.9,,19.1,2.1,-0.4,24.6,24.0,22.9,1.1,0.1,15.9,0.3,,1.01,,1.05,0.41,-1.02,0.59,0.45,1.47,0.19,0.47,0.59,5.36,,0.303,0.6940000000000001,0.497,0.599,0.8390000000000001,0.7659999999999999,0.497,18.9,-6.7,3.4,12.3,20 - 39,208.8,18.4,-4.3,0.43,0.336,0.2339999999999999,0.134,0.482,0.3829999999999999,0.341,0.111,,0.084,0.306,0.077,0.023,,0.0,0.173,0.228,,85.7,,80.2,94.3,89.8,86.3,,81.9,93.8,84.8,,-3.2,,3.0,-2.1,0.8,-5.3,,-6.5,-4.7,2.3,,1.9,,-7.0,8.1,4.0,0.9,,-4.1,3.7,-0.2,,16.1,,21.6,71.1,28.2,-1.5,,0.3,25.1,22.3,,0.6,,1.06,0.95,1.51,-0.27,,5.36,0.6,0.4,,0.3,0.6970000000000001,0.497,0.601,0.8370000000000001,0.7659999999999999,0.497,18.9,10.1,110,98,92,106,120,135,103,0.98,101,100,149,105,97,96,86,93,117,91.0,12.0,517,0.119,121.2,2004,0.46,4355,0.14,0.256,0.277,0.504,0.363,40.7,0.9135206321334504,0.5186906019007392,0.7937269963194111,3.3130102797483554,0.6419753086419753,0.07407407407407407
22,2023,LAD,29,2421,5524,6333,1422,850,303,20,249,906,877,644,29,1359,85,69,5,98,105,25,0.257,1606,1744,875,156,25036,9357,15679,105,14,5,0.102,0.215,0.47,0.34,0.455,0.795,0.197,0.294,0.92,0.207,0.38,0.413,0.089,0.143,0.065,0.357,0.341,120.4,892,114.1,1.1,196.6,-19.0,312.1,31.1,$248.9,4.8,115,13.49,-102.03,115.52,162.58,16.44,0.96,1.34,176,16.09,-2.03,0.478,93.8,0.228,84.7,0.079,89.3,0.094,79.6,0.103,86.0,0.018,86.9,,,0.006,,63.9,13.9,-1.5,28.4,35.4,-3.7,,0.53,0.24,-0.07,1.2,1.37,-0.84,,0.294,0.7020000000000001,0.465,0.62,0.857,0.77,0.418,0.608,0.107,0.5,0.312,,0.09,0.017,0.001,0.161,0.218,0.075,0.022,0.001,0.102,0.0,,,94.2,,89.4,87.9,82.4,93.2,84.5,79.3,80.4,50.7,85.9,80.0,,-1.7,,0.3,-6.8,-4.7,-3.3,1.5,1.7,2.9,-0.2,-2.9,-5.6,,9.0,,4.4,2.1,1.2,4.4,1.2,-4.9,-4.2,8.9,3.3,-3.0,,34.0,,-4.1,0.6,-0.5,26.4,7.8,29.9,-1.7,-0.2,30.5,-0.5,,0.44,,-0.18,0.13,-1.39,0.66,0.14,1.6,-0.32,-0.42,1.2,-13.33,,0.261,0.667,0.465,0.5539999999999999,0.853,0.77,0.502,18.9,-17.9,-1.5,1.8,23 - 36,114.6,18.7,5.8,0.421,0.336,0.243,0.149,0.506,0.345,0.356,0.1,0.0,0.088,0.31,0.087,0.02,,0.0,0.1639999999999999,0.231,0.0,86.0,63.1,79.5,94.0,89.5,86.8,,80.2,93.3,84.5,83.4,-2.7,9.0,2.5,-1.4,0.5,-5.6,,-5.0,-3.1,1.9,0.0,2.1,-10.1,-6.5,8.1,3.6,0.8,,-4.6,3.4,0.0,0.0,31.3,-0.3,25.8,30.0,-9.0,-1.8,,-0.5,30.4,16.6,0.0,1.26,-26.44,1.18,0.39,-0.42,-0.37,,-13.33,0.75,0.29,-1.24,0.262,0.6629999999999999,0.4639999999999999,0.561,0.852,0.7709999999999999,0.504,18.9,3.7,103,115,96,105,109,119,99,1.03,89,112,111,103,97,100,95,98,105,89.2,15.5,388,0.091,112.7,1728,0.407,4245,0.162,0.268,0.256,0.446,0.341,33.2,0.8533663775299463,0.4397350993377484,0.7854097584083373,3.221734333973326,0.6296296296296297,0.1111111111111111
13,2023,TEX,29,2302,5595,6306,1470,893,326,18,233,881,845,599,17,1416,53,47,10,103,79,19,0.263,1664,1682,871,138,24762,9215,15547,112,19,6,0.095,0.225,0.42,0.337,0.452,0.79,0.19,0.31,0.99,0.207,0.395,0.3989999999999999,0.0819999999999999,0.139,0.067,0.316,0.34,111.8,880,134.9,31.1,195.8,-19.9,352.9,35.2,$281.5,4.5,118,5.6,-100.74,106.34,127.43,12.28,0.91,1.13,71,9.72,-3.56,0.49,93.8,0.21,84.7,0.073,88.8,0.095,79.6,0.107,85.6,0.025,86.8,0.0,75.0,0.004,,42.3,31.9,11.1,7.3,31.0,1.2,0.0,0.35,0.62,0.61,0.31,1.17,0.2,-0.26,0.294,0.7120000000000001,0.469,0.626,0.866,0.779,0.42,0.6,0.104,-8.4,0.356,,0.067,0.026,0.001,0.129,0.216,0.079,0.018,0.003,0.106,,0.0,,94.2,,89.1,86.9,81.5,93.6,84.8,78.9,81.8,48.4,85.4,,75.1,-2.4,,0.5,-6.6,-6.3,-3.3,1.8,1.5,3.9,1.7,-3.5,,-3.8,9.3,,4.5,2.2,-1.7,4.6,1.1,-6.0,-5.7,8.7,3.4,,1.7,14.6,,11.0,1.1,1.1,14.8,24.5,-3.1,10.7,3.4,26.9,,0.0,0.17,,0.66,0.17,5.32,0.47,0.46,-0.16,2.42,4.71,1.02,,-0.26,0.262,0.6709999999999999,0.469,0.5579999999999999,0.861,0.778,0.506,18.8,11.2,-4.0,-11.5,20 - 38,126.6,19.4,5.9,0.3979999999999999,0.358,0.245,0.138,0.495,0.367,0.356,0.107,,0.091,0.347,0.077,0.026,0.0,,0.131,0.22,0.0,84.8,,79.2,94.1,89.4,86.5,74.9,,93.6,84.7,85.0,-3.4,,2.6,-2.3,0.9,-6.3,-3.2,,-3.0,1.9,0.0,2.1,,-7.8,8.4,3.5,0.8,0.4,,3.5,-0.2,0.0,28.7,,1.7,27.0,7.7,0.9,0.0,,8.4,29.7,0.3,1.09,,0.07,0.31,0.4,0.14,-0.26,,0.26,0.54,4.9,0.261,0.6709999999999999,0.469,0.562,0.86,0.778,0.508,18.8,10.2,106,113,97,106,110,115,105,1.04,94,105,110,97,104,101,89,95,113,89.8,14.2,385,0.091,115.2,1762,0.416,4238,0.157,0.261,0.256,0.44,0.335,36.0,0.8987836663770634,0.423155505107832,0.7754519505233112,3.875294191236286,0.5493827160493827,0.1111111111111111
12,2023,TBR,28,2353,5511,6164,1432,896,282,24,230,860,827,514,7,1420,95,38,6,109,160,41,0.26,1804,1554,751,166,23977,8500,15477,132,26,17,0.083,0.23,0.36,0.331,0.445,0.776,0.185,0.308,1.16,0.183,0.439,0.3779999999999999,0.107,0.148,0.073,0.654,0.335,86.0,837,126.3,-8.0,191.4,-19.2,316.2,31.5,$252.2,5.5,117,13.69,-101.37,115.06,153.33,16.02,0.94,1.88,105,14.48,0.05,0.465,94.0,0.235,84.7,0.068,89.1,0.084,80.4,0.123,85.6,0.026,86.7,,,0.003,,50.1,21.9,-13.0,7.8,26.4,-7.6,,0.45,0.39,-0.8,0.39,0.89,-1.23,,0.342,0.706,0.491,0.611,0.84,0.745,0.408,0.626,0.125,6.7,0.312,,0.073,0.021,0.001,0.15,0.2269999999999999,0.067,0.022,0.0,0.126,0.0,,,94.2,,89.2,86.7,84.3,93.6,84.7,79.8,82.2,43.1,85.6,79.4,,-2.8,,0.6,-6.4,-5.8,-5.5,2.4,2.3,3.5,1.1,-4.2,-6.1,,9.6,,5.1,2.0,1.1,4.9,1.0,-4.8,-6.4,3.6,3.6,-3.9,,53.2,,-11.5,-8.3,-0.4,-5.9,15.0,8.9,-1.7,0.5,24.5,-0.3,,0.71,,-0.66,-1.62,-1.83,-0.17,0.28,0.56,-0.33,6.1,0.81,-14.01,,0.312,0.672,0.491,0.555,0.8320000000000001,0.7440000000000001,0.497,18.9,-27.2,3.2,8.6,19 - 36,133.1,18.9,3.0,0.419,0.348,0.233,0.149,0.514,0.337,0.351,0.128,0.0,0.074,0.309,0.074,0.02,0.0,0.0,0.149,0.246,0.0,85.7,64.8,80.1,94.3,89.4,86.4,59.5,79.6,93.9,84.8,90.8,-4.0,2.9,3.5,-2.4,0.9,-5.6,-6.5,-5.2,-5.4,2.7,0.0,2.1,-10.4,-7.6,8.5,4.0,0.7,6.5,-5.5,3.7,-0.5,0.0,24.3,-0.2,2.0,50.6,-5.4,-8.7,0.0,-0.3,-5.5,15.4,0.0,0.8,-18.32,0.12,0.69,-0.31,-1.84,2.3,-14.01,-0.15,0.26,-0.73,0.311,0.672,0.491,0.5529999999999999,0.8340000000000001,0.7440000000000001,0.498,18.9,-6.9,105,100,100,105,108,112,104,0.92,104,100,118,102,101,96,96,99,104,89.4,12.4,344,0.083,114.5,1686,0.408,4135,0.153,0.278,0.247,0.415,0.322,32.1,0.8270293242668934,0.42790697674418604,0.7696301103179753,3.3199639873398237,0.5308641975308642,0.12345679012345678
21,2023,HOU,29,2282,5567,6253,1441,917,280,22,222,827,799,550,17,1241,72,40,14,124,107,32,0.259,1813,1671,858,152,23853,8607,15246,137,38,10,0.088,0.198,0.44,0.331,0.437,0.768,0.178,0.294,1.08,0.198,0.418,0.385,0.091,0.133,0.076,0.263,0.332,69.0,831,85.6,-3.1,194.1,-18.4,268.2,26.7,$214.0,4.6,111,3.77,-106.88,110.65,85.7,8.54,0.96,1.58,82,4.53,-0.61,0.481,94.1,0.253,84.6,0.069,89.1,0.085,80.1,0.09,85.2,0.021,86.3,0.001,74.4,0.004,,31.8,8.9,21.1,1.0,13.9,1.5,0.3,0.28,0.15,1.28,0.05,0.64,0.3,0.95,0.331,0.691,0.478,0.6459999999999999,0.8759999999999999,0.782,0.41,0.624,0.104,-9.3,0.314,,0.066,0.018,,0.1639999999999999,0.259,0.059,0.024,0.001,0.093,,0.001,,94.2,,89.3,86.9,,94.0,84.5,79.5,81.4,51.8,85.1,,74.4,-1.3,,0.8,-6.7,,-5.6,2.1,1.9,2.4,-3.7,-0.1,,-2.6,9.5,,4.2,3.0,,5.0,1.0,-5.4,-4.8,8.3,4.1,,-0.6,35.5,,18.5,2.2,,-9.4,-1.3,11.3,-10.2,2.0,12.7,,0.0,0.47,,1.17,0.49,,-0.24,-0.02,0.8,-1.83,7.3,0.58,,0.03,0.299,0.66,0.479,0.59,0.867,0.78,0.499,19.1,-21.5,-3.8,-2.4,24 - 40,76.4,19.2,-2.5,0.42,0.346,0.2339999999999999,0.151,0.524,0.325,0.322,0.094,0.0,0.075,0.309,0.071,0.018,0.001,,0.166,0.266,0.0,84.7,78.3,80.0,94.3,89.4,86.3,74.7,,94.1,84.5,90.8,-0.2,4.9,2.0,-1.2,1.0,-6.4,-1.9,,-5.3,2.5,0.4,2.7,-10.2,-7.3,8.4,3.1,1.4,-1.8,,3.6,-0.6,1.8,18.4,-0.8,1.0,28.4,12.5,1.5,0.3,,-6.5,2.2,-0.1,0.82,-21.24,0.05,0.38,0.74,0.36,0.89,,-0.16,0.04,-1.7,0.298,0.6579999999999999,0.479,0.589,0.867,0.7809999999999999,0.502,19.1,-18.1,105,105,86,104,106,108,99,0.99,99,101,106,102,100,96,97,101,100,88.7,13.2,357,0.081,117.7,1699,0.387,4390,0.158,0.262,0.257,0.435,0.333,26.7,0.8724802804557406,0.4295042321644499,0.8015352630737246,3.6177753445136562,0.5432098765432098,0.1728395061728395
26,2023,PHI,28,2323,5541,6207,1417,877,291,29,220,796,771,539,22,1481,69,42,13,110,141,26,0.256,1698,1518,855,140,24285,8630,15655,116,44,15,0.087,0.239,0.36,0.327,0.438,0.765,0.182,0.308,1.12,0.21,0.417,0.373,0.092,0.145,0.068,0.341,0.329,57.3,814,35.0,-20.0,192.7,-18.1,218.3,21.8,$174.1,5.3,105,2.41,-114.35,116.76,32.18,3.12,1.03,1.61,93,3.57,-1.23,0.492,93.7,0.2239999999999999,84.3,0.067,89.3,0.086,80.2,0.11,85.9,0.02,86.2,0.001,76.4,0.005,,18.7,17.6,-2.9,8.1,15.6,-3.8,0.8,0.16,0.33,-0.18,0.39,0.58,-0.77,4.3,0.341,0.688,0.484,0.606,0.848,0.748,0.413,0.615,0.122,10.4,0.3289999999999999,,0.07,0.02,0.002,0.16,0.216,0.072,0.021,0.002,0.109,0.0,0.001,,94.1,,89.5,86.8,84.3,93.1,84.3,79.7,81.9,46.3,85.7,79.5,76.5,-1.6,,0.0,-6.1,-4.9,-3.7,1.3,1.4,2.4,-1.9,-2.9,-4.5,-4.1,9.1,,4.9,2.1,2.2,4.6,1.2,-4.6,-5.0,7.3,3.5,-3.3,-1.4,14.6,,-3.5,-6.0,-1.2,-0.4,12.4,2.3,4.9,1.5,16.8,0.5,0.8,0.18,,-0.21,-1.24,-2.4,-0.01,0.24,0.13,0.99,3.74,0.64,25.75,4.3,0.315,0.657,0.484,0.547,0.8440000000000001,0.747,0.495,18.9,-38.1,6.0,-4.2,22 - 35,45.4,18.3,0.9,0.409,0.34,0.251,0.14,0.531,0.3279999999999999,0.361,0.107,0.001,0.081,0.3229999999999999,0.074,0.023,0.001,0.0,0.162,0.228,0.0,85.8,78.5,79.7,94.3,89.6,86.5,76.7,79.7,93.3,84.4,94.4,-2.8,5.1,2.1,-1.4,0.3,-5.3,-3.0,-4.2,-3.5,1.4,0.0,2.2,-9.3,-6.4,8.2,4.0,0.9,-2.7,-4.2,3.5,0.0,0.0,16.5,0.3,7.2,11.4,-1.6,-5.2,0.8,0.5,1.7,10.1,-0.2,0.64,1.6,0.36,0.15,-0.09,-0.92,4.3,25.75,0.04,0.18,-19.99,0.315,0.654,0.484,0.547,0.843,0.747,0.499,18.9,-15.7,102,99,107,101,105,109,104,1.05,97,101,113,100,98,103,90,103,100,89.5,13.2,357,0.087,115.7,1676,0.407,4118,0.158,0.28,0.251,0.426,0.326,20.1,0.8420146362462333,0.44221105527638194,0.7613984211374255,3.314554880936177,0.48148148148148145,0.13580246913580246
8,2023,MIN,28,2427,5489,6219,1336,815,264,24,233,778,745,594,13,1654,92,32,12,119,86,18,0.243,1534,1511,797,148,24592,9024,15568,92,37,13,0.096,0.266,0.36,0.326,0.428,0.753,0.184,0.304,1.02,0.207,0.3989999999999999,0.3929999999999999,0.098,0.154,0.06,0.351,0.327,42.7,800,49.2,-5.5,193.1,-19.6,231.0,23.0,$184.3,4.7,107,-3.5,-116.19,112.7,23.42,2.48,1.04,1.54,185,1.92,-5.28,0.471,93.5,0.228,84.5,0.078,88.9,0.088,79.8,0.108,85.1,0.027,85.7,,,0.003,,37.8,-3.9,16.1,-17.4,-2.2,-8.7,,0.33,-0.07,0.84,-0.8,-0.08,-1.32,,0.314,0.685,0.467,0.591,0.84,0.741,0.412,0.619,0.121,-5.3,0.3229999999999999,,0.0819999999999999,0.025,0.001,0.144,0.2269999999999999,0.072,0.017,0.0,0.109,0.0,,,93.6,,89.0,86.3,82.0,93.3,84.5,79.2,81.7,51.2,84.9,81.5,,-2.1,,0.5,-6.1,-4.9,-4.5,2.0,2.4,2.6,-1.3,-2.9,-6.8,,9.3,,4.5,2.4,2.6,4.8,1.0,-5.2,-5.9,8.1,3.7,2.0,,40.4,,8.8,-8.4,0.9,-5.6,1.4,-14.8,-8.0,0.4,-2.5,0.0,,0.51,,0.43,-1.35,4.22,-0.16,0.03,-0.84,-1.89,3.68,-0.09,3.64,,0.286,0.652,0.467,0.537,0.831,0.74,0.494,18.6,-25.1,-1.9,0.7,22 - 36,43.9,19.1,0.2,0.418,0.342,0.241,0.158,0.501,0.34,0.3989999999999999,0.108,,0.081,0.324,0.085,0.026,,,0.141,0.236,0.0,84.9,,79.7,93.5,89.1,85.9,,,93.4,84.4,51.2,-2.9,,2.7,-1.9,0.9,-5.7,,,-4.6,2.3,-1.5,2.4,,-7.3,8.3,3.5,1.2,,,3.7,-0.3,2.8,-3.7,,-23.7,40.3,14.2,-7.4,,,-6.4,-0.5,0.1,-0.14,,-1.19,0.51,0.68,-1.15,,,-0.18,-0.01,2.69,0.286,0.652,0.467,0.5379999999999999,0.83,0.74,0.494,18.6,6.6,99,114,115,103,104,112,103,1.04,95,104,123,101,99,99,102,96,105,89.4,14.5,398,0.103,117.4,1606,0.414,3879,0.165,0.286,0.238,0.424,0.325,23.0,0.7952204367531932,0.47917737789203085,0.7340408425791928,3.467398305409728,0.48148148148148145,0.1728395061728395
17,2023,CHC,28,2328,5504,6220,1399,904,269,30,196,819,786,570,11,1391,77,52,15,95,140,34,0.254,1791,1520,844,145,24820,9056,15764,147,25,2,0.092,0.2239999999999999,0.41,0.33,0.421,0.751,0.167,0.303,1.18,0.203,0.431,0.366,0.095,0.129,0.0819999999999999,0.08,0.326,37.7,796,41.3,10.5,193.1,-20.8,250.6,25.0,$199.9,5.3,105,0.46,-104.2,104.66,67.65,6.86,0.96,1.44,123,4.74,-4.25,0.489,93.7,0.217,84.4,0.08,89.1,0.09,79.6,0.107,85.6,0.017,86.3,0.0,52.7,0.003,,7.0,10.5,16.9,-0.9,19.3,-2.6,-0.8,0.06,0.19,0.85,-0.04,0.73,-0.61,-12.88,0.305,0.677,0.4629999999999999,0.6559999999999999,0.846,0.774,0.426,0.609,0.104,8.1,0.318,,0.086,0.0139999999999999,0.001,0.168,0.212,0.075,0.016,0.001,0.109,0.0,0.0,,93.9,,89.1,86.6,82.7,93.3,84.3,79.1,81.6,50.7,85.6,80.2,59.7,-2.3,,0.4,-6.2,-4.1,-4.1,1.9,1.7,3.1,-1.3,-2.0,-5.4,0.7,9.1,,4.6,2.3,1.1,4.6,1.0,-4.8,-5.4,8.8,3.4,-2.3,9.8,-0.1,,11.8,-1.5,0.3,-1.9,12.7,3.6,-8.1,-0.7,17.2,-0.4,0.8,0.0,,0.55,-0.44,0.75,-0.05,0.24,0.19,-2.01,-3.25,0.64,-13.58,28.08,0.271,0.643,0.4629999999999999,0.59,0.845,0.773,0.516,18.7,-10.3,1.8,3.5,21 - 35,49.4,18.4,9.5,0.401,0.361,0.238,0.163,0.53,0.307,0.347,0.108,0.001,0.083,0.32,0.0819999999999999,0.017,0.0,0.0,0.165,0.2239999999999999,0.0,85.7,78.5,79.5,93.9,89.4,86.4,61.2,80.9,93.5,84.4,79.6,-1.9,4.7,2.0,-2.0,0.8,-5.7,-2.3,-5.0,-4.1,2.2,0.0,2.3,-8.8,-6.4,8.2,3.8,1.0,8.5,-3.8,3.6,-0.1,0.0,17.5,-0.5,-8.4,2.0,14.0,0.1,1.3,-0.4,-4.5,11.9,0.1,0.65,-2.0,-0.41,0.02,0.69,0.03,13.06,-13.58,-0.11,0.21,4.84,0.268,0.645,0.4629999999999999,0.589,0.845,0.773,0.518,18.7,-2.0,102,104,100,102,101,100,102,1.01,100,99,100,98,104,98,105,103,93,88.7,12.4,323,0.077,114.6,1606,0.384,4182,0.171,0.275,0.252,0.411,0.325,25.6,0.8457903780068728,0.38290598290598293,0.7763665594855306,3.647938241822231,0.48148148148148145,0.1419753086419753
18,2023,CIN,28,2492,5499,6195,1371,868,268,37,198,783,747,556,8,1500,92,29,19,101,190,48,0.249,1661,1487,846,169,24473,9087,15386,116,53,20,0.09,0.242,0.37,0.327,0.42,0.746,0.17,0.306,1.12,0.212,0.416,0.372,0.114,0.133,0.07,0.377,0.325,32.0,787,-15.0,-42.9,192.3,-20.5,149.8,14.9,$119.5,5.8,98,-3.33,-118.26,114.93,-19.3,-1.55,1.02,1.62,146,-1.69,-1.57,0.49,93.8,0.204,84.3,0.081,88.9,0.0969999999999999,79.1,0.108,85.4,0.021,86.0,,,0.003,,27.1,2.8,-0.4,12.5,-0.1,-4.4,,0.23,0.06,-0.02,0.53,0.0,-0.89,,0.294,0.659,0.449,0.613,0.8490000000000001,0.7609999999999999,0.426,0.614,0.107,17.5,0.311,,0.081,0.024,0.001,0.176,0.204,0.076,0.021,0.0,0.104,0.0,,,93.9,,89.3,87.1,82.0,93.4,84.1,78.5,81.0,48.9,85.2,79.6,,-2.2,,0.6,-6.4,-5.1,-4.8,1.6,2.3,2.3,-1.6,-3.0,-4.9,,9.2,,4.7,1.7,1.4,4.8,1.0,-5.6,-4.1,6.2,3.6,-2.3,,38.4,,1.0,-3.6,-0.5,-15.0,0.2,6.7,6.3,0.1,-5.1,0.6,,0.51,,0.05,-0.62,-1.76,-0.35,0.0,0.36,1.21,1.24,-0.2,7.6,,0.258,0.63,0.449,0.547,0.8420000000000001,0.76,0.514,18.6,-63.4,6.1,5.2,21 - 39,2.5,18.3,1.4,0.427,0.342,0.23,0.155,0.5379999999999999,0.307,0.364,0.103,0.001,0.091,0.304,0.087,0.025,,0.0,0.178,0.211,0.0,85.1,78.0,79.0,94.1,89.4,86.9,,79.8,93.5,84.3,83.0,-3.0,5.1,2.4,-2.0,0.8,-5.7,,-4.7,-4.6,2.0,0.0,2.3,-9.5,-6.9,8.3,3.9,0.7,,-3.7,3.8,-0.3,0.0,2.4,1.0,13.8,31.5,9.1,-8.8,,0.6,-13.7,-7.2,0.3,0.1,4.13,0.62,0.43,0.43,-1.44,,7.6,-0.32,-0.14,3.86,0.257,0.629,0.449,0.5489999999999999,0.8420000000000001,0.7609999999999999,0.515,18.6,-15.4,100,102,108,101,101,102,103,1.05,97,101,103,104,99,95,100,104,94,88.2,13.8,281,0.069,119.2,1478,0.365,4047,0.178,0.285,0.242,0.387,0.312,15.0,0.7732744783306581,0.4045977011494253,0.7578692493946732,3.109292823674546,0.48148148148148145,0.12345679012345678
14,2023,TOR,29,2403,5562,6220,1423,924,292,19,188,746,705,550,14,1303,69,32,4,129,99,34,0.256,1780,1604,875,169,24193,8802,15391,117,35,20,0.088,0.209,0.42,0.329,0.417,0.745,0.161,0.301,1.11,0.205,0.418,0.377,0.105,0.1169999999999999,0.066,0.5710000000000001,0.324,28.8,787,45.5,23.0,193.1,-20.5,249.8,24.9,$199.3,4.3,106,-4.15,-114.53,110.38,-3.24,-0.45,1.02,1.76,114,1.23,-5.3,0.5,94.0,0.215,84.4,0.086,89.0,0.084,79.9,0.093,85.4,0.021,85.8,,,0.004,,19.8,-9.6,-14.4,6.7,13.9,7.8,,0.16,-0.18,-0.69,0.33,0.62,1.51,,0.299,0.71,0.475,0.649,0.861,0.785,0.427,0.615,0.102,-10.4,0.331,,0.091,0.018,0.001,0.163,0.217,0.065,0.018,0.002,0.095,,,,94.5,,89.2,86.5,83.2,93.4,84.4,79.1,81.5,49.4,85.3,,,-2.4,,0.8,-5.3,-6.6,-4.9,2.6,1.4,3.8,0.0,-2.7,,,9.5,,4.5,2.5,1.3,4.5,1.2,-5.3,-6.0,6.4,3.4,,,11.0,,-15.4,4.5,1.3,-2.3,-15.6,4.0,0.5,7.2,11.4,,,0.14,,-0.7,1.04,10.0,-0.06,-0.3,0.26,0.11,14.67,0.5,,,0.259,0.675,0.475,0.586,0.855,0.784,0.518,19.0,2.5,-6.3,-4.4,24 - 36,35.1,19.1,-1.7,0.3989999999999999,0.3389999999999999,0.262,0.158,0.52,0.322,0.3279999999999999,0.096,0.0,0.075,0.327,0.086,0.018,,,0.161,0.236,0.0,85.0,77.1,79.9,94.3,89.6,86.1,,,93.7,84.5,59.3,-2.6,6.0,2.6,-2.0,1.1,-5.0,,,-4.9,2.9,0.0,2.1,-9.0,-7.4,8.5,4.0,1.1,,,3.5,-0.1,0.0,17.9,0.0,1.8,22.0,-10.4,2.6,,,-9.4,-19.1,0.2,0.77,-0.76,0.1,0.28,-0.5,0.61,,,-0.24,-0.33,8.25,0.262,0.6709999999999999,0.475,0.591,0.853,0.784,0.521,19.0,11.9,104,106,91,104,101,97,102,1.03,99,99,93,97,98,108,102,100,99,88.7,13.0,350,0.081,116.7,1670,0.389,4298,0.16,0.262,0.253,0.415,0.324,25.0,0.821057012068248,0.4032171581769437,0.7905144694533762,3.073343667817474,0.4506172839506173,0.12345679012345678
3,2023,BOS,29,2391,5562,6174,1437,897,339,19,182,772,734,486,15,1372,71,35,11,118,112,26,0.258,1790,1556,862,153,24292,8700,15592,130,28,7,0.079,0.222,0.35,0.324,0.424,0.748,0.166,0.31,1.15,0.205,0.425,0.37,0.098,0.1169999999999999,0.073,0.25,0.324,27.2,780,7.8,-50.6,191.7,-19.7,143.7,14.3,$114.6,4.8,101,-4.7,-113.21,108.51,-9.77,-1.13,1.0,1.51,149,-3.57,-1.1,0.501,93.8,0.1989999999999999,84.5,0.07,88.7,0.094,80.2,0.109,85.6,0.027,86.5,,,0.004,,4.0,-13.5,7.1,6.6,23.5,4.9,,0.03,-0.28,0.42,0.29,0.89,0.75,,0.321,0.6679999999999999,0.469,0.648,0.858,0.7759999999999999,0.426,0.609,0.105,-4.5,0.345,,0.075,0.022,0.001,0.15,0.1989999999999999,0.078,0.015,0.002,0.1119999999999999,0.0,,,94.2,,89.0,86.6,81.8,93.4,84.4,79.8,81.8,45.0,85.6,78.1,,-2.1,,0.4,-6.9,-4.7,-3.7,1.7,2.9,3.9,-1.2,-4.0,-3.9,,9.4,,4.6,2.2,1.9,4.7,1.1,-5.2,-5.6,7.6,3.9,-4.0,,22.1,,7.8,5.7,0.7,-28.0,-21.3,2.7,4.7,1.7,19.5,0.0,,0.26,,0.43,1.08,2.98,-0.77,-0.44,0.14,1.28,3.31,0.71,0.0,,0.289,0.639,0.469,0.597,0.852,0.775,0.514,19.2,-70.3,0.3,-9.3,22 - 38,3.3,18.9,-1.6,0.407,0.347,0.246,0.161,0.516,0.324,0.33,0.115,,0.084,0.3379999999999999,0.078,0.022,,0.0,0.152,0.212,0.0,85.0,,80.1,94.3,89.3,86.1,,78.2,93.6,84.6,87.9,-3.9,,3.3,-2.0,0.8,-6.3,,-3.3,-3.4,2.1,0.7,2.6,,-7.3,8.5,3.7,0.9,,-5.8,3.6,-0.2,-0.1,19.6,,3.9,16.3,3.6,7.2,,0.0,-26.1,-13.0,0.7,0.7,,0.19,0.2,0.19,1.37,,0.0,-0.71,-0.25,8.54,0.289,0.636,0.469,0.596,0.851,0.775,0.518,19.2,-8.3,105,94,96,102,103,101,105,1.03,101,97,93,99,100,101,104,99,100,89.1,12.3,318,0.075,115.0,1705,0.402,4245,0.172,0.2769999999999999,0.247,0.413,0.317,14.9,0.8042659974905897,0.37720207253886007,0.7777777777777778,3.240932328623173,0.4691358024691358,0.1419753086419753
29,2023,SDP,29,2329,5401,6180,1316,824,273,14,205,752,719,653,16,1311,57,44,22,134,137,32,0.244,1742,1592,769,179,24622,9229,15393,137,53,14,0.106,0.212,0.5,0.329,0.413,0.742,0.17,0.283,1.09,0.187,0.425,0.3879999999999999,0.1119999999999999,0.129,0.079,0.264,0.323,24.9,778,43.1,16.2,191.9,-21.1,253.9,25.3,$202.5,4.5,106,-3.27,-105.42,102.15,25.46,2.75,0.94,1.52,114,5.49,-8.95,0.496,93.9,0.228,84.5,0.07,89.3,0.081,80.0,0.102,85.8,0.023,86.6,,,0.004,,2.4,15.6,-20.4,7.6,12.5,-5.5,,0.02,0.28,-1.19,0.38,0.5,-0.97,,0.288,0.6509999999999999,0.442,0.647,0.867,0.785,0.425,0.599,0.095,5.6,0.319,,0.075,0.024,0.0,0.172,0.226,0.06,0.022,0.001,0.1009999999999999,,,,94.1,,89.4,87.3,81.8,93.4,84.5,79.1,81.7,47.6,85.6,,,-2.1,,0.3,-6.5,-3.7,-4.7,1.5,1.9,1.7,-4.3,-2.8,,,9.2,,4.6,1.9,-0.6,4.7,1.2,-5.0,-4.5,7.8,3.2,,,6.6,,-20.9,-2.0,-0.3,-10.6,11.2,8.8,1.1,0.6,7.9,,,0.08,,-1.13,-0.34,-5.66,-0.25,0.2,0.59,0.19,3.46,0.32,,,0.258,0.616,0.442,0.581,0.863,0.7829999999999999,0.515,19.1,-4.9,2.2,6.1,23 - 43,48.7,18.2,-2.8,0.414,0.354,0.2319999999999999,0.165,0.513,0.322,0.351,0.1,0.0,0.072,0.318,0.075,0.025,,,0.17,0.239,0.0,85.7,78.7,79.7,94.3,89.8,87.1,,,93.6,84.6,82.5,-2.5,5.7,2.1,-1.6,0.8,-5.6,,,-4.5,2.1,0.0,1.8,-10.5,-6.9,8.2,3.7,0.7,,,3.5,-0.1,0.0,7.6,-0.2,8.0,10.2,-23.0,-2.1,,,-12.7,11.1,-0.1,0.31,-5.33,0.45,0.13,-1.25,-0.35,,,-0.31,0.19,-2.03,0.258,0.614,0.4429999999999999,0.5820000000000001,0.861,0.7829999999999999,0.519,19.1,-9.4,97,120,95,102,99,102,95,0.93,99,105,100,101,102,95,106,99,98,89.3,13.2,351,0.084,115.3,1638,0.3939999999999999,4159,0.181,0.276,0.246,0.418,0.328,25.2,0.845427221983684,0.43617021276595747,0.7878640776699029,3.2772835364473045,0.46296296296296297,0.17901234567901234
28,2023,STL,28,2298,5510,6204,1376,891,264,12,209,719,697,570,17,1326,70,37,13,122,101,29,0.25,1808,1559,835,170,23950,8757,15193,104,32,11,0.092,0.214,0.43,0.326,0.416,0.742,0.166,0.291,1.16,0.1989999999999999,0.43,0.371,0.109,0.134,0.0579999999999999,0.344,0.322,19.7,776,26.0,-19.9,192.6,-19.3,190.6,19.0,$152.1,4.0,103,-2.34,-110.86,108.52,-25.85,-2.64,1.0,1.73,103,2.93,-5.27,0.472,93.7,0.233,84.4,0.084,89.0,0.085,79.7,0.105,85.8,0.02,86.3,0.001,76.3,0.003,,32.0,-24.2,7.8,4.2,-3.4,1.7,1.1,0.28,-0.43,0.39,0.2,-0.14,0.37,3.68,0.312,0.674,0.4629999999999999,0.64,0.861,0.774,0.416,0.608,0.104,-7.0,0.305,,0.087,0.022,0.002,0.1639999999999999,0.231,0.073,0.016,,0.1,,0.001,,94.0,,89.2,87.2,82.7,93.2,84.4,79.3,81.4,,85.6,,76.2,-2.3,,0.4,-6.0,-5.6,-5.2,2.0,2.1,2.7,,-3.4,,-1.4,8.9,,4.7,2.0,1.9,4.7,1.1,-4.5,-4.9,,3.4,,-0.7,2.4,,0.2,-4.7,0.4,20.1,-19.8,2.5,0.9,,0.8,,1.1,0.03,,0.01,-0.87,1.08,0.51,-0.36,0.14,0.24,,0.04,,3.68,0.282,0.642,0.4629999999999999,0.5760000000000001,0.8590000000000001,0.774,0.504,18.7,-39.2,-3.7,-2.5,21 - 41,18.9,18.3,-0.2,0.402,0.342,0.256,0.161,0.492,0.346,0.3389999999999999,0.102,,0.078,0.293,0.09,0.023,0.001,,0.1639999999999999,0.248,0.0,85.7,,79.5,94.2,89.9,86.6,76.3,,93.5,84.6,92.1,-3.4,,2.2,-2.1,0.3,-5.7,-0.6,,-5.2,2.3,0.0,2.2,,-6.5,8.2,4.2,0.7,-2.3,,3.7,0.0,0.0,0.9,,1.9,-2.4,0.7,-3.6,1.1,,24.5,-21.4,0.1,0.04,,0.1,-0.03,0.03,-0.67,3.68,,0.62,-0.36,1.76,0.283,0.6409999999999999,0.4629999999999999,0.579,0.8590000000000001,0.774,0.504,18.7,-18.0,100,104,96,101,100,100,98,0.99,100,100,104,98,99,105,104,95,106,89.4,13.0,355,0.084,117.5,1760,0.415,4238,0.171,0.275,0.258,0.43,0.333,18.9,0.8468233246301131,0.46509040333796947,0.7862669245647969,3.341702169794769,0.41975308641975306,0.18518518518518517
2,2023,BAL,28,2441,5495,6123,1399,879,309,28,183,807,780,512,14,1370,45,47,21,114,114,24,0.255,1760,1584,815,169,24064,8512,15552,114,34,7,0.084,0.2239999999999999,0.37,0.321,0.421,0.742,0.166,0.305,1.11,0.196,0.423,0.381,0.107,0.1159999999999999,0.065,0.206,0.32,10.2,756,33.0,0.0,190.1,-19.6,238.4,23.8,$190.2,5.2,104,10.78,-99.26,110.04,76.42,7.66,0.93,1.53,135,3.2,8.39,0.47,94.1,0.216,84.5,0.078,89.0,0.085,80.2,0.118,85.5,0.032,86.2,0.0,74.0,0.003,,7.3,-6.1,-4.4,15.0,-8.6,4.2,0.0,0.06,-0.12,-0.23,0.73,-0.3,0.54,3.64,0.33,0.687,0.478,0.636,0.8640000000000001,0.772,0.414,0.621,0.109,16.1,0.335,,0.0819999999999999,0.031,,0.133,0.214,0.07,0.016,0.0,0.119,,,,94.2,,89.1,86.5,,93.5,84.6,79.5,81.9,39.9,85.4,,,-1.7,,0.7,-6.3,,-4.0,1.9,1.8,4.1,2.5,-2.1,,,9.3,,4.4,2.3,,4.9,0.9,-4.7,-5.8,3.0,3.5,,,6.0,,-3.5,5.0,,-10.1,-12.6,7.9,6.5,0.0,-10.9,,,0.07,,-0.18,0.67,,-0.32,-0.25,0.47,1.68,1.91,-0.38,,,0.299,0.6559999999999999,0.478,0.581,0.857,0.77,0.5,19.1,-19.6,1.7,12.4,22 - 35,49.1,18.8,-0.8,0.405,0.347,0.248,0.155,0.52,0.325,0.337,0.119,0.001,0.073,0.336,0.081,0.03,,,0.129,0.231,0.0,85.5,78.0,79.8,94.3,89.3,86.1,,,93.6,84.5,90.5,-2.2,5.9,2.4,-1.6,0.7,-5.9,,,-4.1,2.1,0.0,2.2,-9.3,-7.1,8.4,3.5,1.1,,,3.6,-0.4,0.0,-10.3,0.3,9.4,7.0,-9.7,3.7,,,-10.0,-2.6,-0.3,-0.36,1.83,0.54,0.09,-0.5,0.5,,,-0.32,-0.05,-16.12,0.302,0.6509999999999999,0.477,0.5770000000000001,0.8590000000000001,0.77,0.502,19.1,6.0,103,100,97,101,102,101,103,0.98,100,100,92,98,101,102,100,100,100,89.4,13.5,333,0.079,114.6,1711,0.408,4196,0.1669999999999999,0.276,0.251,0.413,0.319,22.9,0.7828758705448586,0.36282527881040894,0.7762534705209865,3.299674785823828,0.5308641975308642,0.13580246913580246
1,2023,LAA,28,2314,5489,6145,1346,841,248,26,231,739,708,518,27,1524,79,46,8,117,72,31,0.245,1654,1583,754,148,23883,8564,15319,104,28,9,0.084,0.248,0.34,0.317,0.426,0.743,0.181,0.295,1.04,0.1889999999999999,0.414,0.397,0.093,0.146,0.063,0.321,0.32,10.2,759,13.4,-29.5,190.8,-18.0,164.0,16.4,$130.8,4.2,102,-3.42,-114.57,111.15,-24.5,-2.67,1.03,1.52,113,-2.23,-1.1,0.48,94.3,0.24,84.6,0.065,89.5,0.086,80.3,0.099,85.9,0.03,86.4,,,0.006,,10.5,-28.7,3.4,-2.9,18.8,-1.1,,0.09,-0.5,0.22,-0.14,0.8,-0.16,,0.335,0.721,0.496,0.5820000000000001,0.831,0.733,0.417,0.616,0.132,-11.6,0.3429999999999999,,0.072,0.026,0.001,0.132,0.237,0.072,0.016,,0.1009999999999999,,,,94.5,,89.9,86.8,82.5,93.8,84.5,80.1,80.8,,85.8,,,-2.3,,0.6,-6.7,-4.7,-4.5,2.0,2.6,2.5,,-4.0,,,9.3,,4.8,2.0,0.6,4.9,1.0,-5.4,-5.0,,3.6,,,8.2,,8.6,-3.5,-0.5,-6.1,-38.8,1.3,-2.2,,21.8,,,0.1,,0.51,-0.58,-1.32,-0.19,-0.69,0.08,-0.57,,0.91,,,0.304,0.685,0.496,0.519,0.825,0.732,0.503,18.9,-47.6,-9.6,2.9,21 - 35,1.9,18.9,-1.3,0.417,0.3379999999999999,0.245,0.147,0.525,0.3289999999999999,0.37,0.1009999999999999,0.001,0.08,0.341,0.07,0.027,,,0.133,0.247,0.0,85.7,77.0,80.0,94.4,90.0,86.2,,,93.8,84.4,82.6,-4.0,6.1,2.7,-2.2,1.1,-6.1,,,-4.2,2.4,-2.7,2.2,-9.4,-7.1,8.3,3.7,0.6,,,3.7,-0.4,-1.3,21.2,-0.8,-0.3,3.5,4.9,-5.3,,,0.8,-36.5,-0.2,0.89,-4.95,-0.01,0.04,0.29,-0.84,,,0.02,-0.63,-3.04,0.304,0.685,0.496,0.519,0.826,0.732,0.503,18.9,-12.3,99,101,107,100,103,110,100,0.95,98,104,116,101,98,101,95,101,101,89.3,13.6,363,0.09,118.6,1612,0.401,4024,0.144,0.276,0.238,0.413,0.316,16.7,0.8055315471045809,0.5001353179972937,0.751993490642799,3.2455250759992986,0.4382716049382716,0.12345679012345678
11,2023,SEA,28,2391,5500,6201,1332,827,283,12,210,758,728,548,14,1603,111,37,4,95,118,30,0.242,1563,1559,802,149,24439,8868,15571,113,14,3,0.088,0.259,0.34,0.321,0.413,0.734,0.17,0.301,1.0,0.204,0.3979999999999999,0.397,0.096,0.135,0.072,0.214,0.319,4.9,760,66.3,20.0,192.5,-22.4,270.3,27.0,$215.6,4.5,109,-0.79,-114.27,113.48,31.9,3.31,1.04,1.67,148,2.8,-3.57,0.457,93.8,0.238,84.4,0.069,88.9,0.091,79.9,0.114,85.8,0.031,86.0,,,0.004,,60.7,-36.3,-16.9,2.1,-0.3,-0.5,,0.54,-0.62,-1.01,0.1,-0.01,-0.07,,0.325,0.693,0.479,0.579,0.8390000000000001,0.737,0.42,0.605,0.126,-5.1,0.311,,0.076,0.031,0.002,0.141,0.235,0.077,0.015,0.001,0.1119999999999999,0.0,,,94.0,,89.1,86.5,83.0,93.5,84.3,79.4,81.8,43.3,85.7,79.3,,-1.8,,0.7,-6.4,-3.0,-4.5,1.9,1.8,3.3,0.4,-3.3,-5.2,,9.2,,4.5,2.2,0.1,5.0,0.9,-5.3,-5.3,6.6,3.7,-1.8,,54.3,,-19.9,2.5,-1.5,-6.7,-36.9,-1.9,1.2,1.2,-0.2,-0.3,,0.72,,-1.08,0.33,-4.07,-0.2,-0.64,-0.1,0.33,8.35,-0.01,-2.85,,0.289,0.6659999999999999,0.48,0.511,0.831,0.736,0.506,19.1,-2.4,-0.4,-8.3,22 - 36,61.2,19.0,7.1,0.451,0.331,0.218,0.166,0.501,0.3329999999999999,0.381,0.111,,0.086,0.309,0.075,0.032,,0.0,0.141,0.245,0.0,85.5,,79.8,94.1,89.4,86.1,,79.5,93.7,84.4,91.1,-3.1,,2.4,-1.7,1.0,-5.7,,-4.9,-4.3,2.2,0.0,2.4,,-7.1,8.3,3.5,0.8,,-3.0,3.8,-0.3,0.0,0.8,,8.2,55.5,-27.3,-2.4,,-0.3,-1.6,-41.8,-0.1,0.03,,0.39,0.74,-1.49,-0.3,,-2.85,-0.05,-0.7,-1.23,0.29,0.665,0.48,0.514,0.83,0.735,0.506,19.1,3.3,98,106,112,101,100,103,102,1.03,95,105,107,110,96,90,107,96,103,89.3,15.0,382,0.0969999999999999,116.7,1628,0.413,3939,0.157,0.283,0.244,0.42,0.325,27.7,0.7862818904224174,0.44327176781002636,0.7414933075310434,2.941783633095069,0.48148148148148145,0.12962962962962962
15,2023,ARI,28,2406,5436,6124,1359,875,274,44,166,746,706,540,11,1247,58,50,36,121,166,26,0.25,1879,1477,851,145,23836,8754,15082,111,68,18,0.088,0.204,0.43,0.322,0.408,0.73,0.158,0.293,1.27,0.2019999999999999,0.447,0.351,0.098,0.1119999999999999,0.059,0.265,0.317,-7.3,739,-24.6,17.8,190.1,-19.8,200.6,20.0,$160.0,6.0,97,3.49,-108.71,112.2,-13.43,-1.6,1.0,1.65,150,-2.96,6.43,0.48,93.8,0.21,84.4,0.08,89.3,0.094,79.4,0.115,85.3,0.02,86.0,0.001,78.6,0.004,,9.8,-1.8,-13.7,-3.3,0.3,0.4,-0.6,0.09,-0.04,-0.72,-0.15,0.01,0.08,-4.07,0.296,0.664,0.452,0.642,0.884,0.7929999999999999,0.425,0.602,0.093,18.9,0.311,,0.0819999999999999,0.021,0.003,0.168,0.207,0.078,0.019,,0.11,0.0,0.001,,94.0,,89.4,87.1,83.7,93.1,84.4,78.8,80.9,,85.1,81.1,78.5,-2.0,,0.4,-6.3,-5.2,-3.9,1.8,2.5,3.6,,-2.8,-7.1,-1.7,9.0,,4.7,2.1,1.2,4.4,1.2,-5.4,-5.0,,3.2,-0.7,-4.2,12.9,,-17.8,-1.3,-1.9,-8.8,-1.2,-6.6,-1.2,,-1.7,1.8,-0.6,0.17,,-0.92,-0.26,-2.65,-0.22,-0.02,-0.35,-0.26,,-0.06,29.18,-3.95,0.264,0.628,0.452,0.579,0.8759999999999999,0.792,0.518,18.8,-1.9,11.0,0.4,20 - 37,-5.7,18.1,-2.5,0.4039999999999999,0.355,0.241,0.149,0.519,0.332,0.319,0.108,0.001,0.088,0.305,0.085,0.026,,0.0,0.1669999999999999,0.2189999999999999,0.0,85.1,78.3,79.1,94.1,89.6,86.4,,81.3,93.2,84.5,84.3,-2.8,4.9,2.9,-1.8,0.6,-5.3,,-6.6,-3.8,2.1,-2.5,1.9,-9.6,-7.0,8.2,3.9,0.7,,-3.3,3.4,-0.1,1.7,-1.3,1.7,-10.9,17.3,-13.5,-3.4,,1.7,-15.9,-4.7,0.1,-0.05,11.33,-0.53,0.24,-0.67,-0.54,,34.29,-0.4,-0.09,2.23,0.265,0.627,0.452,0.581,0.877,0.7929999999999999,0.517,18.8,-10.2,100,100,91,100,98,95,99,1.01,104,95,87,99,102,99,96,100,101,88.8,10.8,268,0.063,117.1,1635,0.382,4279,0.178,0.271,0.246,0.388,0.311,19.3,0.7892768079800498,0.3560321715817695,0.796374918354017,2.993487807027837,0.48148148148148145,0.13580246913580246
25,2023,NYM,30,2374,5363,6056,1276,819,221,21,215,717,692,525,11,1331,107,38,19,105,118,15,0.238,1709,1571,774,170,23728,8657,15071,88,35,10,0.087,0.22,0.39,0.316,0.407,0.723,0.169,0.275,1.09,0.191,0.422,0.3879999999999999,0.108,0.1369999999999999,0.051,0.286,0.315,-17.6,720,-3.0,1.4,188.0,-21.7,183.5,18.3,$146.4,4.9,100,-4.53,-109.7,105.17,2.1,0.52,1.01,1.43,124,0.6,-5.11,0.499,93.5,0.205,84.5,0.074,88.6,0.093,79.9,0.106,85.8,0.024,87.0,,,0.003,,-7.5,-8.4,-13.8,5.3,5.6,2.4,,-0.06,-0.17,-0.79,0.24,0.22,0.43,,0.302,0.6729999999999999,0.4589999999999999,0.639,0.858,0.775,0.422,0.616,0.103,0.9,0.33,,0.076,0.025,0.0,0.166,0.2019999999999999,0.077,0.019,0.001,0.103,0.0,,,93.9,,89.0,87.0,81.6,92.9,84.4,79.5,81.4,44.2,85.7,81.1,,-1.9,,0.3,-6.2,-4.4,-2.8,1.4,2.3,2.0,-0.5,-2.6,-6.2,,9.2,,4.8,1.9,0.0,4.7,1.1,-5.2,-4.7,6.3,3.5,-2.3,,-3.1,,-20.4,5.0,0.3,-15.4,-2.4,-3.2,4.8,0.5,-1.1,0.6,,-0.04,,-1.14,0.84,7.18,-0.39,-0.05,-0.18,1.04,1.68,-0.04,11.26,,0.271,0.64,0.4589999999999999,0.5670000000000001,0.8590000000000001,0.774,0.509,18.7,-20.3,6.2,-0.4,21 - 40,-2.1,17.9,2.0,0.414,0.344,0.242,0.155,0.529,0.315,0.342,0.105,,0.089,0.3279999999999999,0.071,0.026,,0.0,0.1669999999999999,0.214,0.0,85.4,,80.0,94.2,89.2,87.1,,81.7,93.1,84.7,74.5,-2.5,,2.4,-1.7,0.6,-5.8,,-6.0,-2.6,1.7,2.3,2.3,,-6.6,8.3,4.0,0.7,,-3.4,3.6,-0.1,1.6,-1.1,,3.9,-0.1,-16.7,4.8,,0.6,-21.3,-5.7,-0.1,-0.05,,0.19,0.0,-0.99,0.79,,11.26,-0.54,-0.11,-1.07,0.272,0.638,0.4589999999999999,0.568,0.858,0.774,0.511,18.7,16.3,95,98,98,98,98,102,93,0.95,98,105,106,101,99,99,100,103,96,89.4,13.3,340,0.083,117.3,1642,0.401,4093,0.175,0.278,0.243,0.415,0.322,18.4,0.7586352148272957,0.4797768479776848,0.780217965653897,3.24717852789071,0.4382716049382716,0.18518518518518517
20,2023,MIA,29,2420,5497,6043,1423,976,258,23,166,666,633,430,23,1287,50,38,22,159,86,21,0.259,1948,1418,853,117,23137,8150,14987,138,51,16,0.071,0.213,0.33,0.316,0.405,0.721,0.146,0.308,1.37,0.2019999999999999,0.462,0.336,0.083,0.1169999999999999,0.071,0.314,0.312,-31.1,705,-50.8,-27.9,187.6,-18.8,103.5,10.3,$82.6,4.2,93,-5.28,-110.31,105.03,-93.92,-9.44,1.0,1.25,112,-7.12,1.86,0.494,93.8,0.221,84.7,0.079,89.4,0.084,80.3,0.1009999999999999,85.4,0.02,86.2,0.0,54.3,0.006,,-3.2,-31.1,-17.8,15.1,-6.4,-5.8,0.5,-0.03,-0.61,-0.97,0.78,-0.28,-1.24,15.86,0.33,0.679,0.475,0.649,0.861,0.775,0.417,0.614,0.106,-4.5,0.318,,0.083,0.017,0.003,0.175,0.218,0.067,0.019,0.001,0.099,0.0,0.0,,94.0,,89.5,87.4,83.9,93.4,84.7,79.7,81.4,46.3,85.4,79.2,53.3,-2.8,,0.4,-7.3,-5.1,-4.2,2.0,2.4,3.3,-1.6,-3.3,-4.4,-3.1,9.3,,4.7,2.2,2.5,4.9,1.0,-4.7,-5.2,4.6,3.5,-2.5,3.6,-11.1,,-23.5,-6.4,-1.9,1.0,-23.9,8.0,1.7,0.4,-6.4,-0.2,1.0,-0.15,,-1.23,-1.65,-2.46,0.02,-0.47,0.52,0.37,2.87,-0.28,-19.99,20.74,0.302,0.6459999999999999,0.476,0.596,0.856,0.774,0.504,18.5,-46.7,-2.7,-0.1,20 - 39,-55.3,17.8,-12.7,0.372,0.357,0.271,0.148,0.522,0.3289999999999999,0.312,0.1,0.0,0.08,0.314,0.086,0.022,0.0,0.0,0.175,0.2239999999999999,,85.0,64.6,80.2,94.1,89.6,86.6,54.1,79.2,93.5,84.7,,-3.0,3.8,3.1,-2.4,0.7,-6.3,-2.4,-4.3,-4.1,2.5,,2.2,-7.4,-6.6,8.4,3.6,1.1,0.3,-4.1,3.8,-0.2,,-5.4,0.1,10.7,-7.4,-26.0,-5.9,0.5,-0.2,-2.9,-23.9,,-0.23,4.24,0.59,-0.1,-1.32,-1.2,15.86,-19.99,-0.07,-0.47,,0.301,0.6459999999999999,0.475,0.597,0.856,0.775,0.505,18.5,4.8,104,81,95,98,97,88,104,1.01,108,91,91,91,103,111,95,101,100,88.9,10.2,306,0.072,115.8,1624,0.38,4276,0.17,0.276,0.257,0.412,0.316,9.4,0.765702479338843,0.3987987987987988,0.7870263114347178,3.031921269401784,0.38271604938271603,0.19135802469135801
19,2023,COL,29,2352,5496,6055,1368,869,305,31,163,721,685,447,8,1543,59,41,11,124,76,25,0.249,1681,1442,850,132,23514,8176,15338,103,32,11,0.074,0.255,0.29,0.31,0.405,0.715,0.156,0.315,1.17,0.214,0.423,0.363,0.092,0.113,0.061,0.344,0.31,-42.9,695,-153.8,-0.3,188.0,-18.4,17.3,1.7,$13.8,4.8,80,-11.9,-111.29,99.39,-141.86,-13.17,0.97,1.7,107,-16.41,4.12,0.48,93.7,0.23,84.3,0.074,88.9,0.085,79.7,0.113,85.2,0.018,86.3,,,0.002,,-1.8,-19.7,8.4,-9.1,-18.1,-4.4,,-0.02,-0.37,0.48,-0.46,-0.68,-1.05,,0.352,0.708,0.5,0.58,0.836,0.731,0.416,0.622,0.134,-16.1,0.341,,0.079,0.018,0.001,0.135,0.2269999999999999,0.072,0.016,0.0,0.11,0.0,,,93.8,,89.1,86.8,83.8,93.3,84.3,79.2,80.8,47.6,85.2,81.2,,-1.7,,0.3,-5.4,-4.5,-3.2,1.7,0.8,2.8,-2.0,-2.0,-3.8,,8.2,,4.1,1.8,2.2,4.4,0.8,-4.7,-5.2,6.0,2.8,-0.8,,5.1,,4.9,-4.3,0.5,-12.6,-16.8,-16.1,0.9,-0.1,-23.6,-0.1,,0.06,,0.27,-1.04,2.07,-0.4,-0.32,-0.95,0.24,-0.81,-0.91,-4.61,,0.325,0.675,0.5,0.515,0.8320000000000001,0.7290000000000001,0.502,18.5,-18.6,-5.9,-9.6,21 - 38,-169.9,17.9,-4.4,0.408,0.348,0.243,0.157,0.495,0.348,0.356,0.1119999999999999,0.001,0.079,0.335,0.077,0.018,,0.0,0.139,0.239,0.0,85.1,78.2,79.6,94.0,89.5,86.4,,81.4,93.5,84.4,96.3,-2.1,4.3,1.2,-1.7,0.3,-5.2,,-4.2,-3.3,1.8,0.0,1.8,-7.8,-6.2,7.6,3.7,0.9,,-1.0,3.6,0.0,0.0,-20.8,0.3,-14.9,5.6,4.2,-3.8,,-0.1,-14.3,-19.0,-0.1,-0.79,1.62,-0.81,0.07,0.23,-0.88,,-4.61,-0.44,-0.34,-1.0,0.327,0.6729999999999999,0.5,0.518,0.831,0.7290000000000001,0.5,18.5,-14.3,100,84,114,96,97,94,106,1.06,99,98,88,100,100,100,101,96,106,88.0,12.8,306,0.076,115.3,1462,0.365,4006,0.151,0.285,0.24,0.391,0.304,1.8,0.7716836734693877,0.3617198335644938,0.7451692815854666,2.9887001872286216,0.41358024691358025,0.16666666666666666
24,2023,WSN,27,2305,5522,6085,1401,945,279,26,151,700,665,423,6,1149,78,38,20,112,127,29,0.254,1976,1543,863,164,22913,7989,14924,141,49,13,0.07,0.1889999999999999,0.37,0.314,0.396,0.709,0.142,0.293,1.28,0.1969999999999999,0.451,0.352,0.106,0.098,0.071,0.265,0.309,-47.1,694,-56.8,-22.3,188.9,-18.0,106.4,10.6,$84.9,5.1,92,-2.99,-110.94,107.95,-59.71,-5.93,1.02,1.91,78,-7.51,4.58,0.461,93.9,0.223,84.3,0.079,89.7,0.099,79.7,0.119,85.4,0.018,85.7,0.001,79.5,0.003,,3.0,-17.3,0.7,-10.9,-1.6,-6.1,-0.6,0.03,-0.34,0.04,-0.48,-0.06,-1.53,-4.59,0.34,0.687,0.485,0.684,0.884,0.8029999999999999,0.417,0.621,0.095,-3.4,0.298,,0.084,0.015,0.002,0.162,0.22,0.081,0.02,,0.118,0.0,0.001,,94.1,,89.8,86.1,82.7,93.4,84.2,79.3,80.5,,85.4,80.3,79.4,-1.7,,0.4,-6.3,-4.6,-3.6,1.3,1.8,2.7,,-2.8,-6.6,-5.7,9.1,,4.8,2.6,1.6,4.8,0.9,-5.4,-4.5,,3.3,-4.4,-3.5,0.0,,-6.9,-7.7,-1.2,-1.7,-17.7,-11.4,-1.7,,-2.1,-0.2,-0.6,0.0,,-0.36,-2.28,-2.59,-0.05,-0.35,-0.61,-0.36,,-0.08,-2.59,-4.59,0.311,0.659,0.485,0.634,0.88,0.8009999999999999,0.5,18.7,-40.3,2.1,-1.7,22 - 36,-60.2,18.0,0.4,0.414,0.346,0.24,0.171,0.525,0.303,0.283,0.12,,0.095,0.297,0.08,0.016,0.001,0.0,0.162,0.2289999999999999,0.0,85.4,,79.6,94.2,89.8,85.5,79.4,80.3,93.6,84.3,87.6,-2.7,,2.3,-1.5,0.6,-5.8,-4.6,-5.9,-3.5,1.6,0.0,2.0,,-6.9,8.3,4.0,1.2,-5.0,-6.0,3.8,-0.2,0.0,-2.0,,-8.9,4.5,-9.2,-8.0,-0.6,-0.2,-6.5,-22.1,-0.2,-0.07,,-0.41,0.07,-0.5,-2.22,-4.59,-2.59,-0.18,-0.42,-2.21,0.311,0.659,0.485,0.636,0.88,0.802,0.499,18.7,-19.2,101,79,85,97,95,85,99,0.98,105,95,76,101,100,99,110,102,92,87.9,11.2,258,0.0579999999999999,112.5,1562,0.352,4435,0.165,0.26,0.249,0.387,0.306,9.8,0.7913232104121475,0.3451428571428572,0.8111750205423172,2.7632331431808907,0.41975308641975306,0.14814814814814814
23,2023,MIL,29,2358,5386,6084,1290,852,257,16,165,728,696,591,15,1412,58,39,7,144,129,28,0.24,1798,1456,746,159,24432,9025,15407,119,20,9,0.0969999999999999,0.2319999999999999,0.42,0.319,0.385,0.704,0.146,0.292,1.23,0.187,0.45,0.364,0.109,0.113,0.066,0.45,0.309,-48.9,692,-53.1,50.4,188.9,-20.5,189.8,18.9,$151.4,4.8,93,-5.09,-110.29,105.21,-32.96,-3.19,1.0,1.29,122,-5.52,0.42,0.475,93.5,0.217,84.4,0.076,89.3,0.0969999999999999,79.2,0.114,85.5,0.021,86.5,0.0,68.5,0.004,,-46.0,-25.2,1.4,-8.2,17.0,-4.6,-0.3,-0.4,-0.48,0.07,-0.35,0.61,-0.88,-7.52,0.301,0.66,0.452,0.636,0.845,0.764,0.421,0.609,0.106,6.2,0.312,,0.077,0.023,0.001,0.159,0.2189999999999999,0.078,0.019,,0.111,0.0,,,93.8,,89.7,87.2,82.4,92.9,84.3,78.9,79.9,,85.1,80.5,,-2.1,,0.7,-6.4,-4.6,-4.8,1.9,1.9,3.5,,-3.6,-5.1,,9.0,,4.9,2.3,1.5,4.6,1.1,-5.6,-5.5,,3.6,-3.5,,-19.7,,-2.4,-5.8,0.4,-28.4,-26.8,-8.2,-2.7,,15.5,0.1,,-0.26,,-0.13,-1.04,1.28,-0.73,-0.5,-0.43,-0.57,,0.57,3.13,,0.266,0.63,0.452,0.5720000000000001,0.841,0.764,0.511,18.7,29.8,2.5,6.0,23 - 37,-46.9,18.0,-8.1,0.397,0.361,0.242,0.173,0.504,0.322,0.356,0.11,0.0,0.092,0.304,0.084,0.024,,0.0,0.159,0.228,,85.1,62.9,79.0,93.9,90.0,86.4,,80.9,93.0,84.4,,-3.4,-6.3,2.6,-1.9,0.8,-5.5,,-4.5,-4.6,2.4,,2.3,-11.3,-7.4,8.1,4.1,1.1,,-5.2,3.6,-0.1,,16.0,0.4,-6.4,-18.1,-2.4,-4.9,,0.1,-28.0,-36.0,,0.6,39.35,-0.29,-0.24,-0.12,-0.83,,3.13,-0.72,-0.65,,0.268,0.628,0.452,0.573,0.8420000000000001,0.764,0.511,18.7,20.7,96,110,104,99,92,87,98,0.93,105,98,88,97,104,99,111,98,98,88.3,11.7,298,0.074,114.8,1521,0.3779999999999999,4023,0.178,0.284,0.239,0.384,0.311,19.8,0.7977099236641222,0.3626373626373626,0.7679158448389217,3.0751395738262652,0.46296296296296297,0.18518518518518517
27,2023,PIT,27,2412,5406,6089,1293,816,287,31,159,692,662,556,9,1464,58,43,25,92,117,41,0.239,1710,1429,809,135,24053,8976,15077,130,62,12,0.091,0.24,0.38,0.315,0.392,0.707,0.153,0.296,1.2,0.205,0.433,0.362,0.094,0.111,0.076,0.1939999999999999,0.308,-51.5,690,-75.3,25.4,189.1,-18.7,136.3,13.6,$108.8,5.0,90,-7.19,-109.19,102.0,-77.53,-7.97,1.0,1.4,152,-8.66,1.43,0.472,93.6,0.215,84.5,0.086,89.6,0.088,79.8,0.12,85.4,0.019,85.7,,,0.003,,4.6,-50.2,-16.0,26.3,-3.4,-1.5,,0.04,-0.97,-0.77,1.25,-0.12,-0.31,,0.29,0.682,0.455,0.591,0.852,0.755,0.419,0.611,0.111,-2.1,0.303,,0.09,0.018,0.001,0.166,0.21,0.069,0.021,0.001,0.121,0.0,,,94.2,,89.7,85.8,83.2,92.6,84.4,79.5,80.6,57.4,85.4,78.0,,-1.7,,0.5,-5.1,-3.9,-2.5,1.7,1.6,2.9,-2.7,-1.4,-3.4,,8.9,,4.8,2.3,1.7,4.6,1.0,-5.0,-4.9,5.7,3.4,-6.7,,8.2,,-17.0,-0.9,-0.9,-16.5,-54.7,16.9,7.4,2.2,-5.6,0.0,,0.11,,-0.79,-0.22,-3.9,-0.41,-1.08,1.01,1.5,11.01,-0.19,1.91,,0.26,0.644,0.455,0.523,0.846,0.755,0.507,18.7,6.7,-4.9,-0.3,22 - 43,-77.4,18.0,6.4,0.414,0.342,0.244,0.155,0.532,0.313,0.358,0.122,0.001,0.0819999999999999,0.3,0.09,0.018,,0.0,0.163,0.225,0.0,85.2,78.3,79.6,94.2,90.0,85.4,,77.6,92.7,84.5,95.3,-1.4,6.2,2.0,-1.5,0.7,-4.5,,-3.3,-2.5,2.0,0.0,2.3,-9.2,-6.8,8.1,4.2,1.0,,-7.7,3.6,-0.1,0.0,-6.0,-0.2,24.8,12.1,-16.8,-0.1,,0.0,-20.7,-54.6,0.1,-0.2,-1.21,1.26,0.17,-0.78,-0.03,,1.91,-0.53,-1.01,1.44,0.259,0.644,0.4539999999999999,0.522,0.847,0.755,0.506,18.7,25.9,96,104,108,97,94,92,100,1.02,101,98,86,101,99,100,99,103,95,89.2,11.9,295,0.074,115.8,1621,0.4039999999999999,4011,0.171,0.282,0.241,0.391,0.312,13.2,0.7665837479270315,0.3676300578034682,0.7595664312695024,3.260958003043771,0.3765432098765432,0.1728395061728395
9,2023,NYY,29,2321,5323,5973,1207,752,221,15,219,673,650,557,18,1427,47,36,9,119,100,30,0.227,1661,1496,753,145,23575,8642,14933,87,30,10,0.093,0.239,0.39,0.304,0.397,0.701,0.171,0.266,1.11,0.193,0.425,0.3829999999999999,0.0969999999999999,0.146,0.052,0.3329999999999999,0.304,-68.2,660,-48.4,17.3,185.5,-18.4,142.9,14.2,$114.0,4.3,93,-5.73,-101.84,96.11,-64.96,-6.17,0.93,1.75,81,-4.45,-1.72,0.466,94.2,0.239,84.7,0.078,89.2,0.09,80.2,0.098,85.7,0.0289999999999999,86.9,,,0.004,,-6.3,-30.2,-19.7,-13.7,-6.3,-4.0,,-0.06,-0.54,-1.07,-0.65,-0.27,-0.58,,0.302,0.667,0.457,0.601,0.8440000000000001,0.752,0.424,0.608,0.113,-11.5,0.3,,0.0819999999999999,0.0289999999999999,,0.162,0.237,0.072,0.019,,0.099,0.0,,,94.4,,89.4,86.8,,93.5,84.6,79.7,81.6,,85.7,81.0,,-2.7,,0.9,-7.6,,-6.0,2.8,2.8,2.9,,-2.7,-4.7,,9.4,,4.5,2.6,,4.5,1.0,-5.2,-6.0,,3.5,-2.7,,16.6,,-21.1,-3.9,,-36.2,-35.6,-11.9,-2.7,,-5.0,0.0,,0.23,,-1.09,-0.58,,-0.95,-0.64,-0.7,-0.61,,-0.22,3.87,,0.268,0.636,0.457,0.534,0.838,0.7509999999999999,0.512,18.8,-1.0,-3.0,-8.5,20 - 37,-59.9,18.3,-3.6,0.421,0.352,0.2269999999999999,0.146,0.516,0.3379999999999999,0.369,0.099,0.001,0.079,0.298,0.08,0.027,,0.0,0.1639999999999999,0.252,0.0,85.7,80.3,80.1,94.5,89.3,86.7,,81.1,93.7,84.8,83.5,-2.7,4.7,3.4,-2.5,1.2,-7.1,,-4.1,-5.9,3.0,0.0,2.2,-8.3,-7.3,8.4,3.5,1.0,,-3.8,3.5,-0.3,0.0,-6.2,-0.5,-15.4,17.0,-21.9,-1.8,,0.0,-36.5,-33.9,0.3,-0.27,-3.64,-0.83,0.24,-1.17,-0.28,,3.87,-0.95,-0.57,5.53,0.268,0.634,0.457,0.5379999999999999,0.836,0.7509999999999999,0.515,18.8,20.0,92,111,103,96,96,103,90,0.97,101,101,117,102,102,94,94,99,104,89.8,13.0,364,0.092,119.5,1647,0.418,3942,0.176,0.289,0.244,0.426,0.324,13.8,0.7600172339508833,0.5206537890044577,0.7610915787711368,2.7675380624993884,0.4074074074074074,0.18518518518518517
30,2023,SFG,29,2441,5412,6095,1271,828,256,13,174,674,651,544,19,1492,81,39,17,116,57,16,0.235,1631,1499,789,156,23942,8701,15241,85,57,24,0.089,0.245,0.36,0.312,0.383,0.695,0.149,0.29,1.09,0.201,0.416,0.382,0.104,0.1159999999999999,0.052,0.421,0.304,-71.6,671,-63.6,23.1,189.2,-20.5,136.2,13.6,$108.7,3.6,92,-3.94,-108.41,104.47,-65.17,-6.62,1.0,1.51,216,-5.48,1.53,0.476,93.8,0.1989999999999999,84.6,0.081,89.3,0.093,79.7,0.121,85.4,0.0279999999999999,85.5,0.002,77.3,0.005,,-10.4,-51.9,7.2,-1.9,-14.2,-4.7,0.1,-0.09,-1.09,0.37,-0.09,-0.49,-0.7,0.37,0.304,0.6940000000000001,0.467,0.599,0.847,0.753,0.417,0.621,0.115,-10.0,0.332,,0.083,0.024,0.002,0.142,0.196,0.081,0.017,0.0,0.121,0.0,0.002,,94.0,,89.5,86.0,82.2,93.3,84.6,79.1,81.6,49.1,85.4,79.6,77.3,-2.0,,0.7,-6.3,-3.3,-3.4,1.6,1.1,3.1,-0.3,-3.2,-2.5,-2.1,9.1,,4.7,2.5,-1.1,5.0,1.3,-5.2,-5.5,8.6,4.0,-2.3,-1.5,3.9,,2.6,-4.8,0.3,-23.1,-57.9,-0.8,1.9,0.6,-17.3,0.0,0.2,0.05,,0.13,-0.82,0.57,-0.68,-1.24,-0.04,0.47,6.64,-0.6,1.29,0.53,0.2739999999999999,0.657,0.467,0.53,0.843,0.752,0.503,18.7,2.6,-6.4,4.7,21 - 36,-73.6,18.0,2.3,0.424,0.332,0.244,0.158,0.526,0.315,0.363,0.119,0.0,0.091,0.3289999999999999,0.081,0.0279999999999999,0.002,0.0,0.14,0.209,0.001,85.2,77.2,79.5,93.9,89.8,85.5,77.4,79.0,93.4,84.6,88.9,-3.2,6.0,1.7,-1.8,0.8,-5.2,-0.7,-2.3,-3.5,1.8,0.4,2.7,-10.2,-7.0,8.2,4.1,1.0,-2.1,-2.7,4.0,0.1,3.1,-14.6,-0.1,-1.9,10.5,-9.5,-7.4,0.2,0.0,-25.7,-46.6,0.1,-0.51,-3.21,-0.09,0.13,-0.49,-1.09,0.38,1.29,-0.77,-0.93,0.61,0.276,0.657,0.467,0.534,0.8440000000000001,0.752,0.501,18.7,19.2,94,101,110,97,92,89,98,1.0,97,103,90,103,96,100,102,102,96,88.7,13.8,334,0.084,116.6,1554,0.391,3978,0.1669999999999999,0.282,0.238,0.399,0.312,15.2,0.7435477263416632,0.41305637982195853,0.7552091878589007,3.275949590172743,0.38271604938271603,0.22839506172839505
7,2023,KCR,27,2369,5428,5985,1325,861,258,43,163,676,651,411,12,1396,71,58,14,96,163,47,0.244,1651,1571,846,153,23135,8022,15113,109,36,15,0.069,0.233,0.29,0.303,0.398,0.7,0.153,0.296,1.05,0.208,0.406,0.386,0.0969999999999999,0.104,0.066,0.417,0.303,-76.9,652,-87.2,23.1,185.8,-19.0,129.9,13.0,$103.6,5.8,88,-12.66,-112.9,100.24,-89.93,-9.08,1.02,1.68,100,-9.27,-3.15,0.469,94.0,0.221,84.6,0.074,88.8,0.095,80.1,0.109,85.1,0.031,85.9,,,0.003,,-29.4,-26.5,-2.2,-6.3,7.7,-7.3,,-0.27,-0.52,-0.13,-0.29,0.31,-1.02,,0.3379999999999999,0.71,0.494,0.61,0.85,0.754,0.42,0.627,0.121,8.8,0.331,,0.076,0.031,0.001,0.134,0.2269999999999999,0.073,0.018,0.0,0.108,,,,94.1,,89.4,86.4,82.0,93.5,84.5,79.5,82.0,48.3,85.0,,,-2.2,,0.8,-6.6,-4.3,-4.2,1.8,2.6,3.2,0.1,-2.6,,,9.0,,4.6,2.5,1.0,4.5,0.9,-5.7,-5.4,6.7,3.5,,,-34.5,,-3.3,-8.7,0.5,4.6,-32.3,-14.6,5.7,0.1,3.3,,,-0.45,,-0.19,-1.22,2.05,0.15,-0.62,-0.86,1.39,1.82,0.13,,,0.313,0.675,0.495,0.555,0.845,0.753,0.502,18.7,4.1,2.5,-0.5,23 - 39,-78.4,18.4,3.1,0.422,0.3329999999999999,0.246,0.151,0.509,0.34,0.3289999999999999,0.107,,0.084,0.325,0.079,0.031,,,0.138,0.2339999999999999,0.0,85.1,,80.0,94.4,89.4,85.9,,,93.7,84.6,93.7,-2.6,,2.9,-2.1,1.0,-6.1,,,-4.0,2.1,0.0,2.3,,-7.3,8.2,3.7,1.2,,,3.5,-0.4,0.0,3.2,,-5.4,-38.8,-8.9,-7.6,,,6.3,-29.2,0.0,0.13,,-0.28,-0.52,-0.48,-1.04,,,0.2,-0.54,-4.16,0.314,0.6709999999999999,0.494,0.5589999999999999,0.8440000000000001,0.754,0.504,18.7,-6.3,99,82,101,96,97,93,100,1.04,96,102,83,102,96,101,98,98,105,89.4,13.4,334,0.081,113.8,1686,0.411,4107,0.158,0.2789999999999999,0.253,0.421,0.318,12.3,0.7327986492190798,0.3857988165680474,0.7667502088554721,3.113944288195016,0.345679012345679,0.20987654320987653
5,2023,CLE,27,2372,5513,6096,1379,932,294,29,124,662,622,471,40,1142,55,44,13,108,151,36,0.25,1929,1520,935,170,23343,8126,15217,135,44,12,0.077,0.187,0.41,0.313,0.381,0.695,0.131,0.292,1.27,0.213,0.44,0.347,0.1119999999999999,0.0819999999999999,0.07,0.273,0.302,-84.3,659,-63.6,6.8,189.3,-19.6,141.3,14.1,$112.7,5.1,91,-5.26,-119.13,113.87,-80.08,-8.03,1.1,1.76,91,-7.42,2.62,0.498,93.4,0.203,84.2,0.071,88.9,0.095,79.9,0.114,85.4,0.019,85.9,,,0.0069999999999999,,-41.0,-13.4,2.2,-3.6,-14.0,-1.1,,-0.35,-0.28,0.14,-0.16,-0.53,-0.25,,0.351,0.6920000000000001,0.494,0.6859999999999999,0.879,0.8,0.42,0.616,0.099,9.7,0.37,,0.074,0.021,,0.125,0.1989999999999999,0.078,0.021,0.001,0.111,0.0,,,93.5,,88.9,86.1,,93.2,84.3,79.0,81.4,44.8,85.3,79.3,,-1.0,,0.6,-6.1,,-3.3,1.5,2.0,3.0,4.5,-2.6,-5.5,,9.0,,4.6,2.4,,4.5,0.9,-5.0,-6.0,6.9,3.7,-1.6,,-41.8,,1.2,-2.3,,-6.7,-17.3,-9.8,0.6,1.1,-18.9,0.3,,-0.48,,0.07,-0.46,,-0.23,-0.37,-0.54,0.12,4.68,-0.73,27.63,,0.324,0.6609999999999999,0.494,0.634,0.878,0.799,0.506,18.8,-12.8,4.1,1.9,22 - 35,-53.9,18.7,2.1,0.384,0.359,0.257,0.17,0.564,0.266,0.285,0.1119999999999999,,0.09,0.362,0.075,0.02,,0.0,0.128,0.212,0.0,85.2,,79.8,93.7,89.2,85.4,,79.4,93.4,84.3,90.8,-2.6,,2.8,-1.0,0.5,-5.5,,-4.6,-3.1,1.5,0.0,2.5,,-7.3,8.2,3.9,1.4,,-3.3,3.4,-0.3,0.0,-15.1,,-9.5,-42.8,1.3,-3.1,,0.3,-9.9,-15.2,0.0,-0.58,,-0.45,-0.51,0.07,-0.66,,27.63,-0.33,-0.31,3.64,0.322,0.66,0.494,0.636,0.8759999999999999,0.8,0.51,18.8,2.5,101,92,81,99,93,80,99,1.07,104,91,65,93,104,106,110,108,82,87.5,11.7,228,0.051,114.4,1462,0.33,4428,0.156,0.255,0.258,0.387,0.31,13.9,0.7799325463743676,0.29969788519637464,0.8126640419947506,2.9852537408480275,0.36419753086419754,0.19135802469135801
6,2023,DET,28,2422,5478,6080,1292,853,245,29,165,661,635,508,10,1473,49,31,13,107,85,23,0.236,1705,1536,786,154,24007,8542,15465,104,22,6,0.084,0.242,0.34,0.305,0.382,0.686,0.146,0.291,1.11,0.195,0.423,0.381,0.1,0.107,0.061,0.273,0.3,-93.7,647,-83.6,2.2,188.8,-21.4,107.0,10.7,$85.3,4.5,89,-10.47,-109.03,98.56,-101.66,-10.36,0.98,1.39,173,-10.67,-0.01,0.486,93.9,0.226,84.3,0.068,88.9,0.088,79.8,0.1119999999999999,85.3,0.021,86.8,,,0.004,,-67.2,-12.6,3.2,7.5,-9.3,-8.5,,-0.58,-0.23,0.2,0.36,-0.35,-1.68,,0.3229999999999999,0.6970000000000001,0.481,0.612,0.852,0.759,0.421,0.617,0.1159999999999999,2.4,0.347,,0.072,0.022,,0.135,0.2269999999999999,0.066,0.02,0.001,0.11,0.0,,,94.1,,89.0,86.4,,93.4,84.3,79.0,81.6,49.6,85.4,81.0,,-2.2,,0.8,-7.0,,-4.5,2.2,2.9,2.7,3.2,-2.7,-4.2,,9.3,,4.6,2.4,,4.8,1.1,-5.4,-5.3,6.5,3.8,-2.2,,-30.4,,5.4,-6.4,,-46.0,-15.6,2.0,3.3,-1.3,-18.6,0.2,,-0.37,,0.32,-1.23,,-1.43,-0.29,0.13,0.69,-5.48,-0.71,4.56,,0.295,0.6579999999999999,0.48,0.551,0.848,0.758,0.51,18.7,-19.2,-3.5,6.1,22 - 40,-81.2,18.7,1.3,0.3979999999999999,0.353,0.249,0.154,0.518,0.3279999999999999,0.353,0.11,0.0,0.08,0.345,0.071,0.022,,0.0,0.1369999999999999,0.235,0.0,85.5,61.3,79.5,94.2,89.1,85.9,,81.3,93.6,84.4,73.2,-2.7,-2.2,3.3,-1.9,1.1,-6.5,,-4.5,-4.4,2.6,1.1,2.6,-8.3,-7.1,8.4,3.7,1.3,,-3.3,3.8,0.0,1.1,-16.0,0.0,4.9,-31.8,0.8,-6.0,,0.2,-45.9,-12.5,0.5,-0.61,-1.0,0.26,-0.39,0.05,-1.16,,4.56,-1.41,-0.22,7.31,0.296,0.657,0.48,0.552,0.848,0.759,0.51,18.7,5.4,96,100,105,96,93,88,98,0.98,101,100,85,97,102,102,99,100,101,89.1,13.3,323,0.08,114.4,1638,0.4039999999999999,4050,0.163,0.278,0.243,0.404,0.313,10.1,0.7431874483897605,0.39939485627836613,0.7577302631578947,2.684157327686481,0.4074074074074074,0.17901234567901234
10,2023,OAK,28,2432,5311,5966,1187,770,225,21,171,585,563,498,12,1496,85,36,28,125,149,31,0.223,1645,1453,705,138,22979,8162,14817,97,76,17,0.083,0.251,0.33,0.298,0.37,0.669,0.147,0.276,1.13,0.185,0.433,0.382,0.095,0.118,0.059,0.2239999999999999,0.293,-125.5,601,-87.1,-34.4,185.2,-21.3,62.3,6.2,$49.7,4.8,88,-14.29,-111.37,97.08,-139.29,-14.68,1.01,1.43,202,-11.68,-2.44,0.485,93.9,0.218,84.4,0.064,88.7,0.09,80.1,0.118,85.5,0.023,86.3,0.001,76.3,0.003,,-58.8,-24.6,-12.7,-14.5,-25.5,-2.7,0.9,-0.53,-0.49,-0.86,-0.7,-0.94,-0.51,2.68,0.318,0.682,0.475,0.5589999999999999,0.8420000000000001,0.7340000000000001,0.43,0.63,0.126,1.5,0.33,,0.069,0.024,0.001,0.15,0.215,0.076,0.019,,0.115,,0.001,,94.1,,89.0,86.6,83.9,93.4,84.4,79.5,82.3,,85.4,,76.2,-2.3,,0.4,-6.5,-5.1,-3.9,1.8,1.7,2.7,,-2.5,,-2.5,9.2,,4.4,2.2,2.2,4.7,1.1,-4.9,-6.2,,3.6,,-2.9,-29.1,,-8.9,-5.4,-0.3,-42.5,-40.8,-12.2,5.4,,-26.7,,0.9,-0.38,,-0.56,-0.98,-1.88,-1.23,-0.83,-0.7,1.25,,-1.01,,2.68,0.286,0.652,0.475,0.488,0.835,0.733,0.515,18.4,-55.7,6.4,-9.6,21 - 36,-85.5,18.3,-3.0,0.423,0.341,0.236,0.157,0.546,0.297,0.363,0.113,,0.083,0.326,0.072,0.026,0.001,,0.151,0.2269999999999999,0.0,85.5,,80.0,94.3,89.1,86.3,76.6,,93.5,84.5,85.9,-2.3,,2.6,-2.0,0.5,-5.8,-1.4,,-3.7,2.2,1.7,2.2,,-7.4,8.2,3.3,0.6,-4.4,,3.5,-0.3,10.9,-27.2,,-19.5,-41.7,1.2,-4.8,0.9,,-37.2,-32.4,0.0,-1.05,,-1.02,-0.56,0.07,-0.82,2.68,,-1.07,-0.62,2.69,0.285,0.6509999999999999,0.475,0.49,0.8340000000000001,0.7340000000000001,0.518,18.4,-15.6,91,100,108,94,90,89,93,0.93,103,101,94,103,99,97,101,105,92,88.2,12.9,281,0.072,113.9,1366,0.351,3887,0.166,0.292,0.226,0.373,0.297,5.8,0.6928453947368421,0.46769230769230774,0.7492457257794167,2.923985198490887,0.2962962962962963,0.2345679012345679
4,2023,CHW,28,2387,5501,5980,1308,860,264,13,171,641,617,377,19,1424,52,29,16,122,86,22,0.238,1877,1400,809,136,22688,7794,14894,124,36,9,0.063,0.238,0.26,0.291,0.384,0.675,0.146,0.289,1.34,0.198,0.4589999999999999,0.3429999999999999,0.0969999999999999,0.122,0.066,0.25,0.292,-128.6,600,-118.8,-23.8,185.7,-19.0,35.1,3.5,$28.0,4.1,83,-14.81,-112.16,97.35,-130.11,-12.98,1.01,1.72,107,-14.99,0.33,0.452,93.6,0.241,84.3,0.073,89.0,0.087,79.8,0.12,85.4,0.026,86.1,,,0.004,,-67.9,-14.9,-5.7,-10.1,-22.1,-13.2,,-0.66,-0.27,-0.34,-0.51,-0.81,-2.22,,0.364,0.6970000000000001,0.502,0.604,0.85,0.746,0.415,0.639,0.128,-7.3,0.293,,0.078,0.023,,0.153,0.24,0.074,0.0139999999999999,0.001,0.124,,,,93.8,,89.5,86.0,,93.2,84.2,79.4,82.1,44.2,85.4,,,-2.3,,0.7,-6.3,,-5.3,2.2,1.8,3.1,1.0,-3.2,,,9.2,,4.4,2.3,,5.0,0.9,-5.5,-5.2,8.9,3.4,,,-32.8,,0.4,-10.2,,-43.6,-29.2,-5.3,0.6,0.5,-28.9,,,-0.49,,0.02,-1.94,,-1.25,-0.54,-0.32,0.19,3.21,-1.03,,,0.3339999999999999,0.6729999999999999,0.503,0.551,0.843,0.745,0.498,18.3,-42.8,-1.9,0.5,22 - 36,-126.0,18.4,-3.3,0.402,0.344,0.254,0.161,0.534,0.305,0.33,0.122,0.001,0.08,0.291,0.074,0.023,0.0,,0.156,0.253,0.0,85.6,78.9,79.8,94.0,89.6,85.4,63.6,,93.5,84.5,71.5,-3.0,5.2,2.5,-2.0,0.9,-5.5,-6.5,,-5.0,2.7,-0.6,2.1,-8.8,-7.3,8.2,3.4,1.0,4.6,,3.9,-0.4,1.4,-26.3,0.3,-13.0,-31.1,-4.7,-9.8,-0.1,,-48.3,-17.9,0.4,-0.95,2.35,-0.71,-0.47,-0.28,-1.91,-5.63,,-1.37,-0.31,8.76,0.335,0.67,0.502,0.5539999999999999,0.841,0.746,0.499,18.3,5.0,96,75,103,92,93,88,98,0.99,109,90,97,98,100,105,104,103,94,88.6,10.7,298,0.072,118.2,1553,0.376,4127,0.153,0.281,0.24,0.384,0.295,3.6,0.7059069962295769,0.42683307332293297,0.7618729096989967,2.922070153251452,0.36419753086419754,0.2037037037037037
22,2024,LAD,29,2403,5522,6255,1423,873,291,26,233,842,815,602,33,1336,64,51,10,99,136,23,0.258,1631,1691,902,137,24802,9203,15599,90,22,4,0.096,0.214,0.45,0.335,0.446,0.781,0.189,0.297,0.96,0.214,0.386,0.4,0.081,0.138,0.055,0.182,0.337,136.2,868,126.2,-12.0,189.1,-17.9,316.1,32.6,$261.1,5.3,117,11.7,-103.89,115.59,129.95,13.29,0.96,1.23,122,13.95,-1.75,0.494,94.1,0.2239999999999999,84.9,0.078,89.6,0.077,80.2,0.09,85.9,0.034,87.1,0.004,76.4,0.006,,52.0,18.5,2.9,15.9,31.8,9.6,2.1,0.42,0.33,0.15,0.83,1.43,1.15,2.4,0.291,0.7120000000000001,0.47,0.634,0.8490000000000001,0.773,0.425,0.619,0.107,10.7,0.322,,0.078,0.03,0.001,0.17,0.223,0.063,0.018,0.001,0.09,,0.004,,94.5,,90.1,86.6,83.2,93.4,84.8,79.9,81.4,52.5,85.9,,76.4,-2.3,,0.3,-4.9,2.0,-3.2,1.8,1.9,1.7,-5.0,-2.5,,-5.2,8.9,,4.6,2.3,1.5,4.4,1.2,-5.0,-4.7,8.3,3.0,,-2.2,3.3,,1.6,8.7,-0.6,41.3,17.3,13.7,1.6,-0.9,30.0,,2.1,0.04,,0.08,1.18,-1.92,0.98,0.31,0.88,0.36,-3.08,1.34,,2.42,0.257,0.672,0.47,0.5720000000000001,0.845,0.772,0.513,18.7,-29.9,6.0,13.4,22 - 37,136.9,20.0,6.9,0.39,0.357,0.253,0.148,0.523,0.3289999999999999,0.347,0.091,0.0,0.073,0.3229999999999999,0.079,0.0289999999999999,0.004,,0.1689999999999999,0.233,0.0,86.0,68.0,80.2,94.5,90.0,86.6,76.5,,93.4,84.8,88.2,-2.4,2.2,2.3,-2.2,0.6,-4.5,-4.6,,-2.8,2.2,0.0,1.7,-6.3,-6.8,8.0,3.6,0.9,-4.0,,3.2,-0.2,0.0,29.3,0.1,17.9,14.4,-8.5,8.7,2.1,,32.9,18.7,0.2,1.3,8.98,0.99,0.18,-0.43,1.2,2.42,,0.79,0.32,3.35,0.258,0.6709999999999999,0.47,0.57,0.846,0.772,0.514,18.7,-8.2,104,117,95,106,111,120,101,1.08,90,108,115,97,101,104,93,100,104,89.4,15.5,391,0.092,119.2,1752,0.412,4253,0.158,0.265,0.255,0.433,0.335,35.9,0.8426966292134831,0.44275534441805225,0.7864108713029576,3.341512853666045,0.5061728395061729,0.11728395061728394
15,2024,ARI,28,2436,5522,6284,1452,933,271,37,211,886,845,569,17,1265,84,66,34,112,119,30,0.263,1866,1594,824,185,24552,9012,15540,110,73,20,0.091,0.201,0.45,0.337,0.44,0.777,0.177,0.302,1.17,0.192,0.436,0.372,0.1159999999999999,0.132,0.059,0.2739999999999999,0.337,133.0,868,112.0,21.2,190.0,-22.8,332.9,34.4,$275.1,5.5,115,11.29,-97.58,108.87,154.59,15.87,0.91,1.21,162,8.3,4.05,0.493,94.1,0.215,84.8,0.067,89.6,0.08,80.4,0.106,85.6,0.033,86.7,0.005,77.3,0.003,,99.8,-11.9,20.2,18.8,7.1,-1.7,1.7,0.83,-0.22,1.23,0.96,0.27,-0.21,1.32,0.295,0.675,0.456,0.653,0.885,0.7979999999999999,0.424,0.596,0.092,12.5,0.335,,0.071,0.0289999999999999,0.001,0.157,0.209,0.066,0.018,0.001,0.109,0.001,0.005,,94.3,,89.8,86.8,83.9,93.6,84.8,79.9,81.9,51.0,85.6,80.6,77.3,-1.5,,0.6,-5.2,4.1,-2.5,1.5,1.7,1.4,-2.4,-1.3,-4.4,-4.2,9.1,,4.8,2.1,3.1,4.6,1.1,-4.9,-4.2,8.6,3.4,-1.9,-2.2,74.4,,24.5,1.3,-0.5,16.8,-15.9,17.4,1.1,1.3,2.7,0.1,1.7,0.91,,1.41,0.19,-3.48,0.44,-0.31,1.08,0.25,7.64,0.1,0.35,1.31,0.264,0.637,0.456,0.586,0.8809999999999999,0.7979999999999999,0.515,18.5,-1.6,-0.7,15.9,21 - 35,124.5,20.1,3.3,0.426,0.337,0.237,0.155,0.52,0.325,0.325,0.1119999999999999,0.0,0.075,0.331,0.075,0.025,0.005,0.001,0.156,0.22,0.0,85.7,79.6,80.3,94.4,90.0,86.6,77.2,80.6,93.7,84.8,84.1,-1.6,5.4,1.9,-1.4,0.7,-4.3,-3.4,-4.2,-2.4,1.8,0.0,1.9,-8.9,-6.8,8.1,3.9,0.9,-3.8,-3.4,3.4,-0.3,0.0,4.6,0.0,12.6,69.7,23.6,-2.4,1.7,0.1,15.8,-9.5,-0.1,0.17,3.5,0.68,0.86,1.29,-0.39,1.28,0.35,0.42,-0.18,-0.63,0.265,0.638,0.456,0.588,0.8809999999999999,0.7979999999999999,0.514,18.5,-0.7,107,110,89,107,109,113,102,0.97,101,100,111,105,96,97,97,99,103,89.1,12.7,346,0.079,117.0,1703,0.39,4366,0.174,0.266,0.254,0.414,0.329,34.8,0.8296387520525451,0.381038374717833,0.7986950986632718,3.70021459761453,0.5555555555555556,0.13580246913580246
9,2024,NYY,29,2304,5450,6245,1352,857,243,15,237,815,782,672,26,1326,49,57,14,138,88,26,0.248,1776,1557,821,154,24991,9455,15536,100,41,15,0.108,0.212,0.51,0.333,0.429,0.761,0.181,0.283,1.14,0.198,0.428,0.375,0.099,0.152,0.0559999999999999,0.366,0.331,104.8,835,128.6,34.8,188.8,-19.1,334.1,34.5,$276.0,4.1,118,4.44,-98.09,102.54,101.67,10.46,0.9,1.58,59,9.49,-4.57,0.462,93.8,0.228,84.5,0.089,89.3,0.077,79.9,0.106,85.6,0.038,86.6,,,0.005,,68.8,14.9,7.2,1.1,2.6,7.3,,0.6,0.26,0.33,0.06,0.1,0.77,,0.2789999999999999,0.664,0.4429999999999999,0.643,0.862,0.7829999999999999,0.427,0.595,0.096,-17.2,0.301,,0.091,0.036,,0.156,0.228,0.068,0.011,0.001,0.107,,,,94.0,,89.5,86.5,,93.4,84.5,79.4,81.4,55.5,85.6,,,-1.8,,0.7,-6.5,,-3.1,2.0,2.6,1.5,-3.2,-2.9,,,9.5,,4.9,2.2,,4.4,1.0,-5.6,-5.3,8.0,3.1,,,26.4,,1.9,5.5,,36.5,9.3,3.8,-0.8,1.2,1.1,,,0.35,,0.08,0.61,,0.94,0.16,0.23,-0.29,3.63,0.04,,,0.249,0.629,0.4429999999999999,0.583,0.858,0.7829999999999999,0.512,18.7,15.7,-5.2,-10.9,21 - 35,111.4,18.2,-5.2,0.3929999999999999,0.353,0.253,0.147,0.522,0.331,0.358,0.113,,0.072,0.298,0.092,0.031,,,0.157,0.237,0.0,85.7,,79.6,93.9,89.7,86.3,,,93.5,84.4,89.4,-3.0,,2.7,-1.7,0.9,-5.9,,,-3.0,2.1,0.0,1.5,,-7.5,8.4,3.9,1.2,,,3.2,-0.5,0.0,0.1,,3.3,24.9,3.3,6.2,,,37.0,9.1,0.0,0.0,,0.18,0.34,0.15,0.8,,,0.95,0.15,-0.76,0.247,0.629,0.4429999999999999,0.584,0.857,0.7829999999999999,0.514,18.7,20.1,103,132,94,108,109,117,99,1.01,103,96,134,96,101,105,91,99,107,90.1,12.7,442,0.105,120.0,1778,0.424,4198,0.176,0.272,0.255,0.443,0.343,34.1,0.8784722222222222,0.46527607361963197,0.7876701361088871,3.240701633074362,0.5061728395061729,0.09876543209876543
26,2024,PHI,29,2317,5534,6166,1423,916,285,24,198,784,750,515,21,1370,62,40,13,107,148,30,0.257,1789,1545,847,134,23781,8468,15313,140,36,11,0.084,0.222,0.38,0.325,0.425,0.75,0.168,0.306,1.16,0.203,0.428,0.37,0.087,0.128,0.078,0.306,0.325,75.3,797,50.1,4.4,186.4,-18.3,252.5,26.1,$208.6,5.3,107,3.79,-102.02,105.81,63.22,6.63,0.95,1.45,104,4.77,-0.77,0.476,93.7,0.244,84.5,0.066,89.3,0.084,80.2,0.0969999999999999,85.6,0.031,85.9,0.002,76.4,0.004,,48.7,14.2,-1.9,5.2,13.9,4.3,-0.5,0.43,0.25,-0.12,0.26,0.61,0.6,-1.19,0.335,0.701,0.487,0.609,0.8690000000000001,0.764,0.415,0.633,0.115,10.0,0.309,,0.072,0.0279999999999999,0.001,0.162,0.237,0.083,0.009,0.0,0.096,0.001,0.002,,94.3,,89.5,86.3,80.8,93.0,84.5,79.8,82.0,50.6,85.6,80.2,76.2,-1.8,,0.7,-5.3,-0.6,-1.9,1.5,2.5,1.2,-3.1,-1.2,-4.2,-2.1,9.2,,4.6,1.9,0.4,4.8,1.0,-4.8,-4.8,9.3,3.3,-2.1,-3.2,9.5,,0.5,1.7,-1.1,21.6,8.3,0.1,-0.5,-1.1,13.4,1.7,-0.6,0.13,,0.03,0.26,-4.55,0.57,0.15,0.0,-0.22,-11.75,0.59,9.35,-1.28,0.304,0.6679999999999999,0.487,0.545,0.861,0.763,0.505,18.8,-13.8,5.8,-0.5,23 - 35,60.2,19.7,1.2,0.401,0.346,0.254,0.155,0.504,0.341,0.3379999999999999,0.0969999999999999,0.0,0.083,0.305,0.075,0.0279999999999999,0.002,0.001,0.1639999999999999,0.246,,85.6,80.3,80.1,94.2,89.8,85.8,76.1,80.2,93.1,84.6,,-1.1,4.3,2.6,-1.7,0.9,-4.6,-2.0,-4.1,-1.8,2.0,,1.8,-9.4,-6.7,8.1,3.8,0.8,-4.7,-3.5,3.5,-0.4,,11.5,-0.1,-0.1,19.0,-11.3,3.6,-0.6,1.7,19.7,16.0,,0.5,-1.44,-0.01,0.26,-0.64,0.54,-1.28,9.35,0.51,0.27,,0.304,0.667,0.487,0.547,0.86,0.763,0.505,18.8,-10.2,104,101,98,103,105,107,103,1.02,100,99,107,99,98,104,97,96,108,89.0,12.8,325,0.077,115.6,1679,0.3979999999999999,4219,0.155,0.2689999999999999,0.252,0.41,0.321,24.0,0.8364264134656884,0.40408163265306124,0.7778138177100227,3.060291830859237,0.4876543209876543,0.10493827160493827
2,2024,BAL,28,2412,5567,6176,1391,861,262,33,235,786,759,489,14,1359,64,45,6,71,98,25,0.25,1718,1717,805,175,24148,8552,15596,105,18,6,0.079,0.22,0.36,0.315,0.435,0.751,0.186,0.288,1.0,0.19,0.405,0.405,0.102,0.1369999999999999,0.061,0.3329999999999999,0.324,70.6,793,96.4,-13.4,186.7,-20.2,267.1,27.6,$220.7,5.1,114,6.66,-97.03,103.69,86.09,9.19,0.9,1.5,140,8.77,-1.34,0.476,93.9,0.201,84.4,0.088,89.5,0.083,79.8,0.118,86.0,0.034,85.7,,,0.003,,21.4,9.1,22.2,21.5,13.7,3.9,,0.19,0.19,1.05,1.07,0.48,0.48,,0.325,0.701,0.485,0.645,0.862,0.778,0.423,0.607,0.107,-0.4,0.331,,0.084,0.032,,0.142,0.203,0.07,0.016,0.0,0.12,,0.0,,94.2,,89.9,85.6,,93.4,84.5,79.3,81.6,41.5,85.9,,59.0,-1.9,,0.7,-5.4,,-3.3,2.0,2.9,3.6,-1.5,-3.7,,1.8,9.3,,4.8,1.9,,4.1,1.1,-5.6,-6.3,6.0,3.0,,3.3,13.4,,22.6,1.9,,-15.0,3.2,25.9,-2.3,0.3,14.3,,1.1,0.17,,1.11,0.24,,-0.44,0.07,1.53,-0.59,2.71,0.49,,9.07,0.294,0.67,0.485,0.5870000000000001,0.858,0.777,0.508,18.9,-33.6,-1.6,-2.9,20 - 36,96.0,18.0,10.0,0.391,0.363,0.246,0.153,0.505,0.342,0.337,0.121,0.0,0.081,0.324,0.09,0.031,0.0,,0.143,0.21,,86.0,77.8,79.6,94.3,90.0,85.7,58.6,,93.4,84.5,,-3.7,5.6,3.4,-1.8,0.9,-5.3,1.5,,-3.3,2.2,,1.6,-10.4,-7.6,8.4,3.9,0.5,0.9,,2.9,-0.3,,13.1,-0.4,21.3,3.1,19.1,2.2,1.1,,-7.9,12.1,,0.45,-5.79,1.09,0.04,0.88,0.3,9.68,,-0.23,0.24,,0.295,0.6679999999999999,0.485,0.58,0.86,0.7759999999999999,0.508,18.9,-4.0,104,97,97,102,110,120,101,0.97,98,104,121,96,103,102,94,96,110,89.7,14.5,381,0.089,114.4,1807,0.424,4264,0.159,0.267,0.25,0.424,0.324,27.5,0.7794361525704809,0.47837150127226463,0.7799546632124352,3.1390591267955243,0.46296296296296297,0.12962962962962962
29,2024,SDP,29,2429,5526,6103,1456,989,259,18,190,760,726,458,18,1077,56,31,28,133,120,28,0.263,1879,1646,920,137,23653,8276,15377,107,63,21,0.075,0.176,0.43,0.324,0.42,0.745,0.157,0.295,1.14,0.207,0.423,0.37,0.083,0.115,0.057,0.3329999999999999,0.324,65.3,779,78.7,-8.5,184.5,-19.4,259.4,26.8,$214.4,4.8,111,8.42,-96.92,105.34,63.24,6.82,0.92,1.24,117,5.47,3.68,0.52,93.8,0.208,84.7,0.076,89.2,0.078,79.6,0.086,85.3,0.031,86.3,,,0.003,,-12.2,31.5,-3.7,5.4,19.2,7.7,,-0.1,0.64,-0.2,0.29,0.94,1.07,,0.313,0.688,0.479,0.684,0.893,0.816,0.441,0.628,0.088,4.7,0.327,,0.078,0.0289999999999999,0.001,0.1889999999999999,0.2019999999999999,0.067,0.018,0.001,0.086,0.001,,,94.1,,89.6,86.4,83.0,93.5,84.7,79.2,80.8,45.5,85.3,80.7,,-2.1,,0.3,-5.1,6.1,-4.6,1.8,1.9,2.6,-1.9,-2.8,-5.1,,9.1,,4.9,2.0,3.3,4.4,1.1,-5.1,-5.1,6.6,3.0,-2.1,,12.7,,-7.8,7.6,-0.9,-37.6,30.0,2.0,4.3,0.2,19.0,1.3,,0.16,,-0.42,1.12,-4.28,-0.84,0.63,0.13,0.99,0.86,0.93,6.37,,0.282,0.655,0.479,0.63,0.887,0.815,0.528,18.6,-27.9,0.9,-0.8,21 - 37,83.3,19.5,-4.5,0.38,0.377,0.243,0.15,0.544,0.305,0.283,0.09,0.0,0.076,0.321,0.084,0.027,,0.001,0.19,0.211,,85.2,79.2,79.6,94.2,89.7,86.6,,80.5,93.3,84.7,,-2.6,5.7,2.7,-2.0,0.6,-4.4,,-4.5,-4.0,2.2,,1.5,-8.6,-7.1,8.1,3.9,0.7,,-4.0,3.0,-0.4,,20.7,0.4,5.7,9.3,-9.1,5.6,,1.3,-35.0,30.0,,0.97,4.72,0.32,0.12,-0.46,0.88,,6.37,-0.78,0.6,,0.282,0.654,0.479,0.634,0.884,0.815,0.53,18.6,-5.3,107,91,78,103,104,100,100,1.05,98,100,97,94,107,100,94,104,97,89.1,13.2,321,0.071,116.7,1742,0.386,4512,0.1689999999999999,0.257,0.269,0.422,0.329,26.8,0.7879785920131741,0.4,0.8235294117647058,3.1470857082184933,0.4567901234567901,0.13580246913580246
21,2024,HOU,29,2336,5530,6107,1448,978,264,16,190,740,701,448,28,1176,67,46,12,132,93,24,0.262,1847,1639,882,138,22379,7792,14587,136,44,20,0.073,0.193,0.38,0.322,0.418,0.741,0.157,0.299,1.13,0.2019999999999999,0.423,0.375,0.084,0.1159999999999999,0.074,0.455,0.321,54.3,769,73.6,2.1,184.7,-18.5,246.9,25.5,$204.0,4.2,111,-0.66,-104.84,104.18,43.37,4.4,0.98,1.52,109,5.47,-6.14,0.476,93.7,0.233,84.6,0.076,89.5,0.0819999999999999,79.9,0.099,85.0,0.035,86.9,,,0.005,,24.6,2.3,-6.3,9.9,7.1,8.4,,0.23,0.04,-0.37,0.54,0.32,1.09,,0.347,0.716,0.498,0.647,0.877,0.782,0.408,0.63,0.108,-12.8,0.311,,0.076,0.033,,0.163,0.233,0.068,0.016,0.001,0.098,0.0,,,94.1,,89.7,86.6,,93.3,84.6,79.4,81.4,49.5,85.0,80.2,,-1.4,,0.1,-6.6,,-6.3,1.8,2.5,2.3,-1.8,-0.8,-4.9,,9.6,,5.2,1.9,,4.8,1.1,-5.2,-5.8,3.0,3.8,-2.2,,11.7,,-8.7,7.3,,4.7,-8.3,14.8,-3.4,-0.6,4.1,-0.7,,0.17,,-0.51,0.99,,0.13,-0.16,0.97,-0.93,-2.33,0.19,-10.11,,0.318,0.679,0.498,0.5920000000000001,0.871,0.7809999999999999,0.498,18.8,-16.3,-2.7,-13.6,23 - 41,60.8,17.8,-2.7,0.417,0.352,0.23,0.153,0.5479999999999999,0.299,0.297,0.1009999999999999,,0.078,0.31,0.076,0.03,0.001,0.0,0.162,0.243,,85.2,,79.8,94.2,90.1,86.4,48.9,79.9,93.5,84.7,,-0.9,,2.7,-1.3,0.3,-5.8,0.0,-4.8,-5.9,2.3,,2.2,,-7.3,8.5,4.2,0.8,-3.0,-4.2,3.5,-0.3,,7.4,,9.7,11.6,-9.8,4.6,0.0,-0.7,5.0,-6.5,,0.33,,0.55,0.17,-0.58,0.68,-0.01,-10.11,0.14,-0.12,,0.317,0.677,0.498,0.5920000000000001,0.868,0.7809999999999999,0.503,18.8,-0.7,109,90,85,104,106,101,105,1.04,102,96,102,102,100,96,94,104,97,88.9,13.5,333,0.075,117.0,1718,0.389,4416,0.152,0.26,0.258,0.416,0.322,24.8,0.8116438356164384,0.41081081081081083,0.8074340920255445,2.9482598299411684,0.4658385093167702,0.13664596273291926
3,2024,BOS,29,2416,5577,6192,1404,869,311,30,194,751,724,493,30,1570,73,40,7,110,144,44,0.252,1671,1537,812,169,24232,8543,15689,124,34,7,0.08,0.254,0.31,0.319,0.423,0.741,0.171,0.314,1.09,0.2019999999999999,0.416,0.382,0.11,0.126,0.074,0.206,0.321,53.0,777,38.1,-21.7,187.2,-19.2,206.9,21.4,$171.0,5.1,105,-3.41,-106.91,103.51,-17.37,-1.7,0.94,1.47,191,2.01,-5.61,0.483,93.8,0.213,84.4,0.083,89.9,0.088,80.2,0.099,86.1,0.033,86.3,0.001,77.2,0.006,,35.0,1.7,3.8,0.6,14.6,-6.5,1.9,0.3,0.03,0.19,0.03,0.61,-0.81,5.53,0.3279999999999999,0.698,0.485,0.601,0.835,0.7440000000000001,0.424,0.625,0.124,4.5,0.33,,0.086,0.034,,0.148,0.21,0.074,0.017,0.002,0.098,0.0,0.001,,94.3,,90.2,86.1,,93.1,84.5,79.4,82.3,53.1,86.1,80.9,77.3,-1.8,,0.5,-5.9,,-2.5,1.3,2.8,2.2,-5.1,-2.9,-5.0,-3.1,9.3,,5.4,2.0,,4.3,0.9,-5.1,-5.5,7.6,3.3,-1.4,-1.8,21.7,,6.7,-6.8,,1.3,-7.8,5.9,-2.7,3.6,12.4,-1.1,2.2,0.27,,0.32,-0.83,,0.04,-0.15,0.33,-0.66,7.02,0.52,-10.42,6.74,0.297,0.667,0.485,0.546,0.8290000000000001,0.7440000000000001,0.509,18.6,-40.9,-0.1,-6.5,23 - 44,42.6,18.0,-3.8,0.3929999999999999,0.357,0.25,0.168,0.519,0.313,0.365,0.102,0.0,0.0819999999999999,0.3229999999999999,0.09,0.031,0.001,0.0,0.149,0.22,0.0,85.5,75.6,80.2,94.5,90.5,86.3,77.1,80.3,93.1,84.4,87.7,-2.9,4.7,3.2,-1.8,0.7,-5.4,-2.6,-4.7,-2.2,1.5,0.0,1.8,-10.7,-7.1,8.4,4.4,0.9,-3.1,-3.3,3.1,-0.5,0.0,16.9,-0.1,7.0,17.2,1.5,-9.2,1.8,-1.2,5.3,-4.7,1.0,0.68,-4.87,0.35,0.22,0.07,-1.21,5.42,-11.81,0.15,-0.09,34.93,0.297,0.665,0.485,0.5429999999999999,0.8290000000000001,0.7440000000000001,0.51,18.6,-12.3,105,98,112,103,107,110,110,1.04,100,98,111,96,102,104,104,98,101,89.1,13.2,362,0.089,114.7,1662,0.41,4056,0.161,0.285,0.239,0.403,0.311,19.6,0.785182119205298,0.41331557922769646,0.7464470284237725,3.2432561140941036,0.46296296296296297,0.19135802469135801
25,2024,NYM,30,2404,5510,6166,1357,856,279,15,207,768,735,514,11,1382,92,36,10,105,106,22,0.246,1746,1559,839,159,24122,8589,15533,129,29,8,0.083,0.2239999999999999,0.37,0.319,0.415,0.734,0.169,0.291,1.12,0.2019999999999999,0.421,0.376,0.102,0.133,0.074,0.276,0.32,48.9,770,59.2,7.3,186.4,-19.7,245.2,25.3,$202.6,4.5,108,5.91,-103.57,109.47,69.29,7.43,0.96,1.4,122,5.07,1.07,0.483,93.9,0.233,85.1,0.08,89.1,0.087,80.5,0.086,85.6,0.03,86.6,0.002,76.5,0.003,,25.9,-2.6,0.0,4.3,28.6,-7.6,-0.2,0.22,-0.05,0.0,0.2,1.39,-1.05,-0.43,0.321,0.6890000000000001,0.478,0.613,0.867,0.769,0.427,0.617,0.11,-7.8,0.311,,0.08,0.0289999999999999,,0.1689999999999999,0.2339999999999999,0.073,0.015,0.002,0.085,,0.002,,94.3,,89.6,85.9,,93.5,85.1,79.7,83.2,46.3,85.6,,76.5,-1.8,,0.4,-3.7,,-4.0,2.0,2.5,2.6,-1.1,-0.6,,-3.2,9.2,,4.8,2.3,,4.6,1.2,-5.0,-4.8,8.3,3.1,,-2.6,26.3,,5.3,-5.3,,-10.1,-21.5,7.8,4.0,1.5,25.9,,-0.2,0.35,,0.27,-0.77,,-0.25,-0.38,0.44,1.09,2.84,1.27,,-0.42,0.289,0.6559999999999999,0.478,0.546,0.861,0.769,0.516,18.7,-12.4,0.8,-6.0,22 - 38,51.4,19.7,5.6,0.414,0.351,0.235,0.16,0.521,0.319,0.341,0.086,0.0,0.084,0.312,0.084,0.027,0.002,,0.166,0.24,0.0,85.7,79.0,80.1,94.3,89.9,86.1,76.5,,93.6,85.0,80.1,-0.6,5.4,2.9,-1.7,0.7,-3.6,-2.9,,-3.8,2.3,0.0,1.7,-9.1,-6.6,8.2,3.9,1.0,-3.8,,3.3,-0.1,0.0,30.2,0.1,6.2,27.7,-0.1,-8.2,-0.2,,-12.1,-11.8,0.1,1.46,1.97,0.31,0.37,0.0,-1.25,-0.42,,-0.3,-0.2,3.04,0.288,0.6559999999999999,0.478,0.5489999999999999,0.8590000000000001,0.769,0.517,18.7,4.6,100,101,99,101,103,107,98,1.02,98,101,111,102,100,96,100,99,101,89.3,12.9,372,0.089,116.3,1722,0.412,4178,0.165,0.275,0.25,0.417,0.325,25.3,0.7782861896838602,0.4312500000000001,0.7758676613687966,3.279061287343675,0.4876543209876543,0.16049382716049382
23,2024,MIL,28,2381,5472,6170,1359,900,249,33,177,777,742,597,19,1459,46,34,15,97,217,42,0.248,1816,1438,742,136,24909,9100,15809,147,66,24,0.0969999999999999,0.236,0.41,0.326,0.403,0.729,0.155,0.305,1.26,0.186,0.4539999999999999,0.36,0.095,0.123,0.081,0.364,0.319,41.8,764,33.7,29.1,186.6,-21.1,267.8,27.7,$221.3,6.0,105,0.33,-110.84,111.17,49.1,5.2,1.01,1.37,160,1.5,-1.17,0.504,93.7,0.21,84.8,0.081,89.3,0.087,80.2,0.089,85.5,0.0289999999999999,86.4,,,0.004,,15.9,15.7,-7.2,4.6,16.5,-5.7,,0.13,0.3,-0.36,0.21,0.75,-0.78,,0.289,0.6559999999999999,0.447,0.636,0.8590000000000001,0.777,0.431,0.613,0.1,19.8,0.324,,0.0819999999999999,0.025,0.0,0.176,0.207,0.072,0.018,0.002,0.092,0.0,0.0,,94.2,,89.5,85.9,84.5,93.2,84.8,79.5,81.4,60.1,85.5,80.8,56.2,-1.9,,0.6,-4.0,4.7,-3.8,1.9,2.9,2.3,-4.8,-2.3,-4.8,-3.0,9.0,,4.8,1.8,2.4,4.7,1.2,-5.0,-5.2,8.7,3.2,-2.2,6.5,-5.1,,-8.7,-5.1,0.7,7.0,12.0,12.3,-4.1,1.3,14.7,0.3,0.4,-0.06,,-0.43,-0.81,14.13,0.16,0.23,0.68,-0.89,2.71,0.65,2.43,7.86,0.26,0.623,0.447,0.5660000000000001,0.858,0.7759999999999999,0.517,18.4,8.0,14.4,-4.3,20 - 37,53.5,19.7,-1.4,0.3879999999999999,0.366,0.246,0.166,0.518,0.315,0.362,0.094,0.0,0.0819999999999999,0.317,0.093,0.023,0.0,0.001,0.174,0.217,0.0,85.6,63.1,80.0,94.2,89.7,85.6,55.8,81.0,93.2,84.8,89.2,-2.4,2.4,3.3,-1.8,0.7,-3.2,-2.4,-5.2,-3.7,2.2,0.0,1.6,-4.1,-7.0,8.0,4.0,0.8,3.3,-3.4,3.4,-0.3,0.0,14.9,0.0,7.2,-0.8,-8.4,-3.0,-0.1,0.3,0.4,11.9,-0.1,0.64,-0.3,0.36,-0.01,-0.36,-0.53,-4.58,2.41,0.01,0.22,-2.73,0.258,0.623,0.447,0.5670000000000001,0.856,0.7759999999999999,0.519,18.4,2.2,101,117,105,103,100,98,103,0.94,106,97,103,96,104,101,104,99,100,88.6,11.5,293,0.072,118.1,1566,0.385,4068,0.184,0.284,0.24,0.386,0.312,26.7,0.8215035699286014,0.3644787644787645,0.7635332252836304,3.263079536378409,0.47530864197530864,0.13580246913580246
8,2024,MIN,28,2451,5490,6123,1352,837,309,23,183,742,702,473,15,1306,101,47,10,115,65,23,0.246,1652,1724,841,179,23397,8328,15069,125,24,2,0.077,0.213,0.36,0.315,0.411,0.726,0.165,0.289,0.96,0.1989999999999999,0.392,0.409,0.104,0.106,0.076,0.083,0.316,28.0,744,37.9,6.4,185.1,-21.6,214.4,22.1,$177.2,4.2,105,0.52,-104.79,105.31,30.37,3.31,0.96,1.3,181,1.82,-1.27,0.455,94.1,0.222,84.6,0.081,89.5,0.091,80.1,0.115,85.3,0.035,86.3,0.001,78.2,0.003,,-1.4,-0.3,7.5,4.4,13.6,1.3,2.6,-0.01,0.0,0.4,0.21,0.5,0.16,11.61,0.327,0.705,0.484,0.613,0.863,0.764,0.415,0.62,0.114,-11.2,0.314,,0.084,0.038,,0.135,0.223,0.071,0.022,0.0,0.1119999999999999,,0.001,,94.2,,90.2,86.1,,93.5,84.6,79.4,82.0,52.5,85.3,,78.1,-1.5,,0.7,-6.0,,-4.8,2.3,2.2,1.9,-1.7,-2.1,,-2.3,9.3,,4.8,2.2,,4.6,1.0,-5.2,-5.1,8.4,3.7,,-3.0,8.4,,-2.3,3.8,,-16.8,0.8,-3.2,6.6,0.0,6.4,,2.6,0.11,,-0.12,0.43,,-0.53,0.02,-0.19,1.31,1.11,0.24,,11.75,0.295,0.6709999999999999,0.484,0.552,0.856,0.764,0.503,18.4,-15.2,-7.3,1.3,23 - 38,26.7,17.8,-4.0,0.423,0.355,0.223,0.1669999999999999,0.515,0.319,0.32,0.115,0.0,0.088,0.313,0.084,0.035,0.001,,0.134,0.231,0.0,85.3,81.0,80.0,94.3,90.1,86.2,78.2,,93.4,84.6,79.1,-2.2,5.3,2.4,-1.3,1.0,-5.4,-1.6,,-4.5,2.7,0.0,2.2,-9.7,-7.0,8.3,3.8,1.1,-4.2,,3.4,-0.3,0.0,4.5,0.1,-2.9,3.2,1.9,7.0,2.6,,-11.5,1.7,-0.3,0.17,3.12,-0.14,0.04,0.1,0.86,11.75,,-0.37,0.03,-14.97,0.295,0.6709999999999999,0.484,0.551,0.855,0.763,0.504,18.4,4.4,103,95,95,102,104,106,101,1.02,94,105,94,104,101,92,103,97,103,88.8,15.0,327,0.077,116.8,1624,0.3829999999999999,4243,0.159,0.273,0.245,0.402,0.315,21.1,0.744594043247654,0.3946091644204852,0.7867058631389842,3.3487336905103957,0.43209876543209874,0.15432098765432098
16,2024,ATL,29,2283,5481,6075,1333,832,273,15,213,704,674,485,11,1461,58,39,9,119,69,20,0.243,1672,1576,802,168,23973,8548,15425,128,18,7,0.08,0.24,0.33,0.309,0.415,0.724,0.172,0.291,1.06,0.198,0.413,0.389,0.107,0.135,0.077,0.389,0.315,22.4,733,5.6,1.4,183.7,-18.7,181.2,18.7,$149.7,4.1,101,-4.84,-103.85,99.0,-25.28,-2.83,0.94,1.42,77,0.36,-5.54,0.5,93.9,0.225,85.0,0.074,88.9,0.081,80.4,0.09,85.5,0.027,86.6,0.003,78.3,0.003,,-1.6,-20.8,10.7,10.0,17.4,0.7,0.7,-0.01,-0.39,0.6,0.51,0.8,0.11,0.98,0.33,0.7290000000000001,0.497,0.609,0.833,0.747,0.42,0.63,0.126,-10.3,0.3289999999999999,,0.075,0.024,0.001,0.1689999999999999,0.223,0.065,0.02,0.002,0.089,0.0,0.003,,94.4,,89.3,86.4,83.1,93.4,84.9,80.0,81.5,46.8,85.6,81.1,78.2,-2.1,,0.9,-4.9,-5.0,-4.5,2.2,2.3,3.4,-1.7,-1.7,-4.8,-3.4,9.1,,4.6,2.8,1.0,4.5,1.1,-4.6,-4.5,8.1,3.0,-0.8,-1.9,-0.7,,13.7,-3.7,-0.3,-11.4,-22.6,3.4,-1.6,2.2,19.2,1.0,0.7,-0.01,,0.76,-0.64,-1.41,-0.28,-0.42,0.22,-0.33,4.57,0.9,8.99,0.97,0.292,0.696,0.497,0.542,0.8290000000000001,0.746,0.508,18.6,-17.3,-5.1,-2.9,21 - 40,-4.6,19.4,-2.2,0.4379999999999999,0.3379999999999999,0.225,0.155,0.499,0.347,0.355,0.09,,0.077,0.324,0.077,0.025,0.003,0.0,0.17,0.2339999999999999,0.0,85.4,,80.0,94.5,89.7,85.9,77.8,81.0,93.5,85.0,89.8,-1.8,,2.6,-2.0,1.1,-4.1,-2.9,-4.3,-4.1,2.7,0.0,1.6,,-6.3,8.2,3.8,1.4,-3.1,-2.7,3.4,-0.2,0.0,19.7,,7.0,-1.8,13.4,-4.2,0.8,0.9,-9.5,-27.6,0.0,0.92,,0.38,-0.02,0.73,-0.69,1.08,9.4,-0.23,-0.49,-0.88,0.295,0.693,0.497,0.5489999999999999,0.8270000000000001,0.746,0.509,18.6,0.2,99,97,106,98,103,109,99,1.0,96,105,113,108,96,92,97,95,110,89.9,13.8,411,0.1009999999999999,115.4,1734,0.426,4071,0.145,0.271,0.244,0.428,0.323,18.1,0.7963206307490145,0.4840909090909091,0.7595061728395062,2.9241359878105815,0.4444444444444444,0.16049382716049382
17,2024,CHC,28,2364,5441,6116,1318,866,253,29,170,736,696,546,19,1362,70,41,17,89,143,30,0.242,1674,1627,795,162,23991,8639,15352,129,41,14,0.089,0.223,0.4,0.317,0.393,0.71,0.151,0.291,1.03,0.1939999999999999,0.409,0.397,0.1,0.104,0.077,0.341,0.311,2.3,718,1.7,12.9,184.9,-18.5,211.2,21.8,$174.5,5.3,100,0.64,-104.84,105.48,35.66,3.61,0.99,1.57,132,-0.45,1.1,0.488,94.0,0.22,84.5,0.079,89.2,0.076,79.8,0.103,85.9,0.035,87.7,,,0.004,,8.8,-17.7,16.1,4.5,1.3,-5.8,,0.08,-0.34,0.86,0.25,0.05,-0.7,,0.311,0.7040000000000001,0.479,0.64,0.846,0.769,0.426,0.624,0.11,10.5,0.327,,0.077,0.033,,0.162,0.218,0.069,0.013,0.001,0.1009999999999999,,,,94.4,,89.4,86.6,,93.4,84.6,79.4,81.3,50.3,85.8,,,-2.4,,0.7,-5.1,,-4.2,2.3,2.6,3.2,1.5,-2.1,,,9.0,,4.6,1.8,,4.2,1.0,-5.0,-5.7,7.1,3.3,,,-12.7,,12.3,-6.3,,7.7,-22.4,6.9,-2.1,1.4,-0.6,,,-0.16,,0.67,-0.8,,0.2,-0.43,0.42,-0.69,4.76,-0.02,,,0.278,0.665,0.479,0.579,0.8420000000000001,0.768,0.518,18.4,-5.5,4.9,1.6,21 - 36,12.3,19.5,4.3,0.3979999999999999,0.35,0.252,0.1669999999999999,0.537,0.296,0.34,0.1,0.0,0.072,0.319,0.081,0.033,,,0.166,0.2269999999999999,0.001,86.1,78.9,79.8,94.6,89.7,86.5,,,93.7,84.7,87.4,-2.3,5.4,3.3,-2.4,0.8,-4.5,,,-3.8,2.5,-0.1,1.9,-9.1,-7.3,8.1,3.6,0.7,,,3.1,-0.2,0.4,2.2,0.0,0.8,-11.8,13.0,-6.1,,,7.2,-21.4,0.3,0.09,0.16,0.04,-0.15,0.67,-0.78,,,0.18,-0.39,2.24,0.278,0.664,0.479,0.578,0.841,0.768,0.52,18.4,-11.7,98,108,99,101,97,96,98,0.98,95,107,88,99,99,103,105,102,94,88.7,14.5,321,0.078,115.5,1583,0.3829999999999999,4138,0.16,0.27,0.241,0.398,0.315,21.6,0.7884940778341794,0.3695652173913043,0.7773054283845651,3.4009475578259023,0.4506172839506173,0.18518518518518517
7,2024,KCR,29,2409,5421,5982,1343,874,264,35,170,735,711,429,22,1161,52,54,23,95,134,31,0.248,1764,1720,798,194,22774,7956,14818,120,55,22,0.072,0.1939999999999999,0.37,0.306,0.403,0.71,0.156,0.283,1.03,0.186,0.412,0.402,0.113,0.099,0.068,0.4,0.307,-13.2,687,-19.3,35.4,180.9,-19.6,203.6,21.0,$168.3,5.6,97,-1.16,-100.83,99.67,0.11,-0.13,0.94,1.39,155,-3.56,2.33,0.4589999999999999,94.0,0.233,84.7,0.089,89.4,0.084,79.9,0.102,85.1,0.035,86.5,,,0.004,,-21.0,6.8,-7.2,-4.9,16.3,6.6,,-0.2,0.13,-0.36,-0.26,0.7,0.83,,0.336,0.703,0.488,0.659,0.882,0.792,0.414,0.627,0.1009999999999999,8.8,0.317,,0.089,0.032,0.0,0.14,0.233,0.071,0.015,0.0,0.104,,0.0,,94.2,,89.7,86.3,76.4,93.4,84.7,79.4,82.2,47.9,85.1,,59.8,-2.2,,0.4,-5.3,-9.2,-4.3,2.2,2.5,1.1,-2.8,-3.1,,-7.4,9.1,,4.9,2.2,-0.2,4.6,1.1,-5.1,-5.0,9.6,3.4,,7.4,-20.4,,-6.9,7.4,0.1,-6.5,1.8,0.6,-5.6,0.0,12.5,,-0.2,-0.28,,-0.34,1.01,6.34,-0.2,0.03,0.04,-1.66,2.42,0.53,,-9.68,0.302,0.67,0.488,0.6,0.875,0.7909999999999999,0.506,18.4,15.9,3.7,7.5,24 - 40,-10.5,17.4,1.1,0.431,0.337,0.2319999999999999,0.161,0.523,0.316,0.294,0.106,0.0,0.077,0.311,0.093,0.0279999999999999,,,0.145,0.241,0.0,85.2,81.1,79.9,94.3,90.0,85.9,,,93.5,84.6,83.2,-3.0,4.4,2.8,-2.1,0.7,-4.7,,,-3.9,2.6,-2.7,2.0,-9.4,-6.9,8.2,3.9,1.2,,,3.5,-0.3,4.4,12.7,0.6,-8.2,-28.7,-11.1,7.4,,,1.6,7.2,0.1,0.53,28.43,-0.47,-0.41,-0.52,1.18,,,0.05,0.13,4.92,0.303,0.667,0.488,0.602,0.8740000000000001,0.7909999999999999,0.508,18.4,-2.0,103,88,86,99,102,101,99,0.96,99,103,87,106,96,96,99,99,102,89.5,13.8,322,0.074,116.9,1756,0.405,4340,0.161,0.262,0.252,0.41,0.316,20.9,0.7355749273557493,0.37006802721088433,0.8059177532597793,2.936467834020093,0.4506172839506173,0.15432098765432098
14,2024,TOR,29,2400,5410,6060,1306,844,280,26,156,671,640,510,18,1233,78,45,14,126,72,16,0.241,1754,1605,839,183,23511,8311,15200,110,38,11,0.084,0.203,0.41,0.313,0.389,0.703,0.148,0.283,1.09,0.2,0.418,0.382,0.114,0.0969999999999999,0.063,0.289,0.307,-13.3,696,6.1,36.9,183.2,-19.3,211.5,21.8,$174.8,4.4,101,-5.91,-101.37,95.47,-29.12,-3.02,0.94,1.3,108,-3.28,-2.99,0.505,93.8,0.218,84.4,0.094,89.2,0.062,80.3,0.096,85.7,0.023,87.4,0.001,76.4,0.0069999999999999,,-34.7,12.2,-19.5,16.1,5.7,-1.3,0.1,-0.29,0.24,-0.88,1.11,0.25,-0.24,0.25,0.311,0.688,0.472,0.675,0.871,0.797,0.428,0.626,0.096,-13.0,0.318,,0.094,0.023,,0.185,0.216,0.054,0.013,0.001,0.095,,0.002,,94.2,,89.5,87.2,,93.3,84.5,79.8,82.3,42.1,85.6,,73.5,-2.3,,0.5,-6.4,,-4.3,2.4,2.5,3.0,-1.4,-2.7,,-3.6,9.5,,4.9,1.3,,4.6,0.9,-5.2,-5.8,5.9,3.2,,-0.9,-17.1,,-17.5,-1.8,,-22.5,5.8,7.6,5.8,1.6,2.6,,-0.1,-0.23,,-0.8,-0.34,,-0.52,0.11,0.61,1.99,6.77,0.11,,-0.37,0.272,0.6559999999999999,0.472,0.61,0.867,0.7959999999999999,0.521,18.4,17.5,-3.2,-4.0,22 - 39,-6.9,17.6,-6.4,0.406,0.335,0.26,0.17,0.52,0.309,0.313,0.1,0.0,0.06,0.314,0.099,0.018,0.002,,0.183,0.2239999999999999,,85.8,78.1,80.3,94.1,90.0,86.4,74.1,,93.4,84.4,,-2.9,4.8,2.8,-2.0,0.9,-5.1,-2.5,,-4.3,3.0,,1.6,-9.9,-7.5,8.4,4.1,0.7,-2.9,,3.4,-0.5,,-1.2,-0.2,12.7,-16.3,-11.0,6.8,-0.2,,-27.3,-1.5,,-0.05,-3.9,0.91,-0.22,-0.48,1.57,-0.41,,-0.64,-0.03,,0.272,0.657,0.472,0.613,0.865,0.7959999999999999,0.52,18.4,4.1,101,104,90,101,99,96,99,1.03,101,98,86,99,95,108,105,99,100,88.1,13.4,307,0.072,117.6,1561,0.368,4239,0.173,0.2689999999999999,0.241,0.387,0.31,21.4,0.7566666666666667,0.37198211624441135,0.7965346534653466,2.803873283636568,0.43209876543209874,0.19753086419753085
28,2024,STL,28,2352,5507,6114,1363,920,257,21,165,672,639,478,10,1318,56,47,17,91,91,29,0.248,1789,1552,863,171,23990,8401,15589,107,49,20,0.078,0.216,0.36,0.312,0.392,0.703,0.144,0.294,1.15,0.205,0.426,0.369,0.11,0.106,0.06,0.408,0.307,-14.2,701,-12.2,-3.3,184.9,-20.5,165.3,17.1,$136.6,4.2,98,-1.85,-110.88,109.03,-48.81,-5.0,1.03,1.64,117,-3.37,1.57,0.496,93.9,0.2189999999999999,84.5,0.072,89.1,0.083,80.2,0.092,85.6,0.036,86.9,0.002,77.6,0.002,,-18.6,-21.2,-1.0,11.0,25.5,-2.2,1.6,-0.16,-0.4,-0.06,0.55,1.16,-0.25,3.91,0.317,0.669,0.471,0.642,0.861,0.778,0.4379999999999999,0.626,0.104,-3.1,0.335,,0.072,0.031,0.001,0.163,0.2189999999999999,0.068,0.016,0.0,0.092,0.0,0.002,,94.2,,89.3,86.3,79.0,93.2,84.5,79.7,81.4,60.0,85.6,80.1,77.6,-1.8,,0.8,-4.3,-3.4,-3.2,1.9,2.7,2.4,-1.6,-2.5,-4.7,-2.7,9.0,,4.5,2.3,-0.8,4.7,1.0,-4.9,-4.1,5.3,3.1,-1.8,-1.2,-33.6,,-9.8,-5.0,2.0,-3.3,-12.2,10.0,-0.7,0.8,21.8,0.4,1.6,-0.42,,-0.57,-0.67,10.37,-0.08,-0.23,0.62,-0.19,76.55,0.98,3.49,3.92,0.286,0.637,0.471,0.588,0.855,0.778,0.528,18.6,-23.8,-4.9,5.3,22 - 38,-15.3,19.5,4.1,0.387,0.361,0.252,0.165,0.525,0.311,0.321,0.091,0.0,0.081,0.326,0.085,0.032,0.002,0.0,0.162,0.221,0.0,85.8,73.6,80.2,94.5,89.7,86.1,78.1,80.2,93.4,84.6,90.9,-2.7,3.0,2.8,-1.8,0.8,-4.0,-2.2,-4.6,-3.3,2.1,0.0,1.8,-8.6,-6.2,8.2,3.8,1.1,-2.5,-3.4,3.5,-0.2,0.0,20.5,0.7,7.5,-33.3,-6.9,-5.1,1.6,0.4,-4.0,-12.0,-0.1,0.94,17.66,0.39,-0.43,-0.34,-0.67,3.92,3.49,-0.1,-0.23,-1.28,0.288,0.633,0.471,0.588,0.8540000000000001,0.778,0.531,18.6,-4.5,100,95,95,99,97,92,100,1.04,99,99,89,96,102,103,103,100,98,88.7,13.1,287,0.067,115.5,1622,0.381,4262,0.176,0.281,0.247,0.39,0.31,17.9,0.7827380952380952,0.39285714285714285,0.7844291789335951,2.5833249849594617,0.3950617283950617,0.14814814814814814
5,2024,CLE,27,2455,5310,5927,1263,815,245,18,185,708,670,466,30,1196,87,43,17,111,148,46,0.238,1699,1630,797,175,22829,7976,14853,111,48,21,0.079,0.2019999999999999,0.39,0.307,0.395,0.703,0.157,0.271,1.04,0.193,0.412,0.395,0.107,0.113,0.065,0.4379999999999999,0.306,-20.5,673,2.4,33.8,179.2,-20.2,211.3,21.8,$174.6,5.0,100,-0.05,-102.75,102.7,5.23,0.68,0.96,1.38,157,-1.05,1.0,0.45,93.8,0.213,84.3,0.089,89.1,0.083,80.3,0.128,85.7,0.035,87.1,0.002,79.8,0.006,,-4.8,-11.8,-16.6,4.0,8.1,-1.6,-0.4,-0.05,-0.24,-0.82,0.21,0.28,-0.2,-0.7,0.337,0.701,0.49,0.667,0.8690000000000001,0.789,0.42,0.619,0.104,-1.2,0.314,,0.087,0.032,0.0,0.134,0.212,0.067,0.018,0.001,0.131,0.0,0.002,,94.1,,89.2,86.9,79.9,93.2,84.3,79.7,82.2,54.3,85.7,80.7,79.8,-2.3,,0.4,-5.8,-4.4,-1.9,1.7,2.8,3.1,-0.2,-4.8,-2.8,-3.4,9.1,,4.5,1.8,-1.0,4.5,0.9,-5.0,-5.2,7.6,3.0,0.4,-3.1,6.9,,-17.8,-1.7,2.0,-19.2,-19.8,-1.8,6.4,-1.4,3.5,0.0,-0.4,0.1,,-0.9,-0.23,32.86,-0.63,-0.41,-0.12,1.52,-9.76,0.12,-1.24,-0.78,0.304,0.67,0.49,0.612,0.866,0.789,0.509,18.4,13.6,0.4,2.5,22 - 37,1.3,17.2,0.7,0.428,0.341,0.231,0.174,0.541,0.285,0.312,0.134,0.0,0.078,0.307,0.087,0.0279999999999999,0.003,0.0,0.14,0.223,0.0,85.8,76.1,80.2,94.2,89.5,86.2,79.7,80.6,93.3,84.3,89.2,-4.7,3.4,3.5,-2.3,0.5,-5.1,-3.3,-2.5,-1.7,1.8,-8.9,1.5,-9.3,-7.0,8.2,3.6,0.9,-4.4,-0.9,3.3,-0.4,0.0,-0.2,-0.2,3.0,7.6,-14.8,3.4,-0.4,0.0,-20.1,-22.3,0.0,-0.01,-2.9,0.17,0.11,-0.74,0.54,-0.78,-1.24,-0.63,-0.44,-0.76,0.306,0.665,0.49,0.61,0.866,0.7879999999999999,0.513,18.4,16.1,99,97,89,100,100,102,95,0.99,99,101,100,105,97,96,107,102,92,87.7,14.4,242,0.0579999999999999,116.6,1410,0.337,4178,0.157,0.261,0.236,0.367,0.298,22.2,0.7042769857433808,0.4180790960451977,0.7982115741521849,2.9331712852849003,0.4658385093167702,0.16149068322981366
19,2024,COL,28,2277,5454,6026,1319,838,277,25,179,682,655,453,20,1617,51,45,19,126,85,31,0.242,1673,1429,768,118,23320,8010,15310,110,31,4,0.075,0.268,0.28,0.304,0.4,0.704,0.158,0.308,1.17,0.198,0.432,0.369,0.083,0.125,0.066,0.129,0.306,-22.2,683,-132.0,-3.7,182.2,-18.1,41.5,4.3,$34.3,4.5,82,-11.85,-109.36,97.5,-130.68,-12.67,0.96,1.08,67,-13.64,1.31,0.475,93.9,0.228,84.6,0.083,89.1,0.091,80.0,0.092,85.6,0.027,86.4,0.004,77.4,0.004,,-22.3,3.8,-4.0,-12.5,0.9,-5.5,-0.1,-0.2,0.07,-0.21,-0.59,0.04,-0.88,-0.08,0.354,0.718,0.505,0.5589999999999999,0.8390000000000001,0.725,0.416,0.639,0.139,-6.1,0.3279999999999999,,0.088,0.025,,0.145,0.22,0.076,0.019,0.0,0.093,0.0,0.004,,94.2,,89.3,86.0,,93.0,84.5,79.5,81.8,46.5,85.7,80.1,77.3,-1.6,,0.5,-3.6,,-2.3,1.8,1.5,2.5,0.8,-1.5,-4.9,-3.2,8.1,,3.8,2.1,,4.0,0.6,-4.6,-5.0,1.2,2.8,-2.0,-1.1,-25.6,,-6.2,-6.4,,-2.7,-4.1,-4.3,-2.5,-0.8,-0.1,0.0,-0.2,-0.34,,-0.3,-1.08,,-0.08,-0.08,-0.24,-0.56,-9.53,-0.01,-0.52,-0.26,0.318,0.6859999999999999,0.505,0.482,0.8340000000000001,0.725,0.508,18.4,-21.8,-6.0,1.1,21 - 37,-138.1,19.2,-7.9,0.389,0.367,0.244,0.147,0.512,0.34,0.373,0.094,,0.084,0.319,0.089,0.023,0.004,0.0,0.152,0.2339999999999999,0.0,85.8,,79.9,94.4,89.4,86.1,76.0,80.0,93.1,84.5,88.0,-1.6,,1.6,-1.6,0.6,-3.3,-2.9,-4.6,-2.2,2.2,0.0,1.8,,-6.1,7.6,3.3,1.3,-1.9,-3.9,3.2,-0.4,0.0,-0.3,,-13.3,-26.9,-4.5,-8.2,-0.8,0.0,-2.4,-3.4,-0.1,-0.02,,-0.68,-0.36,-0.22,-1.52,-0.78,-0.52,-0.07,-0.06,-2.17,0.317,0.684,0.505,0.475,0.8340000000000001,0.7240000000000001,0.512,18.4,-10.6,98,91,119,96,99,101,104,1.0,101,99,105,96,104,100,92,98,108,88.6,12.7,322,0.0819999999999999,114.7,1535,0.3929999999999999,3905,0.15,0.289,0.232,0.383,0.299,3.8,0.7782169521299956,0.4199413489736071,0.7316627945569201,3.192444688675721,0.3765432098765432,0.2037037037037037
30,2024,SFG,28,2414,5460,6062,1303,830,266,30,177,693,661,492,15,1452,52,47,10,115,68,22,0.239,1631,1613,780,172,23828,8516,15312,124,41,19,0.081,0.24,0.34,0.305,0.396,0.701,0.157,0.29,1.01,0.1939999999999999,0.405,0.401,0.107,0.11,0.076,0.4629999999999999,0.305,-24.3,685,-20.6,8.4,183.3,-18.6,172.4,17.8,$142.5,4.4,97,-3.24,-108.34,105.1,-13.95,-1.11,1.01,1.57,158,-1.71,-1.51,0.494,93.8,0.221,84.6,0.066,88.6,0.081,80.2,0.107,85.1,0.0289999999999999,87.2,0.001,76.0,0.003,,4.2,-11.7,-4.6,7.3,-8.1,-7.4,-0.2,0.04,-0.22,-0.29,0.38,-0.32,-1.06,-0.71,0.304,0.68,0.466,0.617,0.861,0.7709999999999999,0.43,0.624,0.107,0.6,0.332,,0.072,0.027,,0.162,0.214,0.067,0.018,0.001,0.106,0.001,0.001,,94.1,,88.7,86.1,,93.1,84.6,79.6,81.5,46.1,85.1,81.1,75.8,-2.0,,0.6,-4.7,,-3.3,1.7,2.8,2.1,-1.6,-1.9,-5.4,-2.6,9.0,,4.5,2.3,,4.6,1.1,-5.0,-5.2,3.8,3.3,-1.5,0.7,-3.5,,-3.2,-7.8,,-5.2,-19.0,1.0,3.4,1.8,-8.2,0.2,-0.2,-0.04,,-0.18,-1.21,,-0.14,-0.37,0.06,0.8,12.72,-0.32,1.64,-0.69,0.27,0.647,0.466,0.551,0.8540000000000001,0.77,0.519,18.4,-10.2,-6.0,1.2,22 - 35,-20.0,19.3,-0.3,0.416,0.349,0.235,0.162,0.526,0.312,0.35,0.108,0.0,0.077,0.32,0.077,0.024,0.001,0.001,0.165,0.226,0.0,85.4,44.6,80.4,94.4,89.5,86.5,76.6,80.4,93.4,84.7,87.9,-2.0,0.5,3.0,-2.0,0.5,-4.6,-2.2,-4.1,-3.0,1.9,0.0,1.9,2.5,-7.0,8.1,3.9,1.1,-1.1,-3.6,3.5,-0.2,0.0,-12.4,1.7,6.4,-9.3,-6.6,-4.7,-0.2,-0.3,2.8,-18.3,0.0,-0.48,15.56,0.35,-0.12,-0.36,-0.83,-0.69,-2.11,0.07,-0.34,3.5,0.27,0.644,0.466,0.5539999999999999,0.851,0.769,0.523,18.4,20.8,97,98,106,97,98,100,98,0.98,94,108,92,103,99,96,102,100,99,89.3,14.3,351,0.086,115.0,1612,0.396,4066,0.175,0.282,0.239,0.401,0.311,17.6,0.7435791217895609,0.40865800865800866,0.7604750907291323,2.7465393244717173,0.3765432098765432,0.12345679012345678
18,2024,CIN,28,2380,5325,5970,1230,770,257,29,174,699,663,496,7,1459,87,43,18,86,207,45,0.231,1621,1494,772,162,23206,8491,14715,100,40,11,0.083,0.244,0.34,0.305,0.388,0.693,0.157,0.283,1.09,0.1989999999999999,0.417,0.384,0.108,0.1159999999999999,0.062,0.275,0.303,-32.4,666,-79.7,-19.8,180.5,-20.3,95.3,9.8,$78.8,5.8,89,-11.07,-105.63,94.56,-59.55,-6.26,0.96,1.76,121,-7.83,-3.72,0.483,93.8,0.209,84.6,0.086,88.7,0.092,80.1,0.096,85.1,0.031,87.0,0.003,78.4,0.002,,12.0,-21.0,-7.5,-0.3,-7.3,-0.1,1.1,0.11,-0.44,-0.38,-0.01,-0.33,-0.01,1.66,0.305,0.691,0.4679999999999999,0.586,0.863,0.759,0.423,0.621,0.113,15.6,0.316,,0.085,0.027,0.0,0.1669999999999999,0.207,0.074,0.022,0.001,0.096,,0.003,,94.1,,89.1,85.9,78.8,93.3,84.6,79.4,81.9,46.5,85.1,,78.3,-2.1,,0.6,-4.8,-3.5,-3.8,2.0,1.9,1.4,1.4,-1.2,,-2.9,8.9,,4.4,2.5,-0.9,4.8,1.0,-5.4,-4.2,7.5,3.5,,-2.7,9.0,,-12.2,1.4,0.0,-1.6,-22.9,-1.7,-0.9,-0.4,-8.1,,1.2,0.12,,-0.62,0.22,-1.15,-0.04,-0.48,-0.1,-0.17,-3.0,-0.36,,1.74,0.2689999999999999,0.659,0.4679999999999999,0.517,0.852,0.758,0.511,18.5,-40.1,12.6,-4.8,22 - 36,-64.2,19.1,2.1,0.43,0.3339999999999999,0.236,0.1669999999999999,0.5429999999999999,0.29,0.357,0.098,0.0,0.091,0.302,0.093,0.025,0.003,,0.1669999999999999,0.22,0.0,85.1,80.4,80.2,94.3,90.0,86.2,78.6,,93.3,84.6,87.8,-1.2,5.4,2.1,-2.1,0.6,-4.8,-2.1,,-3.7,2.1,3.9,2.0,-9.2,-6.9,8.0,4.0,1.0,-4.1,,3.5,-0.3,1.3,-9.5,-0.3,-1.8,4.3,-19.0,0.8,0.8,,5.2,-17.9,0.0,-0.42,-8.42,-0.08,0.06,-0.88,0.14,1.11,,0.13,-0.35,-0.17,0.27,0.657,0.4679999999999999,0.522,0.85,0.758,0.513,18.5,-3.0,94,101,108,97,96,100,96,1.0,97,103,98,107,95,97,105,103,92,87.8,14.0,275,0.07,114.7,1411,0.359,3928,0.1639999999999999,0.2769999999999999,0.231,0.369,0.3,8.9,0.7252100840336134,0.3982832618025752,0.7556113902847571,3.2484534728842056,0.3950617283950617,0.24074074074074073
11,2024,SEA,28,2383,5330,6067,1195,769,228,13,185,676,642,571,14,1625,116,34,14,106,140,28,0.224,1461,1523,720,155,24335,9000,15335,112,49,22,0.094,0.268,0.35,0.311,0.376,0.687,0.152,0.284,0.96,0.1939999999999999,0.3939999999999999,0.411,0.102,0.121,0.077,0.449,0.303,-33.1,677,28.2,-2.7,183.4,-19.2,208.8,21.6,$172.5,4.6,104,-1.98,-104.83,102.85,6.99,0.72,0.99,1.68,123,-0.39,-1.6,0.46,93.9,0.2319999999999999,84.4,0.08,89.4,0.084,80.8,0.115,85.4,0.0289999999999999,87.4,,,0.003,,3.9,-28.4,2.2,-1.9,-13.6,-4.1,,0.03,-0.5,0.11,-0.09,-0.48,-0.58,,0.299,0.696,0.466,0.581,0.8340000000000001,0.74,0.42,0.627,0.121,1.4,0.308,,0.08,0.025,,0.15,0.2339999999999999,0.065,0.019,0.001,0.118,0.0,,,94.2,,89.6,86.8,,93.7,84.4,80.3,82.1,54.9,85.4,85.1,,-1.7,,0.4,-6.1,,-4.1,1.9,2.3,3.6,-3.2,-2.1,-6.3,,9.4,,4.9,1.8,,4.7,1.3,-5.1,-5.4,8.0,3.5,0.4,,12.7,,-3.3,-4.7,,-14.6,-34.5,3.0,-6.1,-0.3,-13.7,0.4,,0.17,,-0.17,-0.79,,-0.4,-0.61,0.19,-1.3,-1.13,-0.48,5.36,,0.262,0.6579999999999999,0.466,0.502,0.8290000000000001,0.74,0.514,18.5,-21.9,5.3,-2.9,22 - 39,29.6,17.6,4.5,0.427,0.352,0.22,0.156,0.525,0.319,0.392,0.12,,0.076,0.304,0.086,0.022,,,0.151,0.241,0.001,85.5,,80.6,94.2,89.8,86.6,,,93.8,84.4,87.9,-2.1,,2.8,-1.5,0.7,-5.0,,,-3.7,2.5,0.0,2.0,,-7.1,8.4,3.8,0.6,,,3.5,-0.1,0.0,-15.1,,-7.9,12.9,-6.2,-1.9,,,-15.2,-28.8,-0.3,-0.52,,-0.43,0.17,-0.3,-0.35,,,-0.41,-0.49,-1.07,0.264,0.655,0.466,0.501,0.8290000000000001,0.7390000000000001,0.517,18.5,9.7,94,116,119,101,95,98,100,1.0,95,105,107,105,100,91,96,99,103,89.2,15.4,336,0.089,115.4,1520,0.405,3755,0.162,0.283,0.225,0.39,0.311,22.7,0.741082668904742,0.4378698224852071,0.7321575737596835,2.914048744596251,0.3888888888888889,0.17901234567901234
10,2024,OAK,28,2384,5432,6034,1267,812,240,19,196,643,619,493,11,1502,53,37,19,105,98,26,0.233,1655,1568,727,162,23192,8321,14871,105,36,6,0.0819999999999999,0.249,0.33,0.301,0.393,0.694,0.159,0.284,1.06,0.184,0.419,0.397,0.103,0.125,0.063,0.1669999999999999,0.303,-35.0,671,6.0,-49.5,182.4,-18.4,130.8,13.5,$108.1,4.3,101,-7.75,-108.74,100.99,-50.04,-5.37,1.0,1.45,135,-6.38,-1.38,0.471,93.8,0.222,84.6,0.07,89.2,0.086,80.0,0.115,85.4,0.036,86.8,,,0.003,,-16.1,-11.7,0.8,2.4,-4.3,-11.0,,-0.15,-0.23,0.05,0.12,-0.16,-1.32,,0.316,0.705,0.48,0.5670000000000001,0.846,0.7390000000000001,0.421,0.617,0.125,-7.4,0.319,,0.07,0.033,,0.15,0.222,0.072,0.017,0.002,0.1159999999999999,,0.0,,94.0,,89.4,86.2,,93.8,84.6,79.4,81.9,52.0,85.4,,52.4,-2.7,,0.4,-6.3,,-5.5,2.3,2.7,2.3,-4.5,-3.1,,-0.4,9.5,,4.9,1.3,,4.6,1.5,-5.3,-5.7,8.4,3.5,,-3.0,-26.2,,1.9,-13.8,,-5.7,-18.8,-2.1,4.0,5.5,-4.1,,0.1,-0.35,,0.12,-1.79,,-0.16,-0.37,-0.12,1.0,11.55,-0.15,,2.96,0.285,0.6659999999999999,0.48,0.501,0.836,0.7390000000000001,0.511,18.4,-67.8,-1.6,-3.7,22 - 35,-1.3,17.6,1.5,0.401,0.36,0.239,0.156,0.539,0.305,0.363,0.12,0.0,0.083,0.317,0.072,0.0289999999999999,,,0.151,0.2289999999999999,0.0,85.7,75.5,80.1,94.0,90.0,86.1,,,94.0,84.7,90.4,-2.8,6.4,3.5,-2.3,0.9,-5.4,,,-4.9,2.9,0.0,1.8,-10.2,-7.4,8.3,3.9,0.3,,,3.3,-0.1,0.0,-6.3,-0.3,3.4,-15.6,3.1,-12.4,,,-11.2,-20.9,0.0,-0.23,-7.16,0.18,-0.21,0.18,-1.87,,,-0.32,-0.39,3.5,0.283,0.6659999999999999,0.479,0.505,0.833,0.7390000000000001,0.513,18.4,-10.2,97,101,110,98,100,103,99,0.94,101,102,110,98,102,99,96,102,98,89.2,13.8,340,0.085,113.7,1563,0.392,3986,0.16,0.285,0.233,0.393,0.306,14.4,0.738255033557047,0.4877138413685848,0.7510772290354657,3.3518750467863843,0.345679012345679,0.2037037037037037
13,2024,TEX,29,2291,5472,6053,1302,891,220,15,176,683,652,490,20,1284,55,30,6,96,97,25,0.238,1773,1640,793,185,23211,8408,14803,131,18,8,0.081,0.212,0.38,0.305,0.38,0.686,0.142,0.279,1.08,0.1889999999999999,0.422,0.39,0.113,0.107,0.074,0.444,0.3,-47.7,660,-22.7,19.2,183.0,-19.9,174.1,18.0,$143.9,4.2,97,-6.14,-105.11,98.97,-24.38,-2.32,0.98,1.42,99,-6.82,0.56,0.493,94.0,0.209,84.5,0.077,89.6,0.076,80.0,0.114,85.1,0.031,87.0,,,0.003,,-50.8,-8.4,11.9,6.3,-1.5,-2.7,,-0.44,-0.17,0.67,0.36,-0.06,-0.38,,0.314,0.713,0.483,0.623,0.866,0.775,0.423,0.627,0.109,-3.1,0.331,,0.08,0.03,,0.158,0.21,0.06,0.016,,0.114,,,,94.2,,89.9,86.5,,93.3,84.5,79.0,81.6,,85.1,,,-2.3,,0.7,-6.6,,-4.3,2.0,2.6,2.1,,-3.3,,,9.2,,4.8,1.8,,4.5,0.8,-5.5,-5.7,,3.4,,,-31.5,,16.0,1.1,,-27.5,-12.9,4.0,0.9,,-13.9,,,-0.41,,0.86,0.16,,-0.75,-0.26,0.28,0.25,,-0.52,,,0.2789999999999999,0.679,0.483,0.5479999999999999,0.865,0.775,0.508,18.3,-0.7,-1.9,-3.6,21 - 39,-25.8,17.6,0.9,0.4039999999999999,0.344,0.252,0.162,0.521,0.317,0.322,0.119,0.0,0.07,0.326,0.081,0.025,,,0.162,0.216,0.0,85.4,77.9,79.9,94.5,90.1,86.2,,,93.5,84.6,92.6,-3.3,5.0,3.1,-2.3,1.0,-5.7,,,-3.6,2.4,0.0,1.8,-8.7,-7.7,8.2,3.7,0.9,,,3.3,-0.5,0.0,-16.4,-0.5,8.7,-32.8,12.0,5.2,,,-27.8,-12.3,-0.1,-0.6,-17.05,0.54,-0.43,0.64,0.9,,,-0.74,-0.25,-0.84,0.278,0.677,0.483,0.5479999999999999,0.862,0.774,0.512,18.3,1.6,99,100,94,99,96,92,98,0.97,102,100,95,99,98,105,100,99,102,88.6,13.8,311,0.074,116.1,1642,0.389,4224,0.154,0.262,0.24,0.386,0.306,18.8,0.7821911828895679,0.41229868228404104,0.7878737815959028,3.0680058787558395,0.36419753086419754,0.16049382716049382
24,2024,WSN,27,2353,5374,5971,1306,886,267,18,135,660,621,456,11,1220,73,40,26,115,223,73,0.243,1919,1418,799,157,22787,8029,14758,102,83,25,0.076,0.204,0.37,0.309,0.375,0.684,0.132,0.288,1.35,0.193,0.4639999999999999,0.3429999999999999,0.111,0.095,0.053,0.301,0.3,-48.2,650,-61.2,-29.6,180.5,-20.2,95.1,9.8,$78.6,5.3,91,-5.89,-105.96,100.07,-64.28,-6.79,0.97,1.74,91,-7.24,1.19,0.4679999999999999,93.8,0.222,84.5,0.07,89.0,0.099,80.0,0.103,85.4,0.035,86.7,0.003,78.0,0.002,,-7.3,-26.9,-2.9,-7.8,3.9,-6.4,0.9,-0.07,-0.53,-0.18,-0.35,0.17,-0.8,1.23,0.3229999999999999,0.6759999999999999,0.474,0.669,0.872,0.7929999999999999,0.427,0.628,0.098,6.5,0.292,,0.077,0.034,,0.174,0.212,0.084,0.019,,0.104,0.0,0.003,,94.2,,89.2,86.5,,93.1,84.4,79.7,81.2,,85.4,85.0,77.9,-1.8,,0.6,-5.5,,-2.0,1.7,2.4,3.6,,-1.6,-8.8,-4.6,9.0,,4.9,2.2,,4.5,0.8,-4.8,-5.4,,3.0,1.3,-2.3,-10.7,,4.9,-6.4,,-7.2,-31.2,-2.1,-9.1,,1.9,-0.1,0.9,-0.16,,0.28,-0.83,,-0.18,-0.65,-0.11,-2.12,,0.08,-6.31,1.18,0.292,0.644,0.474,0.621,0.865,0.792,0.516,18.4,-49.8,4.0,-1.0,21 - 34,-54.7,19.1,-3.7,0.396,0.353,0.251,0.17,0.539,0.292,0.303,0.105,0.0,0.0969999999999999,0.294,0.077,0.031,0.003,,0.17,0.222,0.0,85.6,73.6,80.0,94.4,89.4,86.3,77.8,,93.2,84.6,79.6,-1.9,4.0,2.8,-1.7,0.8,-5.0,-3.9,,-2.0,1.9,0.0,1.5,-8.5,-6.7,8.0,4.0,1.0,-3.9,,3.3,-0.5,0.0,0.5,0.5,-12.0,-13.0,0.6,-3.7,0.8,,-1.7,-32.6,0.2,0.02,6.46,-0.54,-0.19,0.04,-0.52,1.09,,-0.04,-0.65,3.64,0.293,0.642,0.473,0.618,0.866,0.792,0.516,18.4,-7.9,98,93,90,98,93,84,98,0.98,108,92,80,98,100,103,107,103,92,88.1,10.7,235,0.0559999999999999,114.2,1554,0.368,4222,0.17,0.268,0.244,0.369,0.302,9.1,0.7488312792180195,0.32727272727272727,0.795679115726009,3.0636225777381223,0.41975308641975306,0.2222222222222222
6,2024,DET,27,2387,5442,6021,1273,820,244,47,162,682,656,476,12,1461,52,41,4,90,76,24,0.234,1641,1570,802,155,23779,8501,15278,103,13,3,0.079,0.243,0.33,0.3,0.385,0.685,0.151,0.288,1.05,0.2,0.409,0.391,0.099,0.103,0.063,0.231,0.299,-54.4,650,-41.1,32.4,182.1,-20.3,175.8,18.2,$145.2,5.0,94,-2.51,-102.97,100.46,-30.41,-3.13,0.96,1.32,185,-5.86,3.24,0.4639999999999999,93.7,0.2289999999999999,84.2,0.087,89.4,0.08,79.6,0.1119999999999999,85.0,0.0289999999999999,87.2,,,0.006,,-47.5,-2.8,3.1,-0.1,7.8,-2.9,,-0.43,-0.05,0.15,-0.01,0.29,-0.43,,0.307,0.6829999999999999,0.467,0.613,0.8540000000000001,0.763,0.426,0.616,0.111,5.3,0.315,,0.085,0.025,,0.147,0.2289999999999999,0.069,0.015,0.001,0.114,0.0,,,94.0,,89.7,86.5,,93.1,84.3,79.0,81.9,49.9,85.0,81.2,,-2.5,,0.5,-6.7,,-3.5,2.3,3.2,2.6,-0.2,-4.1,-4.7,,9.2,,4.9,1.0,,4.4,1.3,-5.5,-5.2,7.2,3.5,-1.1,,-21.4,,-1.3,0.0,,-39.6,-5.8,2.4,-3.0,0.0,-0.3,-0.2,,-0.29,,-0.06,0.0,,-1.14,-0.11,0.15,-0.87,-0.14,-0.01,-2.7,,0.273,0.6509999999999999,0.4679999999999999,0.551,0.846,0.763,0.515,18.0,12.1,-5.1,3.3,21 - 36,-35.8,17.5,1.2,0.408,0.358,0.2339999999999999,0.154,0.55,0.296,0.349,0.12,0.0,0.076,0.309,0.086,0.019,,0.0,0.148,0.242,0.0,85.2,72.0,79.5,94.1,90.2,86.1,,81.6,93.2,84.3,83.4,-4.0,2.8,3.4,-2.3,0.8,-5.6,,-4.5,-3.2,2.7,0.0,1.9,-8.5,-7.4,8.3,4.0,0.2,,-2.2,3.2,-0.1,0.0,3.3,-0.2,3.3,-20.1,-1.2,0.2,,-0.5,-41.9,-11.8,0.2,0.12,-8.77,0.18,-0.28,-0.06,0.06,,-5.0,-1.2,-0.21,4.96,0.275,0.649,0.4679999999999999,0.5529999999999999,0.847,0.763,0.515,18.0,15.4,98,97,108,97,98,98,101,1.03,99,100,91,100,102,97,95,104,95,88.6,14.6,302,0.075,114.0,1513,0.375,4032,0.174,0.285,0.236,0.386,0.303,17.1,0.7327188940092166,0.38005865102639297,0.7573492775286497,3.2021578492472944,0.3888888888888889,0.2222222222222222
20,2024,MIA,28,2451,5522,6048,1347,931,243,23,150,637,611,403,16,1410,55,41,24,119,125,43,0.244,2009,1334,776,129,22845,7811,15034,131,56,14,0.067,0.233,0.29,0.3,0.378,0.678,0.134,0.299,1.51,0.188,0.488,0.324,0.0969999999999999,0.1119999999999999,0.065,0.25,0.296,-70.9,637,-93.7,-17.1,182.9,-18.5,69.5,7.2,$57.4,4.8,87,-11.79,-112.73,100.94,-119.61,-12.14,1.02,1.45,156,-12.19,0.59,0.476,93.9,0.22,84.7,0.079,89.2,0.081,80.0,0.107,85.2,0.034,86.7,0.004,78.7,0.004,,-34.5,-17.6,-0.2,-9.4,-4.7,-4.9,-1.4,-0.32,-0.35,-0.01,-0.5,-0.19,-0.62,-1.66,0.356,0.716,0.506,0.621,0.845,0.753,0.416,0.642,0.125,-3.4,0.307,,0.0819999999999999,0.032,,0.1669999999999999,0.214,0.074,0.013,0.0,0.107,0.0,0.004,,94.2,,89.6,86.5,,93.4,84.7,79.7,81.3,52.3,85.2,83.7,78.6,-1.5,,0.4,-3.6,,-2.4,1.8,1.4,3.6,-1.9,-0.2,-3.2,-3.7,9.4,,5.1,2.9,,4.8,1.3,-5.1,-4.8,10.7,3.4,-0.1,-1.8,-36.8,,-1.8,-2.6,,-7.8,-18.1,-17.8,2.0,-1.0,-6.8,0.6,-1.4,-0.53,,-0.1,-0.35,,-0.2,-0.37,-1.06,0.69,-11.98,-0.28,12.11,-1.63,0.324,0.685,0.506,0.564,0.841,0.753,0.504,18.3,-35.6,-3.3,1.9,21 - 34,-97.1,19.3,-5.1,0.3929999999999999,0.354,0.253,0.163,0.534,0.303,0.325,0.108,0.0,0.08,0.304,0.086,0.03,0.004,0.0,0.163,0.225,,85.3,81.9,80.1,94.3,90.0,86.6,78.7,80.1,93.5,84.8,,-0.3,5.1,2.2,-1.3,0.4,-3.1,-3.2,-4.1,-2.4,2.2,,1.9,-8.5,-7.2,8.3,4.0,1.3,-3.6,-3.8,3.4,-0.1,,-3.8,0.0,-14.7,-39.0,-0.7,-5.3,-1.4,0.8,-6.4,-20.2,,-0.15,2.42,-0.8,-0.56,-0.04,-0.77,-1.63,83.86,-0.17,-0.39,,0.325,0.682,0.506,0.563,0.84,0.752,0.505,18.3,0.9,99,81,103,95,94,85,101,0.95,113,87,94,97,101,104,102,102,96,88.2,9.7,296,0.071,117.2,1536,0.367,4180,0.149,0.2739999999999999,0.239,0.379,0.297,6.6,0.7139942880456956,0.37676609105180536,0.7668650793650793,2.835284649922371,0.3395061728395062,0.19753086419753085
1,2024,LAA,28,2308,5357,5975,1227,820,227,15,165,635,596,482,4,1416,86,35,12,116,133,50,0.229,1689,1482,792,157,23346,8352,14994,106,25,3,0.081,0.237,0.34,0.301,0.369,0.671,0.14,0.279,1.14,0.2,0.426,0.374,0.106,0.111,0.063,0.12,0.296,-69.5,629,-62.8,-36.4,180.7,-20.0,64.6,6.7,$53.3,4.6,91,-13.16,-109.07,95.91,-97.39,-10.08,0.99,1.57,98,-11.58,-1.71,0.478,94.0,0.244,84.3,0.075,89.7,0.075,80.0,0.095,86.0,0.032,85.5,0.002,78.5,0.002,,-46.0,-6.5,-15.5,2.3,-3.5,-4.9,0.5,-0.41,-0.11,-0.89,0.13,-0.16,-0.66,1.37,0.312,0.6890000000000001,0.471,0.616,0.855,0.764,0.422,0.635,0.111,-14.3,0.325,,0.077,0.032,,0.152,0.241,0.066,0.013,,0.092,,0.002,,94.2,,90.0,85.4,,93.4,84.4,79.3,82.0,,85.8,,78.4,-2.8,,0.8,-5.9,,-4.2,2.5,3.5,2.6,,-4.0,,-2.3,9.2,,5.2,1.8,,4.6,1.1,-5.2,-5.6,,3.5,,-3.9,-39.0,,-16.7,-6.4,,-18.8,-5.6,-1.9,1.1,,-4.1,,0.5,-0.51,,-0.93,-0.84,,-0.53,-0.1,-0.12,0.36,,-0.19,,1.41,0.2769999999999999,0.657,0.471,0.552,0.848,0.763,0.512,18.4,-56.4,-4.6,-0.9,20 - 38,-77.1,17.4,-2.5,0.406,0.351,0.243,0.158,0.53,0.312,0.345,0.094,0.0,0.074,0.318,0.0819999999999999,0.03,0.002,,0.153,0.248,0.0,86.0,78.9,80.0,94.5,90.4,85.4,78.5,,93.7,84.5,79.2,-3.7,5.1,4.0,-2.5,1.2,-5.4,-1.9,,-3.8,2.9,0.0,2.0,-9.9,-7.2,8.2,4.1,0.4,-5.9,,3.3,-0.4,0.0,-4.9,-0.3,2.8,-30.6,-23.6,-7.2,0.5,,-19.6,-9.0,0.1,-0.22,-6.4,0.16,-0.41,-1.24,-1.04,1.41,,-0.55,-0.16,2.96,0.2789999999999999,0.653,0.471,0.552,0.848,0.763,0.515,18.4,-5.7,96,99,105,98,94,91,98,1.03,103,96,98,100,100,101,97,100,101,88.2,13.0,283,0.071,115.6,1453,0.364,3991,0.1689999999999999,0.28,0.234,0.378,0.304,7.6,0.7404679376083189,0.415748031496063,0.7630125523012552,2.5194359889924116,0.3765432098765432,0.19135802469135801
27,2024,PIT,28,2342,5477,6086,1283,870,236,17,160,665,643,485,14,1506,60,47,16,100,106,19,0.234,1802,1429,772,157,23763,8589,15174,141,31,5,0.08,0.247,0.32,0.301,0.371,0.672,0.137,0.291,1.26,0.193,0.45,0.357,0.11,0.1119999999999999,0.078,0.161,0.295,-74.9,637,-101.7,-22.2,184.0,-18.3,64.7,6.7,$53.5,4.7,86,-8.62,-111.14,102.52,-79.63,-8.33,1.02,1.57,113,-9.69,1.24,0.473,94.0,0.231,84.8,0.072,89.3,0.087,80.3,0.105,85.0,0.033,86.0,,,0.003,,-31.8,-18.9,0.4,-13.4,10.3,-6.2,,-0.28,-0.35,0.03,-0.64,0.41,-0.8,,0.308,0.684,0.4679999999999999,0.58,0.845,0.745,0.426,0.633,0.119,3.4,0.291,,0.076,0.032,,0.18,0.226,0.069,0.021,0.0,0.105,,,,94.2,,89.5,86.1,,93.4,84.8,79.7,81.9,55.7,84.9,,,-1.6,,0.8,-4.1,,-4.5,2.0,2.5,2.8,-1.4,-2.0,,,8.8,,4.7,1.9,,4.6,0.8,-4.9,-5.0,-3.2,3.1,,,-8.6,,2.3,-8.9,,-35.6,-26.2,-7.9,-5.2,-0.3,10.0,,,-0.12,,0.13,-1.16,,-0.83,-0.49,-0.48,-1.03,-25.28,0.4,,,0.278,0.6459999999999999,0.4679999999999999,0.514,0.838,0.7440000000000001,0.515,18.5,-40.4,2.4,10.1,22 - 37,-98.3,19.4,1.8,0.412,0.344,0.244,0.163,0.527,0.31,0.353,0.106,0.0,0.083,0.275,0.085,0.031,,,0.183,0.237,0.0,85.0,79.3,80.1,94.4,89.8,85.8,,,93.4,84.8,92.5,-1.9,3.9,2.8,-1.7,0.8,-4.0,,,-4.1,2.4,0.0,1.7,-9.0,-6.7,8.0,4.1,0.6,,,3.5,-0.5,0.0,12.8,0.5,-15.7,-10.7,1.0,-9.0,,,-37.5,-20.7,0.1,0.51,7.1,-0.8,-0.16,0.05,-1.23,,,-0.86,-0.37,1.86,0.2789999999999999,0.643,0.4679999999999999,0.517,0.836,0.7440000000000001,0.517,18.5,2.4,95,97,110,96,92,87,99,0.97,105,96,94,102,98,100,102,100,98,89.1,11.7,331,0.0819999999999999,121.5,1618,0.401,4035,0.17,0.289,0.24,0.386,0.307,8.9,0.7549103330486764,0.3849624060150376,0.7525468287873809,2.8884177032527805,0.3950617283950617,0.20987654320987653
12,2024,TBR,28,2392,5389,6006,1241,826,245,23,147,604,564,493,15,1485,78,32,10,87,178,53,0.23,1660,1491,763,207,23972,8476,15496,133,30,8,0.0819999999999999,0.247,0.33,0.302,0.366,0.669,0.136,0.289,1.11,0.195,0.424,0.381,0.139,0.099,0.08,0.267,0.294,-76.9,626,-35.5,3.5,181.6,-19.0,153.0,15.8,$126.4,5.1,95,-7.53,-115.61,108.08,-93.67,-9.99,1.07,1.86,122,-7.02,0.0,0.473,94.2,0.2339999999999999,84.5,0.08,89.6,0.0819999999999999,80.5,0.1009999999999999,85.8,0.03,87.5,,,0.003,,-21.7,-31.4,-6.4,-12.2,5.2,-7.6,,-0.19,-0.56,-0.33,-0.62,0.22,-1.05,,0.3339999999999999,0.6940000000000001,0.483,0.614,0.8340000000000001,0.745,0.414,0.633,0.123,4.9,0.313,,0.081,0.03,,0.16,0.23,0.071,0.015,,0.099,,0.0,,94.5,,89.7,86.9,,93.5,84.5,79.7,83.5,,85.8,,57.3,-2.5,,0.6,-7.0,,-5.6,2.7,2.8,3.5,,-3.0,,0.8,9.6,,5.2,1.8,,4.4,1.0,-5.2,-5.4,,3.3,,0.1,-14.4,,-12.1,-8.2,,-13.4,-29.0,-9.3,-5.4,,5.0,,1.2,-0.19,,-0.63,-1.13,,-0.35,-0.53,-0.55,-1.55,,0.21,,30.35,0.299,0.662,0.483,0.5579999999999999,0.826,0.7440000000000001,0.506,18.5,-15.5,3.2,7.1,20 - 34,-30.6,17.5,2.8,0.411,0.351,0.238,0.185,0.513,0.302,0.354,0.104,,0.076,0.303,0.085,0.024,0.0,,0.1639999999999999,0.244,0.0,85.9,,80.4,94.7,90.2,86.7,57.2,,93.6,84.5,87.6,-3.0,,3.6,-2.3,0.9,-6.2,2.8,,-5.1,3.2,-0.1,1.5,,-7.5,8.5,4.2,0.7,-1.7,,3.1,-0.6,1.4,2.0,,-14.3,-12.3,-8.9,-3.8,1.2,,-15.0,-36.3,0.1,0.08,,-0.79,-0.17,-0.44,-0.65,30.35,,-0.38,-0.62,1.6,0.3,0.66,0.483,0.5579999999999999,0.8240000000000001,0.743,0.508,18.5,5.9,96,101,110,98,93,88,101,1.0,102,98,87,101,100,99,114,97,97,87.9,13.2,293,0.074,117.4,1445,0.366,3950,0.162,0.285,0.227,0.365,0.296,17.0,0.7249163879598662,0.3894039735099338,0.7527472527472527,2.714178762033479,0.3271604938271605,0.21604938271604937
4,2024,CHW,28,2360,5383,5869,1187,819,226,9,133,507,485,395,8,1403,43,27,18,116,90,33,0.221,1683,1536,768,168,22506,7700,14806,88,38,10,0.067,0.239,0.28,0.278,0.34,0.618,0.119,0.272,1.1,0.193,0.422,0.385,0.109,0.087,0.052,0.263,0.272,-179.3,507,-166.5,-56.2,177.5,-19.1,-56.2,-5.8,($46.4),3.7,75,-26.57,-113.71,87.15,-223.09,-23.06,1.0,1.63,120,-21.19,-5.3,0.479,93.7,0.228,84.1,0.083,89.2,0.08,79.5,0.1,84.9,0.031,86.4,,,0.002,,-100.3,-52.0,-5.5,-5.4,-21.9,-0.7,,-0.93,-1.01,-0.3,-0.3,-0.98,-0.11,,0.3379999999999999,0.698,0.493,0.624,0.851,0.762,0.431,0.64,0.1169999999999999,-8.9,0.32,,0.0819999999999999,0.032,,0.154,0.228,0.072,0.012,,0.099,,,,93.9,,89.7,86.3,,93.2,84.1,79.2,81.3,,84.9,,,-2.1,,0.3,-6.2,,-4.0,2.3,2.3,2.9,,-2.7,,,9.1,,5.0,1.5,,4.7,1.1,-5.4,-4.7,,3.1,,,-66.2,,-8.4,0.7,,-38.0,-61.2,-4.3,-3.8,,-28.7,,,-0.92,,-0.46,0.1,,-1.1,-1.19,-0.26,-1.37,,-1.29,,,0.307,0.665,0.493,0.568,0.845,0.762,0.52,18.1,-75.3,-5.2,-1.7,22 - 37,-175.4,17.1,-3.7,0.381,0.358,0.261,0.1689999999999999,0.551,0.281,0.3289999999999999,0.104,,0.076,0.314,0.087,0.026,,,0.151,0.241,0.0,85.1,,79.4,94.0,90.2,85.8,,,93.3,84.2,84.3,-2.9,,2.8,-1.9,0.5,-5.3,,,-3.9,2.7,0.0,1.5,,-7.2,8.2,4.2,0.3,,,3.5,-0.2,0.0,-29.0,,-11.3,-67.6,-13.6,4.7,,,-36.6,-57.8,0.0,-1.24,,-0.66,-0.96,-0.7,0.81,,,-1.08,-1.07,-0.49,0.308,0.665,0.493,0.5720000000000001,0.843,0.762,0.521,18.1,-11.9,92,83,106,90,86,77,95,0.99,102,99,76,93,102,108,104,104,91,88.0,13.1,247,0.061,113.0,1420,0.353,4028,0.163,0.28,0.23,0.358,0.285,-5.6,0.6703389830508475,0.41972386587771204,0.7609473504856024,2.4115119581054505,0.25308641975308643,0.29012345679012347
9,2025,NYY,30,2401,5471,6235,1371,822,255,20,274,849,820,639,47,1463,55,54,7,104,134,38,0.251,1577,1721,744,160,24762,9284,15478,97,27,6,0.102,0.235,0.44,0.332,0.455,0.787,0.204,0.29,0.92,0.184,0.39,0.426,0.093,0.159,0.062,0.222,0.338,127.5,864,137.2,6.4,189.9,-18.8,334.8,34.3,$274.0,4.8,119,5.89,-99.07,104.96,135.25,14.17,0.91,1.45,107,14.06,-7.59,0.457,94.4,0.223,85.1,0.088,89.3,0.079,80.4,0.111,86.1,0.0409999999999999,86.7,,,0.0069999999999999,,51.2,2.0,40.1,20.4,19.8,-2.3,,0.45,0.04,1.83,1.04,0.72,-0.23,,0.288,0.674,0.457,0.603,0.847,0.76,0.4379999999999999,0.608,0.11,-4.7,0.307,,0.086,0.042,,0.147,0.225,0.067,0.015,0.0,0.111,,,,94.6,,89.6,86.8,,93.9,85.2,79.9,81.2,43.0,86.0,,,-2.4,,0.3,-6.8,,-3.2,1.7,2.5,3.0,-1.9,-4.1,,,9.3,,4.7,2.0,,4.5,1.0,-5.5,-5.8,7.1,2.9,,,29.8,,40.0,-1.8,,10.3,-1.5,14.6,0.7,-1.2,17.6,,,0.39,,1.88,-0.18,,0.28,-0.03,0.88,0.19,-10.97,0.64,,,0.256,0.642,0.4579999999999999,0.5379999999999999,0.84,0.76,0.522,19.0,-12.4,1.5,,22 - 39,132.6,24.7,,0.422,0.337,0.24,0.15,0.5,0.35,0.381,0.113,0.0,0.074,0.306,0.083,0.04,,,0.146,0.238,,85.7,60.3,80.0,94.6,89.7,86.5,,,93.8,85.0,,-4.0,-4.1,2.9,-2.3,0.4,-6.5,,,-3.2,1.8,,1.5,-5.2,-7.7,8.3,3.9,0.5,,,3.2,-0.4,,16.8,0.0,12.4,25.3,40.7,-1.5,,,10.6,1.7,,0.6,-4.04,0.67,0.33,1.99,-0.15,,,0.29,0.03,,0.26,0.638,0.457,0.542,0.8390000000000001,0.759,0.522,19.0,13.4,103,124,104,106,112,126,100,0.94,95,108,131,102,97,100,95,96,108,90.8,15.3,482,0.118,118.1,1879,0.461,4078,0.166,0.276,0.249,0.451,0.339,34.5,0.8371511870054145,0.5163722025912839,0.7653568564554931,3.6215462116923276,0.5061728395061729,0.15432098765432098
22,2025,LAD,30,2438,5481,6187,1384,862,257,21,244,825,791,580,33,1353,56,54,13,108,88,25,0.253,1633,1695,841,120,24360,8994,15366,106,25,5,0.094,0.2189999999999999,0.43,0.327,0.441,0.768,0.188,0.289,0.96,0.2019999999999999,0.392,0.407,0.071,0.144,0.065,0.2,0.331,91.1,822,95.1,1.3,188.4,-17.9,283.3,29.0,$231.9,4.4,113,7.49,-104.93,112.42,96.26,9.85,0.98,1.29,121,8.36,-0.75,0.471,94.4,0.226,85.4,0.075,89.9,0.098,81.1,0.1,86.4,0.03,86.9,,,0.006,,36.1,11.6,2.9,8.0,21.0,4.8,,0.32,0.21,0.16,0.33,0.86,0.66,,0.295,0.6779999999999999,0.4629999999999999,0.599,0.8540000000000001,0.762,0.436,0.609,0.11,-1.0,0.315,,0.078,0.0279999999999999,0.001,0.152,0.2189999999999999,0.083,0.023,0.0,0.1009999999999999,,,,94.6,,90.1,86.7,83.3,94.1,85.3,80.4,83.5,44.9,86.5,,,-2.3,,0.2,-4.2,-7.3,-3.3,1.7,2.3,2.1,-0.2,-3.1,,,9.1,,4.9,2.3,1.2,4.1,1.0,-5.0,-3.7,5.3,2.7,,,35.2,,-2.6,5.6,0.1,-10.8,13.4,4.9,0.6,0.3,16.2,,,0.46,,-0.14,0.82,0.65,-0.29,0.25,0.24,0.1,3.11,0.66,,,0.262,0.645,0.4629999999999999,0.535,0.846,0.762,0.524,18.6,-16.6,-2.3,,23 - 38,94.1,17.4,,0.427,0.345,0.2289999999999999,0.134,0.522,0.344,0.352,0.105,,0.096,0.309,0.081,0.025,,,0.155,0.228,0.001,85.8,,81.0,94.7,90.2,85.9,,,94.0,85.3,89.0,-3.0,,3.0,-2.0,0.4,-3.6,,,-3.1,2.0,0.0,1.5,,-6.6,8.1,4.1,0.9,,,2.9,-0.4,0.0,16.6,,12.7,30.7,4.9,9.2,,,-12.7,1.4,0.1,0.65,,0.54,0.41,0.25,1.53,,,-0.34,0.03,0.72,0.264,0.644,0.4629999999999999,0.537,0.846,0.762,0.523,18.6,-8.0,102,110,100,103,110,121,99,1.01,93,108,125,105,98,95,85,100,106,89.9,14.8,419,0.1,120.0,1767,0.421,4198,0.1669999999999999,0.2769999999999999,0.253,0.439,0.334,28.9,0.8055783429040196,0.47321212121212125,0.7813156618716663,3.4457743597888606,0.5555555555555556,0.14814814814814814
14,2025,TOR,29,2481,5507,6180,1461,963,294,13,191,798,771,520,25,1099,65,45,35,133,77,25,0.265,1846,1680,901,181,23381,8301,15080,106,61,12,0.084,0.178,0.47,0.333,0.427,0.761,0.162,0.298,1.1,0.204,0.417,0.379,0.108,0.114,0.057,0.1969999999999999,0.33,85.0,815,90.8,38.7,188.2,-17.9,318.7,32.6,$260.9,4.0,112,7.15,-104.23,111.38,81.24,8.07,0.98,1.32,156,5.63,1.64,0.492,93.8,0.205,85.2,0.085,89.1,0.078,80.4,0.109,85.2,0.031,86.5,,,0.004,,26.1,11.3,-4.4,14.7,15.5,11.6,,0.23,0.24,-0.22,0.81,0.61,1.57,,0.327,0.6940000000000001,0.486,0.688,0.878,0.8059999999999999,0.434,0.609,0.094,-5.6,0.325,,0.095,0.0289999999999999,,0.153,0.201,0.065,0.016,0.005,0.111,,0.0,,94.4,,89.6,86.6,,93.8,85.2,80.0,82.0,48.7,85.2,,62.0,-2.4,,0.4,-6.4,,-4.1,1.9,2.2,3.8,-0.5,-2.8,,-4.6,9.4,,4.7,2.0,,4.5,1.1,-5.8,-6.0,7.3,3.0,,-2.2,3.4,,-12.4,11.5,,2.3,7.9,7.6,5.7,8.9,14.4,,-0.2,0.05,,-0.56,1.71,,0.06,0.17,0.5,1.53,7.99,0.55,,-6.41,0.289,0.6659999999999999,0.487,0.636,0.871,0.805,0.525,18.9,20.8,-4.9,,21 - 40,85.3,24.5,,0.387,0.355,0.257,0.16,0.512,0.3279999999999999,0.293,0.1169999999999999,,0.076,0.326,0.0969999999999999,0.022,0.0,,0.156,0.207,0.0,85.0,,80.3,93.9,89.8,85.8,61.9,,93.8,85.0,83.5,-2.8,,2.9,-2.2,0.6,-5.7,-4.1,,-4.0,2.2,0.0,1.6,,-7.7,8.4,3.8,0.9,-3.8,,3.3,-0.3,0.0,13.0,,15.9,13.4,-12.6,11.4,-0.2,,3.6,3.9,-0.2,0.48,,0.9,0.18,-0.56,2.25,-6.41,,0.1,0.08,-5.07,0.291,0.6629999999999999,0.486,0.636,0.872,0.805,0.525,18.9,14.7,109,102,79,106,105,100,103,1.04,101,97,93,94,103,107,101,99,101,89.3,13.2,366,0.081,120.4,1847,0.411,4496,0.157,0.251,0.263,0.422,0.33,31.5,0.7984683595324465,0.3829573934837093,0.822168284789644,3.5043106649831977,0.46296296296296297,0.16049382716049382
26,2025,PHI,30,2300,5517,6166,1426,922,268,24,212,778,753,528,19,1337,60,42,16,95,124,30,0.258,1798,1568,841,122,23976,8676,15300,121,31,9,0.086,0.217,0.39,0.328,0.431,0.759,0.173,0.303,1.15,0.2,0.427,0.373,0.078,0.135,0.067,0.29,0.329,78.3,807,66.8,1.3,187.8,-18.4,262.8,26.9,$215.1,5.0,109,2.16,-106.28,108.45,41.23,3.99,0.98,1.32,95,4.58,-2.38,0.4629999999999999,94.4,0.236,85.3,0.061,89.3,0.105,81.1,0.098,86.5,0.033,86.2,0.003,79.5,0.004,,25.2,36.0,1.7,-2.3,11.9,6.1,1.4,0.23,0.64,0.12,-0.09,0.5,0.76,1.74,0.335,0.696,0.487,0.602,0.873,0.765,0.423,0.619,0.114,7.9,0.309,,0.065,0.031,0.001,0.15,0.2319999999999999,0.085,0.023,0.001,0.099,,0.004,,94.6,,89.4,86.2,82.6,94.1,85.3,80.2,83.6,56.5,86.5,,78.2,-1.6,,0.5,-5.6,-7.4,-3.4,1.2,2.0,1.8,-1.5,-1.6,,-1.2,9.3,,4.8,2.2,0.8,4.6,1.2,-5.1,-4.6,8.4,2.7,,-0.6,21.6,,7.1,2.2,0.4,-10.2,27.7,-2.9,-1.3,2.8,11.1,,1.1,0.29,,0.46,0.3,1.38,-0.28,0.5,-0.14,-0.23,8.46,0.47,,1.3,0.303,0.6679999999999999,0.487,0.544,0.863,0.765,0.505,19.1,-17.0,2.7,,23 - 40,74.7,17.4,,0.409,0.353,0.238,0.136,0.521,0.342,0.337,0.103,,0.102,0.308,0.061,0.0279999999999999,0.004,,0.151,0.243,0.001,86.2,,80.9,94.4,89.5,85.6,77.6,,93.9,85.1,90.5,-1.6,,2.1,-1.5,0.6,-5.2,-1.4,,-3.4,1.5,-0.5,1.3,,-6.8,8.3,4.1,0.6,-2.0,,3.4,-0.3,0.4,11.2,,4.4,24.3,6.3,2.4,1.2,,-9.1,18.2,0.0,0.46,,0.18,0.33,0.43,0.36,1.33,,-0.25,0.31,0.23,0.307,0.665,0.487,0.547,0.8640000000000001,0.765,0.505,19.1,-7.2,105,100,99,103,107,111,103,1.0,101,99,117,100,101,98,87,100,106,89.9,12.6,383,0.09,117.2,1803,0.425,4241,0.15,0.264,0.255,0.424,0.327,26.4,0.8495652173913043,0.43598971722365043,0.7831657476483944,3.4620202090127834,0.4444444444444444,0.16666666666666666
15,2025,ARI,29,2332,5480,6210,1377,848,277,38,214,791,768,545,21,1316,81,64,37,109,121,39,0.251,1722,1671,807,165,24070,8641,15429,107,65,10,0.088,0.212,0.41,0.325,0.433,0.757,0.182,0.29,1.03,0.192,0.41,0.3979999999999999,0.099,0.128,0.062,0.154,0.327,71.1,805,64.1,9.4,189.1,-21.3,262.6,26.9,$214.9,5.2,109,3.06,-108.52,111.57,42.2,4.29,0.99,1.76,128,4.35,-1.26,0.4629999999999999,94.4,0.226,85.1,0.065,89.3,0.102,80.4,0.102,86.0,0.043,86.7,,,0.004,,60.6,-14.4,6.3,14.9,5.9,2.3,,0.54,-0.27,0.4,0.61,0.24,0.23,,0.314,0.6629999999999999,0.4679999999999999,0.631,0.87,0.78,0.441,0.608,0.103,3.8,0.3229999999999999,,0.065,0.04,0.002,0.138,0.226,0.09,0.015,0.001,0.1009999999999999,,0.0,,94.6,,89.7,86.7,83.0,93.8,85.1,79.9,81.7,50.3,86.0,,53.6,-2.0,,0.4,-5.2,-5.9,-2.9,1.6,2.9,2.6,0.3,-2.9,,-2.9,9.1,,4.8,2.0,1.0,4.6,1.1,-5.3,-4.4,8.4,2.8,,0.5,43.8,,6.0,3.0,-0.9,1.1,-18.9,6.8,2.1,1.2,4.3,,0.1,0.56,,0.38,0.31,-2.18,0.03,-0.35,0.31,0.59,9.42,0.18,,8.92,0.285,0.632,0.4679999999999999,0.562,0.867,0.779,0.527,18.9,-11.9,-1.4,,22 - 36,67.9,17.5,,0.435,0.346,0.2189999999999999,0.158,0.508,0.3339999999999999,0.3339999999999999,0.106,0.0,0.099,0.319,0.071,0.036,,,0.139,0.2289999999999999,0.0,85.9,69.3,80.0,94.5,89.9,86.4,,,93.8,85.0,81.6,-3.0,4.8,3.3,-1.8,0.5,-4.8,,,-2.9,1.8,0.0,1.3,-8.8,-7.0,8.1,4.0,0.4,,,3.3,-0.4,0.0,6.9,-0.2,11.7,46.5,4.9,2.6,,,0.3,-24.3,0.1,0.27,-17.64,0.49,0.61,0.29,0.3,,,0.01,-0.44,1.39,0.287,0.629,0.4679999999999999,0.561,0.8690000000000001,0.779,0.527,18.9,0.7,102,103,97,102,108,117,99,0.96,97,105,111,107,99,90,101,98,103,89.3,13.5,383,0.09,119.6,1754,0.411,4268,0.17,0.273,0.249,0.417,0.324,26.0,0.8241852487135506,0.4328697850821745,0.7880837359098228,2.943327652576934,0.5370370370370371,0.13580246913580246
25,2025,NYM,30,2402,5457,6178,1359,854,262,19,224,766,746,563,28,1325,87,53,15,119,147,18,0.249,1776,1553,832,155,24251,8863,15388,91,39,14,0.091,0.214,0.42,0.326,0.427,0.753,0.178,0.287,1.14,0.2,0.427,0.373,0.1,0.144,0.051,0.359,0.326,66.4,796,90.9,-0.3,188.2,-20.3,283.8,29.0,$232.3,5.1,112,1.73,-105.92,107.65,59.63,6.45,0.98,1.35,108,6.98,-5.21,0.475,94.1,0.2269999999999999,84.9,0.071,89.4,0.102,80.9,0.092,86.2,0.034,86.5,,,0.005,,26.2,-2.7,15.0,1.1,16.4,7.4,,0.23,-0.05,0.87,0.04,0.74,0.91,,0.302,0.675,0.467,0.623,0.86,0.775,0.442,0.607,0.105,7.9,0.311,,0.073,0.034,,0.156,0.223,0.089,0.02,0.002,0.091,,,,94.5,,90.0,86.4,,93.8,84.9,80.4,82.9,52.6,86.3,,,-2.3,,0.5,-5.5,,-3.0,1.4,2.7,2.9,-3.3,-3.0,,,9.2,,5.0,2.3,,4.5,1.2,-5.2,-6.2,8.7,2.8,,,20.8,,12.4,5.0,,-11.8,-11.5,-3.9,3.3,3.0,19.0,,,0.28,,0.7,0.6,,-0.31,-0.21,-0.18,0.66,6.61,0.87,,,0.264,0.6459999999999999,0.467,0.546,0.857,0.774,0.531,19.0,-20.6,12.3,,22 - 37,98.8,17.4,,0.401,0.354,0.245,0.158,0.494,0.348,0.342,0.096,,0.103,0.309,0.074,0.0279999999999999,,,0.158,0.2319999999999999,0.0,86.1,,80.9,94.3,90.4,86.0,,,94.0,84.9,84.3,-3.0,,3.3,-2.0,0.6,-5.1,,,-3.1,1.6,0.0,1.3,,-7.1,8.2,4.3,1.0,,,3.3,-0.2,0.0,18.7,,-2.3,25.7,7.7,5.4,,,-12.5,-6.8,0.0,0.81,,-0.09,0.34,0.43,0.8,,,-0.33,-0.12,0.5,0.266,0.6459999999999999,0.467,0.5489999999999999,0.855,0.773,0.53,19.0,1.4,101,107,98,103,106,115,98,1.0,101,99,125,99,101,101,101,95,108,90.7,12.6,447,0.106,115.9,1935,0.46,4203,0.166,0.271,0.258,0.442,0.338,29.5,0.8001665278934221,0.4678851174934726,0.7855292975072838,3.406287010366873,0.4444444444444444,0.12962962962962962
17,2025,CHC,29,2330,5495,6162,1371,852,267,29,223,793,771,554,16,1277,46,55,10,72,161,35,0.249,1633,1739,883,166,23911,8735,15176,114,28,10,0.09,0.207,0.43,0.32,0.43,0.751,0.181,0.283,0.94,0.208,0.384,0.409,0.095,0.128,0.07,0.357,0.325,58.6,787,71.9,34.5,187.7,-18.9,303.6,31.1,$248.5,5.4,110,2.28,-101.05,103.33,80.37,8.15,0.93,1.03,111,5.26,-2.81,0.473,94.1,0.231,85.2,0.07,89.7,0.095,80.6,0.105,86.2,0.026,86.7,,,0.003,,11.4,3.4,8.5,35.2,14.4,7.9,,0.1,0.06,0.5,1.55,0.58,1.26,,0.303,0.695,0.477,0.628,0.87,0.784,0.442,0.614,0.103,11.0,0.315,,0.072,0.027,,0.152,0.228,0.086,0.0139999999999999,0.001,0.105,0.0,0.0,,94.4,,90.0,86.6,,94.1,85.2,80.0,81.8,47.0,86.2,85.6,86.5,-2.1,,0.5,-6.2,,-4.3,2.0,1.8,2.9,-1.1,-2.1,-5.8,5.1,9.1,,4.9,1.5,,4.5,1.3,-5.3,-4.8,6.0,2.9,-1.6,-1.9,-11.1,,9.6,7.5,,5.4,-5.2,27.9,8.3,3.0,12.9,0.5,0.1,-0.15,,0.56,1.16,,0.15,-0.1,1.36,2.43,8.68,0.51,46.64,3.64,0.265,0.662,0.477,0.5579999999999999,0.863,0.784,0.5329999999999999,19.0,15.6,8.4,,21 - 40,82.9,17.3,,0.4379999999999999,0.336,0.226,0.157,0.521,0.322,0.3329999999999999,0.106,0.0,0.089,0.317,0.073,0.026,,,0.151,0.239,,85.6,66.9,80.3,94.3,90.0,86.2,,,94.0,85.0,,-2.1,-2.3,2.6,-1.9,0.6,-5.7,,,-4.2,2.1,,1.6,-4.6,-7.3,8.1,3.9,0.0,,,3.2,-0.2,,21.2,0.0,30.2,-13.1,13.4,3.6,,,4.9,-1.4,,0.84,-0.27,1.43,-0.17,0.77,0.57,,,0.14,-0.02,,0.2689999999999999,0.659,0.476,0.561,0.8640000000000001,0.7829999999999999,0.532,19.0,-2.2,101,105,95,101,107,117,97,1.04,91,108,111,107,96,93,100,100,100,89.0,15.3,427,0.1,116.2,1712,0.4,4285,0.156,0.259,0.256,0.436,0.332,29.9,0.8261802575107297,0.44993694829760406,0.7927620902304446,3.590200646119342,0.4444444444444444,0.1728395061728395
10,2025,ATH,28,2367,5547,6151,1403,872,296,16,219,733,709,502,14,1406,44,35,18,117,80,28,0.253,1822,1523,819,150,23107,8338,14769,116,30,6,0.0819999999999999,0.2289999999999999,0.36,0.318,0.431,0.749,0.178,0.299,1.2,0.1969999999999999,0.4379999999999999,0.366,0.098,0.144,0.064,0.2,0.324,54.3,781,35.3,-22.4,187.3,-17.9,203.6,20.8,$166.7,4.1,105,-5.82,-103.1,97.28,-7.07,-0.75,0.91,1.27,118,-0.39,-5.98,0.481,93.9,0.216,84.9,0.071,89.2,0.084,81.1,0.1119999999999999,85.8,0.036,85.8,0.0,79.7,0.003,,15.9,9.0,7.4,6.7,8.0,-0.1,-0.2,0.14,0.18,0.45,0.34,0.31,-0.01,-5.31,0.319,0.7040000000000001,0.485,0.596,0.851,0.755,0.431,0.623,0.119,-3.0,0.295,,0.074,0.034,0.001,0.179,0.216,0.065,0.021,0.002,0.113,,0.0,,94.3,,89.5,85.9,82.6,93.8,85.0,79.9,84.0,41.3,85.7,,70.7,-2.4,,0.4,-6.6,-4.3,-4.9,2.2,2.4,3.8,0.1,-3.5,,1.4,9.3,,5.1,1.8,0.0,4.4,1.1,-5.4,-5.5,9.3,2.6,,3.8,31.6,,4.5,0.7,-0.2,-29.9,6.0,11.9,-4.7,5.9,3.8,,-0.4,0.47,,0.26,0.08,-0.85,-0.72,0.12,0.8,-0.99,12.07,0.14,,-6.33,0.283,0.6709999999999999,0.485,0.514,0.848,0.755,0.522,18.5,-40.4,-4.7,,22 - 36,32.3,24.4,,0.395,0.364,0.241,0.161,0.518,0.321,0.346,0.115,,0.081,0.289,0.072,0.032,0.0,,0.187,0.2239999999999999,,85.6,,80.9,94.1,89.6,85.9,79.7,,93.8,85.0,,-3.6,,2.7,-2.2,0.5,-5.9,1.2,,-4.9,2.4,,1.1,,-7.3,8.2,4.3,0.4,5.1,,3.3,-0.4,,5.3,,4.7,35.2,6.0,0.6,-0.2,,-26.0,4.5,,0.2,,0.25,0.53,0.37,0.08,-5.31,,-0.61,0.09,,0.283,0.6709999999999999,0.486,0.516,0.847,0.755,0.523,18.5,-9.9,104,99,101,102,106,110,104,1.01,106,93,118,96,105,100,102,100,99,88.8,12.3,353,0.084,115.5,1659,0.395,4199,0.152,0.271,0.242,0.396,0.309,20.6,0.8048162230671736,0.47803547066848573,0.7714192814176557,3.1978265469917764,0.4506172839506173,0.13580246913580246
3,2025,BOS,28,2371,5562,6206,1414,880,324,24,186,786,748,518,24,1419,72,41,13,99,139,38,0.254,1820,1571,785,147,24112,8553,15559,118,20,5,0.083,0.2289999999999999,0.37,0.324,0.421,0.745,0.167,0.307,1.16,0.188,0.436,0.376,0.094,0.118,0.065,0.25,0.323,50.4,784,21.1,23.3,189.0,-19.2,246.7,25.2,$202.0,5.2,103,-3.3,-116.53,113.23,39.84,4.01,1.04,1.59,116,0.76,-3.92,0.496,93.8,0.205,85.0,0.07,88.9,0.085,80.1,0.103,86.0,0.04,85.5,,,0.004,,30.7,14.8,-6.8,9.5,-7.3,15.9,,0.26,0.3,-0.4,0.46,-0.29,1.65,,0.325,0.682,0.481,0.598,0.856,0.758,0.4379999999999999,0.616,0.1159999999999999,8.0,0.341,,0.07,0.038,0.001,0.147,0.207,0.072,0.015,0.003,0.105,,0.0,,94.2,,89.6,85.7,82.6,93.7,85.0,79.5,82.5,54.9,85.9,,56.6,-2.2,,0.2,-5.9,-7.5,-3.7,1.5,2.0,1.4,-3.8,-2.6,,-1.0,9.4,,5.3,1.9,-0.1,4.5,1.2,-5.7,-6.3,9.0,3.0,,2.0,33.7,,-4.6,9.9,0.5,-23.8,8.0,7.0,4.1,9.2,-4.2,,-0.2,0.41,,-0.27,1.09,2.04,-0.67,0.16,0.4,1.13,12.25,-0.17,,-1.76,0.29,0.655,0.481,0.525,0.852,0.758,0.523,18.9,4.0,2.7,,21 - 37,29.1,24.6,,0.397,0.358,0.245,0.155,0.502,0.3429999999999999,0.342,0.106,,0.081,0.34,0.073,0.035,0.0,,0.15,0.214,0.0,85.9,,79.9,94.0,89.8,85.2,56.5,,93.7,85.0,89.5,-2.6,,1.6,-2.0,0.4,-5.5,-1.3,,-3.6,1.9,0.0,1.5,,-7.8,8.4,4.5,0.4,-1.3,,3.2,-0.3,0.0,0.8,,11.2,48.2,-5.8,6.4,-0.2,,-27.8,7.3,0.0,0.03,,0.57,0.59,-0.33,0.76,-2.59,,-0.77,0.14,-1.02,0.294,0.652,0.481,0.528,0.852,0.758,0.523,18.9,1.7,104,101,101,103,104,103,107,0.96,106,96,97,96,103,102,98,97,106,90.3,12.6,386,0.092,117.7,1882,0.4479999999999999,4197,0.162,0.2789999999999999,0.246,0.406,0.318,24.6,0.8148460565162379,0.37862595419847334,0.7713503061553335,3.6444840005259613,0.4382716049382716,0.16666666666666666
23,2025,MIL,28,2413,5510,6227,1423,974,265,18,166,806,750,564,15,1266,73,50,26,97,164,53,0.258,1892,1496,856,157,24520,8995,15525,164,76,25,0.091,0.203,0.45,0.332,0.403,0.736,0.145,0.305,1.26,0.2019999999999999,0.446,0.352,0.105,0.111,0.087,0.3289999999999999,0.322,44.5,780,50.4,21.8,189.6,-18.4,276.0,28.2,$225.9,5.0,107,4.74,-104.32,109.06,88.84,8.93,0.98,1.31,136,4.48,0.36,0.501,94.0,0.2239999999999999,84.9,0.073,89.3,0.085,80.2,0.079,85.9,0.038,86.6,0.0,61.3,0.003,,-6.2,22.4,4.7,12.5,24.6,3.3,-0.3,-0.05,0.41,0.27,0.6,1.27,0.35,-8.46,0.29,0.648,0.45,0.654,0.8740000000000001,0.7959999999999999,0.447,0.612,0.092,15.0,0.332,,0.072,0.037,0.001,0.163,0.2239999999999999,0.074,0.016,0.002,0.079,,0.0,,94.4,,89.9,86.5,82.1,93.7,84.9,79.8,82.0,47.7,86.0,,62.2,-1.9,,0.6,-4.6,-4.7,-3.3,1.5,2.3,1.9,-1.9,-1.7,,0.1,9.1,,4.8,2.3,0.7,4.5,1.1,-5.5,-5.1,5.5,2.9,,3.1,1.6,,4.4,3.8,0.4,-21.8,19.0,4.0,4.4,1.7,20.7,,-0.2,0.02,,0.25,0.42,1.72,-0.55,0.35,0.22,1.14,4.05,1.07,,-5.44,0.253,0.62,0.45,0.586,0.8690000000000001,0.795,0.536,18.5,3.4,0.6,,21 - 36,65.4,17.5,,0.374,0.373,0.252,0.174,0.511,0.315,0.321,0.085,,0.083,0.3289999999999999,0.075,0.031,0.0,,0.1639999999999999,0.233,0.0,85.4,,80.0,94.2,90.1,85.7,62.0,,93.6,84.8,83.4,-1.9,,2.4,-1.8,0.7,-4.1,0.6,,-3.4,1.8,1.2,1.4,,-7.4,8.1,4.0,1.0,1.4,,3.2,-0.3,1.9,25.4,,8.1,0.2,3.7,2.9,-0.2,,-21.5,20.9,0.0,1.23,,0.4,0.0,0.2,0.37,-5.44,,-0.54,0.37,-0.75,0.255,0.62,0.45,0.591,0.868,0.795,0.5329999999999999,18.5,-4.2,105,106,93,105,100,93,104,1.01,105,93,96,92,106,104,111,98,98,88.6,10.9,290,0.067,114.1,1696,0.392,4324,0.18,0.272,0.248,0.381,0.313,26.7,0.8234562784915044,0.3295285359801489,0.7966918259193834,3.602881209495882,0.48148148148148145,0.15432098765432098
11,2025,SEA,28,2424,5502,6199,1345,864,234,9,238,766,734,544,29,1446,89,38,24,102,161,37,0.244,1688,1633,759,174,24390,8779,15611,115,39,6,0.088,0.233,0.38,0.32,0.42,0.74,0.176,0.287,1.03,0.186,0.414,0.4,0.107,0.146,0.068,0.154,0.321,42.6,775,91.7,-22.7,188.8,-20.7,258.8,26.5,$211.8,4.8,113,2.55,-112.23,114.79,70.93,7.75,1.04,1.6,166,8.04,-5.59,0.474,94.0,0.221,84.8,0.074,89.6,0.076,80.4,0.121,85.6,0.033,86.9,,,0.005,,15.6,-2.0,-3.4,14.4,7.1,0.5,,0.14,-0.04,-0.19,0.77,0.24,0.06,,0.32,0.69,0.481,0.606,0.831,0.746,0.433,0.62,0.122,-2.8,0.324,,0.081,0.033,,0.144,0.214,0.066,0.0139999999999999,0.002,0.121,,0.0,,94.2,,89.8,86.8,,93.7,84.7,79.7,83.6,51.8,85.5,,68.2,-2.0,,0.3,-6.0,,-3.6,1.4,1.4,3.7,-0.2,-3.0,,-1.0,9.4,,4.8,2.3,,4.5,1.1,-5.7,-5.9,6.3,3.0,,2.8,-7.9,,-1.2,-4.0,,12.6,-11.3,16.0,-0.5,1.0,7.4,,0.4,-0.1,,-0.06,-0.5,,0.36,-0.22,0.99,-0.14,2.2,0.25,,20.35,0.288,0.659,0.48,0.542,0.8290000000000001,0.746,0.519,18.8,-43.4,7.4,,21 - 37,88.9,24.6,,0.421,0.33,0.249,0.1669999999999999,0.497,0.336,0.359,0.125,0.0,0.073,0.326,0.076,0.027,0.0,,0.144,0.2289999999999999,0.0,85.5,64.7,80.3,94.1,90.2,86.5,67.8,,93.8,84.8,93.1,-2.9,-1.6,2.4,-1.8,0.5,-5.0,0.7,,-3.4,1.7,0.0,1.6,-2.7,-7.8,8.3,4.1,0.9,0.7,,3.3,-0.3,0.0,5.3,0.0,15.5,-4.8,-6.1,-1.9,0.4,,12.2,-8.8,0.2,0.17,3.51,0.87,-0.06,-0.33,-0.28,20.35,,0.35,-0.16,2.89,0.288,0.659,0.48,0.5429999999999999,0.828,0.746,0.519,18.8,9.9,100,106,103,102,104,108,100,0.95,100,102,120,102,95,104,106,96,104,89.7,13.8,393,0.095,115.9,1764,0.428,4120,0.158,0.28,0.242,0.412,0.32,28.1,0.7792904290429042,0.49712793733681465,0.766736570414583,3.313860767227816,0.4444444444444444,0.16049382716049382
6,2025,DET,29,2418,5456,6093,1346,868,244,36,198,758,724,511,12,1454,65,50,5,90,61,16,0.247,1539,1640,868,154,24044,8725,15319,95,10,2,0.084,0.239,0.35,0.316,0.413,0.73,0.167,0.298,0.94,0.214,0.38,0.405,0.094,0.121,0.062,0.2,0.317,19.2,739,18.8,3.8,185.6,-22.7,213.9,21.9,$175.0,4.7,103,0.12,-98.53,98.65,37.36,3.82,0.9,1.16,210,0.96,-0.82,0.466,93.8,0.211,84.3,0.083,88.7,0.095,80.0,0.1119999999999999,85.3,0.033,85.8,,,0.002,,12.0,-17.7,15.6,-6.8,21.2,-5.4,,0.11,-0.35,0.79,-0.3,0.79,-0.68,,0.313,0.691,0.477,0.613,0.858,0.767,0.435,0.624,0.111,4.3,0.317,,0.081,0.031,,0.145,0.209,0.091,0.01,0.001,0.115,,,,94.3,,89.1,85.8,,93.1,84.5,79.4,83.6,45.9,85.2,,,-2.5,,0.5,-5.5,,-2.4,1.8,2.5,2.0,-0.8,-2.8,,,9.1,,4.7,1.5,,4.2,1.0,-5.4,-4.9,8.6,2.9,,,4.1,,11.7,-4.5,,2.7,-16.4,-10.4,-2.1,-0.2,16.2,,,0.05,,0.6,-0.61,,0.08,-0.33,-0.47,-0.89,-0.53,0.59,,,0.281,0.6579999999999999,0.477,0.542,0.855,0.767,0.522,18.4,-18.9,-3.8,,22 - 41,23.1,24.1,,0.421,0.34,0.239,0.15,0.528,0.322,0.355,0.1169999999999999,0.0,0.09,0.315,0.08,0.027,,,0.147,0.225,0.0,85.4,67.8,79.9,94.2,89.4,85.3,,,93.3,84.4,88.2,-2.6,-0.8,2.6,-2.3,0.6,-5.3,,,-2.3,2.3,0.0,1.5,-1.7,-7.3,8.1,3.9,0.1,,,3.1,-0.5,0.0,19.0,0.0,-5.0,1.7,20.3,-4.0,,,0.9,-34.5,0.1,0.68,-4.04,-0.23,0.02,1.06,-0.63,,,0.03,-0.64,10.37,0.282,0.657,0.477,0.5429999999999999,0.855,0.7659999999999999,0.522,18.4,7.1,101,101,106,101,102,103,103,1.1,92,103,99,102,98,99,95,102,99,89.3,15.9,383,0.094,115.1,1656,0.408,4063,0.159,0.27,0.246,0.414,0.32,21.3,0.7679900744416873,0.4179419525065963,0.7613655013950436,3.2122713486313597,0.46296296296296297,0.19753086419753085
16,2025,ATL,30,2349,5508,6186,1349,897,243,19,190,724,701,575,14,1371,51,36,15,98,82,25,0.245,1754,1589,809,166,24573,8910,15663,102,35,7,0.093,0.222,0.42,0.32,0.399,0.72,0.155,0.291,1.1,0.195,0.422,0.3829999999999999,0.104,0.12,0.0579999999999999,0.2,0.315,8.3,739,5.2,5.0,188.4,-19.4,188.3,19.3,$154.1,4.2,101,-8.24,-114.73,106.49,-15.44,-1.58,1.04,1.52,107,-2.96,-4.97,0.493,94.3,0.214,85.2,0.066,89.6,0.095,80.4,0.096,86.4,0.037,86.4,,,0.003,,-0.7,-1.9,7.3,20.7,-16.0,-6.5,,-0.01,-0.04,0.45,0.89,-0.68,-0.71,,0.308,0.695,0.477,0.6409999999999999,0.855,0.777,0.437,0.616,0.106,-8.3,0.308,,0.068,0.034,0.001,0.182,0.21,0.084,0.016,0.0,0.0969999999999999,,,,94.4,,89.8,86.5,83.0,94.0,85.3,79.9,82.4,38.9,86.3,,,-2.4,,0.4,-4.5,-6.6,-3.7,1.8,2.2,2.1,-1.1,-2.9,,,9.1,,4.9,2.4,1.0,4.2,1.2,-5.1,-4.8,8.1,3.0,,,-1.7,,6.9,-8.0,0.6,-7.1,-0.2,15.3,2.9,-0.6,-16.7,,,-0.02,,0.41,-0.96,2.56,-0.16,0.0,0.75,0.73,-19.69,-0.7,,,0.275,0.6609999999999999,0.477,0.584,0.8490000000000001,0.7759999999999999,0.523,18.7,-14.4,-3.8,,20 - 41,-3.1,17.4,,0.41,0.349,0.241,0.1639999999999999,0.508,0.3279999999999999,0.345,0.099,,0.092,0.303,0.072,0.032,,,0.183,0.2189999999999999,,86.2,,80.2,94.3,90.1,86.3,,,94.0,85.1,,-2.9,,2.8,-2.2,0.5,-3.9,,,-3.6,2.0,,1.5,,-6.9,8.1,4.2,1.3,,,3.0,-0.2,,-17.6,,16.4,5.4,0.5,-4.9,,,-10.0,2.2,,-0.72,,0.73,0.07,0.03,-0.62,,,-0.22,0.04,,0.278,0.659,0.477,0.585,0.8490000000000001,0.7759999999999999,0.523,18.7,-0.8,99,109,101,101,99,100,99,0.98,100,101,104,101,99,100,104,98,102,89.7,13.5,377,0.09,115.5,1745,0.417,4189,0.158,0.265,0.246,0.41,0.321,19.3,0.8190719455087271,0.4198895027624309,0.7783705140640156,3.064873802040947,0.41358024691358025,0.19753086419753085
21,2025,HOU,29,2383,5490,6087,1372,931,247,12,182,686,655,471,15,1301,71,38,16,124,85,28,0.25,1789,1583,825,175,22977,8137,14840,129,46,15,0.077,0.214,0.36,0.315,0.399,0.714,0.149,0.294,1.13,0.1969999999999999,0.426,0.377,0.111,0.115,0.072,0.326,0.312,-7.0,712,-1.5,20.0,185.4,-18.9,203.7,20.8,$166.7,3.9,100,-6.17,-106.07,99.9,-35.31,-3.63,0.95,1.1,123,-1.35,-5.11,0.4629999999999999,94.4,0.236,85.3,0.081,89.4,0.087,80.4,0.0969999999999999,85.3,0.035,86.4,,,0.003,,11.8,-7.7,-1.7,-10.3,-3.9,-6.0,,0.11,-0.14,-0.09,-0.52,-0.17,-0.75,,0.34,0.693,0.489,0.619,0.8640000000000001,0.765,0.421,0.638,0.115,-5.5,0.297,,0.087,0.032,,0.159,0.236,0.07,0.018,0.001,0.1009999999999999,,,,94.6,,89.8,86.6,,94.0,85.3,79.5,82.3,44.2,85.2,,,-2.7,,0.6,-6.8,,-6.6,2.5,2.6,3.4,-2.4,-1.6,,,9.5,,4.9,2.3,,4.6,1.0,-5.6,-5.2,7.8,3.0,,,-2.9,,-7.9,-3.4,,5.6,-18.0,4.0,-7.1,0.9,-8.3,,,-0.04,,-0.4,-0.47,,0.15,-0.33,0.25,-1.73,4.81,-0.36,,,0.307,0.6609999999999999,0.489,0.5529999999999999,0.857,0.764,0.513,18.9,1.1,-4.1,,22 - 37,-6.9,24.1,,0.436,0.346,0.218,0.173,0.509,0.319,0.321,0.102,,0.084,0.288,0.086,0.0289999999999999,,,0.168,0.244,0.0,85.1,,80.0,94.5,90.1,85.8,,,94.0,85.2,61.5,-1.6,,3.3,-2.3,1.0,-6.0,,,-6.3,3.0,0.0,1.4,,-7.5,8.3,4.1,0.7,,,3.4,-0.5,0.0,-8.0,,-9.2,-3.6,-13.2,-2.0,,,4.7,-3.7,0.0,-0.34,,-0.48,-0.05,-0.67,-0.3,,,0.12,-0.07,3.51,0.308,0.6579999999999999,0.489,0.5539999999999999,0.8540000000000001,0.763,0.517,18.9,-6.0,103,94,95,101,98,92,102,1.01,103,96,94,105,100,91,109,98,98,88.4,13.3,338,0.08,115.4,1655,0.39,4244,0.156,0.27,0.246,0.398,0.312,20.3,0.7733948804028535,0.42448979591836733,0.7862658123870544,3.2485892014393905,0.3888888888888889,0.21604938271604937
12,2025,TBR,28,2363,5470,6045,1374,934,242,16,182,714,680,468,10,1397,46,43,16,109,194,48,0.251,1877,1378,822,134,23531,8214,15317,149,55,21,0.077,0.231,0.34,0.313,0.401,0.714,0.15,0.303,1.36,0.2019999999999999,0.46,0.3379999999999999,0.0969999999999999,0.132,0.079,0.382,0.311,-8.5,706,-13.4,-35.5,184.1,-19.0,153.4,15.7,$125.6,5.2,98,-4.79,-109.29,104.51,-9.34,-0.81,1.0,1.82,101,-2.55,-2.24,0.489,94.0,0.216,84.8,0.071,89.6,0.084,80.3,0.1,85.6,0.0409999999999999,86.2,,,0.002,,-4.2,4.5,-7.6,-3.2,8.0,-4.4,,-0.04,0.09,-0.45,-0.16,0.34,-0.46,,0.3289999999999999,0.703,0.494,0.63,0.845,0.765,0.442,0.637,0.1159999999999999,13.3,0.316,,0.081,0.04,,0.168,0.205,0.074,0.0139999999999999,0.002,0.1009999999999999,,,,94.2,,89.5,86.1,,93.7,84.8,79.8,82.7,50.1,85.6,,,-2.0,,0.5,-6.4,,-3.5,1.1,1.8,3.5,-3.5,-2.8,,,9.1,,4.6,2.6,,4.5,1.0,-5.6,-5.4,9.3,2.6,,,15.8,,-10.9,-9.6,,-26.6,-4.2,-0.4,-3.4,-1.3,9.1,,,0.21,,-0.57,-1.03,,-0.67,-0.09,-0.02,-1.03,-3.44,0.39,,,0.294,0.6679999999999999,0.494,0.5710000000000001,0.8390000000000001,0.764,0.5329999999999999,19.0,-54.5,9.6,,21 - 35,-0.1,24.0,,0.392,0.359,0.249,0.158,0.526,0.315,0.3389999999999999,0.103,,0.083,0.314,0.084,0.035,,,0.172,0.209,0.0,85.5,,80.1,93.9,89.5,85.5,,,93.7,84.6,95.3,-2.8,,2.1,-1.8,0.4,-5.9,,,-3.5,1.5,0.0,1.1,,-7.4,8.2,3.7,1.5,,,3.3,-0.4,0.0,7.3,,-6.6,11.4,-5.2,-7.6,,,-24.9,-5.7,0.0,0.3,,-0.34,0.15,-0.27,-0.93,,,-0.62,-0.12,3.51,0.303,0.665,0.494,0.584,0.8370000000000001,0.764,0.527,19.0,-2.0,103,94,103,100,99,93,105,1.03,112,86,108,95,104,104,100,102,97,89.4,10.6,315,0.076,116.7,1666,0.4029999999999999,4134,0.155,0.271,0.245,0.388,0.307,16.2,0.7795175624206517,0.40784313725490196,0.7688999172870141,3.337264762325255,0.3765432098765432,0.21604938271604937
29,2025,SDP,29,2476,5424,6087,1369,945,254,18,152,702,663,510,18,1161,58,45,48,103,106,30,0.252,1862,1555,857,137,23505,8265,15240,145,82,14,0.084,0.191,0.44,0.321,0.39,0.711,0.138,0.293,1.2,0.201,0.436,0.364,0.088,0.098,0.078,0.171,0.311,-10.5,709,16.8,-0.5,185.4,-20.0,197.6,20.2,$161.7,4.5,102,-0.75,-106.17,105.42,3.84,0.35,1.02,1.48,149,0.24,-0.97,0.504,94.1,0.213,84.9,0.065,89.8,0.091,80.6,0.096,86.3,0.032,85.8,,,0.003,,-32.8,17.1,-7.4,20.3,-2.5,-2.5,,-0.28,0.34,-0.49,0.95,-0.11,-0.33,,0.3289999999999999,0.664,0.475,0.6559999999999999,0.875,0.789,0.435,0.62,0.1,-1.2,0.332,,0.063,0.031,,0.165,0.213,0.076,0.021,0.001,0.0969999999999999,,,,94.4,,90.2,85.8,,93.9,85.0,79.9,81.0,50.4,86.3,,,-1.6,,0.2,-5.1,,-3.8,1.6,1.5,2.6,0.9,-2.4,,,9.3,,5.0,2.0,,4.5,1.1,-5.3,-4.1,6.3,2.7,,,-23.3,,-8.9,-6.4,,-20.5,8.4,20.2,2.0,-1.0,-3.8,,,-0.3,,-0.61,-0.9,,-0.53,0.17,1.14,0.4,-2.92,-0.16,,,0.291,0.64,0.475,0.596,0.867,0.789,0.527,18.6,-20.5,-1.0,,21 - 41,15.6,17.1,,0.372,0.353,0.275,0.151,0.5589999999999999,0.29,0.299,0.105,,0.092,0.335,0.066,0.026,,,0.161,0.217,0.0,85.4,,80.6,94.5,90.3,86.1,,,93.9,85.0,97.2,-2.0,,2.4,-1.5,0.8,-5.3,,,-3.3,2.0,0.0,1.1,,-6.9,8.1,3.9,0.3,,,3.0,-0.4,0.0,-4.9,,24.9,-17.2,-5.5,-2.8,,,-30.0,3.0,0.8,-0.2,,1.16,-0.22,-0.36,-0.46,,,-0.79,0.06,77.08,0.292,0.638,0.475,0.595,0.867,0.7879999999999999,0.527,18.6,-0.2,102,98,87,101,97,89,100,1.01,103,96,85,91,101,114,96,107,90,89.0,12.2,325,0.075,114.8,1646,0.3779999999999999,4358,0.17,0.27,0.254,0.399,0.317,19.9,0.7588852988691438,0.34643874643874645,0.8092656481025136,3.156379717216332,0.42592592592592593,0.17901234567901234
8,2025,MIN,28,2413,5432,6059,1295,835,249,20,191,678,643,495,10,1372,88,34,9,105,114,34,0.238,1698,1601,785,152,23649,8652,14997,116,19,4,0.0819999999999999,0.226,0.36,0.31,0.397,0.708,0.159,0.283,1.06,0.192,0.416,0.392,0.095,0.119,0.068,0.211,0.309,-17.9,698,-22.0,-12.3,184.5,-19.3,153.8,15.7,$125.9,4.5,97,-6.38,-106.76,100.38,-50.51,-5.15,0.97,1.5,104,-2.81,-3.77,0.491,94.0,0.205,84.9,0.075,89.0,0.083,80.6,0.108,85.6,0.038,86.6,,,0.002,,-24.9,0.9,5.1,10.3,-11.4,-2.0,,-0.21,0.02,0.29,0.53,-0.45,-0.22,,0.311,0.6759999999999999,0.4679999999999999,0.596,0.858,0.758,0.429,0.615,0.113,-1.2,0.327,,0.078,0.037,,0.158,0.2,0.074,0.013,0.001,0.11,,,,94.4,,89.3,86.8,,93.6,84.8,80.0,82.9,51.4,85.4,,,-2.1,,0.3,-5.9,,-3.8,1.6,2.2,2.2,-2.8,-2.4,,,9.3,,4.7,2.4,,4.7,1.0,-5.4,-5.0,7.7,3.0,,,-29.4,,5.0,-4.4,,-5.7,-1.0,12.5,-1.4,0.1,-13.3,,,-0.38,,0.27,-0.51,,-0.15,-0.02,0.72,-0.44,0.19,-0.51,,,0.2789999999999999,0.643,0.4679999999999999,0.523,0.853,0.758,0.519,18.5,-31.7,-0.4,,22 - 35,-23.1,24.0,,0.429,0.348,0.2239999999999999,0.162,0.514,0.324,0.34,0.114,,0.081,0.321,0.08,0.032,,,0.1639999999999999,0.207,0.001,85.0,,80.3,94.3,89.5,86.5,,,93.7,84.8,86.2,-2.3,,2.8,-1.9,0.4,-5.4,,,-3.7,1.8,0.0,1.6,,-7.3,8.3,3.9,1.0,,,3.5,-0.5,0.0,-10.6,,4.5,-36.6,8.3,-3.5,,,-2.7,4.6,-0.2,-0.39,,0.24,-0.48,0.44,-0.46,,,-0.07,0.09,-1.76,0.28,0.64,0.4679999999999999,0.521,0.853,0.758,0.522,18.5,-0.3,98,99,100,99,98,98,98,0.99,101,100,98,104,100,93,102,99,100,89.4,13.5,358,0.087,114.0,1725,0.42,4104,0.166,0.2789999999999999,0.239,0.395,0.31,16.1,0.741815167840862,0.4507374631268437,0.7735599933982505,2.9281716302034324,0.4074074074074074,0.18518518518518517
20,2025,MIA,27,2407,5543,6142,1388,933,272,29,154,709,677,482,13,1247,54,44,19,94,138,44,0.25,1900,1536,867,145,23017,8199,14818,159,56,17,0.078,0.203,0.39,0.314,0.393,0.708,0.143,0.295,1.24,0.201,0.442,0.357,0.094,0.1,0.084,0.304,0.309,-21.3,704,-30.8,4.1,187.1,-19.2,159.5,16.3,$130.5,5.0,96,-5.39,-111.46,106.07,-36.12,-3.49,1.0,1.43,162,-5.86,0.45,0.487,94.0,0.208,84.9,0.076,89.4,0.087,81.1,0.103,86.0,0.04,86.1,,,0.003,,-10.3,3.0,3.7,9.9,-4.0,-1.7,,-0.09,0.06,0.21,0.5,-0.17,-0.18,,0.31,0.6859999999999999,0.474,0.631,0.8690000000000001,0.7809999999999999,0.4379999999999999,0.628,0.104,1.1,0.327,,0.074,0.036,0.003,0.156,0.207,0.074,0.019,0.001,0.103,,0.0,,94.2,,89.8,86.4,82.0,93.8,84.9,80.2,83.6,36.5,86.0,,56.2,-2.0,,0.3,-5.5,-6.8,-3.0,1.4,1.9,2.3,-1.1,-2.1,,3.2,9.5,,5.1,2.6,0.5,4.6,1.2,-4.9,-4.2,6.5,2.7,,0.0,-14.2,,0.7,-0.3,-1.9,-13.0,1.9,-1.4,8.2,0.8,-7.5,,0.6,-0.19,,0.04,-0.04,-3.07,-0.36,0.04,-0.08,1.87,3.94,-0.32,,18.41,0.275,0.654,0.474,0.565,0.863,0.7809999999999999,0.527,18.5,-15.1,0.0,,22 - 35,-29.8,17.3,,0.409,0.345,0.245,0.165,0.502,0.3329999999999999,0.307,0.108,,0.086,0.325,0.075,0.033,0.001,,0.158,0.215,0.0,85.7,,81.0,94.1,90.0,85.4,33.1,,93.8,84.8,85.0,-2.0,,2.5,-1.8,0.6,-5.1,-1.7,,-2.9,1.7,0.0,1.1,,-6.8,8.3,4.3,1.1,4.2,,3.3,-0.4,0.0,-3.6,,12.4,-15.0,4.9,-4.5,0.4,,-11.0,-7.7,-0.1,-0.14,,0.63,-0.2,0.29,-0.6,3.45,,-0.3,-0.15,-2.55,0.2739999999999999,0.652,0.474,0.565,0.861,0.78,0.53,18.5,4.6,101,92,93,99,98,92,101,1.01,104,94,87,100,98,101,105,97,103,89.2,10.9,342,0.078,117.4,1764,0.405,4359,0.1669999999999999,0.27,0.254,0.404,0.316,17.6,0.7769007062733694,0.3475317348377997,0.7969716704656464,2.994851549320791,0.4382716049382716,0.16049382716049382
18,2025,CIN,28,2396,5448,6082,1333,893,250,23,167,716,677,527,15,1415,51,44,12,106,105,30,0.245,1729,1519,793,175,23635,8640,14995,108,48,19,0.087,0.233,0.37,0.315,0.391,0.706,0.146,0.298,1.14,0.196,0.428,0.376,0.115,0.11,0.062,0.396,0.309,-21.9,697,-56.8,-2.6,185.2,-19.7,128.6,13.2,$105.3,4.8,92,-9.15,-113.08,103.93,-45.74,-4.57,1.01,1.45,110,-8.85,-0.16,0.473,94.0,0.237,85.1,0.068,89.0,0.0969999999999999,80.5,0.093,86.2,0.031,85.9,,,0.003,,5.2,-9.5,-10.8,-2.0,1.3,-12.1,,0.05,-0.17,-0.68,-0.09,0.06,-1.63,,0.301,0.66,0.457,0.6,0.862,0.764,0.436,0.621,0.108,5.3,0.31,,0.069,0.031,,0.158,0.236,0.08,0.021,0.002,0.094,,,,94.4,,89.5,86.0,,93.7,85.1,79.7,82.7,54.0,86.1,,,-2.3,,0.4,-3.8,,-4.4,1.9,2.1,1.3,-0.8,-2.9,,,9.1,,4.8,2.3,,4.3,1.1,-5.4,-4.6,6.3,3.0,,,4.7,,-12.4,-12.4,,-10.3,-15.5,-2.6,-3.1,3.0,-0.3,,,0.06,,-0.77,-1.72,,-0.28,-0.28,-0.13,-0.63,7.5,-0.01,,,0.2689999999999999,0.629,0.457,0.537,0.853,0.764,0.523,18.6,-22.3,-0.9,,21 - 38,-51.5,17.1,,0.43,0.345,0.225,0.162,0.541,0.297,0.347,0.1,,0.098,0.306,0.073,0.024,,,0.161,0.238,0.0,85.9,,80.2,94.1,89.9,85.8,,,93.7,85.0,92.2,-2.9,,2.3,-2.0,0.5,-3.3,,,-4.3,2.3,0.0,1.6,,-6.9,8.1,4.1,0.8,,,3.1,-0.3,0.0,-5.2,,-11.4,8.5,-19.3,-6.7,,,-8.2,-4.3,0.0,-0.22,,-0.49,0.12,-1.13,-1.17,,,-0.22,-0.08,0.03,0.27,0.627,0.457,0.537,0.852,0.764,0.526,18.6,-1.4,99,101,106,99,97,94,102,0.99,101,100,95,106,98,93,103,104,92,88.6,13.3,295,0.072,117.4,1561,0.382,4089,0.175,0.283,0.234,0.368,0.299,12.7,0.7762938230383973,0.37318435754189944,0.7673462676751068,3.4402231529919285,0.4444444444444444,0.20987654320987653
7,2025,KCR,29,2435,5431,6008,1342,869,292,22,159,651,638,435,19,1096,69,41,29,96,111,42,0.247,1719,1811,814,215,22880,8092,14788,96,61,22,0.072,0.182,0.4,0.309,0.397,0.706,0.15,0.281,0.95,0.187,0.396,0.417,0.119,0.088,0.0559999999999999,0.361,0.307,-29.6,680,-49.6,12.3,183.0,-19.2,146.1,15.0,$119.6,4.4,93,-10.96,-109.07,98.11,-80.47,-8.13,0.97,1.26,131,-8.06,-3.22,0.477,94.0,0.214,85.1,0.085,89.2,0.087,80.5,0.1,85.9,0.037,86.0,,,0.003,,-31.6,-1.6,-5.1,23.8,-7.9,-7.0,,-0.29,-0.03,-0.26,1.2,-0.35,-0.82,,0.32,0.6729999999999999,0.475,0.654,0.892,0.802,0.4379999999999999,0.626,0.094,-4.1,0.331,,0.09,0.036,0.001,0.138,0.215,0.066,0.02,0.002,0.1009999999999999,,,,94.2,,89.7,86.2,82.1,93.8,85.0,79.5,83.2,50.3,85.8,,,-2.5,,0.5,-6.3,-6.3,-3.9,2.1,2.2,3.1,-1.7,-3.5,,,9.2,,4.8,2.3,1.9,4.9,1.1,-6.1,-5.3,10.2,2.8,,,-28.2,,-9.6,-4.6,-1.5,-17.7,-1.6,14.2,6.0,5.8,-11.1,,,-0.37,,-0.47,-0.55,-7.81,-0.56,-0.03,0.93,1.32,10.46,-0.48,,,0.288,0.642,0.475,0.594,0.885,0.8009999999999999,0.527,18.6,-6.9,-3.9,,21 - 45,-53.7,23.8,,0.426,0.336,0.238,0.1639999999999999,0.503,0.332,0.281,0.106,,0.0819999999999999,0.3289999999999999,0.085,0.031,,,0.142,0.226,0.0,85.9,,80.4,94.2,90.0,85.9,,,94.0,85.2,86.6,-3.4,,2.8,-2.2,0.7,-5.9,,,-3.8,2.5,0.0,1.4,,-7.8,8.2,3.8,1.0,,,3.7,-0.1,0.0,-10.9,,18.2,-20.4,-10.4,-6.1,,,-18.6,0.8,0.0,-0.45,,0.97,-0.27,-0.54,-0.87,,,-0.57,0.01,0.64,0.291,0.638,0.475,0.599,0.882,0.8009999999999999,0.531,18.6,-6.2,101,88,81,99,98,92,97,0.96,96,106,72,103,97,99,104,97,103,89.8,14.7,350,0.079,117.5,1796,0.407,4408,0.1689999999999999,0.263,0.254,0.408,0.317,15.6,0.7297741273100616,0.39078341013824885,0.8175765645805593,3.196411462685204,0.3271604938271605,0.20987654320987653
30,2025,SFG,28,2320,5375,6072,1261,821,239,28,173,705,672,556,14,1380,66,52,22,103,68,24,0.235,1614,1645,771,182,23916,8644,15272,117,39,11,0.092,0.2269999999999999,0.4,0.311,0.386,0.697,0.151,0.281,0.98,0.191,0.4,0.408,0.111,0.105,0.072,0.282,0.305,-38.3,679,-20.8,7.8,184.9,-18.6,161.3,16.5,$132.0,4.3,97,-4.07,-111.38,107.31,-14.1,-1.67,1.04,1.98,97,-4.91,1.0,0.503,94.0,0.212,85.0,0.065,89.3,0.091,80.6,0.096,86.0,0.032,86.8,,,0.003,,4.2,-11.7,-4.2,-11.7,-10.4,-1.3,,0.03,-0.23,-0.27,-0.54,-0.45,-0.17,,0.306,0.677,0.467,0.618,0.8640000000000001,0.773,0.433,0.618,0.106,-9.1,0.352,,0.068,0.0289999999999999,0.002,0.147,0.21,0.073,0.02,0.002,0.098,,,,94.4,,89.7,87.1,82.3,93.6,84.8,79.8,81.2,51.8,86.0,,,-2.2,,0.3,-5.8,-7.2,-3.6,1.8,2.7,2.0,-1.4,-1.6,,,9.3,,5.0,2.1,0.2,4.8,1.1,-5.6,-3.6,7.8,2.7,,,-17.2,,-3.5,-1.4,-0.3,0.4,-16.9,-6.7,-2.5,4.0,-15.5,,,-0.2,,-0.21,-0.2,-0.59,0.01,-0.34,-0.38,-0.51,10.83,-0.66,,,0.276,0.642,0.467,0.5579999999999999,0.857,0.773,0.522,18.6,-10.8,-5.7,,20 - 42,-29.9,17.1,,0.417,0.336,0.247,0.1639999999999999,0.531,0.305,0.347,0.103,0.0,0.089,0.353,0.068,0.027,0.0,,0.147,0.213,0.0,85.3,46.0,80.4,94.3,89.9,86.7,34.7,,93.6,84.9,94.8,-1.6,-2.0,2.9,-2.1,0.6,-5.7,1.3,,-3.4,1.9,0.0,1.3,-1.1,-7.1,8.2,4.1,0.4,-4.2,,3.5,-0.2,0.0,-9.9,0.0,-11.8,-13.7,-6.6,-1.6,0.6,,-4.5,-11.3,0.1,-0.41,1.76,-0.56,-0.16,-0.41,-0.24,56.06,,-0.13,-0.22,4.72,0.2769999999999999,0.64,0.467,0.5589999999999999,0.858,0.773,0.524,18.6,22.5,95,107,104,98,96,98,96,0.96,95,108,91,102,96,102,105,102,95,88.9,15.0,310,0.076,116.0,1580,0.3879999999999999,4070,0.17,0.276,0.235,0.38,0.306,16.5,0.7831896551724138,0.39262411347517734,0.7727272727272727,3.097729527631974,0.4074074074074074,0.19753086419753085
2,2025,BAL,29,2364,5416,6020,1273,812,251,19,191,677,643,484,14,1457,75,41,4,102,121,37,0.235,1706,1541,736,144,23662,8487,15175,138,21,9,0.08,0.242,0.33,0.305,0.394,0.699,0.159,0.284,1.11,0.185,0.428,0.387,0.093,0.124,0.081,0.429,0.305,-40.6,671,-29.0,-22.2,183.3,-18.3,137.6,14.1,$112.7,4.6,96,-5.11,-103.36,98.25,-30.82,-3.01,0.94,1.58,92,-3.72,-1.72,0.478,94.0,0.207,84.9,0.08,89.2,0.0819999999999999,80.3,0.1169999999999999,85.5,0.035,86.7,,,0.003,,-17.3,-25.3,-6.0,12.2,-6.2,2.3,,-0.15,-0.52,-0.32,0.63,-0.22,0.27,,0.311,0.691,0.477,0.598,0.8420000000000001,0.753,0.4379999999999999,0.619,0.118,0.0,0.3229999999999999,,0.0819999999999999,0.035,,0.149,0.208,0.07,0.015,0.002,0.1169999999999999,,,,94.4,,89.7,86.8,,93.6,84.9,79.7,81.2,45.9,85.4,,,-2.4,,0.3,-6.3,,-3.2,1.8,2.1,2.7,-0.3,-3.7,,,9.5,,5.0,1.6,,4.6,1.2,-5.7,-5.3,8.0,3.1,,,-5.9,,-18.3,0.0,,-24.6,-14.7,4.8,4.3,4.5,-6.4,,,-0.08,,-0.95,0.0,,-0.7,-0.3,0.29,1.26,11.2,-0.23,,,0.2769999999999999,0.657,0.477,0.527,0.836,0.7509999999999999,0.527,18.7,-40.5,0.1,,20 - 41,-29.0,23.9,,0.41,0.348,0.242,0.143,0.522,0.3339999999999999,0.354,0.119,,0.077,0.322,0.08,0.032,,,0.151,0.2189999999999999,0.001,85.2,,79.9,94.1,89.8,86.3,,,93.5,84.8,85.5,-3.7,,2.5,-2.3,0.3,-5.6,,,-3.1,2.0,0.0,1.5,,-7.8,8.4,4.2,0.4,,,3.4,-0.3,0.0,-2.7,,4.5,1.3,-21.3,-1.2,,,-26.5,-9.3,0.1,-0.1,,0.25,0.02,-1.12,-0.16,,,-0.75,-0.18,1.22,0.2789999999999999,0.653,0.477,0.524,0.836,0.75,0.529,18.7,-0.6,96,97,107,97,97,98,98,0.95,104,98,102,99,100,100,91,101,103,89.6,13.3,365,0.091,116.7,1684,0.421,4004,0.163,0.281,0.239,0.4,0.311,14.3,0.7432318104906938,0.4514032496307238,0.7579734219269103,3.378603337055627,0.36419753086419754,0.16666666666666666
28,2025,STL,28,2315,5433,6069,1331,910,264,9,148,689,653,478,17,1321,88,40,25,115,89,27,0.245,1655,1644,813,184,23498,8416,15082,110,65,16,0.079,0.218,0.36,0.314,0.379,0.693,0.134,0.295,1.01,0.198,0.402,0.4,0.1119999999999999,0.09,0.066,0.246,0.304,-44.0,673,-28.3,24.1,184.8,-19.1,173.1,17.7,$141.7,3.9,96,-1.57,-107.52,105.94,-27.31,-2.73,0.99,1.61,77,-3.9,2.31,0.499,94.2,0.23,85.0,0.065,89.5,0.083,80.4,0.092,86.1,0.031,86.6,,,0.003,,-42.4,-8.5,-8.1,7.5,2.9,-3.7,,-0.36,-0.16,-0.53,0.39,0.14,-0.51,,0.322,0.6629999999999999,0.47,0.636,0.875,0.782,0.433,0.612,0.102,-5.5,0.324,,0.066,0.0289999999999999,0.001,0.172,0.226,0.074,0.015,0.001,0.093,,,,94.5,,89.8,86.7,83.6,93.9,84.9,80.1,81.5,51.0,86.1,,,-2.3,,0.1,-4.8,-6.5,-3.6,2.0,1.5,1.2,-0.5,-2.3,,,9.2,,5.2,1.9,0.7,4.7,1.0,-5.3,-5.3,9.1,3.0,,,-15.3,,-7.3,-3.4,-1.0,-45.7,-12.0,1.2,3.4,2.4,1.1,,,-0.2,,-0.47,-0.51,-3.91,-1.13,-0.23,0.07,0.99,6.91,0.05,,,0.287,0.634,0.47,0.5720000000000001,0.867,0.782,0.526,18.4,5.0,-2.9,,23 - 36,-33.8,17.1,,0.3779999999999999,0.36,0.262,0.165,0.531,0.303,0.321,0.095,0.0,0.083,0.319,0.074,0.024,,,0.179,0.226,0.0,86.0,71.5,80.4,94.3,90.0,85.7,,,93.9,84.8,94.5,-2.3,-1.9,1.8,-2.1,0.4,-4.1,,,-3.6,2.4,0.0,1.5,-5.1,-7.1,8.3,4.2,0.6,,,3.4,-0.4,0.0,-1.3,0.0,2.1,-14.9,-1.1,-3.5,,,-44.8,-14.4,0.2,-0.06,-4.04,0.11,-0.2,-0.06,-0.63,,,-1.07,-0.27,6.46,0.289,0.633,0.47,0.5710000000000001,0.8690000000000001,0.782,0.526,18.4,7.0,99,92,99,99,94,86,101,0.99,95,106,78,93,103,108,106,102,94,89.5,14.8,329,0.079,117.9,1703,0.407,4182,0.1689999999999999,0.271,0.242,0.387,0.308,19.3,0.7814254859611232,0.34368650217706825,0.7823364639973637,2.9683877473423523,0.43209876543209874,0.20987654320987653
24,2025,WSN,27,2368,5422,5982,1313,866,258,28,161,687,657,443,11,1351,57,40,18,103,132,48,0.242,1870,1390,832,117,22896,8124,14772,109,37,9,0.074,0.226,0.33,0.304,0.389,0.693,0.147,0.292,1.35,0.203,0.457,0.34,0.084,0.1159999999999999,0.0579999999999999,0.243,0.302,-51.5,655,-51.0,-45.3,182.2,-18.3,83.3,8.5,$68.2,5.0,93,-6.23,-101.9,95.67,-40.02,-4.05,0.93,1.63,85,-8.04,1.33,0.465,94.2,0.221,84.8,0.068,89.6,0.1,80.5,0.105,86.4,0.0409999999999999,86.7,,,0.002,,-10.1,-19.2,14.0,-14.3,-13.1,-2.2,,-0.1,-0.38,0.91,-0.63,-0.54,-0.24,,0.321,0.677,0.478,0.614,0.866,0.772,0.442,0.636,0.109,-0.9,0.306,,0.071,0.035,0.003,0.154,0.22,0.086,0.016,0.002,0.108,,0.0,,94.7,,90.1,87.1,82.9,93.5,84.7,80.2,80.8,56.0,86.3,,58.8,-2.0,,0.4,-6.5,-5.9,-2.6,1.4,2.3,3.9,0.1,-3.2,,1.2,9.1,,5.1,2.5,0.8,4.6,1.0,-5.3,-5.6,7.1,2.8,,-0.7,-11.2,,12.4,1.3,-2.9,-7.9,-26.1,-18.5,2.3,0.6,-15.6,,0.6,-0.16,,0.76,0.16,-3.66,-0.22,-0.52,-0.94,0.63,1.77,-0.63,,28.03,0.289,0.647,0.479,0.5429999999999999,0.861,0.7709999999999999,0.529,18.0,-63.7,-2.2,,22 - 38,-52.0,16.8,,0.381,0.367,0.252,0.16,0.521,0.319,0.327,0.11,0.0,0.094,0.305,0.072,0.035,0.0,,0.154,0.2289999999999999,0.0,85.9,68.7,80.4,94.7,90.4,86.1,58.7,,93.6,84.6,88.1,-3.3,2.2,3.0,-1.8,0.6,-5.6,1.8,,-2.7,1.4,0.4,1.4,-7.8,-7.2,8.1,4.4,1.0,-3.2,,3.3,-0.4,3.7,-11.3,0.1,-15.8,-7.2,7.6,-2.6,0.6,,-11.1,-24.6,0.4,-0.45,2.63,-0.74,-0.1,0.46,-0.32,28.03,,-0.31,-0.47,4.44,0.292,0.643,0.478,0.5429999999999999,0.862,0.7709999999999999,0.531,18.0,-15.1,98,87,103,96,97,95,100,1.02,108,90,100,94,105,104,102,100,99,89.6,9.9,328,0.079,118.0,1739,0.421,4131,0.1639999999999999,0.2739999999999999,0.254,0.401,0.315,9.4,0.7415540540540541,0.37496360989810773,0.7741558007355399,3.212563759292947,0.3950617283950617,0.20987654320987653
1,2025,LAA,28,2380,5374,6000,1209,754,212,17,226,673,649,484,22,1627,87,35,13,99,88,27,0.225,1519,1487,760,136,23777,8652,15125,98,29,6,0.081,0.271,0.3,0.298,0.397,0.695,0.172,0.276,1.02,0.2019999999999999,0.4029999999999999,0.395,0.091,0.152,0.065,0.207,0.302,-52.6,656,-59.5,-61.5,182.7,-17.7,67.8,6.9,$55.5,4.3,92,-3.68,-112.18,108.5,-54.63,-5.76,1.04,1.73,102,-5.39,1.85,0.477,94.4,0.251,84.9,0.0819999999999999,89.4,0.08,80.8,0.079,85.7,0.031,86.3,,,0.004,,-4.2,-30.4,-14.5,-4.9,-1.6,-5.6,,-0.04,-0.51,-0.75,-0.26,-0.08,-0.76,,0.305,0.6890000000000001,0.471,0.56,0.838,0.736,0.432,0.62,0.124,0.0,0.319,,0.0819999999999999,0.0289999999999999,0.001,0.155,0.252,0.062,0.019,0.001,0.08,,,,94.7,,89.6,86.4,80.6,93.9,84.9,79.8,83.2,38.8,85.7,,,-3.2,,0.4,-6.3,-7.5,-6.5,2.8,3.3,3.0,-2.0,-3.5,,,9.3,,4.7,2.3,0.8,4.6,1.0,-5.3,-5.4,6.5,2.7,,,3.3,,-19.4,-4.7,0.6,-17.7,-30.6,-1.0,-5.1,-0.1,-5.3,,,0.04,,-0.99,-0.67,2.7,-0.48,-0.51,-0.07,-1.14,-0.44,-0.28,,,0.273,0.649,0.471,0.488,0.8290000000000001,0.736,0.528,18.4,-79.2,-2.1,,21 - 38,-59.5,23.8,,0.414,0.342,0.245,0.146,0.528,0.326,0.39,0.081,0.0,0.075,0.317,0.0819999999999999,0.0279999999999999,,,0.156,0.259,,85.8,65.9,80.6,94.6,89.9,86.2,,,94.0,84.9,,-3.5,-1.4,3.8,-2.8,0.6,-5.9,,,-6.1,3.3,,1.3,-3.3,-7.3,8.3,3.8,0.8,,,3.4,-0.4,,-4.7,-0.1,-8.7,8.4,-23.1,-5.2,,,-24.3,-24.5,,-0.24,-4.04,-0.49,0.11,-1.18,-0.77,,,-0.66,-0.4,,0.273,0.648,0.471,0.489,0.828,0.735,0.529,18.4,-12.0,92,98,120,95,98,106,96,1.04,98,100,125,100,99,102,92,102,101,89.2,14.6,409,0.108,115.7,1526,0.401,3802,0.163,0.287,0.232,0.405,0.31,7.0,0.7113445378151261,0.537295690936107,0.7288333333333333,2.7062636975495935,0.36419753086419754,0.15432098765432098
13,2025,TEX,30,2395,5443,6046,1275,840,245,15,175,684,658,486,19,1327,63,40,11,92,134,33,0.234,1645,1692,795,183,23545,8437,15108,115,34,12,0.08,0.2189999999999999,0.37,0.302,0.381,0.684,0.147,0.276,0.97,0.192,0.3979999999999999,0.409,0.108,0.103,0.07,0.353,0.299,-69.4,645,-58.0,18.6,184.1,-22.7,151.7,15.5,$124.1,4.6,92,-8.92,-111.3,102.38,-29.28,-3.15,1.01,1.38,168,-6.18,-2.62,0.497,93.7,0.208,84.5,0.072,89.1,0.078,80.1,0.108,85.8,0.036,86.5,0.0,62.1,0.004,,-41.4,-25.0,8.9,4.3,-5.4,-1.5,-0.2,-0.35,-0.51,0.53,0.23,-0.21,-0.18,-2.0,0.321,0.6940000000000001,0.483,0.62,0.8640000000000001,0.772,0.433,0.619,0.11,5.6,0.335,,0.069,0.034,,0.155,0.21,0.066,0.017,0.002,0.111,,0.001,,94.0,,89.6,86.6,,93.9,84.6,78.8,82.4,51.4,85.7,,59.3,-2.1,,0.2,-4.8,,-4.6,2.0,1.5,4.0,-1.8,-2.7,,-2.0,9.4,,4.6,1.6,,4.2,1.0,-6.0,-5.7,8.6,2.6,,3.2,-40.3,,4.4,-4.3,,-15.1,-19.3,-1.5,1.3,3.2,-7.0,,-0.6,-0.51,,0.27,-0.54,,-0.41,-0.39,-0.1,0.34,7.35,-0.27,,-4.73,0.288,0.6629999999999999,0.483,0.56,0.856,0.7709999999999999,0.52,18.6,-4.1,4.2,,22 - 39,-52.3,24.0,,0.406,0.356,0.238,0.163,0.52,0.317,0.3289999999999999,0.1159999999999999,,0.079,0.3329999999999999,0.067,0.03,0.0,,0.157,0.218,0.0,85.3,,80.2,93.9,89.7,86.6,60.2,,93.9,84.7,87.0,-2.5,,2.4,-1.9,0.4,-4.7,-1.2,,-4.4,2.2,0.0,1.2,,-7.8,8.3,4.0,0.2,0.2,,3.0,-0.3,0.0,0.9,,-4.2,-28.7,1.6,-6.0,0.0,,-24.5,-16.7,0.1,0.03,,-0.23,-0.37,0.1,-0.86,-0.58,,-0.66,-0.33,3.4,0.288,0.66,0.483,0.564,0.8540000000000001,0.772,0.525,18.6,-0.4,96,97,97,97,94,91,96,0.99,97,104,85,98,103,99,103,100,98,89.2,15.0,359,0.086,114.7,1675,0.402,4170,0.157,0.267,0.24,0.395,0.309,15.4,0.7352818371607516,0.4093567251461988,0.7805160436652332,3.4025930922684244,0.3888888888888889,0.2037037037037037
4,2025,CHW,28,2423,5377,5987,1250,832,243,10,165,647,626,498,8,1364,49,36,22,108,85,21,0.232,1571,1663,789,166,23255,8306,14949,101,48,10,0.083,0.228,0.37,0.302,0.373,0.675,0.141,0.279,0.94,0.196,0.391,0.413,0.1,0.099,0.064,0.208,0.296,-81.0,626,-81.4,-37.1,182.3,-19.2,59.8,6.1,$48.9,4.1,88,-14.14,-110.25,96.11,-74.37,-7.73,1.01,1.45,150,-6.92,-7.15,0.502,93.9,0.201,84.7,0.071,89.2,0.087,80.2,0.108,85.4,0.031,86.2,,,0.002,,-62.3,-2.3,-0.5,0.9,-10.6,-3.6,,-0.53,-0.05,-0.03,0.04,-0.42,-0.5,,0.313,0.688,0.478,0.626,0.8540000000000001,0.77,0.44,0.629,0.11,-8.5,0.347,,0.08,0.03,,0.15,0.196,0.068,0.02,0.001,0.109,0.0,0.0,,94.0,,89.7,86.2,,93.5,84.7,79.4,81.7,47.3,85.3,86.4,78.5,-2.3,,0.5,-5.3,,-4.1,2.1,2.2,2.8,-3.2,-3.1,-10.0,-0.8,9.3,,4.6,2.5,,4.5,1.1,-5.7,-5.0,6.2,3.0,4.8,3.7,-39.5,,-5.1,-1.0,,-38.0,-10.8,4.4,2.0,-0.7,-16.7,0.1,0.0,-0.49,,-0.28,-0.15,,-1.09,-0.24,0.28,0.43,-3.98,-0.66,3.97,3.6,0.2769999999999999,0.655,0.478,0.5710000000000001,0.8440000000000001,0.77,0.531,18.4,-56.4,-0.7,,22 - 34,-89.9,23.7,,0.4039999999999999,0.341,0.255,0.154,0.547,0.299,0.3389999999999999,0.113,,0.0819999999999999,0.341,0.076,0.024,0.0,,0.153,0.209,0.0,85.2,,80.0,94.2,90.2,85.7,78.4,,93.7,84.8,91.3,-3.0,,2.7,-2.1,0.7,-4.6,-0.8,,-3.9,2.5,0.0,1.6,,-7.3,8.3,4.1,1.4,3.2,,3.3,-0.2,0.0,-13.1,,2.3,-41.2,-4.3,-2.9,0.0,,-40.7,-6.2,0.1,-0.5,,0.12,-0.52,-0.24,-0.52,3.6,,-1.14,-0.13,2.98,0.278,0.654,0.478,0.573,0.843,0.77,0.5329999999999999,18.4,-9.3,95,101,101,96,92,87,97,1.01,95,105,81,98,99,106,97,106,92,89.3,15.6,331,0.081,115.8,1633,0.401,4076,0.163,0.272,0.234,0.385,0.304,8.0,0.7214197276104003,0.4080370942812983,0.7721730415901119,3.051314579913571,0.3395061728395062,0.24691358024691357
19,2025,COL,27,2346,5408,5908,1281,831,253,37,160,597,581,395,5,1531,48,35,21,118,87,39,0.237,1635,1460,785,130,22463,7722,14741,102,53,16,0.067,0.259,0.26,0.293,0.386,0.679,0.149,0.299,1.12,0.2019999999999999,0.421,0.376,0.089,0.11,0.062,0.302,0.296,-83.8,614,-179.1,-22.5,179.9,-20.7,-36.1,-3.7,($29.6),4.6,74,-23.57,-112.3,88.73,-226.87,-21.98,0.96,1.34,117,-19.46,-5.04,0.487,94.3,0.249,85.1,0.068,89.8,0.083,80.8,0.085,85.8,0.0289999999999999,85.5,,,0.002,,-41.6,-50.6,4.0,-7.8,3.2,-9.5,,-0.38,-0.91,0.26,-0.42,0.17,-1.48,,0.347,0.718,0.506,0.562,0.8390000000000001,0.731,0.43,0.643,0.136,-10.3,0.336,,0.072,0.025,0.003,0.147,0.241,0.075,0.0139999999999999,0.0,0.086,,,,94.4,,90.2,86.3,81.9,94.0,85.1,80.5,82.7,60.0,85.8,,,-2.0,,0.5,-5.5,-5.4,-4.2,2.1,1.8,1.2,-5.7,-1.5,,,8.3,,4.2,2.5,1.5,4.2,0.9,-4.9,-5.0,9.1,2.3,,,-27.6,,4.9,-10.0,-0.4,-23.7,-53.9,-9.3,3.7,-0.3,0.0,,,-0.37,,0.3,-1.81,-0.54,-0.72,-1.0,-0.55,1.17,-4.84,0.0,,,0.314,0.685,0.507,0.493,0.831,0.73,0.519,18.5,-43.2,-6.9,,22 - 35,-189.5,16.6,,0.425,0.344,0.23,0.151,0.494,0.355,0.353,0.087,0.0,0.081,0.326,0.078,0.027,,,0.155,0.246,0.0,85.8,58.2,80.5,94.5,90.3,85.6,,,94.0,85.1,87.2,-1.6,-6.8,1.7,-2.0,0.7,-5.5,,,-4.2,2.4,0.0,1.3,1.8,-6.5,7.8,3.7,1.5,,,3.4,-0.2,0.0,0.1,0.0,-9.6,-32.6,7.2,-9.5,,,-19.0,-51.7,0.0,0.01,1.76,-0.53,-0.44,0.41,-1.6,,,-0.55,-0.94,-1.81,0.314,0.685,0.507,0.493,0.831,0.73,0.519,18.5,-3.5,96,78,118,92,96,96,102,1.02,100,100,95,104,98,95,96,95,110,88.8,13.5,313,0.08,116.2,1562,0.397,3934,0.147,0.283,0.233,0.376,0.293,-3.4,0.7144075021312873,0.4288107202680067,0.7408598510494245,3.0020122076177485,0.30246913580246915,0.25308641975308643
5,2025,CLE,27,2417,5310,5943,1199,770,243,18,168,643,621,494,30,1344,60,50,28,78,129,34,0.226,1527,1663,791,187,23347,8300,15047,95,63,17,0.083,0.226,0.37,0.296,0.373,0.67,0.147,0.268,0.92,0.1989999999999999,0.384,0.418,0.1119999999999999,0.1009999999999999,0.062,0.27,0.292,-100.4,602,-90.7,28.0,181.0,-20.5,129.0,13.2,$105.6,4.8,87,-3.76,-104.73,100.97,-63.94,-6.75,0.99,1.49,169,-7.34,3.55,0.4589999999999999,94.1,0.188,84.5,0.081,89.7,0.094,80.2,0.134,85.9,0.044,87.0,,,0.005,,-59.7,-25.1,-6.4,-5.9,-1.6,2.1,,-0.56,-0.57,-0.34,-0.27,-0.05,0.2,,0.332,0.679,0.482,0.633,0.856,0.769,0.434,0.609,0.111,7.7,0.3279999999999999,,0.0819999999999999,0.042,,0.128,0.186,0.077,0.021,,0.136,,0.0,,94.2,,89.9,87.0,,93.8,84.6,79.4,82.7,,85.9,,73.4,-2.3,,0.2,-6.1,,-2.1,1.6,2.7,3.1,,-3.8,,0.6,9.2,,4.7,2.5,,4.1,0.9,-5.4,-5.9,,2.8,,2.3,-49.5,,-9.6,0.3,,-19.8,-29.8,-3.1,-3.3,,-2.7,,0.4,-0.65,,-0.5,0.03,,-0.66,-0.69,-0.17,-0.65,,-0.09,,7.3,0.299,0.652,0.482,0.574,0.851,0.769,0.52,18.7,7.4,3.3,,23 - 39,-83.0,23.5,,0.437,0.336,0.2269999999999999,0.161,0.5489999999999999,0.29,0.3379999999999999,0.139,,0.094,0.324,0.084,0.036,,,0.131,0.192,,85.9,,80.0,94.2,90.0,86.4,,,93.8,84.6,,-3.8,,3.2,-2.2,0.3,-5.6,,,-2.3,1.6,,1.4,,-7.4,8.2,3.9,1.2,,,2.9,-0.4,,-0.1,,-6.5,-50.0,-10.7,-1.1,,,-18.2,-29.2,,0.0,,-0.3,-0.66,-0.55,-0.14,,,-0.59,-0.65,,0.302,0.648,0.482,0.574,0.852,0.769,0.522,18.7,6.7,93,100,100,95,92,91,93,1.02,93,106,83,106,97,94,102,106,90,88.5,16.1,268,0.066,117.2,1448,0.358,4045,0.16,0.271,0.227,0.362,0.291,10.8,0.7004551096400496,0.41804043545878694,0.773851590106007,2.6077353624502573,0.36419753086419754,0.1728395061728395
27,2025,PIT,28,2323,5375,6008,1244,861,245,21,117,583,561,530,19,1422,54,32,13,124,115,36,0.231,1795,1394,783,124,23547,8625,14922,112,26,6,0.088,0.237,0.37,0.305,0.35,0.655,0.119,0.291,1.29,0.1969999999999999,0.452,0.351,0.089,0.084,0.062,0.231,0.29,-113.7,596,-126.9,15.2,183.0,-18.4,64.2,6.6,$52.6,4.3,82,-21.02,-116.1,95.08,-164.81,-17.09,1.05,1.51,105,-16.96,-3.09,0.466,94.3,0.238,85.2,0.072,89.9,0.0969999999999999,80.5,0.091,85.7,0.035,85.9,,,0.004,,-66.0,-49.5,0.4,-11.4,4.0,-2.8,,-0.6,-0.88,0.02,-0.5,0.18,-0.34,,0.296,0.6890000000000001,0.469,0.588,0.86,0.764,0.44,0.617,0.111,-5.7,0.294,,0.078,0.0289999999999999,0.002,0.168,0.2319999999999999,0.084,0.018,0.0,0.095,0.0,,,94.6,,90.1,85.8,83.2,93.9,85.2,80.0,82.4,43.9,85.8,85.3,,-2.3,,0.7,-4.3,-6.1,-4.6,2.2,2.0,2.3,-1.2,-1.8,-5.6,,9.1,,5.0,2.5,0.3,4.6,0.9,-5.2,-5.3,7.4,2.7,-0.3,,-41.2,,0.8,-2.0,-1.0,-33.9,-53.7,-11.0,-1.5,-0.2,1.9,-0.8,,-0.6,,0.04,-0.29,-2.32,-0.86,-0.98,-0.55,-0.35,-2.16,0.08,-26.61,,0.263,0.657,0.47,0.512,0.855,0.763,0.524,18.6,-3.1,-1.2,,22 - 38,-132.5,16.9,,0.402,0.356,0.242,0.152,0.539,0.309,0.344,0.099,0.0,0.093,0.287,0.087,0.027,,,0.165,0.242,0.0,85.7,67.5,80.3,94.5,90.7,85.6,,,93.9,85.0,87.3,-1.9,5.0,2.3,-2.1,0.7,-3.9,,,-4.6,2.7,0.0,1.3,-10.7,-7.1,8.1,4.4,1.1,,,3.4,-0.4,0.0,2.2,0.0,-10.4,-39.3,3.0,-4.1,,,-38.1,-56.6,0.1,0.1,0.0,-0.48,-0.58,0.15,-0.65,,,-0.98,-0.99,0.93,0.265,0.654,0.469,0.516,0.852,0.762,0.525,18.6,-0.3,94,103,108,96,87,76,100,0.99,107,93,73,99,101,100,97,104,96,89.2,11.0,312,0.078,122.9,1625,0.406,4002,0.163,0.2739999999999999,0.239,0.376,0.304,7.1,0.7636676711149376,0.32109777015437396,0.7633155792276964,2.88164005352027,0.2839506172839506,0.22839506172839505
